{
  "type": "FeatureCollection",
  "features": [
    {
      "type": "Feature",
      "geometry": {
        "type": "Point",
        "coordinates": [
          4.9707321,
          52.3688826
        ]
      },
      "properties": {
        "id": "osm-n-30118637",
        "category": "fuel",
        "name": "BP Kriterion",
        "wheelchair": null,
        "fee": null,
        "opening_hours": "Mo-Fr 06:30-23:00; Sa-Su 08:00-23:00",
        "source": "osm"
      }
    },
    {
      "type": "Feature",
      "geometry": {
        "type": "Point",
        "coordinates": [
          4.97854,
          52.34893
        ]
      },
      "properties": {
        "id": "osm-n-46286946",
        "category": "parking",
        "name": "Parking",
        "wheelchair": null,
        "fee": null,
        "opening_hours": null,
        "source": "osm"
      }
    },
    {
      "type": "Feature",
      "geometry": {
        "type": "Point",
        "coordinates": [
          4.9493184,
          52.3661447
        ]
      },
      "properties": {
        "id": "osm-n-46361016",
        "category": "parking",
        "name": "Flevoparkweg",
        "wheelchair": null,
        "fee": null,
        "opening_hours": null,
        "source": "osm"
      }
    },
    {
      "type": "Feature",
      "geometry": {
        "type": "Point",
        "coordinates": [
          4.9236967,
          52.4046543
        ]
      },
      "properties": {
        "id": "osm-n-46519378",
        "category": "parking",
        "name": "Parking",
        "wheelchair": null,
        "fee": null,
        "opening_hours": null,
        "source": "osm"
      }
    },
    {
      "type": "Feature",
      "geometry": {
        "type": "Point",
        "coordinates": [
          4.9247512,
          52.3869503
        ]
      },
      "properties": {
        "id": "osm-n-235194627",
        "category": "fuel",
        "name": "Esso",
        "wheelchair": null,
        "fee": null,
        "opening_hours": "24/7",
        "source": "osm"
      }
    },
    {
      "type": "Feature",
      "geometry": {
        "type": "Point",
        "coordinates": [
          4.9081917,
          52.3818993
        ]
      },
      "properties": {
        "id": "osm-n-287295054",
        "category": "cafe",
        "name": "al Ponte",
        "wheelchair": "yes",
        "fee": null,
        "opening_hours": "Oct-Apr: Mo-Fr 08:00-15:00; PH,Sa,Su 10:00-16:00; May-Sep: Mo-Fr 08:00-17:00; PH,Sa,Su 10:00-17:00",
        "source": "osm"
      }
    },
    {
      "type": "Feature",
      "geometry": {
        "type": "Point",
        "coordinates": [
          4.9271456,
          52.3567032
        ]
      },
      "properties": {
        "id": "osm-n-410291535",
        "category": "cafe",
        "name": "The Cottage Shop & Deli",
        "wheelchair": null,
        "fee": null,
        "opening_hours": "Tu-Th 10:00-18:00; Fr 09:00-18:00; Sa 09:00-17:00; Su 10:00-17:00; Mo off",
        "source": "osm"
      }
    },
    {
      "type": "Feature",
      "geometry": {
        "type": "Point",
        "coordinates": [
          4.9594943,
          52.3653537
        ]
      },
      "properties": {
        "id": "osm-n-512195011",
        "category": "shop",
        "name": "Camping Zeeburg",
        "wheelchair": null,
        "fee": null,
        "opening_hours": null,
        "source": "osm"
      }
    },
    {
      "type": "Feature",
      "geometry": {
        "type": "Point",
        "coordinates": [
          4.961184,
          52.3647825
        ]
      },
      "properties": {
        "id": "osm-n-512195029",
        "category": "toilet",
        "name": "Camping Zeeburg",
        "wheelchair": "yes",
        "fee": null,
        "opening_hours": null,
        "source": "osm"
      }
    },
    {
      "type": "Feature",
      "geometry": {
        "type": "Point",
        "coordinates": [
          4.9606833,
          52.3643347
        ]
      },
      "properties": {
        "id": "osm-n-512195032",
        "category": "toilet",
        "name": "Camping Zeeburg",
        "wheelchair": null,
        "fee": null,
        "opening_hours": null,
        "source": "osm"
      }
    },
    {
      "type": "Feature",
      "geometry": {
        "type": "Point",
        "coordinates": [
          4.9149869,
          52.3776204
        ]
      },
      "properties": {
        "id": "osm-n-872644505",
        "category": "parking",
        "name": "Piet Hein garage",
        "wheelchair": "yes",
        "fee": "yes",
        "opening_hours": "24/7",
        "source": "osm"
      }
    },
    {
      "type": "Feature",
      "geometry": {
        "type": "Point",
        "coordinates": [
          4.9250019,
          52.3761655
        ]
      },
      "properties": {
        "id": "osm-n-1049746964",
        "category": "parking",
        "name": "nieuw america",
        "wheelchair": null,
        "fee": null,
        "opening_hours": null,
        "source": "osm"
      }
    },
    {
      "type": "Feature",
      "geometry": {
        "type": "Point",
        "coordinates": [
          4.9405819,
          52.3764231
        ]
      },
      "properties": {
        "id": "osm-n-1085852933",
        "category": "cafe",
        "name": "KANIS",
        "wheelchair": "yes",
        "fee": null,
        "opening_hours": "Mo-Th,Su 10:00-23:00; Fr-Sa 10:00-24:00",
        "source": "osm"
      }
    },
    {
      "type": "Feature",
      "geometry": {
        "type": "Point",
        "coordinates": [
          4.964407,
          52.3891487
        ]
      },
      "properties": {
        "id": "osm-n-1132080568",
        "category": "fuel",
        "name": "BP",
        "wheelchair": null,
        "fee": null,
        "opening_hours": "24/7",
        "source": "osm"
      }
    },
    {
      "type": "Feature",
      "geometry": {
        "type": "Point",
        "coordinates": [
          4.9990226,
          52.3535525
        ]
      },
      "properties": {
        "id": "osm-n-1264823813",
        "category": "cafe",
        "name": "Coffee and Kids",
        "wheelchair": null,
        "fee": null,
        "opening_hours": "Mo-Fr 08:30-17:00; Sa 09:00-14:00",
        "source": "osm"
      }
    },
    {
      "type": "Feature",
      "geometry": {
        "type": "Point",
        "coordinates": [
          4.968529,
          52.3955013
        ]
      },
      "properties": {
        "id": "osm-n-1268709871",
        "category": "info",
        "name": "Info",
        "wheelchair": null,
        "fee": null,
        "opening_hours": null,
        "source": "osm"
      }
    },
    {
      "type": "Feature",
      "geometry": {
        "type": "Point",
        "coordinates": [
          4.9803259,
          52.3626661
        ]
      },
      "properties": {
        "id": "osm-n-1350329346",
        "category": "shop",
        "name": "IJburgse Groenten Paleis",
        "wheelchair": "yes",
        "fee": null,
        "opening_hours": "Mo-Fr 08:00-18:30; Sa 08:00-18:00; Su 10:00-18:00",
        "source": "osm"
      }
    },
    {
      "type": "Feature",
      "geometry": {
        "type": "Point",
        "coordinates": [
          4.9391659,
          52.3641823
        ]
      },
      "properties": {
        "id": "osm-n-1595364814",
        "category": "cafe",
        "name": "Coffee Company",
        "wheelchair": "limited",
        "fee": null,
        "opening_hours": "Mo-Fr 07:30-19:00; Sa, Su 08:30-19:00",
        "source": "osm"
      }
    },
    {
      "type": "Feature",
      "geometry": {
        "type": "Point",
        "coordinates": [
          4.9221783,
          52.3859992
        ]
      },
      "properties": {
        "id": "osm-n-1599741859",
        "category": "toilet",
        "name": "Toilet",
        "wheelchair": "no",
        "fee": "no",
        "opening_hours": "24/7",
        "source": "osm"
      }
    },
    {
      "type": "Feature",
      "geometry": {
        "type": "Point",
        "coordinates": [
          4.9442593,
          52.3575761
        ]
      },
      "properties": {
        "id": "osm-n-1632795809",
        "category": "charging",
        "name": "NUON",
        "wheelchair": null,
        "fee": null,
        "opening_hours": null,
        "source": "osm"
      }
    },
    {
      "type": "Feature",
      "geometry": {
        "type": "Point",
        "coordinates": [
          4.9722426,
          52.4134766
        ]
      },
      "properties": {
        "id": "osm-n-1695888634",
        "category": "cafe",
        "name": "IJstuin",
        "wheelchair": null,
        "fee": null,
        "opening_hours": null,
        "source": "osm"
      }
    },
    {
      "type": "Feature",
      "geometry": {
        "type": "Point",
        "coordinates": [
          4.9856372,
          52.4113552
        ]
      },
      "properties": {
        "id": "osm-n-1695954045",
        "category": "info",
        "name": "Info",
        "wheelchair": null,
        "fee": null,
        "opening_hours": null,
        "source": "osm"
      }
    },
    {
      "type": "Feature",
      "geometry": {
        "type": "Point",
        "coordinates": [
          4.9386459,
          52.3738353
        ]
      },
      "properties": {
        "id": "osm-n-1709951214",
        "category": "parking",
        "name": "Oostelijke Handelskade",
        "wheelchair": "yes",
        "fee": "yes",
        "opening_hours": null,
        "source": "osm"
      }
    },
    {
      "type": "Feature",
      "geometry": {
        "type": "Point",
        "coordinates": [
          4.9681975,
          52.3559952
        ]
      },
      "properties": {
        "id": "osm-n-1736463384",
        "category": "info",
        "name": "Amsterdam op de Fiets",
        "wheelchair": null,
        "fee": null,
        "opening_hours": null,
        "source": "osm"
      }
    },
    {
      "type": "Feature",
      "geometry": {
        "type": "Point",
        "coordinates": [
          4.9747712,
          52.3567221
        ]
      },
      "properties": {
        "id": "osm-n-1736463385",
        "category": "info",
        "name": "Info",
        "wheelchair": null,
        "fee": null,
        "opening_hours": null,
        "source": "osm"
      }
    },
    {
      "type": "Feature",
      "geometry": {
        "type": "Point",
        "coordinates": [
          4.9632756,
          52.3569019
        ]
      },
      "properties": {
        "id": "osm-n-1736463386",
        "category": "info",
        "name": "Info",
        "wheelchair": null,
        "fee": null,
        "opening_hours": null,
        "source": "osm"
      }
    },
    {
      "type": "Feature",
      "geometry": {
        "type": "Point",
        "coordinates": [
          4.9303363,
          52.3575378
        ]
      },
      "properties": {
        "id": "osm-n-1739267471",
        "category": "cafe",
        "name": "Q Cafe",
        "wheelchair": "yes",
        "fee": null,
        "opening_hours": null,
        "source": "osm"
      }
    },
    {
      "type": "Feature",
      "geometry": {
        "type": "Point",
        "coordinates": [
          4.9237018,
          52.3609287
        ]
      },
      "properties": {
        "id": "osm-n-1751609865",
        "category": "water",
        "name": "Waternet",
        "wheelchair": "yes",
        "fee": "no",
        "opening_hours": null,
        "source": "osm"
      }
    },
    {
      "type": "Feature",
      "geometry": {
        "type": "Point",
        "coordinates": [
          4.92132,
          52.3610859
        ]
      },
      "properties": {
        "id": "osm-n-1751609866",
        "category": "water",
        "name": "Waternet",
        "wheelchair": "yes",
        "fee": null,
        "opening_hours": null,
        "source": "osm"
      }
    },
    {
      "type": "Feature",
      "geometry": {
        "type": "Point",
        "coordinates": [
          4.9632975,
          52.3568899
        ]
      },
      "properties": {
        "id": "osm-n-1754337416",
        "category": "info",
        "name": "fietsroutenetwerk 'Amstelland - Meerlanden' knooppunt 54",
        "wheelchair": null,
        "fee": null,
        "opening_hours": null,
        "source": "osm"
      }
    },
    {
      "type": "Feature",
      "geometry": {
        "type": "Point",
        "coordinates": [
          4.948799,
          52.3627828
        ]
      },
      "properties": {
        "id": "osm-n-1756958217",
        "category": "water",
        "name": "Waternet",
        "wheelchair": null,
        "fee": null,
        "opening_hours": null,
        "source": "osm"
      }
    },
    {
      "type": "Feature",
      "geometry": {
        "type": "Point",
        "coordinates": [
          4.93667,
          52.3727948
        ]
      },
      "properties": {
        "id": "osm-n-1756958772",
        "category": "water",
        "name": "Waternet",
        "wheelchair": "yes",
        "fee": null,
        "opening_hours": null,
        "source": "osm"
      }
    },
    {
      "type": "Feature",
      "geometry": {
        "type": "Point",
        "coordinates": [
          4.9598746,
          52.3655521
        ]
      },
      "properties": {
        "id": "osm-n-1811697757",
        "category": "toilet",
        "name": "Camping Zeeburg",
        "wheelchair": null,
        "fee": null,
        "opening_hours": null,
        "source": "osm"
      }
    },
    {
      "type": "Feature",
      "geometry": {
        "type": "Point",
        "coordinates": [
          4.948856,
          52.3625931
        ]
      },
      "properties": {
        "id": "osm-n-1832947776",
        "category": "info",
        "name": "Info",
        "wheelchair": null,
        "fee": null,
        "opening_hours": null,
        "source": "osm"
      }
    },
    {
      "type": "Feature",
      "geometry": {
        "type": "Point",
        "coordinates": [
          4.9607118,
          52.3642858
        ]
      },
      "properties": {
        "id": "osm-n-1834701144",
        "category": "water",
        "name": "Waternet",
        "wheelchair": null,
        "fee": null,
        "opening_hours": null,
        "source": "osm"
      }
    },
    {
      "type": "Feature",
      "geometry": {
        "type": "Point",
        "coordinates": [
          4.9554821,
          52.3662246
        ]
      },
      "properties": {
        "id": "osm-n-1894993993",
        "category": "info",
        "name": "Herberg Zeeburg",
        "wheelchair": null,
        "fee": null,
        "opening_hours": null,
        "source": "osm"
      }
    },
    {
      "type": "Feature",
      "geometry": {
        "type": "Point",
        "coordinates": [
          4.9250778,
          52.3668803
        ]
      },
      "properties": {
        "id": "osm-n-1894993996",
        "category": "info",
        "name": "De Molen",
        "wheelchair": null,
        "fee": null,
        "opening_hours": null,
        "source": "osm"
      }
    },
    {
      "type": "Feature",
      "geometry": {
        "type": "Point",
        "coordinates": [
          4.9189869,
          52.3680157
        ]
      },
      "properties": {
        "id": "osm-n-1894994019",
        "category": "info",
        "name": "Hoogtekadijk",
        "wheelchair": null,
        "fee": null,
        "opening_hours": null,
        "source": "osm"
      }
    },
    {
      "type": "Feature",
      "geometry": {
        "type": "Point",
        "coordinates": [
          4.9336768,
          52.3663185
        ]
      },
      "properties": {
        "id": "osm-n-1894994042",
        "category": "info",
        "name": "Zeeburgerdijk",
        "wheelchair": null,
        "fee": null,
        "opening_hours": null,
        "source": "osm"
      }
    },
    {
      "type": "Feature",
      "geometry": {
        "type": "Point",
        "coordinates": [
          4.9247699,
          52.367001
        ]
      },
      "properties": {
        "id": "osm-n-1904722411",
        "category": "info",
        "name": "De Molen",
        "wheelchair": null,
        "fee": null,
        "opening_hours": null,
        "source": "osm"
      }
    },
    {
      "type": "Feature",
      "geometry": {
        "type": "Point",
        "coordinates": [
          4.9663444,
          52.3614535
        ]
      },
      "properties": {
        "id": "osm-n-1904722423",
        "category": "info",
        "name": "Gemeenlandshuis",
        "wheelchair": null,
        "fee": null,
        "opening_hours": null,
        "source": "osm"
      }
    },
    {
      "type": "Feature",
      "geometry": {
        "type": "Point",
        "coordinates": [
          4.919431,
          52.3679391
        ]
      },
      "properties": {
        "id": "osm-n-1904722444",
        "category": "info",
        "name": "Hoogtekadijk",
        "wheelchair": null,
        "fee": null,
        "opening_hours": null,
        "source": "osm"
      }
    },
    {
      "type": "Feature",
      "geometry": {
        "type": "Point",
        "coordinates": [
          4.9749109,
          52.3566766
        ]
      },
      "properties": {
        "id": "osm-n-1904722450",
        "category": "info",
        "name": "IJburg",
        "wheelchair": null,
        "fee": null,
        "opening_hours": null,
        "source": "osm"
      }
    },
    {
      "type": "Feature",
      "geometry": {
        "type": "Point",
        "coordinates": [
          4.9748521,
          52.3568602
        ]
      },
      "properties": {
        "id": "osm-n-1904722463",
        "category": "info",
        "name": "IJburg",
        "wheelchair": null,
        "fee": null,
        "opening_hours": null,
        "source": "osm"
      }
    },
    {
      "type": "Feature",
      "geometry": {
        "type": "Point",
        "coordinates": [
          4.9318863,
          52.374781
        ]
      },
      "properties": {
        "id": "osm-n-1941558452",
        "category": "parking",
        "name": "Rietlandpark",
        "wheelchair": null,
        "fee": "yes",
        "opening_hours": null,
        "source": "osm"
      }
    },
    {
      "type": "Feature",
      "geometry": {
        "type": "Point",
        "coordinates": [
          4.9229607,
          52.3873612
        ]
      },
      "properties": {
        "id": "osm-n-1962993585",
        "category": "parking",
        "name": "Parking",
        "wheelchair": null,
        "fee": null,
        "opening_hours": null,
        "source": "osm"
      }
    },
    {
      "type": "Feature",
      "geometry": {
        "type": "Point",
        "coordinates": [
          4.9278659,
          52.3563175
        ]
      },
      "properties": {
        "id": "osm-n-2052027473",
        "category": "cafe",
        "name": "Meram Cafe",
        "wheelchair": "limited",
        "fee": null,
        "opening_hours": "12:00-24:00",
        "source": "osm"
      }
    },
    {
      "type": "Feature",
      "geometry": {
        "type": "Point",
        "coordinates": [
          4.9514174,
          52.3859296
        ]
      },
      "properties": {
        "id": "osm-n-2256519683",
        "category": "info",
        "name": "Schellingwouderpark",
        "wheelchair": null,
        "fee": null,
        "opening_hours": null,
        "source": "osm"
      }
    },
    {
      "type": "Feature",
      "geometry": {
        "type": "Point",
        "coordinates": [
          4.9939917,
          52.3932345
        ]
      },
      "properties": {
        "id": "osm-n-2258857609",
        "category": "toilet",
        "name": "Toilet",
        "wheelchair": "no",
        "fee": "no",
        "opening_hours": null,
        "source": "osm"
      }
    },
    {
      "type": "Feature",
      "geometry": {
        "type": "Point",
        "coordinates": [
          4.9921215,
          52.3530841
        ]
      },
      "properties": {
        "id": "osm-n-2343670090",
        "category": "info",
        "name": "Waterkeringpad",
        "wheelchair": null,
        "fee": null,
        "opening_hours": null,
        "source": "osm"
      }
    },
    {
      "type": "Feature",
      "geometry": {
        "type": "Point",
        "coordinates": [
          4.9738715,
          52.3587857
        ]
      },
      "properties": {
        "id": "osm-n-2343732868",
        "category": "info",
        "name": "Diemerzeedijk",
        "wheelchair": null,
        "fee": null,
        "opening_hours": null,
        "source": "osm"
      }
    },
    {
      "type": "Feature",
      "geometry": {
        "type": "Point",
        "coordinates": [
          4.9584607,
          52.365332
        ]
      },
      "properties": {
        "id": "osm-n-2343732903",
        "category": "info",
        "name": "Camping",
        "wheelchair": null,
        "fee": null,
        "opening_hours": null,
        "source": "osm"
      }
    },
    {
      "type": "Feature",
      "geometry": {
        "type": "Point",
        "coordinates": [
          5.0047183,
          52.3818873
        ]
      },
      "properties": {
        "id": "osm-n-2344995617",
        "category": "info",
        "name": "Info",
        "wheelchair": null,
        "fee": null,
        "opening_hours": null,
        "source": "osm"
      }
    },
    {
      "type": "Feature",
      "geometry": {
        "type": "Point",
        "coordinates": [
          4.932936,
          52.3637639
        ]
      },
      "properties": {
        "id": "osm-n-2348208242",
        "category": "shop",
        "name": "Daily Java",
        "wheelchair": null,
        "fee": null,
        "opening_hours": null,
        "source": "osm"
      }
    },
    {
      "type": "Feature",
      "geometry": {
        "type": "Point",
        "coordinates": [
          4.9285743,
          52.3630686
        ]
      },
      "properties": {
        "id": "osm-n-2348245295",
        "category": "shop",
        "name": "Dapper Post",
        "wheelchair": null,
        "fee": null,
        "opening_hours": "Mo-Sa 10:00-18:30; Su 12:00-17:00",
        "source": "osm"
      }
    },
    {
      "type": "Feature",
      "geometry": {
        "type": "Point",
        "coordinates": [
          4.928301,
          52.3620279
        ]
      },
      "properties": {
        "id": "osm-n-2364927897",
        "category": "cafe",
        "name": "kaffee",
        "wheelchair": null,
        "fee": null,
        "opening_hours": "Mo-Fr 08:00-18:00; Sa 09:00-18:00",
        "source": "osm"
      }
    },
    {
      "type": "Feature",
      "geometry": {
        "type": "Point",
        "coordinates": [
          4.9267023,
          52.3630198
        ]
      },
      "properties": {
        "id": "osm-n-2364927899",
        "category": "shop",
        "name": "Afrifood",
        "wheelchair": null,
        "fee": null,
        "opening_hours": null,
        "source": "osm"
      }
    },
    {
      "type": "Feature",
      "geometry": {
        "type": "Point",
        "coordinates": [
          4.9269994,
          52.3630603
        ]
      },
      "properties": {
        "id": "osm-n-2364927906",
        "category": "cafe",
        "name": "Wakuli",
        "wheelchair": "yes",
        "fee": null,
        "opening_hours": "Mo-Fr 07:00-17:00; Sa,Su 08:00-18:00",
        "source": "osm"
      }
    },
    {
      "type": "Feature",
      "geometry": {
        "type": "Point",
        "coordinates": [
          4.9260368,
          52.3647236
        ]
      },
      "properties": {
        "id": "osm-n-2364940129",
        "category": "cafe",
        "name": "Tsu Pies",
        "wheelchair": null,
        "fee": null,
        "opening_hours": "Mo-Sa 09:00-17:30; Su 10:00-17:30",
        "source": "osm"
      }
    },
    {
      "type": "Feature",
      "geometry": {
        "type": "Point",
        "coordinates": [
          4.9263469,
          52.3650936
        ]
      },
      "properties": {
        "id": "osm-n-2364940134",
        "category": "shop",
        "name": "Tabakshop Rex",
        "wheelchair": "no",
        "fee": null,
        "opening_hours": null,
        "source": "osm"
      }
    },
    {
      "type": "Feature",
      "geometry": {
        "type": "Point",
        "coordinates": [
          4.9220083,
          52.3689318
        ]
      },
      "properties": {
        "id": "osm-n-2743192204",
        "category": "cafe",
        "name": "Anne&Max",
        "wheelchair": null,
        "fee": null,
        "opening_hours": "Mo-Su 08:00-17:00",
        "source": "osm"
      }
    },
    {
      "type": "Feature",
      "geometry": {
        "type": "Point",
        "coordinates": [
          4.9301697,
          52.3706865
        ]
      },
      "properties": {
        "id": "osm-n-2743193102",
        "category": "cafe",
        "name": "De Koffie Broeder",
        "wheelchair": null,
        "fee": null,
        "opening_hours": null,
        "source": "osm"
      }
    },
    {
      "type": "Feature",
      "geometry": {
        "type": "Point",
        "coordinates": [
          4.924394,
          52.3669323
        ]
      },
      "properties": {
        "id": "osm-n-2743280545",
        "category": "fuel",
        "name": "Esso",
        "wheelchair": null,
        "fee": null,
        "opening_hours": "24/7",
        "source": "osm"
      }
    },
    {
      "type": "Feature",
      "geometry": {
        "type": "Point",
        "coordinates": [
          4.9233184,
          52.3792272
        ]
      },
      "properties": {
        "id": "osm-n-2812753276",
        "category": "cafe",
        "name": "Java-Blend Amsterdam",
        "wheelchair": "no",
        "fee": "no",
        "opening_hours": "Mo-Tu 08:30-16:00, We-Fr 08:30-20:00; Sa-Su 10:00-20:00",
        "source": "osm"
      }
    },
    {
      "type": "Feature",
      "geometry": {
        "type": "Point",
        "coordinates": [
          4.9352788,
          52.3745325
        ]
      },
      "properties": {
        "id": "osm-n-2816335013",
        "category": "cafe",
        "name": "Anne&Max Zeeburg",
        "wheelchair": "limited",
        "fee": null,
        "opening_hours": "Mo-Fr 08:30-17:00; Sa-Su 09:00-17:00",
        "source": "osm"
      }
    },
    {
      "type": "Feature",
      "geometry": {
        "type": "Point",
        "coordinates": [
          4.9375872,
          52.3740785
        ]
      },
      "properties": {
        "id": "osm-n-2816335081",
        "category": "shop",
        "name": "Odin",
        "wheelchair": "yes",
        "fee": null,
        "opening_hours": "Mo-Sa 08:30-19:00; Su 10:00-18:00; PH closed",
        "source": "osm"
      }
    },
    {
      "type": "Feature",
      "geometry": {
        "type": "Point",
        "coordinates": [
          4.9289633,
          52.3558409
        ]
      },
      "properties": {
        "id": "osm-n-2820058201",
        "category": "cafe",
        "name": "Bagels & Beans",
        "wheelchair": "yes",
        "fee": null,
        "opening_hours": "Mo-Th 08:30-17:00; Fr 08:30-16:00",
        "source": "osm"
      }
    },
    {
      "type": "Feature",
      "geometry": {
        "type": "Point",
        "coordinates": [
          4.9282255,
          52.3619013
        ]
      },
      "properties": {
        "id": "osm-n-2826847592",
        "category": "shop",
        "name": "Maikel Groenteman",
        "wheelchair": null,
        "fee": null,
        "opening_hours": null,
        "source": "osm"
      }
    },
    {
      "type": "Feature",
      "geometry": {
        "type": "Point",
        "coordinates": [
          4.9294608,
          52.3572195
        ]
      },
      "properties": {
        "id": "osm-n-2827634382",
        "category": "shop",
        "name": "Sahan",
        "wheelchair": null,
        "fee": null,
        "opening_hours": "Mo-Sa 08:00-19:30; Su 12:00-18:00",
        "source": "osm"
      }
    },
    {
      "type": "Feature",
      "geometry": {
        "type": "Point",
        "coordinates": [
          4.9282549,
          52.3570148
        ]
      },
      "properties": {
        "id": "osm-n-2827637054",
        "category": "shop",
        "name": "Biolicious",
        "wheelchair": null,
        "fee": null,
        "opening_hours": "Mo-Fr 08:30-19:00; Sa 08:30-18:00; Su 10:00-18:00",
        "source": "osm"
      }
    },
    {
      "type": "Feature",
      "geometry": {
        "type": "Point",
        "coordinates": [
          4.9415582,
          52.3544733
        ]
      },
      "properties": {
        "id": "osm-n-2829449445",
        "category": "cafe",
        "name": "Harvey",
        "wheelchair": null,
        "fee": null,
        "opening_hours": "Mo-Sa 08:00-17:00; Su 09:00-17:00",
        "source": "osm"
      }
    },
    {
      "type": "Feature",
      "geometry": {
        "type": "Point",
        "coordinates": [
          4.9401243,
          52.364921
        ]
      },
      "properties": {
        "id": "osm-n-2830012959",
        "category": "shop",
        "name": "Avondwinkel John",
        "wheelchair": "limited",
        "fee": null,
        "opening_hours": null,
        "source": "osm"
      }
    },
    {
      "type": "Feature",
      "geometry": {
        "type": "Point",
        "coordinates": [
          4.9397602,
          52.3643752
        ]
      },
      "properties": {
        "id": "osm-n-2830039871",
        "category": "cafe",
        "name": "Chantilly",
        "wheelchair": null,
        "fee": null,
        "opening_hours": null,
        "source": "osm"
      }
    },
    {
      "type": "Feature",
      "geometry": {
        "type": "Point",
        "coordinates": [
          4.9704995,
          52.3690206
        ]
      },
      "properties": {
        "id": "osm-n-2842100625",
        "category": "shop",
        "name": "Kriterion Studentenpomp",
        "wheelchair": null,
        "fee": null,
        "opening_hours": "Mo-Fr 06:30-23:00; Sa-Su 08:00-23:00",
        "source": "osm"
      }
    },
    {
      "type": "Feature",
      "geometry": {
        "type": "Point",
        "coordinates": [
          4.9967035,
          52.3547896
        ]
      },
      "properties": {
        "id": "osm-n-2842366848",
        "category": "shop",
        "name": "Gemakswinkel IJburg",
        "wheelchair": null,
        "fee": null,
        "opening_hours": null,
        "source": "osm"
      }
    },
    {
      "type": "Feature",
      "geometry": {
        "type": "Point",
        "coordinates": [
          4.9906138,
          52.3587722
        ]
      },
      "properties": {
        "id": "osm-n-2842389299",
        "category": "shop",
        "name": "Biolicious",
        "wheelchair": "yes",
        "fee": null,
        "opening_hours": "Mo-Fr 08:30-19:00; Sa 08:30-18:00; Su off",
        "source": "osm"
      }
    },
    {
      "type": "Feature",
      "geometry": {
        "type": "Point",
        "coordinates": [
          4.9913161,
          52.3576317
        ]
      },
      "properties": {
        "id": "osm-n-2842393931",
        "category": "clinic",
        "name": "Sag Gezondheidscentrum Haveneiland",
        "wheelchair": null,
        "fee": null,
        "opening_hours": null,
        "source": "osm"
      }
    },
    {
      "type": "Feature",
      "geometry": {
        "type": "Point",
        "coordinates": [
          4.9205033,
          52.3950594
        ]
      },
      "properties": {
        "id": "osm-n-2847279818",
        "category": "cafe",
        "name": "Noorderpark Caf\u00e9",
        "wheelchair": "limited",
        "fee": null,
        "opening_hours": "We, Fr-Su 10:00-18:00",
        "source": "osm"
      }
    },
    {
      "type": "Feature",
      "geometry": {
        "type": "Point",
        "coordinates": [
          4.9157072,
          52.3975141
        ]
      },
      "properties": {
        "id": "osm-n-2847289897",
        "category": "shop",
        "name": "Fatih Lido",
        "wheelchair": null,
        "fee": null,
        "opening_hours": null,
        "source": "osm"
      }
    },
    {
      "type": "Feature",
      "geometry": {
        "type": "Point",
        "coordinates": [
          4.9153862,
          52.395931
        ]
      },
      "properties": {
        "id": "osm-n-2847291002",
        "category": "shop",
        "name": "Azalea Buurtwinkel",
        "wheelchair": null,
        "fee": null,
        "opening_hours": null,
        "source": "osm"
      }
    },
    {
      "type": "Feature",
      "geometry": {
        "type": "Point",
        "coordinates": [
          4.9318709,
          52.4018998
        ]
      },
      "properties": {
        "id": "osm-n-2847346662",
        "category": "shop",
        "name": "Boon's Pitstop",
        "wheelchair": null,
        "fee": null,
        "opening_hours": "Mo-Fr 07:30-20:00; Sa 08:30-18:00",
        "source": "osm"
      }
    },
    {
      "type": "Feature",
      "geometry": {
        "type": "Point",
        "coordinates": [
          4.9546789,
          52.3922147
        ]
      },
      "properties": {
        "id": "osm-n-2848272529",
        "category": "shop",
        "name": "Toko Joyce",
        "wheelchair": null,
        "fee": null,
        "opening_hours": "Mo 13:00-19:00; Tu-Sa 11:00-19:00; PH closed",
        "source": "osm"
      }
    },
    {
      "type": "Feature",
      "geometry": {
        "type": "Point",
        "coordinates": [
          4.9547411,
          52.392286
        ]
      },
      "properties": {
        "id": "osm-n-2848272534",
        "category": "cafe",
        "name": "Benny's Lunchroom",
        "wheelchair": null,
        "fee": null,
        "opening_hours": null,
        "source": "osm"
      }
    },
    {
      "type": "Feature",
      "geometry": {
        "type": "Point",
        "coordinates": [
          4.9548101,
          52.392617
        ]
      },
      "properties": {
        "id": "osm-n-2848272809",
        "category": "shop",
        "name": "Bab El Baraka",
        "wheelchair": null,
        "fee": null,
        "opening_hours": null,
        "source": "osm"
      }
    },
    {
      "type": "Feature",
      "geometry": {
        "type": "Point",
        "coordinates": [
          4.9373846,
          52.3983983
        ]
      },
      "properties": {
        "id": "osm-n-2848301101",
        "category": "clinic",
        "name": "Smile Place Tandartsen",
        "wheelchair": null,
        "fee": null,
        "opening_hours": null,
        "source": "osm"
      }
    },
    {
      "type": "Feature",
      "geometry": {
        "type": "Point",
        "coordinates": [
          4.9381171,
          52.3986078
        ]
      },
      "properties": {
        "id": "osm-n-2848301278",
        "category": "cafe",
        "name": "Amsterdam Grill Land",
        "wheelchair": null,
        "fee": null,
        "opening_hours": null,
        "source": "osm"
      }
    },
    {
      "type": "Feature",
      "geometry": {
        "type": "Point",
        "coordinates": [
          4.9378326,
          52.399137
        ]
      },
      "properties": {
        "id": "osm-n-2848301287",
        "category": "shop",
        "name": "Tropische Toko Noord",
        "wheelchair": null,
        "fee": null,
        "opening_hours": "Mo-Sa 09:00-18:00; Su 11:30-17:00",
        "source": "osm"
      }
    },
    {
      "type": "Feature",
      "geometry": {
        "type": "Point",
        "coordinates": [
          4.9387014,
          52.3989515
        ]
      },
      "properties": {
        "id": "osm-n-2848301796",
        "category": "toilet",
        "name": "Toilet",
        "wheelchair": null,
        "fee": "yes",
        "opening_hours": null,
        "source": "osm"
      }
    },
    {
      "type": "Feature",
      "geometry": {
        "type": "Point",
        "coordinates": [
          4.9383897,
          52.3978089
        ]
      },
      "properties": {
        "id": "osm-n-2848301840",
        "category": "cafe",
        "name": "Favori",
        "wheelchair": null,
        "fee": null,
        "opening_hours": null,
        "source": "osm"
      }
    },
    {
      "type": "Feature",
      "geometry": {
        "type": "Point",
        "coordinates": [
          4.9396041,
          52.3983168
        ]
      },
      "properties": {
        "id": "osm-n-2848302111",
        "category": "cafe",
        "name": "Levent B\u00f6rek",
        "wheelchair": null,
        "fee": null,
        "opening_hours": null,
        "source": "osm"
      }
    },
    {
      "type": "Feature",
      "geometry": {
        "type": "Point",
        "coordinates": [
          4.9400042,
          52.3990897
        ]
      },
      "properties": {
        "id": "osm-n-2848302821",
        "category": "fuel",
        "name": "Argos",
        "wheelchair": null,
        "fee": null,
        "opening_hours": null,
        "source": "osm"
      }
    },
    {
      "type": "Feature",
      "geometry": {
        "type": "Point",
        "coordinates": [
          4.9414431,
          52.3980721
        ]
      },
      "properties": {
        "id": "osm-n-2848303873",
        "category": "cafe",
        "name": "Atlas",
        "wheelchair": "limited",
        "fee": null,
        "opening_hours": null,
        "source": "osm"
      }
    },
    {
      "type": "Feature",
      "geometry": {
        "type": "Point",
        "coordinates": [
          4.9410794,
          52.3974924
        ]
      },
      "properties": {
        "id": "osm-n-2848304062",
        "category": "clinic",
        "name": "Aion Studio",
        "wheelchair": null,
        "fee": null,
        "opening_hours": null,
        "source": "osm"
      }
    },
    {
      "type": "Feature",
      "geometry": {
        "type": "Point",
        "coordinates": [
          4.9410764,
          52.397955
        ]
      },
      "properties": {
        "id": "osm-n-2848305300",
        "category": "cafe",
        "name": "Grand caf\u00e9 't Plein",
        "wheelchair": null,
        "fee": null,
        "opening_hours": "Mo-Su 08:00-19:00",
        "source": "osm"
      }
    },
    {
      "type": "Feature",
      "geometry": {
        "type": "Point",
        "coordinates": [
          4.9253117,
          52.3909011
        ]
      },
      "properties": {
        "id": "osm-n-2848472229",
        "category": "cafe",
        "name": "Sjoerd van Willes & Zonen",
        "wheelchair": null,
        "fee": null,
        "opening_hours": null,
        "source": "osm"
      }
    },
    {
      "type": "Feature",
      "geometry": {
        "type": "Point",
        "coordinates": [
          4.9132324,
          52.3841095
        ]
      },
      "properties": {
        "id": "osm-n-2848701152",
        "category": "cafe",
        "name": "Subcult",
        "wheelchair": "yes",
        "fee": null,
        "opening_hours": "Tu-We,Su 09:00-20:00; Th-Sa 09:00-24:00",
        "source": "osm"
      }
    },
    {
      "type": "Feature",
      "geometry": {
        "type": "Point",
        "coordinates": [
          4.9169762,
          52.3848352
        ]
      },
      "properties": {
        "id": "osm-n-2848701180",
        "category": "cafe",
        "name": "Cups & Chapters Cafe",
        "wheelchair": "no",
        "fee": null,
        "opening_hours": "Mo08:00-15:00; We 08:00-12:00; Th-Fr 08:00-15:00; Sa-Su 09:00-16:00",
        "source": "osm"
      }
    },
    {
      "type": "Feature",
      "geometry": {
        "type": "Point",
        "coordinates": [
          4.9142328,
          52.385444
        ]
      },
      "properties": {
        "id": "osm-n-2848702110",
        "category": "shop",
        "name": "Shop",
        "wheelchair": null,
        "fee": null,
        "opening_hours": null,
        "source": "osm"
      }
    },
    {
      "type": "Feature",
      "geometry": {
        "type": "Point",
        "coordinates": [
          4.91429,
          52.3857526
        ]
      },
      "properties": {
        "id": "osm-n-2848703818",
        "category": "shop",
        "name": "Jawda supermarkt",
        "wheelchair": null,
        "fee": null,
        "opening_hours": null,
        "source": "osm"
      }
    },
    {
      "type": "Feature",
      "geometry": {
        "type": "Point",
        "coordinates": [
          4.9132852,
          52.3835913
        ]
      },
      "properties": {
        "id": "osm-n-2848704602",
        "category": "shop",
        "name": "Shop",
        "wheelchair": null,
        "fee": null,
        "opening_hours": null,
        "source": "osm"
      }
    },
    {
      "type": "Feature",
      "geometry": {
        "type": "Point",
        "coordinates": [
          4.9130046,
          52.3839312
        ]
      },
      "properties": {
        "id": "osm-n-2848705927",
        "category": "shop",
        "name": "Hayat supermarket",
        "wheelchair": null,
        "fee": null,
        "opening_hours": null,
        "source": "osm"
      }
    },
    {
      "type": "Feature",
      "geometry": {
        "type": "Point",
        "coordinates": [
          4.9221493,
          52.3857476
        ]
      },
      "properties": {
        "id": "osm-n-2848742987",
        "category": "shop",
        "name": "Poolse Supermarkt Costa",
        "wheelchair": null,
        "fee": null,
        "opening_hours": "Mo-Sa 09:00-22:00; Su 10:00-19:00",
        "source": "osm"
      }
    },
    {
      "type": "Feature",
      "geometry": {
        "type": "Point",
        "coordinates": [
          4.9250645,
          52.3850132
        ]
      },
      "properties": {
        "id": "osm-n-2848744918",
        "category": "cafe",
        "name": "Tula Cantina",
        "wheelchair": null,
        "fee": null,
        "opening_hours": "Mo-Su 09:00-24:00",
        "source": "osm"
      }
    },
    {
      "type": "Feature",
      "geometry": {
        "type": "Point",
        "coordinates": [
          4.9246244,
          52.3868651
        ]
      },
      "properties": {
        "id": "osm-n-2848746005",
        "category": "shop",
        "name": "SPAR express",
        "wheelchair": null,
        "fee": null,
        "opening_hours": "Mo-Fr 06:00-24:00; Sa 07:00-24:00; Su 08:00-24:00",
        "source": "osm"
      }
    },
    {
      "type": "Feature",
      "geometry": {
        "type": "Point",
        "coordinates": [
          4.9503602,
          52.3543814
        ]
      },
      "properties": {
        "id": "osm-n-2853602123",
        "category": "cafe",
        "name": "Bico",
        "wheelchair": "no",
        "fee": null,
        "opening_hours": null,
        "source": "osm"
      }
    },
    {
      "type": "Feature",
      "geometry": {
        "type": "Point",
        "coordinates": [
          4.9142531,
          52.3778856
        ]
      },
      "properties": {
        "id": "osm-n-2923123175",
        "category": "cafe",
        "name": "Ipo's Coffee Gallery",
        "wheelchair": "yes",
        "fee": null,
        "opening_hours": "Mo-Th 11:30-14:00",
        "source": "osm"
      }
    },
    {
      "type": "Feature",
      "geometry": {
        "type": "Point",
        "coordinates": [
          4.9163971,
          52.368084
        ]
      },
      "properties": {
        "id": "osm-n-2971360870",
        "category": "cafe",
        "name": "Gollem",
        "wheelchair": null,
        "fee": null,
        "opening_hours": null,
        "source": "osm"
      }
    },
    {
      "type": "Feature",
      "geometry": {
        "type": "Point",
        "coordinates": [
          4.9384398,
          52.3765763
        ]
      },
      "properties": {
        "id": "osm-n-3095206853",
        "category": "charging",
        "name": "Charging",
        "wheelchair": null,
        "fee": null,
        "opening_hours": null,
        "source": "osm"
      }
    },
    {
      "type": "Feature",
      "geometry": {
        "type": "Point",
        "coordinates": [
          4.9775503,
          52.362523
        ]
      },
      "properties": {
        "id": "osm-n-3095207018",
        "category": "charging",
        "name": "Vattenfall InCharge",
        "wheelchair": null,
        "fee": null,
        "opening_hours": null,
        "source": "osm"
      }
    },
    {
      "type": "Feature",
      "geometry": {
        "type": "Point",
        "coordinates": [
          4.9382627,
          52.3771608
        ]
      },
      "properties": {
        "id": "osm-n-3095207074",
        "category": "charging",
        "name": "Charging",
        "wheelchair": null,
        "fee": null,
        "opening_hours": null,
        "source": "osm"
      }
    },
    {
      "type": "Feature",
      "geometry": {
        "type": "Point",
        "coordinates": [
          4.9311196,
          52.3754715
        ]
      },
      "properties": {
        "id": "osm-n-3095209967",
        "category": "charging",
        "name": "Charging",
        "wheelchair": null,
        "fee": null,
        "opening_hours": null,
        "source": "osm"
      }
    },
    {
      "type": "Feature",
      "geometry": {
        "type": "Point",
        "coordinates": [
          4.9808506,
          52.3624855
        ]
      },
      "properties": {
        "id": "osm-n-3095210141",
        "category": "charging",
        "name": "Vattenfall InCharge",
        "wheelchair": null,
        "fee": null,
        "opening_hours": null,
        "source": "osm"
      }
    },
    {
      "type": "Feature",
      "geometry": {
        "type": "Point",
        "coordinates": [
          4.918376,
          52.3772823
        ]
      },
      "properties": {
        "id": "osm-n-3391327393",
        "category": "parking",
        "name": "Q-Park IJ Oever Centrum",
        "wheelchair": null,
        "fee": "yes",
        "opening_hours": "24/7",
        "source": "osm"
      }
    },
    {
      "type": "Feature",
      "geometry": {
        "type": "Point",
        "coordinates": [
          5.0010527,
          52.3968739
        ]
      },
      "properties": {
        "id": "osm-n-3648853402",
        "category": "water",
        "name": "Waternet",
        "wheelchair": null,
        "fee": null,
        "opening_hours": null,
        "source": "osm"
      }
    },
    {
      "type": "Feature",
      "geometry": {
        "type": "Point",
        "coordinates": [
          4.9503331,
          52.3545279
        ]
      },
      "properties": {
        "id": "osm-n-3739706215",
        "category": "shop",
        "name": "SPAR city",
        "wheelchair": null,
        "fee": null,
        "opening_hours": "Mo-Su 08:00-22:00",
        "source": "osm"
      }
    },
    {
      "type": "Feature",
      "geometry": {
        "type": "Point",
        "coordinates": [
          4.9219479,
          52.3625025
        ]
      },
      "properties": {
        "id": "osm-n-3798173870",
        "category": "cafe",
        "name": "KIT Caf\u00e9",
        "wheelchair": null,
        "fee": null,
        "opening_hours": "Tu-Su 10:00-17:00",
        "source": "osm"
      }
    },
    {
      "type": "Feature",
      "geometry": {
        "type": "Point",
        "coordinates": [
          4.9165146,
          52.3728801
        ]
      },
      "properties": {
        "id": "osm-n-3915502821",
        "category": "cafe",
        "name": "Pension Homeland",
        "wheelchair": null,
        "fee": null,
        "opening_hours": "Mo-Su 10:00-20:00",
        "source": "osm"
      }
    },
    {
      "type": "Feature",
      "geometry": {
        "type": "Point",
        "coordinates": [
          4.9581478,
          52.3560739
        ]
      },
      "properties": {
        "id": "osm-n-4147855890",
        "category": "cafe",
        "name": "Cafe Six",
        "wheelchair": null,
        "fee": null,
        "opening_hours": null,
        "source": "osm"
      }
    },
    {
      "type": "Feature",
      "geometry": {
        "type": "Point",
        "coordinates": [
          4.9358491,
          52.3625344
        ]
      },
      "properties": {
        "id": "osm-n-4171943889",
        "category": "water",
        "name": "Waternet",
        "wheelchair": "yes",
        "fee": null,
        "opening_hours": null,
        "source": "osm"
      }
    },
    {
      "type": "Feature",
      "geometry": {
        "type": "Point",
        "coordinates": [
          4.9314704,
          52.3646727
        ]
      },
      "properties": {
        "id": "osm-n-4171943890",
        "category": "water",
        "name": "Waternet",
        "wheelchair": null,
        "fee": null,
        "opening_hours": null,
        "source": "osm"
      }
    },
    {
      "type": "Feature",
      "geometry": {
        "type": "Point",
        "coordinates": [
          4.9388009,
          52.3637097
        ]
      },
      "properties": {
        "id": "osm-n-4171943891",
        "category": "water",
        "name": "Waternet",
        "wheelchair": "yes",
        "fee": null,
        "opening_hours": null,
        "source": "osm"
      }
    },
    {
      "type": "Feature",
      "geometry": {
        "type": "Point",
        "coordinates": [
          4.9444711,
          52.3631102
        ]
      },
      "properties": {
        "id": "osm-n-4171943892",
        "category": "water",
        "name": "Waternet",
        "wheelchair": null,
        "fee": null,
        "opening_hours": null,
        "source": "osm"
      }
    },
    {
      "type": "Feature",
      "geometry": {
        "type": "Point",
        "coordinates": [
          4.9822021,
          52.352886
        ]
      },
      "properties": {
        "id": "osm-n-4213505894",
        "category": "info",
        "name": "Info",
        "wheelchair": null,
        "fee": null,
        "opening_hours": null,
        "source": "osm"
      }
    },
    {
      "type": "Feature",
      "geometry": {
        "type": "Point",
        "coordinates": [
          4.9260536,
          52.3678545
        ]
      },
      "properties": {
        "id": "osm-n-4249157032",
        "category": "shop",
        "name": "Odin",
        "wheelchair": "yes",
        "fee": null,
        "opening_hours": "Mo-Sa 08:30-20:30; Su 10:00-20:00",
        "source": "osm"
      }
    },
    {
      "type": "Feature",
      "geometry": {
        "type": "Point",
        "coordinates": [
          4.9329903,
          52.3734512
        ]
      },
      "properties": {
        "id": "osm-n-4344434701",
        "category": "info",
        "name": "Info",
        "wheelchair": null,
        "fee": null,
        "opening_hours": null,
        "source": "osm"
      }
    },
    {
      "type": "Feature",
      "geometry": {
        "type": "Point",
        "coordinates": [
          4.9267697,
          52.3675578
        ]
      },
      "properties": {
        "id": "osm-n-4375630374",
        "category": "parking",
        "name": "Vomar",
        "wheelchair": "yes",
        "fee": "yes",
        "opening_hours": null,
        "source": "osm"
      }
    },
    {
      "type": "Feature",
      "geometry": {
        "type": "Point",
        "coordinates": [
          4.9123276,
          52.3702817
        ]
      },
      "properties": {
        "id": "osm-n-4489285094",
        "category": "cafe",
        "name": "cafe Orloff",
        "wheelchair": "yes",
        "fee": null,
        "opening_hours": null,
        "source": "osm"
      }
    },
    {
      "type": "Feature",
      "geometry": {
        "type": "Point",
        "coordinates": [
          4.9255315,
          52.3763607
        ]
      },
      "properties": {
        "id": "osm-n-4564687192",
        "category": "cafe",
        "name": "Bagels & Beans",
        "wheelchair": null,
        "fee": null,
        "opening_hours": "Mo-Fr 08:29-17:31; Sa,Su 09:01-17:02",
        "source": "osm"
      }
    },
    {
      "type": "Feature",
      "geometry": {
        "type": "Point",
        "coordinates": [
          4.9678036,
          52.3736486
        ]
      },
      "properties": {
        "id": "osm-n-4598093203",
        "category": "cafe",
        "name": "espressofabriek",
        "wheelchair": "no",
        "fee": null,
        "opening_hours": "Mo-Fr 08:00-16:00; Sa,Su 09:00-17:00",
        "source": "osm"
      }
    },
    {
      "type": "Feature",
      "geometry": {
        "type": "Point",
        "coordinates": [
          4.959459,
          52.3655176
        ]
      },
      "properties": {
        "id": "osm-n-4602449104",
        "category": "cafe",
        "name": "Restaurant Zeeburg",
        "wheelchair": "yes",
        "fee": null,
        "opening_hours": "Mo, Th-Fr 17:00-22:30; Sa-Su 08:30-11:30, 17:00-22:30",
        "source": "osm"
      }
    },
    {
      "type": "Feature",
      "geometry": {
        "type": "Point",
        "coordinates": [
          4.9239189,
          52.3630468
        ]
      },
      "properties": {
        "id": "osm-n-4711855889",
        "category": "cafe",
        "name": "Louie Louie",
        "wheelchair": null,
        "fee": null,
        "opening_hours": "Mo-Th,Su 09:00-01:00; Fr-Sa 09:00-03:00",
        "source": "osm"
      }
    },
    {
      "type": "Feature",
      "geometry": {
        "type": "Point",
        "coordinates": [
          4.9168826,
          52.371743
        ]
      },
      "properties": {
        "id": "osm-n-4718613004",
        "category": "charging",
        "name": "NUON",
        "wheelchair": null,
        "fee": null,
        "opening_hours": null,
        "source": "osm"
      }
    },
    {
      "type": "Feature",
      "geometry": {
        "type": "Point",
        "coordinates": [
          4.9128867,
          52.3707568
        ]
      },
      "properties": {
        "id": "osm-n-4718613005",
        "category": "charging",
        "name": "NUON",
        "wheelchair": null,
        "fee": null,
        "opening_hours": null,
        "source": "osm"
      }
    },
    {
      "type": "Feature",
      "geometry": {
        "type": "Point",
        "coordinates": [
          4.9123943,
          52.3696136
        ]
      },
      "properties": {
        "id": "osm-n-4718613006",
        "category": "charging",
        "name": "NUON",
        "wheelchair": null,
        "fee": null,
        "opening_hours": null,
        "source": "osm"
      }
    },
    {
      "type": "Feature",
      "geometry": {
        "type": "Point",
        "coordinates": [
          4.9545458,
          52.3571981
        ]
      },
      "properties": {
        "id": "osm-n-4742878477",
        "category": "charging",
        "name": "Charging",
        "wheelchair": null,
        "fee": null,
        "opening_hours": null,
        "source": "osm"
      }
    },
    {
      "type": "Feature",
      "geometry": {
        "type": "Point",
        "coordinates": [
          4.9264065,
          52.3665087
        ]
      },
      "properties": {
        "id": "osm-n-4760421632",
        "category": "charging",
        "name": "NUON",
        "wheelchair": null,
        "fee": null,
        "opening_hours": null,
        "source": "osm"
      }
    },
    {
      "type": "Feature",
      "geometry": {
        "type": "Point",
        "coordinates": [
          4.9913003,
          52.3581665
        ]
      },
      "properties": {
        "id": "osm-n-4778913541",
        "category": "parking",
        "name": "Interparking",
        "wheelchair": "yes",
        "fee": "yes",
        "opening_hours": "Mo-Su 07:30-22:00",
        "source": "osm"
      }
    },
    {
      "type": "Feature",
      "geometry": {
        "type": "Point",
        "coordinates": [
          4.9242133,
          52.3732059
        ]
      },
      "properties": {
        "id": "osm-n-4839923808",
        "category": "charging",
        "name": "NUON",
        "wheelchair": null,
        "fee": null,
        "opening_hours": null,
        "source": "osm"
      }
    },
    {
      "type": "Feature",
      "geometry": {
        "type": "Point",
        "coordinates": [
          4.9229028,
          52.3684761
        ]
      },
      "properties": {
        "id": "osm-n-4839923809",
        "category": "charging",
        "name": "NUON",
        "wheelchair": null,
        "fee": null,
        "opening_hours": null,
        "source": "osm"
      }
    },
    {
      "type": "Feature",
      "geometry": {
        "type": "Point",
        "coordinates": [
          4.923806,
          52.3699095
        ]
      },
      "properties": {
        "id": "osm-n-4839923810",
        "category": "charging",
        "name": "NUON",
        "wheelchair": null,
        "fee": null,
        "opening_hours": null,
        "source": "osm"
      }
    },
    {
      "type": "Feature",
      "geometry": {
        "type": "Point",
        "coordinates": [
          4.9228362,
          52.4051207
        ]
      },
      "properties": {
        "id": "osm-n-4856154860",
        "category": "parking",
        "name": "Parking",
        "wheelchair": null,
        "fee": null,
        "opening_hours": null,
        "source": "osm"
      }
    },
    {
      "type": "Feature",
      "geometry": {
        "type": "Point",
        "coordinates": [
          4.9189466,
          52.3869743
        ]
      },
      "properties": {
        "id": "osm-n-4925041960",
        "category": "parking",
        "name": "Parking",
        "wheelchair": null,
        "fee": null,
        "opening_hours": null,
        "source": "osm"
      }
    },
    {
      "type": "Feature",
      "geometry": {
        "type": "Point",
        "coordinates": [
          4.9596722,
          52.356395
        ]
      },
      "properties": {
        "id": "osm-n-4937360976",
        "category": "charging",
        "name": "Charging",
        "wheelchair": null,
        "fee": null,
        "opening_hours": null,
        "source": "osm"
      }
    },
    {
      "type": "Feature",
      "geometry": {
        "type": "Point",
        "coordinates": [
          4.964017,
          52.3733746
        ]
      },
      "properties": {
        "id": "osm-n-5003012039",
        "category": "cafe",
        "name": "Bluey's Coffee&Kitchen",
        "wheelchair": "yes",
        "fee": null,
        "opening_hours": "Mo-Sa 09:00-17:00 open \"Cafe\"; Su 10:00-17:00 open \"Cafe\" || Mo-Su 11:00-20:00 open \"Deli\"",
        "source": "osm"
      }
    },
    {
      "type": "Feature",
      "geometry": {
        "type": "Point",
        "coordinates": [
          4.9208057,
          52.3837092
        ]
      },
      "properties": {
        "id": "osm-n-5045995982",
        "category": "charging",
        "name": "Charging",
        "wheelchair": null,
        "fee": "no",
        "opening_hours": null,
        "source": "osm"
      }
    },
    {
      "type": "Feature",
      "geometry": {
        "type": "Point",
        "coordinates": [
          4.9311021,
          52.3602396
        ]
      },
      "properties": {
        "id": "osm-n-5058538564",
        "category": "charging",
        "name": "NUON",
        "wheelchair": null,
        "fee": null,
        "opening_hours": null,
        "source": "osm"
      }
    },
    {
      "type": "Feature",
      "geometry": {
        "type": "Point",
        "coordinates": [
          4.9438929,
          52.3530883
        ]
      },
      "properties": {
        "id": "osm-n-5061857722",
        "category": "charging",
        "name": "NUON",
        "wheelchair": null,
        "fee": null,
        "opening_hours": null,
        "source": "osm"
      }
    },
    {
      "type": "Feature",
      "geometry": {
        "type": "Point",
        "coordinates": [
          4.9444299,
          52.3508992
        ]
      },
      "properties": {
        "id": "osm-n-5061857723",
        "category": "charging",
        "name": "NUON",
        "wheelchair": null,
        "fee": null,
        "opening_hours": null,
        "source": "osm"
      }
    },
    {
      "type": "Feature",
      "geometry": {
        "type": "Point",
        "coordinates": [
          4.9376295,
          52.3767652
        ]
      },
      "properties": {
        "id": "osm-n-5310177474",
        "category": "cafe",
        "name": "Bakkerswinkel Neeltje",
        "wheelchair": "yes",
        "fee": null,
        "opening_hours": null,
        "source": "osm"
      }
    },
    {
      "type": "Feature",
      "geometry": {
        "type": "Point",
        "coordinates": [
          4.9807247,
          52.357158
        ]
      },
      "properties": {
        "id": "osm-n-5401559202",
        "category": "water",
        "name": "Waternet",
        "wheelchair": "limited",
        "fee": null,
        "opening_hours": null,
        "source": "osm"
      }
    },
    {
      "type": "Feature",
      "geometry": {
        "type": "Point",
        "coordinates": [
          4.93492,
          52.3747612
        ]
      },
      "properties": {
        "id": "osm-n-5413241382",
        "category": "water",
        "name": "Waternet",
        "wheelchair": "yes",
        "fee": null,
        "opening_hours": null,
        "source": "osm"
      }
    },
    {
      "type": "Feature",
      "geometry": {
        "type": "Point",
        "coordinates": [
          4.9394689,
          52.3769157
        ]
      },
      "properties": {
        "id": "osm-n-5553461623",
        "category": "info",
        "name": "Piraeus",
        "wheelchair": null,
        "fee": null,
        "opening_hours": null,
        "source": "osm"
      }
    },
    {
      "type": "Feature",
      "geometry": {
        "type": "Point",
        "coordinates": [
          4.9377075,
          52.376932
        ]
      },
      "properties": {
        "id": "osm-n-5553461625",
        "category": "info",
        "name": "Oostelijk Havengebied | KNSM-eiland",
        "wheelchair": null,
        "fee": null,
        "opening_hours": null,
        "source": "osm"
      }
    },
    {
      "type": "Feature",
      "geometry": {
        "type": "Point",
        "coordinates": [
          4.9331182,
          52.3907283
        ]
      },
      "properties": {
        "id": "osm-n-5553461626",
        "category": "info",
        "name": "W.H. Vliegenbos",
        "wheelchair": null,
        "fee": null,
        "opening_hours": null,
        "source": "osm"
      }
    },
    {
      "type": "Feature",
      "geometry": {
        "type": "Point",
        "coordinates": [
          4.9293068,
          52.408239
        ]
      },
      "properties": {
        "id": "osm-n-5633357585",
        "category": "water",
        "name": "Waternet",
        "wheelchair": null,
        "fee": null,
        "opening_hours": null,
        "source": "osm"
      }
    },
    {
      "type": "Feature",
      "geometry": {
        "type": "Point",
        "coordinates": [
          4.9300126,
          52.40509
        ]
      },
      "properties": {
        "id": "osm-n-5633357586",
        "category": "water",
        "name": "Waternet",
        "wheelchair": null,
        "fee": null,
        "opening_hours": null,
        "source": "osm"
      }
    },
    {
      "type": "Feature",
      "geometry": {
        "type": "Point",
        "coordinates": [
          4.9229715,
          52.3940278
        ]
      },
      "properties": {
        "id": "osm-n-5633357587",
        "category": "water",
        "name": "Waternet",
        "wheelchair": "yes",
        "fee": null,
        "opening_hours": null,
        "source": "osm"
      }
    },
    {
      "type": "Feature",
      "geometry": {
        "type": "Point",
        "coordinates": [
          4.9160978,
          52.4003343
        ]
      },
      "properties": {
        "id": "osm-n-5633357588",
        "category": "water",
        "name": "Waternet",
        "wheelchair": null,
        "fee": null,
        "opening_hours": null,
        "source": "osm"
      }
    },
    {
      "type": "Feature",
      "geometry": {
        "type": "Point",
        "coordinates": [
          4.9106456,
          52.3887074
        ]
      },
      "properties": {
        "id": "osm-n-5634720173",
        "category": "water",
        "name": "Waternet",
        "wheelchair": null,
        "fee": null,
        "opening_hours": null,
        "source": "osm"
      }
    },
    {
      "type": "Feature",
      "geometry": {
        "type": "Point",
        "coordinates": [
          4.9122165,
          52.3910978
        ]
      },
      "properties": {
        "id": "osm-n-5634720174",
        "category": "water",
        "name": "Waternet",
        "wheelchair": null,
        "fee": null,
        "opening_hours": null,
        "source": "osm"
      }
    },
    {
      "type": "Feature",
      "geometry": {
        "type": "Point",
        "coordinates": [
          4.9130851,
          52.3904233
        ]
      },
      "properties": {
        "id": "osm-n-5634720175",
        "category": "water",
        "name": "Waternet",
        "wheelchair": null,
        "fee": null,
        "opening_hours": null,
        "source": "osm"
      }
    },
    {
      "type": "Feature",
      "geometry": {
        "type": "Point",
        "coordinates": [
          4.9161393,
          52.3898989
        ]
      },
      "properties": {
        "id": "osm-n-5634720176",
        "category": "water",
        "name": "Waternet",
        "wheelchair": null,
        "fee": null,
        "opening_hours": null,
        "source": "osm"
      }
    },
    {
      "type": "Feature",
      "geometry": {
        "type": "Point",
        "coordinates": [
          4.9156139,
          52.3893089
        ]
      },
      "properties": {
        "id": "osm-n-5634720177",
        "category": "water",
        "name": "Waternet",
        "wheelchair": null,
        "fee": null,
        "opening_hours": null,
        "source": "osm"
      }
    },
    {
      "type": "Feature",
      "geometry": {
        "type": "Point",
        "coordinates": [
          4.9111159,
          52.3869022
        ]
      },
      "properties": {
        "id": "osm-n-5634720178",
        "category": "water",
        "name": "Waternet",
        "wheelchair": null,
        "fee": null,
        "opening_hours": null,
        "source": "osm"
      }
    },
    {
      "type": "Feature",
      "geometry": {
        "type": "Point",
        "coordinates": [
          4.9086526,
          52.3820841
        ]
      },
      "properties": {
        "id": "osm-n-5634720179",
        "category": "water",
        "name": "Waternet",
        "wheelchair": null,
        "fee": null,
        "opening_hours": null,
        "source": "osm"
      }
    },
    {
      "type": "Feature",
      "geometry": {
        "type": "Point",
        "coordinates": [
          4.91034,
          52.3830514
        ]
      },
      "properties": {
        "id": "osm-n-5634720180",
        "category": "water",
        "name": "Waternet",
        "wheelchair": null,
        "fee": null,
        "opening_hours": null,
        "source": "osm"
      }
    },
    {
      "type": "Feature",
      "geometry": {
        "type": "Point",
        "coordinates": [
          4.9141486,
          52.3839195
        ]
      },
      "properties": {
        "id": "osm-n-5634720181",
        "category": "water",
        "name": "Waternet",
        "wheelchair": null,
        "fee": null,
        "opening_hours": null,
        "source": "osm"
      }
    },
    {
      "type": "Feature",
      "geometry": {
        "type": "Point",
        "coordinates": [
          4.9177211,
          52.383948
        ]
      },
      "properties": {
        "id": "osm-n-5634720182",
        "category": "water",
        "name": "Waternet",
        "wheelchair": "yes",
        "fee": null,
        "opening_hours": null,
        "source": "osm"
      }
    },
    {
      "type": "Feature",
      "geometry": {
        "type": "Point",
        "coordinates": [
          4.9161638,
          52.3814596
        ]
      },
      "properties": {
        "id": "osm-n-5634720183",
        "category": "water",
        "name": "Waternet",
        "wheelchair": null,
        "fee": null,
        "opening_hours": null,
        "source": "osm"
      }
    },
    {
      "type": "Feature",
      "geometry": {
        "type": "Point",
        "coordinates": [
          4.9132966,
          52.3815442
        ]
      },
      "properties": {
        "id": "osm-n-5634720184",
        "category": "water",
        "name": "Waternet",
        "wheelchair": null,
        "fee": null,
        "opening_hours": null,
        "source": "osm"
      }
    },
    {
      "type": "Feature",
      "geometry": {
        "type": "Point",
        "coordinates": [
          4.916967,
          52.387037
        ]
      },
      "properties": {
        "id": "osm-n-5634720185",
        "category": "water",
        "name": "Waternet",
        "wheelchair": null,
        "fee": null,
        "opening_hours": null,
        "source": "osm"
      }
    },
    {
      "type": "Feature",
      "geometry": {
        "type": "Point",
        "coordinates": [
          4.9186785,
          52.3869725
        ]
      },
      "properties": {
        "id": "osm-n-5634720186",
        "category": "water",
        "name": "Waternet",
        "wheelchair": null,
        "fee": null,
        "opening_hours": null,
        "source": "osm"
      }
    },
    {
      "type": "Feature",
      "geometry": {
        "type": "Point",
        "coordinates": [
          4.921622,
          52.3882658
        ]
      },
      "properties": {
        "id": "osm-n-5634720187",
        "category": "water",
        "name": "Waternet",
        "wheelchair": null,
        "fee": null,
        "opening_hours": null,
        "source": "osm"
      }
    },
    {
      "type": "Feature",
      "geometry": {
        "type": "Point",
        "coordinates": [
          4.9337589,
          52.3981238
        ]
      },
      "properties": {
        "id": "osm-n-5634720189",
        "category": "water",
        "name": "Waternet",
        "wheelchair": "no",
        "fee": null,
        "opening_hours": null,
        "source": "osm"
      }
    },
    {
      "type": "Feature",
      "geometry": {
        "type": "Point",
        "coordinates": [
          4.9348098,
          52.3965443
        ]
      },
      "properties": {
        "id": "osm-n-5634720190",
        "category": "water",
        "name": "Waternet",
        "wheelchair": null,
        "fee": null,
        "opening_hours": null,
        "source": "osm"
      }
    },
    {
      "type": "Feature",
      "geometry": {
        "type": "Point",
        "coordinates": [
          4.9401786,
          52.4033126
        ]
      },
      "properties": {
        "id": "osm-n-5634720191",
        "category": "water",
        "name": "Waternet",
        "wheelchair": null,
        "fee": null,
        "opening_hours": null,
        "source": "osm"
      }
    },
    {
      "type": "Feature",
      "geometry": {
        "type": "Point",
        "coordinates": [
          4.94133,
          52.4013807
        ]
      },
      "properties": {
        "id": "osm-n-5634720192",
        "category": "water",
        "name": "Waternet",
        "wheelchair": null,
        "fee": null,
        "opening_hours": null,
        "source": "osm"
      }
    },
    {
      "type": "Feature",
      "geometry": {
        "type": "Point",
        "coordinates": [
          4.9463177,
          52.4005696
        ]
      },
      "properties": {
        "id": "osm-n-5634720193",
        "category": "water",
        "name": "Waternet",
        "wheelchair": null,
        "fee": null,
        "opening_hours": null,
        "source": "osm"
      }
    },
    {
      "type": "Feature",
      "geometry": {
        "type": "Point",
        "coordinates": [
          4.9666803,
          52.4067291
        ]
      },
      "properties": {
        "id": "osm-n-5634720194",
        "category": "water",
        "name": "Waternet",
        "wheelchair": null,
        "fee": null,
        "opening_hours": null,
        "source": "osm"
      }
    },
    {
      "type": "Feature",
      "geometry": {
        "type": "Point",
        "coordinates": [
          4.9456389,
          52.3907003
        ]
      },
      "properties": {
        "id": "osm-n-5634720195",
        "category": "water",
        "name": "Waternet",
        "wheelchair": null,
        "fee": null,
        "opening_hours": null,
        "source": "osm"
      }
    },
    {
      "type": "Feature",
      "geometry": {
        "type": "Point",
        "coordinates": [
          4.9451794,
          52.3892526
        ]
      },
      "properties": {
        "id": "osm-n-5634720196",
        "category": "water",
        "name": "Waternet",
        "wheelchair": null,
        "fee": null,
        "opening_hours": null,
        "source": "osm"
      }
    },
    {
      "type": "Feature",
      "geometry": {
        "type": "Point",
        "coordinates": [
          4.9537019,
          52.3898229
        ]
      },
      "properties": {
        "id": "osm-n-5634720197",
        "category": "water",
        "name": "Waternet",
        "wheelchair": null,
        "fee": null,
        "opening_hours": null,
        "source": "osm"
      }
    },
    {
      "type": "Feature",
      "geometry": {
        "type": "Point",
        "coordinates": [
          4.9542069,
          52.3932562
        ]
      },
      "properties": {
        "id": "osm-n-5634720199",
        "category": "water",
        "name": "Waternet",
        "wheelchair": null,
        "fee": null,
        "opening_hours": null,
        "source": "osm"
      }
    },
    {
      "type": "Feature",
      "geometry": {
        "type": "Point",
        "coordinates": [
          4.9566788,
          52.3909084
        ]
      },
      "properties": {
        "id": "osm-n-5634720204",
        "category": "water",
        "name": "Waternet",
        "wheelchair": null,
        "fee": null,
        "opening_hours": null,
        "source": "osm"
      }
    },
    {
      "type": "Feature",
      "geometry": {
        "type": "Point",
        "coordinates": [
          4.9593382,
          52.3919332
        ]
      },
      "properties": {
        "id": "osm-n-5634720205",
        "category": "water",
        "name": "Waternet",
        "wheelchair": null,
        "fee": null,
        "opening_hours": null,
        "source": "osm"
      }
    },
    {
      "type": "Feature",
      "geometry": {
        "type": "Point",
        "coordinates": [
          4.9628463,
          52.3937737
        ]
      },
      "properties": {
        "id": "osm-n-5634720206",
        "category": "water",
        "name": "Waternet",
        "wheelchair": null,
        "fee": null,
        "opening_hours": null,
        "source": "osm"
      }
    },
    {
      "type": "Feature",
      "geometry": {
        "type": "Point",
        "coordinates": [
          4.9529176,
          52.3694055
        ]
      },
      "properties": {
        "id": "osm-n-5649802667",
        "category": "water",
        "name": "Waternet",
        "wheelchair": null,
        "fee": null,
        "opening_hours": null,
        "source": "osm"
      }
    },
    {
      "type": "Feature",
      "geometry": {
        "type": "Point",
        "coordinates": [
          4.9418896,
          52.3738471
        ]
      },
      "properties": {
        "id": "osm-n-5658658779",
        "category": "charging",
        "name": "Equans",
        "wheelchair": null,
        "fee": "yes",
        "opening_hours": null,
        "source": "osm"
      }
    },
    {
      "type": "Feature",
      "geometry": {
        "type": "Point",
        "coordinates": [
          4.931484,
          52.4119902
        ]
      },
      "properties": {
        "id": "osm-n-5660812370",
        "category": "info",
        "name": "Info",
        "wheelchair": null,
        "fee": null,
        "opening_hours": null,
        "source": "osm"
      }
    },
    {
      "type": "Feature",
      "geometry": {
        "type": "Point",
        "coordinates": [
          4.9080783,
          52.3869605
        ]
      },
      "properties": {
        "id": "osm-n-5749271715",
        "category": "cafe",
        "name": "Cafe Keppler",
        "wheelchair": null,
        "fee": null,
        "opening_hours": "Mo off; Tu-Fr 08:30-16:00; Sa 09:00-22:00; Su 09:00-18:00",
        "source": "osm"
      }
    },
    {
      "type": "Feature",
      "geometry": {
        "type": "Point",
        "coordinates": [
          4.9907931,
          52.3592812
        ]
      },
      "properties": {
        "id": "osm-n-5771142639",
        "category": "water",
        "name": "Waternet",
        "wheelchair": "yes",
        "fee": null,
        "opening_hours": null,
        "source": "osm"
      }
    },
    {
      "type": "Feature",
      "geometry": {
        "type": "Point",
        "coordinates": [
          4.997595,
          52.3797387
        ]
      },
      "properties": {
        "id": "osm-n-5777493935",
        "category": "water",
        "name": "Waternet",
        "wheelchair": null,
        "fee": null,
        "opening_hours": null,
        "source": "osm"
      }
    },
    {
      "type": "Feature",
      "geometry": {
        "type": "Point",
        "coordinates": [
          4.9116854,
          52.3763537
        ]
      },
      "properties": {
        "id": "osm-n-5887936984",
        "category": "toilet",
        "name": "Toilet",
        "wheelchair": null,
        "fee": null,
        "opening_hours": null,
        "source": "osm"
      }
    },
    {
      "type": "Feature",
      "geometry": {
        "type": "Point",
        "coordinates": [
          4.959699,
          52.4027763
        ]
      },
      "properties": {
        "id": "osm-n-5910459921",
        "category": "info",
        "name": "Info",
        "wheelchair": null,
        "fee": null,
        "opening_hours": null,
        "source": "osm"
      }
    },
    {
      "type": "Feature",
      "geometry": {
        "type": "Point",
        "coordinates": [
          4.9305451,
          52.3746572
        ]
      },
      "properties": {
        "id": "osm-n-5913276495",
        "category": "water",
        "name": "Water",
        "wheelchair": null,
        "fee": null,
        "opening_hours": null,
        "source": "osm"
      }
    },
    {
      "type": "Feature",
      "geometry": {
        "type": "Point",
        "coordinates": [
          4.9597175,
          52.381046
        ]
      },
      "properties": {
        "id": "osm-n-5964838229",
        "category": "info",
        "name": "Info",
        "wheelchair": null,
        "fee": null,
        "opening_hours": null,
        "source": "osm"
      }
    },
    {
      "type": "Feature",
      "geometry": {
        "type": "Point",
        "coordinates": [
          4.9956097,
          52.35643
        ]
      },
      "properties": {
        "id": "osm-n-6122445458",
        "category": "charging",
        "name": "Charging",
        "wheelchair": null,
        "fee": null,
        "opening_hours": null,
        "source": "osm"
      }
    },
    {
      "type": "Feature",
      "geometry": {
        "type": "Point",
        "coordinates": [
          4.9933974,
          52.356382
        ]
      },
      "properties": {
        "id": "osm-n-6122449138",
        "category": "charging",
        "name": "Charging",
        "wheelchair": null,
        "fee": null,
        "opening_hours": null,
        "source": "osm"
      }
    },
    {
      "type": "Feature",
      "geometry": {
        "type": "Point",
        "coordinates": [
          4.9979086,
          52.3543127
        ]
      },
      "properties": {
        "id": "osm-n-6122452935",
        "category": "charging",
        "name": "Charging",
        "wheelchair": null,
        "fee": null,
        "opening_hours": null,
        "source": "osm"
      }
    },
    {
      "type": "Feature",
      "geometry": {
        "type": "Point",
        "coordinates": [
          5.0027575,
          52.3819428
        ]
      },
      "properties": {
        "id": "osm-n-6141097048",
        "category": "info",
        "name": "TOP Durgerdam",
        "wheelchair": null,
        "fee": null,
        "opening_hours": null,
        "source": "osm"
      }
    },
    {
      "type": "Feature",
      "geometry": {
        "type": "Point",
        "coordinates": [
          4.9669408,
          52.3949094
        ]
      },
      "properties": {
        "id": "osm-n-6141097059",
        "category": "info",
        "name": "TOP Buitengouw",
        "wheelchair": null,
        "fee": null,
        "opening_hours": null,
        "source": "osm"
      }
    },
    {
      "type": "Feature",
      "geometry": {
        "type": "Point",
        "coordinates": [
          4.9126142,
          52.3702029
        ]
      },
      "properties": {
        "id": "osm-n-6174461487",
        "category": "cafe",
        "name": "Bakers and Roasters",
        "wheelchair": "no",
        "fee": null,
        "opening_hours": "Mo-Fr 08:30-15:00; Sa-Su 08:30-16:00",
        "source": "osm"
      }
    },
    {
      "type": "Feature",
      "geometry": {
        "type": "Point",
        "coordinates": [
          4.9658927,
          52.3895914
        ]
      },
      "properties": {
        "id": "osm-n-6384341715",
        "category": "info",
        "name": "Info",
        "wheelchair": null,
        "fee": null,
        "opening_hours": null,
        "source": "osm"
      }
    },
    {
      "type": "Feature",
      "geometry": {
        "type": "Point",
        "coordinates": [
          4.9654783,
          52.3896769
        ]
      },
      "properties": {
        "id": "osm-n-6384341716",
        "category": "info",
        "name": "Info",
        "wheelchair": null,
        "fee": null,
        "opening_hours": null,
        "source": "osm"
      }
    },
    {
      "type": "Feature",
      "geometry": {
        "type": "Point",
        "coordinates": [
          4.9462742,
          52.3583612
        ]
      },
      "properties": {
        "id": "osm-n-6418466298",
        "category": "info",
        "name": "Info",
        "wheelchair": null,
        "fee": null,
        "opening_hours": null,
        "source": "osm"
      }
    },
    {
      "type": "Feature",
      "geometry": {
        "type": "Point",
        "coordinates": [
          4.9343119,
          52.3776133
        ]
      },
      "properties": {
        "id": "osm-n-6419702138",
        "category": "water",
        "name": "Waternet",
        "wheelchair": "yes",
        "fee": null,
        "opening_hours": null,
        "source": "osm"
      }
    },
    {
      "type": "Feature",
      "geometry": {
        "type": "Point",
        "coordinates": [
          4.9141898,
          52.3749436
        ]
      },
      "properties": {
        "id": "osm-n-6421029872",
        "category": "water",
        "name": "Waternet",
        "wheelchair": null,
        "fee": null,
        "opening_hours": null,
        "source": "osm"
      }
    },
    {
      "type": "Feature",
      "geometry": {
        "type": "Point",
        "coordinates": [
          5.0001349,
          52.3550432
        ]
      },
      "properties": {
        "id": "osm-n-6443549305",
        "category": "water",
        "name": "Waternet",
        "wheelchair": null,
        "fee": null,
        "opening_hours": null,
        "source": "osm"
      }
    },
    {
      "type": "Feature",
      "geometry": {
        "type": "Point",
        "coordinates": [
          4.9997311,
          52.3556784
        ]
      },
      "properties": {
        "id": "osm-n-6443585041",
        "category": "water",
        "name": "Waternet",
        "wheelchair": null,
        "fee": null,
        "opening_hours": null,
        "source": "osm"
      }
    },
    {
      "type": "Feature",
      "geometry": {
        "type": "Point",
        "coordinates": [
          4.9953076,
          52.357564
        ]
      },
      "properties": {
        "id": "osm-n-6443585042",
        "category": "water",
        "name": "Waternet",
        "wheelchair": "yes",
        "fee": null,
        "opening_hours": null,
        "source": "osm"
      }
    },
    {
      "type": "Feature",
      "geometry": {
        "type": "Point",
        "coordinates": [
          4.9932061,
          52.3591578
        ]
      },
      "properties": {
        "id": "osm-n-6443602456",
        "category": "water",
        "name": "Waternet",
        "wheelchair": "yes",
        "fee": null,
        "opening_hours": null,
        "source": "osm"
      }
    },
    {
      "type": "Feature",
      "geometry": {
        "type": "Point",
        "coordinates": [
          4.9874168,
          52.3624448
        ]
      },
      "properties": {
        "id": "osm-n-6443701247",
        "category": "water",
        "name": "Waternet",
        "wheelchair": "yes",
        "fee": null,
        "opening_hours": null,
        "source": "osm"
      }
    },
    {
      "type": "Feature",
      "geometry": {
        "type": "Point",
        "coordinates": [
          4.982543,
          52.3613653
        ]
      },
      "properties": {
        "id": "osm-n-6443701248",
        "category": "water",
        "name": "Waternet",
        "wheelchair": "yes",
        "fee": null,
        "opening_hours": null,
        "source": "osm"
      }
    },
    {
      "type": "Feature",
      "geometry": {
        "type": "Point",
        "coordinates": [
          4.9936628,
          52.3543671
        ]
      },
      "properties": {
        "id": "osm-n-6449616297",
        "category": "water",
        "name": "Waternet",
        "wheelchair": null,
        "fee": null,
        "opening_hours": null,
        "source": "osm"
      }
    },
    {
      "type": "Feature",
      "geometry": {
        "type": "Point",
        "coordinates": [
          4.9492187,
          52.3629974
        ]
      },
      "properties": {
        "id": "osm-n-6449722163",
        "category": "water",
        "name": "Waternet",
        "wheelchair": null,
        "fee": null,
        "opening_hours": null,
        "source": "osm"
      }
    },
    {
      "type": "Feature",
      "geometry": {
        "type": "Point",
        "coordinates": [
          4.9458588,
          52.3621358
        ]
      },
      "properties": {
        "id": "osm-n-6449722164",
        "category": "water",
        "name": "Waternet",
        "wheelchair": null,
        "fee": null,
        "opening_hours": null,
        "source": "osm"
      }
    },
    {
      "type": "Feature",
      "geometry": {
        "type": "Point",
        "coordinates": [
          4.9427524,
          52.3677204
        ]
      },
      "properties": {
        "id": "osm-n-6449826885",
        "category": "water",
        "name": "Waternet",
        "wheelchair": null,
        "fee": null,
        "opening_hours": null,
        "source": "osm"
      }
    },
    {
      "type": "Feature",
      "geometry": {
        "type": "Point",
        "coordinates": [
          4.9367281,
          52.3693066
        ]
      },
      "properties": {
        "id": "osm-n-6449884423",
        "category": "water",
        "name": "Waternet",
        "wheelchair": null,
        "fee": null,
        "opening_hours": null,
        "source": "osm"
      }
    },
    {
      "type": "Feature",
      "geometry": {
        "type": "Point",
        "coordinates": [
          4.9394399,
          52.371469
        ]
      },
      "properties": {
        "id": "osm-n-6449913592",
        "category": "water",
        "name": "Waternet",
        "wheelchair": null,
        "fee": null,
        "opening_hours": null,
        "source": "osm"
      }
    },
    {
      "type": "Feature",
      "geometry": {
        "type": "Point",
        "coordinates": [
          4.9214479,
          52.3866846
        ]
      },
      "properties": {
        "id": "osm-n-6450525519",
        "category": "water",
        "name": "Waternet",
        "wheelchair": null,
        "fee": null,
        "opening_hours": null,
        "source": "osm"
      }
    },
    {
      "type": "Feature",
      "geometry": {
        "type": "Point",
        "coordinates": [
          4.9423065,
          52.3765647
        ]
      },
      "properties": {
        "id": "osm-n-6450624990",
        "category": "water",
        "name": "Waternet",
        "wheelchair": null,
        "fee": null,
        "opening_hours": null,
        "source": "osm"
      }
    },
    {
      "type": "Feature",
      "geometry": {
        "type": "Point",
        "coordinates": [
          4.945073,
          52.374129
        ]
      },
      "properties": {
        "id": "osm-n-6450627256",
        "category": "water",
        "name": "Waternet",
        "wheelchair": null,
        "fee": null,
        "opening_hours": null,
        "source": "osm"
      }
    },
    {
      "type": "Feature",
      "geometry": {
        "type": "Point",
        "coordinates": [
          4.9469748,
          52.3716871
        ]
      },
      "properties": {
        "id": "osm-n-6450627660",
        "category": "water",
        "name": "Waternet",
        "wheelchair": null,
        "fee": null,
        "opening_hours": null,
        "source": "osm"
      }
    },
    {
      "type": "Feature",
      "geometry": {
        "type": "Point",
        "coordinates": [
          4.9259688,
          52.3926613
        ]
      },
      "properties": {
        "id": "osm-n-6461824954",
        "category": "water",
        "name": "Waternet",
        "wheelchair": null,
        "fee": null,
        "opening_hours": null,
        "source": "osm"
      }
    },
    {
      "type": "Feature",
      "geometry": {
        "type": "Point",
        "coordinates": [
          4.9304901,
          52.3920718
        ]
      },
      "properties": {
        "id": "osm-n-6461894044",
        "category": "water",
        "name": "Waternet",
        "wheelchair": null,
        "fee": null,
        "opening_hours": null,
        "source": "osm"
      }
    },
    {
      "type": "Feature",
      "geometry": {
        "type": "Point",
        "coordinates": [
          4.9488079,
          52.3875329
        ]
      },
      "properties": {
        "id": "osm-n-6461894045",
        "category": "water",
        "name": "Waternet",
        "wheelchair": null,
        "fee": null,
        "opening_hours": null,
        "source": "osm"
      }
    },
    {
      "type": "Feature",
      "geometry": {
        "type": "Point",
        "coordinates": [
          4.9582238,
          52.3942743
        ]
      },
      "properties": {
        "id": "osm-n-6461990964",
        "category": "water",
        "name": "Waternet",
        "wheelchair": null,
        "fee": null,
        "opening_hours": null,
        "source": "osm"
      }
    },
    {
      "type": "Feature",
      "geometry": {
        "type": "Point",
        "coordinates": [
          4.9336289,
          52.4002222
        ]
      },
      "properties": {
        "id": "osm-n-6462136795",
        "category": "water",
        "name": "Waternet",
        "wheelchair": null,
        "fee": null,
        "opening_hours": null,
        "source": "osm"
      }
    },
    {
      "type": "Feature",
      "geometry": {
        "type": "Point",
        "coordinates": [
          4.9289541,
          52.4041765
        ]
      },
      "properties": {
        "id": "osm-n-6462241076",
        "category": "water",
        "name": "Waternet",
        "wheelchair": null,
        "fee": null,
        "opening_hours": null,
        "source": "osm"
      }
    },
    {
      "type": "Feature",
      "geometry": {
        "type": "Point",
        "coordinates": [
          4.9204129,
          52.3975233
        ]
      },
      "properties": {
        "id": "osm-n-6462355654",
        "category": "water",
        "name": "Waternet",
        "wheelchair": null,
        "fee": null,
        "opening_hours": null,
        "source": "osm"
      }
    },
    {
      "type": "Feature",
      "geometry": {
        "type": "Point",
        "coordinates": [
          4.9188365,
          52.4014972
        ]
      },
      "properties": {
        "id": "osm-n-6462355655",
        "category": "water",
        "name": "Waternet",
        "wheelchair": null,
        "fee": null,
        "opening_hours": null,
        "source": "osm"
      }
    },
    {
      "type": "Feature",
      "geometry": {
        "type": "Point",
        "coordinates": [
          5.0023866,
          52.3548722
        ]
      },
      "properties": {
        "id": "osm-n-6589400287",
        "category": "charging",
        "name": "NUON",
        "wheelchair": null,
        "fee": null,
        "opening_hours": null,
        "source": "osm"
      }
    },
    {
      "type": "Feature",
      "geometry": {
        "type": "Point",
        "coordinates": [
          4.929944,
          52.3633683
        ]
      },
      "properties": {
        "id": "osm-n-6649035186",
        "category": "cafe",
        "name": "Motion Coffee",
        "wheelchair": "yes",
        "fee": null,
        "opening_hours": null,
        "source": "osm"
      }
    },
    {
      "type": "Feature",
      "geometry": {
        "type": "Point",
        "coordinates": [
          4.915706,
          52.3715733
        ]
      },
      "properties": {
        "id": "osm-n-6724227895",
        "category": "water",
        "name": "Waternet",
        "wheelchair": "yes",
        "fee": null,
        "opening_hours": null,
        "source": "osm"
      }
    },
    {
      "type": "Feature",
      "geometry": {
        "type": "Point",
        "coordinates": [
          4.9230958,
          52.3652708
        ]
      },
      "properties": {
        "id": "osm-n-6724503163",
        "category": "water",
        "name": "Waternet",
        "wheelchair": "yes",
        "fee": null,
        "opening_hours": null,
        "source": "osm"
      }
    },
    {
      "type": "Feature",
      "geometry": {
        "type": "Point",
        "coordinates": [
          4.9261707,
          52.3665611
        ]
      },
      "properties": {
        "id": "osm-n-6724503164",
        "category": "water",
        "name": "Waternet",
        "wheelchair": "yes",
        "fee": null,
        "opening_hours": null,
        "source": "osm"
      }
    },
    {
      "type": "Feature",
      "geometry": {
        "type": "Point",
        "coordinates": [
          4.9237901,
          52.3721546
        ]
      },
      "properties": {
        "id": "osm-n-6724503165",
        "category": "water",
        "name": "Waternet",
        "wheelchair": null,
        "fee": null,
        "opening_hours": null,
        "source": "osm"
      }
    },
    {
      "type": "Feature",
      "geometry": {
        "type": "Point",
        "coordinates": [
          4.9201521,
          52.3705854
        ]
      },
      "properties": {
        "id": "osm-n-6724503166",
        "category": "water",
        "name": "Waternet",
        "wheelchair": null,
        "fee": null,
        "opening_hours": null,
        "source": "osm"
      }
    },
    {
      "type": "Feature",
      "geometry": {
        "type": "Point",
        "coordinates": [
          4.9248168,
          52.3698031
        ]
      },
      "properties": {
        "id": "osm-n-6728841901",
        "category": "aed",
        "name": "Aed",
        "wheelchair": null,
        "fee": null,
        "opening_hours": "Mo-Fr 09:00-17:00",
        "source": "osm"
      }
    },
    {
      "type": "Feature",
      "geometry": {
        "type": "Point",
        "coordinates": [
          4.9519277,
          52.3544584
        ]
      },
      "properties": {
        "id": "osm-n-6761981933",
        "category": "info",
        "name": "Info",
        "wheelchair": null,
        "fee": null,
        "opening_hours": null,
        "source": "osm"
      }
    },
    {
      "type": "Feature",
      "geometry": {
        "type": "Point",
        "coordinates": [
          4.959417,
          52.3544827
        ]
      },
      "properties": {
        "id": "osm-n-6761981940",
        "category": "toilet",
        "name": "Toilet",
        "wheelchair": "no",
        "fee": null,
        "opening_hours": null,
        "source": "osm"
      }
    },
    {
      "type": "Feature",
      "geometry": {
        "type": "Point",
        "coordinates": [
          4.9589463,
          52.3544609
        ]
      },
      "properties": {
        "id": "osm-n-6761981952",
        "category": "toilet",
        "name": "Toilet",
        "wheelchair": "no",
        "fee": "no",
        "opening_hours": null,
        "source": "osm"
      }
    },
    {
      "type": "Feature",
      "geometry": {
        "type": "Point",
        "coordinates": [
          4.9527228,
          52.3556624
        ]
      },
      "properties": {
        "id": "osm-n-6761981963",
        "category": "info",
        "name": "Info",
        "wheelchair": null,
        "fee": null,
        "opening_hours": null,
        "source": "osm"
      }
    },
    {
      "type": "Feature",
      "geometry": {
        "type": "Point",
        "coordinates": [
          4.9516866,
          52.3550036
        ]
      },
      "properties": {
        "id": "osm-n-6761981965",
        "category": "info",
        "name": "Info",
        "wheelchair": null,
        "fee": null,
        "opening_hours": null,
        "source": "osm"
      }
    },
    {
      "type": "Feature",
      "geometry": {
        "type": "Point",
        "coordinates": [
          4.9395578,
          52.3518565
        ]
      },
      "properties": {
        "id": "osm-n-6783193334",
        "category": "water",
        "name": "Waternet",
        "wheelchair": null,
        "fee": null,
        "opening_hours": null,
        "source": "osm"
      }
    },
    {
      "type": "Feature",
      "geometry": {
        "type": "Point",
        "coordinates": [
          4.9325651,
          52.3548768
        ]
      },
      "properties": {
        "id": "osm-n-6783193335",
        "category": "water",
        "name": "Waternet",
        "wheelchair": "yes",
        "fee": null,
        "opening_hours": null,
        "source": "osm"
      }
    },
    {
      "type": "Feature",
      "geometry": {
        "type": "Point",
        "coordinates": [
          4.9519936,
          52.3543851
        ]
      },
      "properties": {
        "id": "osm-n-6783309416",
        "category": "water",
        "name": "Waternet",
        "wheelchair": null,
        "fee": null,
        "opening_hours": null,
        "source": "osm"
      }
    },
    {
      "type": "Feature",
      "geometry": {
        "type": "Point",
        "coordinates": [
          4.9540651,
          52.3582429
        ]
      },
      "properties": {
        "id": "osm-n-6783309417",
        "category": "water",
        "name": "Waternet",
        "wheelchair": null,
        "fee": null,
        "opening_hours": null,
        "source": "osm"
      }
    },
    {
      "type": "Feature",
      "geometry": {
        "type": "Point",
        "coordinates": [
          4.9383487,
          52.3605626
        ]
      },
      "properties": {
        "id": "osm-n-6783378762",
        "category": "water",
        "name": "Waternet",
        "wheelchair": null,
        "fee": null,
        "opening_hours": null,
        "source": "osm"
      }
    },
    {
      "type": "Feature",
      "geometry": {
        "type": "Point",
        "coordinates": [
          4.9370162,
          52.3592811
        ]
      },
      "properties": {
        "id": "osm-n-6783378763",
        "category": "water",
        "name": "Waternet",
        "wheelchair": "yes",
        "fee": null,
        "opening_hours": null,
        "source": "osm"
      }
    },
    {
      "type": "Feature",
      "geometry": {
        "type": "Point",
        "coordinates": [
          4.9466847,
          52.3640271
        ]
      },
      "properties": {
        "id": "osm-n-6783383272",
        "category": "water",
        "name": "Waternet",
        "wheelchair": null,
        "fee": null,
        "opening_hours": null,
        "source": "osm"
      }
    },
    {
      "type": "Feature",
      "geometry": {
        "type": "Point",
        "coordinates": [
          4.9427463,
          52.3605361
        ]
      },
      "properties": {
        "id": "osm-n-6783383273",
        "category": "water",
        "name": "Waternet",
        "wheelchair": null,
        "fee": null,
        "opening_hours": null,
        "source": "osm"
      }
    },
    {
      "type": "Feature",
      "geometry": {
        "type": "Point",
        "coordinates": [
          4.9494209,
          52.3618347
        ]
      },
      "properties": {
        "id": "osm-n-6783383274",
        "category": "water",
        "name": "Waternet",
        "wheelchair": null,
        "fee": null,
        "opening_hours": null,
        "source": "osm"
      }
    },
    {
      "type": "Feature",
      "geometry": {
        "type": "Point",
        "coordinates": [
          4.9368336,
          52.3644057
        ]
      },
      "properties": {
        "id": "osm-n-6783438197",
        "category": "water",
        "name": "Waternet",
        "wheelchair": "yes",
        "fee": null,
        "opening_hours": null,
        "source": "osm"
      }
    },
    {
      "type": "Feature",
      "geometry": {
        "type": "Point",
        "coordinates": [
          4.934698,
          52.3655208
        ]
      },
      "properties": {
        "id": "osm-n-6786028850",
        "category": "water",
        "name": "Waternet",
        "wheelchair": "yes",
        "fee": null,
        "opening_hours": null,
        "source": "osm"
      }
    },
    {
      "type": "Feature",
      "geometry": {
        "type": "Point",
        "coordinates": [
          4.9320888,
          52.4020785
        ]
      },
      "properties": {
        "id": "osm-n-6796211391",
        "category": "shop",
        "name": "Albert Heijn to go",
        "wheelchair": "yes",
        "fee": null,
        "opening_hours": "Mo-Fr 07:00-21:00; Sa-Su 09:00-18:00",
        "source": "osm"
      }
    },
    {
      "type": "Feature",
      "geometry": {
        "type": "Point",
        "coordinates": [
          4.9296821,
          52.3579419
        ]
      },
      "properties": {
        "id": "osm-n-6853471518",
        "category": "water",
        "name": "Waternet",
        "wheelchair": null,
        "fee": null,
        "opening_hours": null,
        "source": "osm"
      }
    },
    {
      "type": "Feature",
      "geometry": {
        "type": "Point",
        "coordinates": [
          4.9321755,
          52.3575722
        ]
      },
      "properties": {
        "id": "osm-n-6853471519",
        "category": "water",
        "name": "Waternet",
        "wheelchair": null,
        "fee": null,
        "opening_hours": null,
        "source": "osm"
      }
    },
    {
      "type": "Feature",
      "geometry": {
        "type": "Point",
        "coordinates": [
          4.9310713,
          52.3604401
        ]
      },
      "properties": {
        "id": "osm-n-6853471520",
        "category": "water",
        "name": "Waternet",
        "wheelchair": null,
        "fee": "no",
        "opening_hours": null,
        "source": "osm"
      }
    },
    {
      "type": "Feature",
      "geometry": {
        "type": "Point",
        "coordinates": [
          4.9291961,
          52.3619107
        ]
      },
      "properties": {
        "id": "osm-n-6853471523",
        "category": "water",
        "name": "Waternet",
        "wheelchair": null,
        "fee": null,
        "opening_hours": null,
        "source": "osm"
      }
    },
    {
      "type": "Feature",
      "geometry": {
        "type": "Point",
        "coordinates": [
          4.9947806,
          52.378984
        ]
      },
      "properties": {
        "id": "osm-n-6857710671",
        "category": "water",
        "name": "Waternet",
        "wheelchair": null,
        "fee": null,
        "opening_hours": null,
        "source": "osm"
      }
    },
    {
      "type": "Feature",
      "geometry": {
        "type": "Point",
        "coordinates": [
          4.9963255,
          52.3793845
        ]
      },
      "properties": {
        "id": "osm-n-6857710673",
        "category": "water",
        "name": "Waternet",
        "wheelchair": null,
        "fee": null,
        "opening_hours": null,
        "source": "osm"
      }
    },
    {
      "type": "Feature",
      "geometry": {
        "type": "Point",
        "coordinates": [
          4.9382926,
          52.3638979
        ]
      },
      "properties": {
        "id": "osm-n-6860840386",
        "category": "cafe",
        "name": "De Jonge Admiraal",
        "wheelchair": "limited",
        "fee": null,
        "opening_hours": "Mo,Tu 08:00-19:00, We,Th 08:00-24:00, Fr 08:00-01:00, Sa 09:00-01:00, Su 09:00-19:00",
        "source": "osm"
      }
    },
    {
      "type": "Feature",
      "geometry": {
        "type": "Point",
        "coordinates": [
          4.9220637,
          52.3767712
        ]
      },
      "properties": {
        "id": "osm-n-6933068393",
        "category": "cafe",
        "name": "Pakhuis de Zwijger",
        "wheelchair": null,
        "fee": null,
        "opening_hours": "Mo-Fr 09:00-23:00",
        "source": "osm"
      }
    },
    {
      "type": "Feature",
      "geometry": {
        "type": "Point",
        "coordinates": [
          4.9100473,
          52.37579
        ]
      },
      "properties": {
        "id": "osm-n-7112910736",
        "category": "cafe",
        "name": "A Beautiful Mess",
        "wheelchair": "yes",
        "fee": null,
        "opening_hours": "Mo-Su 10:00-23:00",
        "source": "osm"
      }
    },
    {
      "type": "Feature",
      "geometry": {
        "type": "Point",
        "coordinates": [
          4.9579799,
          52.3538958
        ]
      },
      "properties": {
        "id": "osm-n-7120404917",
        "category": "charging",
        "name": "Charging",
        "wheelchair": null,
        "fee": null,
        "opening_hours": null,
        "source": "osm"
      }
    },
    {
      "type": "Feature",
      "geometry": {
        "type": "Point",
        "coordinates": [
          4.9580395,
          52.3538568
        ]
      },
      "properties": {
        "id": "osm-n-7120404918",
        "category": "charging",
        "name": "Charging",
        "wheelchair": null,
        "fee": null,
        "opening_hours": null,
        "source": "osm"
      }
    },
    {
      "type": "Feature",
      "geometry": {
        "type": "Point",
        "coordinates": [
          4.9580991,
          52.3538178
        ]
      },
      "properties": {
        "id": "osm-n-7120404920",
        "category": "charging",
        "name": "Charging",
        "wheelchair": null,
        "fee": null,
        "opening_hours": null,
        "source": "osm"
      }
    },
    {
      "type": "Feature",
      "geometry": {
        "type": "Point",
        "coordinates": [
          4.9194604,
          52.3892864
        ]
      },
      "properties": {
        "id": "osm-n-7126264687",
        "category": "parking",
        "name": "Parking",
        "wheelchair": null,
        "fee": null,
        "opening_hours": null,
        "source": "osm"
      }
    },
    {
      "type": "Feature",
      "geometry": {
        "type": "Point",
        "coordinates": [
          4.928485,
          52.3918703
        ]
      },
      "properties": {
        "id": "osm-n-7132705111",
        "category": "charging",
        "name": "Charging",
        "wheelchair": null,
        "fee": null,
        "opening_hours": null,
        "source": "osm"
      }
    },
    {
      "type": "Feature",
      "geometry": {
        "type": "Point",
        "coordinates": [
          4.9457361,
          52.3690514
        ]
      },
      "properties": {
        "id": "osm-n-7277966703",
        "category": "parking",
        "name": "Parking Cruquius",
        "wheelchair": null,
        "fee": "yes",
        "opening_hours": null,
        "source": "osm"
      }
    },
    {
      "type": "Feature",
      "geometry": {
        "type": "Point",
        "coordinates": [
          4.9216693,
          52.3713879
        ]
      },
      "properties": {
        "id": "osm-n-7554872572",
        "category": "aed",
        "name": "Aed",
        "wheelchair": null,
        "fee": null,
        "opening_hours": null,
        "source": "osm"
      }
    },
    {
      "type": "Feature",
      "geometry": {
        "type": "Point",
        "coordinates": [
          4.9679526,
          52.3902866
        ]
      },
      "properties": {
        "id": "osm-n-7599029176",
        "category": "info",
        "name": "Info",
        "wheelchair": null,
        "fee": null,
        "opening_hours": null,
        "source": "osm"
      }
    },
    {
      "type": "Feature",
      "geometry": {
        "type": "Point",
        "coordinates": [
          4.9270394,
          52.3568365
        ]
      },
      "properties": {
        "id": "osm-n-7835724726",
        "category": "shop",
        "name": "Biolicious",
        "wheelchair": null,
        "fee": null,
        "opening_hours": "Mo-Fr 08:30-19:00; Sa 08:30-18:00; Su 10:00-18:00",
        "source": "osm"
      }
    },
    {
      "type": "Feature",
      "geometry": {
        "type": "Point",
        "coordinates": [
          4.9590206,
          52.3544145
        ]
      },
      "properties": {
        "id": "osm-n-7922353383",
        "category": "toilet",
        "name": "Toilet",
        "wheelchair": "no",
        "fee": "no",
        "opening_hours": null,
        "source": "osm"
      }
    },
    {
      "type": "Feature",
      "geometry": {
        "type": "Point",
        "coordinates": [
          4.9439171,
          52.3896447
        ]
      },
      "properties": {
        "id": "osm-n-7931814663",
        "category": "cafe",
        "name": "Liever Hier",
        "wheelchair": null,
        "fee": null,
        "opening_hours": "Th-Su 08:30-18:00",
        "source": "osm"
      }
    },
    {
      "type": "Feature",
      "geometry": {
        "type": "Point",
        "coordinates": [
          4.9202408,
          52.3693601
        ]
      },
      "properties": {
        "id": "osm-n-8108613687",
        "category": "charging",
        "name": "Vattenfall Incharge",
        "wheelchair": null,
        "fee": null,
        "opening_hours": null,
        "source": "osm"
      }
    },
    {
      "type": "Feature",
      "geometry": {
        "type": "Point",
        "coordinates": [
          4.9341395,
          52.3729072
        ]
      },
      "properties": {
        "id": "osm-n-8176816761",
        "category": "info",
        "name": "Info",
        "wheelchair": null,
        "fee": null,
        "opening_hours": null,
        "source": "osm"
      }
    },
    {
      "type": "Feature",
      "geometry": {
        "type": "Point",
        "coordinates": [
          4.9328746,
          52.4016549
        ]
      },
      "properties": {
        "id": "osm-n-8191811789",
        "category": "cafe",
        "name": "Coffee Company",
        "wheelchair": null,
        "fee": null,
        "opening_hours": "Mo-Fr 07:30-18:00; Sa,Su 08:30-18:00",
        "source": "osm"
      }
    },
    {
      "type": "Feature",
      "geometry": {
        "type": "Point",
        "coordinates": [
          4.932933,
          52.4016294
        ]
      },
      "properties": {
        "id": "osm-n-8191824866",
        "category": "cafe",
        "name": "Le Perron",
        "wheelchair": null,
        "fee": null,
        "opening_hours": null,
        "source": "osm"
      }
    },
    {
      "type": "Feature",
      "geometry": {
        "type": "Point",
        "coordinates": [
          4.963123,
          52.3836506
        ]
      },
      "properties": {
        "id": "osm-n-8271863160",
        "category": "info",
        "name": "Info",
        "wheelchair": null,
        "fee": null,
        "opening_hours": null,
        "source": "osm"
      }
    },
    {
      "type": "Feature",
      "geometry": {
        "type": "Point",
        "coordinates": [
          4.9580408,
          52.3795397
        ]
      },
      "properties": {
        "id": "osm-n-8271944000",
        "category": "info",
        "name": "Info",
        "wheelchair": null,
        "fee": null,
        "opening_hours": null,
        "source": "osm"
      }
    },
    {
      "type": "Feature",
      "geometry": {
        "type": "Point",
        "coordinates": [
          4.9577472,
          52.3791655
        ]
      },
      "properties": {
        "id": "osm-n-8271944001",
        "category": "info",
        "name": "Info",
        "wheelchair": null,
        "fee": null,
        "opening_hours": null,
        "source": "osm"
      }
    },
    {
      "type": "Feature",
      "geometry": {
        "type": "Point",
        "coordinates": [
          4.9613019,
          52.3820336
        ]
      },
      "properties": {
        "id": "osm-n-8271944003",
        "category": "info",
        "name": "Info",
        "wheelchair": null,
        "fee": null,
        "opening_hours": null,
        "source": "osm"
      }
    },
    {
      "type": "Feature",
      "geometry": {
        "type": "Point",
        "coordinates": [
          4.9280293,
          52.3690026
        ]
      },
      "properties": {
        "id": "osm-n-8308687841",
        "category": "parking",
        "name": "Parkbee Cruquiusstraat",
        "wheelchair": null,
        "fee": "yes",
        "opening_hours": null,
        "source": "osm"
      }
    },
    {
      "type": "Feature",
      "geometry": {
        "type": "Point",
        "coordinates": [
          4.9898998,
          52.3583878
        ]
      },
      "properties": {
        "id": "osm-n-8496640922",
        "category": "parking",
        "name": "Interparking",
        "wheelchair": null,
        "fee": "yes",
        "opening_hours": "Mo-Su 07:30-22:00",
        "source": "osm"
      }
    },
    {
      "type": "Feature",
      "geometry": {
        "type": "Point",
        "coordinates": [
          4.9764831,
          52.3479661
        ]
      },
      "properties": {
        "id": "osm-n-8610095226",
        "category": "charging",
        "name": "PitPoint",
        "wheelchair": null,
        "fee": "yes",
        "opening_hours": null,
        "source": "osm"
      }
    },
    {
      "type": "Feature",
      "geometry": {
        "type": "Point",
        "coordinates": [
          4.9724594,
          52.3493489
        ]
      },
      "properties": {
        "id": "osm-n-8655835318",
        "category": "info",
        "name": "Info",
        "wheelchair": null,
        "fee": null,
        "opening_hours": null,
        "source": "osm"
      }
    },
    {
      "type": "Feature",
      "geometry": {
        "type": "Point",
        "coordinates": [
          4.9723647,
          52.3490615
        ]
      },
      "properties": {
        "id": "osm-n-8658904174",
        "category": "info",
        "name": "Info",
        "wheelchair": null,
        "fee": null,
        "opening_hours": null,
        "source": "osm"
      }
    },
    {
      "type": "Feature",
      "geometry": {
        "type": "Point",
        "coordinates": [
          4.9718911,
          52.3492011
        ]
      },
      "properties": {
        "id": "osm-n-8658904177",
        "category": "info",
        "name": "Info",
        "wheelchair": null,
        "fee": null,
        "opening_hours": null,
        "source": "osm"
      }
    },
    {
      "type": "Feature",
      "geometry": {
        "type": "Point",
        "coordinates": [
          4.9131343,
          52.3766345
        ]
      },
      "properties": {
        "id": "osm-n-8743741416",
        "category": "toilet",
        "name": "Toilet",
        "wheelchair": "no",
        "fee": "no",
        "opening_hours": null,
        "source": "osm"
      }
    },
    {
      "type": "Feature",
      "geometry": {
        "type": "Point",
        "coordinates": [
          4.9708503,
          52.3521638
        ]
      },
      "properties": {
        "id": "osm-n-8847980535",
        "category": "clinic",
        "name": "Podotherapie Diemen-Noord",
        "wheelchair": null,
        "fee": null,
        "opening_hours": null,
        "source": "osm"
      }
    },
    {
      "type": "Feature",
      "geometry": {
        "type": "Point",
        "coordinates": [
          4.9708569,
          52.3520866
        ]
      },
      "properties": {
        "id": "osm-n-8847980536",
        "category": "clinic",
        "name": "Verloskundig Centrum Nova",
        "wheelchair": null,
        "fee": null,
        "opening_hours": "Mo-Fr 09:00-12:00; Tu off",
        "source": "osm"
      }
    },
    {
      "type": "Feature",
      "geometry": {
        "type": "Point",
        "coordinates": [
          4.9710549,
          52.351999
        ]
      },
      "properties": {
        "id": "osm-n-8847980537",
        "category": "clinic",
        "name": "C-Enter Fysiotherapie en Crafta-therapie",
        "wheelchair": null,
        "fee": null,
        "opening_hours": "Mo-Fr 08:00-17:00",
        "source": "osm"
      }
    },
    {
      "type": "Feature",
      "geometry": {
        "type": "Point",
        "coordinates": [
          4.9707635,
          52.351929
        ]
      },
      "properties": {
        "id": "osm-n-8847980540",
        "category": "clinic",
        "name": "Gezondheidscentrum Diemen Noord",
        "wheelchair": null,
        "fee": null,
        "opening_hours": "Mo-Fr 08:00-17:00",
        "source": "osm"
      }
    },
    {
      "type": "Feature",
      "geometry": {
        "type": "Point",
        "coordinates": [
          4.9703477,
          52.3512372
        ]
      },
      "properties": {
        "id": "osm-n-8847984966",
        "category": "charging",
        "name": "Charging",
        "wheelchair": null,
        "fee": null,
        "opening_hours": null,
        "source": "osm"
      }
    },
    {
      "type": "Feature",
      "geometry": {
        "type": "Point",
        "coordinates": [
          4.9709209,
          52.3524924
        ]
      },
      "properties": {
        "id": "osm-n-8859685194",
        "category": "charging",
        "name": "Allego",
        "wheelchair": null,
        "fee": null,
        "opening_hours": null,
        "source": "osm"
      }
    },
    {
      "type": "Feature",
      "geometry": {
        "type": "Point",
        "coordinates": [
          4.9693563,
          52.351362
        ]
      },
      "properties": {
        "id": "osm-n-8865977063",
        "category": "charging",
        "name": "Charging",
        "wheelchair": null,
        "fee": null,
        "opening_hours": null,
        "source": "osm"
      }
    },
    {
      "type": "Feature",
      "geometry": {
        "type": "Point",
        "coordinates": [
          4.9238305,
          52.3998251
        ]
      },
      "properties": {
        "id": "osm-n-8873384918",
        "category": "water",
        "name": "Water",
        "wheelchair": null,
        "fee": null,
        "opening_hours": null,
        "source": "osm"
      }
    },
    {
      "type": "Feature",
      "geometry": {
        "type": "Point",
        "coordinates": [
          4.9713702,
          52.3521032
        ]
      },
      "properties": {
        "id": "osm-n-8900822665",
        "category": "info",
        "name": "Zeldenrust aan de Ouddiemerlaan",
        "wheelchair": null,
        "fee": null,
        "opening_hours": null,
        "source": "osm"
      }
    },
    {
      "type": "Feature",
      "geometry": {
        "type": "Point",
        "coordinates": [
          4.9738144,
          52.350225
        ]
      },
      "properties": {
        "id": "osm-n-8930903240",
        "category": "charging",
        "name": "Charging",
        "wheelchair": null,
        "fee": null,
        "opening_hours": null,
        "source": "osm"
      }
    },
    {
      "type": "Feature",
      "geometry": {
        "type": "Point",
        "coordinates": [
          4.9298318,
          52.3622815
        ]
      },
      "properties": {
        "id": "osm-n-9019122364",
        "category": "cafe",
        "name": "Nieuwland publieke ruimte",
        "wheelchair": "limited",
        "fee": null,
        "opening_hours": null,
        "source": "osm"
      }
    },
    {
      "type": "Feature",
      "geometry": {
        "type": "Point",
        "coordinates": [
          4.9228505,
          52.3902894
        ]
      },
      "properties": {
        "id": "osm-n-9047493760",
        "category": "toilet",
        "name": "Toilet",
        "wheelchair": null,
        "fee": null,
        "opening_hours": null,
        "source": "osm"
      }
    },
    {
      "type": "Feature",
      "geometry": {
        "type": "Point",
        "coordinates": [
          4.9965491,
          52.3531834
        ]
      },
      "properties": {
        "id": "osm-n-9099980828",
        "category": "charging",
        "name": "Charging",
        "wheelchair": null,
        "fee": null,
        "opening_hours": null,
        "source": "osm"
      }
    },
    {
      "type": "Feature",
      "geometry": {
        "type": "Point",
        "coordinates": [
          4.995723,
          52.3536159
        ]
      },
      "properties": {
        "id": "osm-n-9099980829",
        "category": "charging",
        "name": "Charging",
        "wheelchair": null,
        "fee": null,
        "opening_hours": null,
        "source": "osm"
      }
    },
    {
      "type": "Feature",
      "geometry": {
        "type": "Point",
        "coordinates": [
          4.9939447,
          52.3543818
        ]
      },
      "properties": {
        "id": "osm-n-9099980830",
        "category": "charging",
        "name": "Charging",
        "wheelchair": null,
        "fee": null,
        "opening_hours": null,
        "source": "osm"
      }
    },
    {
      "type": "Feature",
      "geometry": {
        "type": "Point",
        "coordinates": [
          4.9896612,
          52.3566998
        ]
      },
      "properties": {
        "id": "osm-n-9099980831",
        "category": "charging",
        "name": "Charging",
        "wheelchair": null,
        "fee": null,
        "opening_hours": null,
        "source": "osm"
      }
    },
    {
      "type": "Feature",
      "geometry": {
        "type": "Point",
        "coordinates": [
          4.9954847,
          52.3554636
        ]
      },
      "properties": {
        "id": "osm-n-9099991955",
        "category": "charging",
        "name": "Charging",
        "wheelchair": null,
        "fee": null,
        "opening_hours": null,
        "source": "osm"
      }
    },
    {
      "type": "Feature",
      "geometry": {
        "type": "Point",
        "coordinates": [
          4.9967279,
          52.3570669
        ]
      },
      "properties": {
        "id": "osm-n-9099991956",
        "category": "charging",
        "name": "Charging",
        "wheelchair": null,
        "fee": null,
        "opening_hours": null,
        "source": "osm"
      }
    },
    {
      "type": "Feature",
      "geometry": {
        "type": "Point",
        "coordinates": [
          4.9977216,
          52.3570522
        ]
      },
      "properties": {
        "id": "osm-n-9099991957",
        "category": "charging",
        "name": "Charging",
        "wheelchair": null,
        "fee": null,
        "opening_hours": null,
        "source": "osm"
      }
    },
    {
      "type": "Feature",
      "geometry": {
        "type": "Point",
        "coordinates": [
          4.9989768,
          52.3546494
        ]
      },
      "properties": {
        "id": "osm-n-9099993052",
        "category": "charging",
        "name": "Charging",
        "wheelchair": null,
        "fee": null,
        "opening_hours": null,
        "source": "osm"
      }
    },
    {
      "type": "Feature",
      "geometry": {
        "type": "Point",
        "coordinates": [
          4.9987488,
          52.3561405
        ]
      },
      "properties": {
        "id": "osm-n-9099993053",
        "category": "charging",
        "name": "Charging",
        "wheelchair": null,
        "fee": null,
        "opening_hours": null,
        "source": "osm"
      }
    },
    {
      "type": "Feature",
      "geometry": {
        "type": "Point",
        "coordinates": [
          5.0034059,
          52.355391
        ]
      },
      "properties": {
        "id": "osm-n-9100010386",
        "category": "charging",
        "name": "Charging",
        "wheelchair": null,
        "fee": null,
        "opening_hours": null,
        "source": "osm"
      }
    },
    {
      "type": "Feature",
      "geometry": {
        "type": "Point",
        "coordinates": [
          5.0004139,
          52.3572691
        ]
      },
      "properties": {
        "id": "osm-n-9100010387",
        "category": "charging",
        "name": "Charging",
        "wheelchair": null,
        "fee": null,
        "opening_hours": null,
        "source": "osm"
      }
    },
    {
      "type": "Feature",
      "geometry": {
        "type": "Point",
        "coordinates": [
          4.9966521,
          52.3588949
        ]
      },
      "properties": {
        "id": "osm-n-9100010388",
        "category": "charging",
        "name": "Charging",
        "wheelchair": null,
        "fee": null,
        "opening_hours": null,
        "source": "osm"
      }
    },
    {
      "type": "Feature",
      "geometry": {
        "type": "Point",
        "coordinates": [
          4.9935367,
          52.3600301
        ]
      },
      "properties": {
        "id": "osm-n-9100010389",
        "category": "charging",
        "name": "Charging",
        "wheelchair": null,
        "fee": null,
        "opening_hours": null,
        "source": "osm"
      }
    },
    {
      "type": "Feature",
      "geometry": {
        "type": "Point",
        "coordinates": [
          4.9926248,
          52.3592594
        ]
      },
      "properties": {
        "id": "osm-n-9100010390",
        "category": "charging",
        "name": "Charging",
        "wheelchair": null,
        "fee": null,
        "opening_hours": null,
        "source": "osm"
      }
    },
    {
      "type": "Feature",
      "geometry": {
        "type": "Point",
        "coordinates": [
          4.9904951,
          52.360519
        ]
      },
      "properties": {
        "id": "osm-n-9100010391",
        "category": "charging",
        "name": "Charging",
        "wheelchair": null,
        "fee": null,
        "opening_hours": null,
        "source": "osm"
      }
    },
    {
      "type": "Feature",
      "geometry": {
        "type": "Point",
        "coordinates": [
          4.9933128,
          52.3588908
        ]
      },
      "properties": {
        "id": "osm-n-9100010392",
        "category": "charging",
        "name": "Charging",
        "wheelchair": null,
        "fee": null,
        "opening_hours": null,
        "source": "osm"
      }
    },
    {
      "type": "Feature",
      "geometry": {
        "type": "Point",
        "coordinates": [
          4.9913977,
          52.3580939
        ]
      },
      "properties": {
        "id": "osm-n-9100010393",
        "category": "charging",
        "name": "Charging",
        "wheelchair": null,
        "fee": null,
        "opening_hours": null,
        "source": "osm"
      }
    },
    {
      "type": "Feature",
      "geometry": {
        "type": "Point",
        "coordinates": [
          4.9889233,
          52.3589228
        ]
      },
      "properties": {
        "id": "osm-n-9100010394",
        "category": "charging",
        "name": "Charging",
        "wheelchair": null,
        "fee": null,
        "opening_hours": null,
        "source": "osm"
      }
    },
    {
      "type": "Feature",
      "geometry": {
        "type": "Point",
        "coordinates": [
          4.9892278,
          52.3599609
        ]
      },
      "properties": {
        "id": "osm-n-9100010395",
        "category": "charging",
        "name": "Charging",
        "wheelchair": null,
        "fee": null,
        "opening_hours": null,
        "source": "osm"
      }
    },
    {
      "type": "Feature",
      "geometry": {
        "type": "Point",
        "coordinates": [
          4.9358323,
          52.4072963
        ]
      },
      "properties": {
        "id": "osm-n-9214959909",
        "category": "charging",
        "name": "Vattenfall",
        "wheelchair": null,
        "fee": "yes",
        "opening_hours": null,
        "source": "osm"
      }
    },
    {
      "type": "Feature",
      "geometry": {
        "type": "Point",
        "coordinates": [
          4.9342293,
          52.4064692
        ]
      },
      "properties": {
        "id": "osm-n-9214959910",
        "category": "charging",
        "name": "Vattenfall",
        "wheelchair": null,
        "fee": "yes",
        "opening_hours": null,
        "source": "osm"
      }
    },
    {
      "type": "Feature",
      "geometry": {
        "type": "Point",
        "coordinates": [
          4.931963,
          52.4055861
        ]
      },
      "properties": {
        "id": "osm-n-9214959911",
        "category": "charging",
        "name": "Vattenfall",
        "wheelchair": null,
        "fee": "yes",
        "opening_hours": null,
        "source": "osm"
      }
    },
    {
      "type": "Feature",
      "geometry": {
        "type": "Point",
        "coordinates": [
          4.952885,
          52.3503346
        ]
      },
      "properties": {
        "id": "osm-n-9247052470",
        "category": "info",
        "name": "Info",
        "wheelchair": null,
        "fee": null,
        "opening_hours": null,
        "source": "osm"
      }
    },
    {
      "type": "Feature",
      "geometry": {
        "type": "Point",
        "coordinates": [
          4.9549022,
          52.3540992
        ]
      },
      "properties": {
        "id": "osm-n-9273115657",
        "category": "water",
        "name": "Water",
        "wheelchair": null,
        "fee": null,
        "opening_hours": null,
        "source": "osm"
      }
    },
    {
      "type": "Feature",
      "geometry": {
        "type": "Point",
        "coordinates": [
          4.9443577,
          52.3501197
        ]
      },
      "properties": {
        "id": "osm-n-9288398458",
        "category": "info",
        "name": "Info",
        "wheelchair": null,
        "fee": null,
        "opening_hours": null,
        "source": "osm"
      }
    },
    {
      "type": "Feature",
      "geometry": {
        "type": "Point",
        "coordinates": [
          4.9444848,
          52.3500628
        ]
      },
      "properties": {
        "id": "osm-n-9288405029",
        "category": "charging",
        "name": "Vattenfal",
        "wheelchair": null,
        "fee": "yes",
        "opening_hours": null,
        "source": "osm"
      }
    },
    {
      "type": "Feature",
      "geometry": {
        "type": "Point",
        "coordinates": [
          4.971957,
          52.3711969
        ]
      },
      "properties": {
        "id": "osm-n-9396541238",
        "category": "charging",
        "name": "Vattenfall InCharge",
        "wheelchair": null,
        "fee": "yes",
        "opening_hours": null,
        "source": "osm"
      }
    },
    {
      "type": "Feature",
      "geometry": {
        "type": "Point",
        "coordinates": [
          4.9718986,
          52.3712205
        ]
      },
      "properties": {
        "id": "osm-n-9396541239",
        "category": "charging",
        "name": "Vattenfall InCharge",
        "wheelchair": null,
        "fee": "yes",
        "opening_hours": null,
        "source": "osm"
      }
    },
    {
      "type": "Feature",
      "geometry": {
        "type": "Point",
        "coordinates": [
          4.9327438,
          52.4010097
        ]
      },
      "properties": {
        "id": "osm-n-9502661871",
        "category": "parking",
        "name": "Parking",
        "wheelchair": null,
        "fee": null,
        "opening_hours": null,
        "source": "osm"
      }
    },
    {
      "type": "Feature",
      "geometry": {
        "type": "Point",
        "coordinates": [
          4.9191754,
          52.3665465
        ]
      },
      "properties": {
        "id": "osm-n-9680130397",
        "category": "toilet",
        "name": "Toilet",
        "wheelchair": "yes",
        "fee": "no",
        "opening_hours": null,
        "source": "osm"
      }
    },
    {
      "type": "Feature",
      "geometry": {
        "type": "Point",
        "coordinates": [
          4.9226008,
          52.3843803
        ]
      },
      "properties": {
        "id": "osm-n-9727914286",
        "category": "fuel",
        "name": "Tango Amsterdam Hamerstraat",
        "wheelchair": null,
        "fee": null,
        "opening_hours": "24/7",
        "source": "osm"
      }
    },
    {
      "type": "Feature",
      "geometry": {
        "type": "Point",
        "coordinates": [
          4.9961507,
          52.4071288
        ]
      },
      "properties": {
        "id": "osm-n-9740252393",
        "category": "toilet",
        "name": "Toilet",
        "wheelchair": "no",
        "fee": "no",
        "opening_hours": "24/7",
        "source": "osm"
      }
    },
    {
      "type": "Feature",
      "geometry": {
        "type": "Point",
        "coordinates": [
          4.9596781,
          52.4027705
        ]
      },
      "properties": {
        "id": "osm-n-9740260731",
        "category": "info",
        "name": "Info",
        "wheelchair": null,
        "fee": null,
        "opening_hours": null,
        "source": "osm"
      }
    },
    {
      "type": "Feature",
      "geometry": {
        "type": "Point",
        "coordinates": [
          4.9596781,
          52.4027742
        ]
      },
      "properties": {
        "id": "osm-n-9740260732",
        "category": "info",
        "name": "Info",
        "wheelchair": null,
        "fee": null,
        "opening_hours": null,
        "source": "osm"
      }
    },
    {
      "type": "Feature",
      "geometry": {
        "type": "Point",
        "coordinates": [
          4.9597099,
          52.4027901
        ]
      },
      "properties": {
        "id": "osm-n-9740260733",
        "category": "info",
        "name": "Info",
        "wheelchair": null,
        "fee": null,
        "opening_hours": null,
        "source": "osm"
      }
    },
    {
      "type": "Feature",
      "geometry": {
        "type": "Point",
        "coordinates": [
          4.9303525,
          52.3849482
        ]
      },
      "properties": {
        "id": "osm-n-9740268685",
        "category": "water",
        "name": "Water",
        "wheelchair": "yes",
        "fee": null,
        "opening_hours": null,
        "source": "osm"
      }
    },
    {
      "type": "Feature",
      "geometry": {
        "type": "Point",
        "coordinates": [
          4.9231346,
          52.3617734
        ]
      },
      "properties": {
        "id": "osm-n-9759153514",
        "category": "charging",
        "name": "Charging",
        "wheelchair": null,
        "fee": null,
        "opening_hours": null,
        "source": "osm"
      }
    },
    {
      "type": "Feature",
      "geometry": {
        "type": "Point",
        "coordinates": [
          4.9231644,
          52.3617232
        ]
      },
      "properties": {
        "id": "osm-n-9759153516",
        "category": "charging",
        "name": "Charging",
        "wheelchair": null,
        "fee": null,
        "opening_hours": null,
        "source": "osm"
      }
    },
    {
      "type": "Feature",
      "geometry": {
        "type": "Point",
        "coordinates": [
          4.948296,
          52.3528195
        ]
      },
      "properties": {
        "id": "osm-n-9773005358",
        "category": "aed",
        "name": "Aed",
        "wheelchair": null,
        "fee": null,
        "opening_hours": null,
        "source": "osm"
      }
    },
    {
      "type": "Feature",
      "geometry": {
        "type": "Point",
        "coordinates": [
          4.9461062,
          52.3516535
        ]
      },
      "properties": {
        "id": "osm-n-9779921808",
        "category": "charging",
        "name": "Equans",
        "wheelchair": null,
        "fee": null,
        "opening_hours": null,
        "source": "osm"
      }
    },
    {
      "type": "Feature",
      "geometry": {
        "type": "Point",
        "coordinates": [
          4.9462131,
          52.351588
        ]
      },
      "properties": {
        "id": "osm-n-9779924532",
        "category": "charging",
        "name": "Equans",
        "wheelchair": null,
        "fee": null,
        "opening_hours": null,
        "source": "osm"
      }
    },
    {
      "type": "Feature",
      "geometry": {
        "type": "Point",
        "coordinates": [
          4.9690268,
          52.3606395
        ]
      },
      "properties": {
        "id": "osm-n-9794447919",
        "category": "info",
        "name": "Ipenslotersluis",
        "wheelchair": null,
        "fee": null,
        "opening_hours": null,
        "source": "osm"
      }
    },
    {
      "type": "Feature",
      "geometry": {
        "type": "Point",
        "coordinates": [
          4.9386333,
          52.3740775
        ]
      },
      "properties": {
        "id": "osm-n-9836134115",
        "category": "cafe",
        "name": "Barmhartig",
        "wheelchair": null,
        "fee": null,
        "opening_hours": "Mo-Fr 08:45-17:00; Sa, Su 09:00-16:00",
        "source": "osm"
      }
    },
    {
      "type": "Feature",
      "geometry": {
        "type": "Point",
        "coordinates": [
          4.991247,
          52.3576598
        ]
      },
      "properties": {
        "id": "osm-n-9846959039",
        "category": "clinic",
        "name": "Onze Lieve Vrouwe Gasthuis IJburg",
        "wheelchair": null,
        "fee": null,
        "opening_hours": null,
        "source": "osm"
      }
    },
    {
      "type": "Feature",
      "geometry": {
        "type": "Point",
        "coordinates": [
          4.943012,
          52.3732665
        ]
      },
      "properties": {
        "id": "osm-n-9864646979",
        "category": "charging",
        "name": "Charging",
        "wheelchair": null,
        "fee": "yes",
        "opening_hours": null,
        "source": "osm"
      }
    },
    {
      "type": "Feature",
      "geometry": {
        "type": "Point",
        "coordinates": [
          4.9482783,
          52.3527693
        ]
      },
      "properties": {
        "id": "osm-n-9905871758",
        "category": "info",
        "name": "Nederlandse Spoorwegen",
        "wheelchair": null,
        "fee": null,
        "opening_hours": null,
        "source": "osm"
      }
    },
    {
      "type": "Feature",
      "geometry": {
        "type": "Point",
        "coordinates": [
          4.9552854,
          52.356014
        ]
      },
      "properties": {
        "id": "osm-n-9925488357",
        "category": "charging",
        "name": "Charging",
        "wheelchair": null,
        "fee": "yes",
        "opening_hours": null,
        "source": "osm"
      }
    },
    {
      "type": "Feature",
      "geometry": {
        "type": "Point",
        "coordinates": [
          4.955172,
          52.3560883
        ]
      },
      "properties": {
        "id": "osm-n-9925488359",
        "category": "charging",
        "name": "Charging",
        "wheelchair": null,
        "fee": "yes",
        "opening_hours": null,
        "source": "osm"
      }
    },
    {
      "type": "Feature",
      "geometry": {
        "type": "Point",
        "coordinates": [
          4.9551209,
          52.3561219
        ]
      },
      "properties": {
        "id": "osm-n-9925488365",
        "category": "charging",
        "name": "Charging",
        "wheelchair": null,
        "fee": "yes",
        "opening_hours": null,
        "source": "osm"
      }
    },
    {
      "type": "Feature",
      "geometry": {
        "type": "Point",
        "coordinates": [
          4.9484457,
          52.3527312
        ]
      },
      "properties": {
        "id": "osm-n-9937796185",
        "category": "water",
        "name": "Water",
        "wheelchair": null,
        "fee": null,
        "opening_hours": null,
        "source": "osm"
      }
    },
    {
      "type": "Feature",
      "geometry": {
        "type": "Point",
        "coordinates": [
          4.9124599,
          52.3742141
        ]
      },
      "properties": {
        "id": "osm-n-9974978455",
        "category": "water",
        "name": "Water",
        "wheelchair": null,
        "fee": null,
        "opening_hours": null,
        "source": "osm"
      }
    },
    {
      "type": "Feature",
      "geometry": {
        "type": "Point",
        "coordinates": [
          4.9597473,
          52.3563964
        ]
      },
      "properties": {
        "id": "osm-n-9975815876",
        "category": "charging",
        "name": "Charging",
        "wheelchair": null,
        "fee": null,
        "opening_hours": null,
        "source": "osm"
      }
    },
    {
      "type": "Feature",
      "geometry": {
        "type": "Point",
        "coordinates": [
          4.954052,
          52.3566373
        ]
      },
      "properties": {
        "id": "osm-n-9983035869",
        "category": "info",
        "name": "Info",
        "wheelchair": null,
        "fee": null,
        "opening_hours": null,
        "source": "osm"
      }
    },
    {
      "type": "Feature",
      "geometry": {
        "type": "Point",
        "coordinates": [
          4.9519802,
          52.3572629
        ]
      },
      "properties": {
        "id": "osm-n-9984092598",
        "category": "charging",
        "name": "EVBox",
        "wheelchair": null,
        "fee": null,
        "opening_hours": null,
        "source": "osm"
      }
    },
    {
      "type": "Feature",
      "geometry": {
        "type": "Point",
        "coordinates": [
          4.9351674,
          52.4075883
        ]
      },
      "properties": {
        "id": "osm-n-9988539742",
        "category": "charging",
        "name": "Charging",
        "wheelchair": null,
        "fee": null,
        "opening_hours": null,
        "source": "osm"
      }
    },
    {
      "type": "Feature",
      "geometry": {
        "type": "Point",
        "coordinates": [
          4.9483052,
          52.3559741
        ]
      },
      "properties": {
        "id": "osm-n-9999671582",
        "category": "charging",
        "name": "Charging",
        "wheelchair": null,
        "fee": "yes",
        "opening_hours": null,
        "source": "osm"
      }
    },
    {
      "type": "Feature",
      "geometry": {
        "type": "Point",
        "coordinates": [
          4.9579203,
          52.3539347
        ]
      },
      "properties": {
        "id": "osm-n-10019185722",
        "category": "charging",
        "name": "Charging",
        "wheelchair": null,
        "fee": null,
        "opening_hours": null,
        "source": "osm"
      }
    },
    {
      "type": "Feature",
      "geometry": {
        "type": "Point",
        "coordinates": [
          4.9914716,
          52.3779655
        ]
      },
      "properties": {
        "id": "osm-n-10047115333",
        "category": "water",
        "name": "Waternet",
        "wheelchair": null,
        "fee": null,
        "opening_hours": null,
        "source": "osm"
      }
    },
    {
      "type": "Feature",
      "geometry": {
        "type": "Point",
        "coordinates": [
          5.0023905,
          52.3812188
        ]
      },
      "properties": {
        "id": "osm-n-10049778274",
        "category": "info",
        "name": "Fietsnetwerk Laag-Holland",
        "wheelchair": null,
        "fee": null,
        "opening_hours": null,
        "source": "osm"
      }
    },
    {
      "type": "Feature",
      "geometry": {
        "type": "Point",
        "coordinates": [
          4.993496,
          52.3787274
        ]
      },
      "properties": {
        "id": "osm-n-10049781197",
        "category": "charging",
        "name": "Charging",
        "wheelchair": null,
        "fee": null,
        "opening_hours": null,
        "source": "osm"
      }
    },
    {
      "type": "Feature",
      "geometry": {
        "type": "Point",
        "coordinates": [
          4.9879268,
          52.3771218
        ]
      },
      "properties": {
        "id": "osm-n-10058199744",
        "category": "charging",
        "name": "Charging",
        "wheelchair": null,
        "fee": null,
        "opening_hours": null,
        "source": "osm"
      }
    },
    {
      "type": "Feature",
      "geometry": {
        "type": "Point",
        "coordinates": [
          4.986378,
          52.3760366
        ]
      },
      "properties": {
        "id": "osm-n-10058469159",
        "category": "charging",
        "name": "Charging",
        "wheelchair": null,
        "fee": null,
        "opening_hours": null,
        "source": "osm"
      }
    },
    {
      "type": "Feature",
      "geometry": {
        "type": "Point",
        "coordinates": [
          4.986915,
          52.376365
        ]
      },
      "properties": {
        "id": "osm-n-10058469203",
        "category": "charging",
        "name": "Charging",
        "wheelchair": null,
        "fee": null,
        "opening_hours": null,
        "source": "osm"
      }
    },
    {
      "type": "Feature",
      "geometry": {
        "type": "Point",
        "coordinates": [
          4.9448487,
          52.3584588
        ]
      },
      "properties": {
        "id": "osm-n-10073121616",
        "category": "info",
        "name": "Flevopark",
        "wheelchair": null,
        "fee": null,
        "opening_hours": null,
        "source": "osm"
      }
    },
    {
      "type": "Feature",
      "geometry": {
        "type": "Point",
        "coordinates": [
          4.9666633,
          52.3561908
        ]
      },
      "properties": {
        "id": "osm-n-10086494151",
        "category": "info",
        "name": "Info",
        "wheelchair": null,
        "fee": null,
        "opening_hours": null,
        "source": "osm"
      }
    },
    {
      "type": "Feature",
      "geometry": {
        "type": "Point",
        "coordinates": [
          4.9568057,
          52.3648462
        ]
      },
      "properties": {
        "id": "osm-n-10124067799",
        "category": "info",
        "name": "Info",
        "wheelchair": null,
        "fee": null,
        "opening_hours": null,
        "source": "osm"
      }
    },
    {
      "type": "Feature",
      "geometry": {
        "type": "Point",
        "coordinates": [
          4.9565075,
          52.3661414
        ]
      },
      "properties": {
        "id": "osm-n-10124590877",
        "category": "info",
        "name": "Info",
        "wheelchair": null,
        "fee": null,
        "opening_hours": null,
        "source": "osm"
      }
    },
    {
      "type": "Feature",
      "geometry": {
        "type": "Point",
        "coordinates": [
          4.9473405,
          52.3663865
        ]
      },
      "properties": {
        "id": "osm-n-10139544040",
        "category": "parking",
        "name": "Parking",
        "wheelchair": null,
        "fee": null,
        "opening_hours": null,
        "source": "osm"
      }
    },
    {
      "type": "Feature",
      "geometry": {
        "type": "Point",
        "coordinates": [
          4.9562901,
          52.3659278
        ]
      },
      "properties": {
        "id": "osm-n-10139999650",
        "category": "info",
        "name": "Info",
        "wheelchair": null,
        "fee": null,
        "opening_hours": null,
        "source": "osm"
      }
    },
    {
      "type": "Feature",
      "geometry": {
        "type": "Point",
        "coordinates": [
          4.9528129,
          52.3580994
        ]
      },
      "properties": {
        "id": "osm-n-10181367403",
        "category": "info",
        "name": "Flevopark",
        "wheelchair": null,
        "fee": null,
        "opening_hours": null,
        "source": "osm"
      }
    },
    {
      "type": "Feature",
      "geometry": {
        "type": "Point",
        "coordinates": [
          4.9204525,
          52.3653163
        ]
      },
      "properties": {
        "id": "osm-n-10300899369",
        "category": "toilet",
        "name": "Toilet",
        "wheelchair": null,
        "fee": "no",
        "opening_hours": null,
        "source": "osm"
      }
    },
    {
      "type": "Feature",
      "geometry": {
        "type": "Point",
        "coordinates": [
          4.9158514,
          52.3663854
        ]
      },
      "properties": {
        "id": "osm-n-10300929537",
        "category": "toilet",
        "name": "Toilet",
        "wheelchair": null,
        "fee": "no",
        "opening_hours": null,
        "source": "osm"
      }
    },
    {
      "type": "Feature",
      "geometry": {
        "type": "Point",
        "coordinates": [
          4.9447747,
          52.3539358
        ]
      },
      "properties": {
        "id": "osm-n-10537665230",
        "category": "toilet",
        "name": "Toilet",
        "wheelchair": null,
        "fee": null,
        "opening_hours": null,
        "source": "osm"
      }
    },
    {
      "type": "Feature",
      "geometry": {
        "type": "Point",
        "coordinates": [
          4.9273086,
          52.399795
        ]
      },
      "properties": {
        "id": "osm-n-10554938165",
        "category": "charging",
        "name": "Charging",
        "wheelchair": null,
        "fee": null,
        "opening_hours": null,
        "source": "osm"
      }
    },
    {
      "type": "Feature",
      "geometry": {
        "type": "Point",
        "coordinates": [
          4.94373,
          52.3976798
        ]
      },
      "properties": {
        "id": "osm-n-10583749498",
        "category": "charging",
        "name": "Charging",
        "wheelchair": null,
        "fee": "yes",
        "opening_hours": null,
        "source": "osm"
      }
    },
    {
      "type": "Feature",
      "geometry": {
        "type": "Point",
        "coordinates": [
          4.9368928,
          52.3980571
        ]
      },
      "properties": {
        "id": "osm-n-10584662714",
        "category": "info",
        "name": "Info",
        "wheelchair": null,
        "fee": null,
        "opening_hours": null,
        "source": "osm"
      }
    },
    {
      "type": "Feature",
      "geometry": {
        "type": "Point",
        "coordinates": [
          4.9363198,
          52.3979778
        ]
      },
      "properties": {
        "id": "osm-n-10589808289",
        "category": "toilet",
        "name": "Toilet",
        "wheelchair": null,
        "fee": null,
        "opening_hours": null,
        "source": "osm"
      }
    },
    {
      "type": "Feature",
      "geometry": {
        "type": "Point",
        "coordinates": [
          4.9350768,
          52.3985563
        ]
      },
      "properties": {
        "id": "osm-n-10589837724",
        "category": "charging",
        "name": "Charging",
        "wheelchair": "limited",
        "fee": null,
        "opening_hours": null,
        "source": "osm"
      }
    },
    {
      "type": "Feature",
      "geometry": {
        "type": "Point",
        "coordinates": [
          4.9378492,
          52.3993258
        ]
      },
      "properties": {
        "id": "osm-n-10592350176",
        "category": "info",
        "name": "Info",
        "wheelchair": null,
        "fee": null,
        "opening_hours": null,
        "source": "osm"
      }
    },
    {
      "type": "Feature",
      "geometry": {
        "type": "Point",
        "coordinates": [
          4.9415022,
          52.3987334
        ]
      },
      "properties": {
        "id": "osm-n-10604205586",
        "category": "charging",
        "name": "Charging",
        "wheelchair": null,
        "fee": null,
        "opening_hours": null,
        "source": "osm"
      }
    },
    {
      "type": "Feature",
      "geometry": {
        "type": "Point",
        "coordinates": [
          4.9414028,
          52.3987733
        ]
      },
      "properties": {
        "id": "osm-n-10604224023",
        "category": "charging",
        "name": "Charging",
        "wheelchair": null,
        "fee": null,
        "opening_hours": null,
        "source": "osm"
      }
    },
    {
      "type": "Feature",
      "geometry": {
        "type": "Point",
        "coordinates": [
          4.9811148,
          52.3621793
        ]
      },
      "properties": {
        "id": "osm-n-10655329764",
        "category": "charging",
        "name": "Vattenfall InCharge",
        "wheelchair": null,
        "fee": null,
        "opening_hours": null,
        "source": "osm"
      }
    },
    {
      "type": "Feature",
      "geometry": {
        "type": "Point",
        "coordinates": [
          4.9821738,
          52.361774
        ]
      },
      "properties": {
        "id": "osm-n-10655329765",
        "category": "charging",
        "name": "Gemeente Amsterdam",
        "wheelchair": null,
        "fee": null,
        "opening_hours": null,
        "source": "osm"
      }
    },
    {
      "type": "Feature",
      "geometry": {
        "type": "Point",
        "coordinates": [
          4.9122071,
          52.3738067
        ]
      },
      "properties": {
        "id": "osm-n-10792935377",
        "category": "aed",
        "name": "Aed",
        "wheelchair": null,
        "fee": null,
        "opening_hours": "Mo-Su 9:30-17:00",
        "source": "osm"
      }
    },
    {
      "type": "Feature",
      "geometry": {
        "type": "Point",
        "coordinates": [
          4.9816716,
          52.3638621
        ]
      },
      "properties": {
        "id": "osm-n-10811005306",
        "category": "aed",
        "name": "Aed",
        "wheelchair": null,
        "fee": null,
        "opening_hours": null,
        "source": "osm"
      }
    },
    {
      "type": "Feature",
      "geometry": {
        "type": "Point",
        "coordinates": [
          4.9242037,
          52.3909291
        ]
      },
      "properties": {
        "id": "osm-n-10814474869",
        "category": "water",
        "name": "Water",
        "wheelchair": null,
        "fee": null,
        "opening_hours": null,
        "source": "osm"
      }
    },
    {
      "type": "Feature",
      "geometry": {
        "type": "Point",
        "coordinates": [
          4.9495783,
          52.3939115
        ]
      },
      "properties": {
        "id": "osm-n-10940521009",
        "category": "shop",
        "name": "Avondwinkel",
        "wheelchair": null,
        "fee": null,
        "opening_hours": null,
        "source": "osm"
      }
    },
    {
      "type": "Feature",
      "geometry": {
        "type": "Point",
        "coordinates": [
          4.9449382,
          52.3720552
        ]
      },
      "properties": {
        "id": "osm-n-10998046932",
        "category": "aed",
        "name": "Aed",
        "wheelchair": null,
        "fee": null,
        "opening_hours": null,
        "source": "osm"
      }
    },
    {
      "type": "Feature",
      "geometry": {
        "type": "Point",
        "coordinates": [
          4.9541308,
          52.392922
        ]
      },
      "properties": {
        "id": "osm-n-11026891773",
        "category": "info",
        "name": "Startpunt Waterlandplein",
        "wheelchair": null,
        "fee": null,
        "opening_hours": null,
        "source": "osm"
      }
    },
    {
      "type": "Feature",
      "geometry": {
        "type": "Point",
        "coordinates": [
          5.0022006,
          52.3813208
        ]
      },
      "properties": {
        "id": "osm-n-11029603537",
        "category": "info",
        "name": "Nationale Bewegwijzeringsdienst",
        "wheelchair": null,
        "fee": null,
        "opening_hours": null,
        "source": "osm"
      }
    },
    {
      "type": "Feature",
      "geometry": {
        "type": "Point",
        "coordinates": [
          4.9549915,
          52.3930638
        ]
      },
      "properties": {
        "id": "osm-n-11092284062",
        "category": "shop",
        "name": "Tropische Toko Noord",
        "wheelchair": null,
        "fee": null,
        "opening_hours": "Mo-Fr 09:00-18:00; Sa,Su 09:00-17:00",
        "source": "osm"
      }
    },
    {
      "type": "Feature",
      "geometry": {
        "type": "Point",
        "coordinates": [
          4.9489611,
          52.3898022
        ]
      },
      "properties": {
        "id": "osm-n-11092300607",
        "category": "water",
        "name": "Water",
        "wheelchair": null,
        "fee": null,
        "opening_hours": null,
        "source": "osm"
      }
    },
    {
      "type": "Feature",
      "geometry": {
        "type": "Point",
        "coordinates": [
          4.9281571,
          52.3732714
        ]
      },
      "properties": {
        "id": "osm-n-11146464735",
        "category": "cafe",
        "name": "Werkspoor",
        "wheelchair": null,
        "fee": null,
        "opening_hours": null,
        "source": "osm"
      }
    },
    {
      "type": "Feature",
      "geometry": {
        "type": "Point",
        "coordinates": [
          4.9791124,
          52.3601817
        ]
      },
      "properties": {
        "id": "osm-n-11161447005",
        "category": "aed",
        "name": "Aed",
        "wheelchair": null,
        "fee": null,
        "opening_hours": null,
        "source": "osm"
      }
    },
    {
      "type": "Feature",
      "geometry": {
        "type": "Point",
        "coordinates": [
          4.9123201,
          52.3741151
        ]
      },
      "properties": {
        "id": "osm-n-11171994263",
        "category": "cafe",
        "name": "Bar of NEMO Science Center",
        "wheelchair": "yes",
        "fee": null,
        "opening_hours": null,
        "source": "osm"
      }
    },
    {
      "type": "Feature",
      "geometry": {
        "type": "Point",
        "coordinates": [
          4.9811587,
          52.3547836
        ]
      },
      "properties": {
        "id": "osm-n-11172154937",
        "category": "water",
        "name": "Water",
        "wheelchair": null,
        "fee": null,
        "opening_hours": null,
        "source": "osm"
      }
    },
    {
      "type": "Feature",
      "geometry": {
        "type": "Point",
        "coordinates": [
          4.9559305,
          52.3591124
        ]
      },
      "properties": {
        "id": "osm-n-11197595227",
        "category": "toilet",
        "name": "Toilet",
        "wheelchair": null,
        "fee": "no",
        "opening_hours": null,
        "source": "osm"
      }
    },
    {
      "type": "Feature",
      "geometry": {
        "type": "Point",
        "coordinates": [
          4.9559813,
          52.3590396
        ]
      },
      "properties": {
        "id": "osm-n-11215577012",
        "category": "water",
        "name": "Water",
        "wheelchair": null,
        "fee": null,
        "opening_hours": null,
        "source": "osm"
      }
    },
    {
      "type": "Feature",
      "geometry": {
        "type": "Point",
        "coordinates": [
          4.908986,
          52.3835994
        ]
      },
      "properties": {
        "id": "osm-n-11233400520",
        "category": "water",
        "name": "Water",
        "wheelchair": null,
        "fee": null,
        "opening_hours": null,
        "source": "osm"
      }
    },
    {
      "type": "Feature",
      "geometry": {
        "type": "Point",
        "coordinates": [
          4.9086995,
          52.3821001
        ]
      },
      "properties": {
        "id": "osm-n-11245226664",
        "category": "info",
        "name": "Info",
        "wheelchair": null,
        "fee": null,
        "opening_hours": null,
        "source": "osm"
      }
    },
    {
      "type": "Feature",
      "geometry": {
        "type": "Point",
        "coordinates": [
          4.9099572,
          52.3827254
        ]
      },
      "properties": {
        "id": "osm-n-11245230553",
        "category": "charging",
        "name": "TotalEnergies",
        "wheelchair": null,
        "fee": "yes",
        "opening_hours": null,
        "source": "osm"
      }
    },
    {
      "type": "Feature",
      "geometry": {
        "type": "Point",
        "coordinates": [
          4.9096703,
          52.3823208
        ]
      },
      "properties": {
        "id": "osm-n-11245989348",
        "category": "charging",
        "name": "TotalEnergies",
        "wheelchair": null,
        "fee": "yes",
        "opening_hours": null,
        "source": "osm"
      }
    },
    {
      "type": "Feature",
      "geometry": {
        "type": "Point",
        "coordinates": [
          4.9105024,
          52.3822164
        ]
      },
      "properties": {
        "id": "osm-n-11247759431",
        "category": "info",
        "name": "Info",
        "wheelchair": null,
        "fee": null,
        "opening_hours": null,
        "source": "osm"
      }
    },
    {
      "type": "Feature",
      "geometry": {
        "type": "Point",
        "coordinates": [
          4.9538538,
          52.3683226
        ]
      },
      "properties": {
        "id": "osm-n-11262797203",
        "category": "cafe",
        "name": "Boefzak",
        "wheelchair": null,
        "fee": null,
        "opening_hours": null,
        "source": "osm"
      }
    },
    {
      "type": "Feature",
      "geometry": {
        "type": "Point",
        "coordinates": [
          4.912656,
          52.3847611
        ]
      },
      "properties": {
        "id": "osm-n-11267074091",
        "category": "charging",
        "name": "Charging",
        "wheelchair": null,
        "fee": "yes",
        "opening_hours": null,
        "source": "osm"
      }
    },
    {
      "type": "Feature",
      "geometry": {
        "type": "Point",
        "coordinates": [
          4.9244409,
          52.3937711
        ]
      },
      "properties": {
        "id": "osm-n-11288159406",
        "category": "charging",
        "name": "Charging",
        "wheelchair": null,
        "fee": null,
        "opening_hours": null,
        "source": "osm"
      }
    },
    {
      "type": "Feature",
      "geometry": {
        "type": "Point",
        "coordinates": [
          4.9246915,
          52.3915343
        ]
      },
      "properties": {
        "id": "osm-n-11289091893",
        "category": "charging",
        "name": "Charging",
        "wheelchair": null,
        "fee": null,
        "opening_hours": null,
        "source": "osm"
      }
    },
    {
      "type": "Feature",
      "geometry": {
        "type": "Point",
        "coordinates": [
          4.9587033,
          52.3794283
        ]
      },
      "properties": {
        "id": "osm-n-11359667619",
        "category": "charging",
        "name": "Charging",
        "wheelchair": null,
        "fee": null,
        "opening_hours": null,
        "source": "osm"
      }
    },
    {
      "type": "Feature",
      "geometry": {
        "type": "Point",
        "coordinates": [
          4.9579061,
          52.3793205
        ]
      },
      "properties": {
        "id": "osm-n-11360707004",
        "category": "info",
        "name": "Info",
        "wheelchair": null,
        "fee": null,
        "opening_hours": null,
        "source": "osm"
      }
    },
    {
      "type": "Feature",
      "geometry": {
        "type": "Point",
        "coordinates": [
          4.9586161,
          52.3805683
        ]
      },
      "properties": {
        "id": "osm-n-11361635159",
        "category": "info",
        "name": "Info",
        "wheelchair": null,
        "fee": null,
        "opening_hours": null,
        "source": "osm"
      }
    },
    {
      "type": "Feature",
      "geometry": {
        "type": "Point",
        "coordinates": [
          4.9622478,
          52.3827711
        ]
      },
      "properties": {
        "id": "osm-n-11369305574",
        "category": "toilet",
        "name": "WSV de Zuiderzee",
        "wheelchair": null,
        "fee": "no",
        "opening_hours": null,
        "source": "osm"
      }
    },
    {
      "type": "Feature",
      "geometry": {
        "type": "Point",
        "coordinates": [
          4.9779093,
          52.3622223
        ]
      },
      "properties": {
        "id": "osm-n-11388477569",
        "category": "aed",
        "name": "Aed",
        "wheelchair": null,
        "fee": null,
        "opening_hours": null,
        "source": "osm"
      }
    },
    {
      "type": "Feature",
      "geometry": {
        "type": "Point",
        "coordinates": [
          4.9189266,
          52.3897783
        ]
      },
      "properties": {
        "id": "osm-n-11390093798",
        "category": "info",
        "name": "Info",
        "wheelchair": null,
        "fee": null,
        "opening_hours": null,
        "source": "osm"
      }
    },
    {
      "type": "Feature",
      "geometry": {
        "type": "Point",
        "coordinates": [
          4.9637664,
          52.3703067
        ]
      },
      "properties": {
        "id": "osm-n-11449965147",
        "category": "cafe",
        "name": "Kokomo",
        "wheelchair": null,
        "fee": null,
        "opening_hours": "Th-Sa 12:00-20:00",
        "source": "osm"
      }
    },
    {
      "type": "Feature",
      "geometry": {
        "type": "Point",
        "coordinates": [
          4.9411444,
          52.3975168
        ]
      },
      "properties": {
        "id": "osm-n-11767262350",
        "category": "clinic",
        "name": "Dierbalans",
        "wheelchair": null,
        "fee": null,
        "opening_hours": null,
        "source": "osm"
      }
    },
    {
      "type": "Feature",
      "geometry": {
        "type": "Point",
        "coordinates": [
          4.9156353,
          52.3724746
        ]
      },
      "properties": {
        "id": "osm-n-11849590237",
        "category": "toilet",
        "name": "Toilet",
        "wheelchair": "no",
        "fee": "yes",
        "opening_hours": null,
        "source": "osm"
      }
    },
    {
      "type": "Feature",
      "geometry": {
        "type": "Point",
        "coordinates": [
          4.9819587,
          52.3642825
        ]
      },
      "properties": {
        "id": "osm-n-11878642243",
        "category": "aed",
        "name": "Aed",
        "wheelchair": null,
        "fee": null,
        "opening_hours": null,
        "source": "osm"
      }
    },
    {
      "type": "Feature",
      "geometry": {
        "type": "Point",
        "coordinates": [
          4.9809535,
          52.3643951
        ]
      },
      "properties": {
        "id": "osm-n-11878642244",
        "category": "aed",
        "name": "Aed",
        "wheelchair": null,
        "fee": null,
        "opening_hours": null,
        "source": "osm"
      }
    },
    {
      "type": "Feature",
      "geometry": {
        "type": "Point",
        "coordinates": [
          4.9294875,
          52.3690945
        ]
      },
      "properties": {
        "id": "osm-n-11914212762",
        "category": "charging",
        "name": "Charging",
        "wheelchair": null,
        "fee": null,
        "opening_hours": null,
        "source": "osm"
      }
    },
    {
      "type": "Feature",
      "geometry": {
        "type": "Point",
        "coordinates": [
          4.9287579,
          52.3673962
        ]
      },
      "properties": {
        "id": "osm-n-11914219253",
        "category": "charging",
        "name": "Charging",
        "wheelchair": null,
        "fee": null,
        "opening_hours": null,
        "source": "osm"
      }
    },
    {
      "type": "Feature",
      "geometry": {
        "type": "Point",
        "coordinates": [
          4.9389855,
          52.3627009
        ]
      },
      "properties": {
        "id": "osm-n-11914219254",
        "category": "charging",
        "name": "Charging",
        "wheelchair": null,
        "fee": null,
        "opening_hours": null,
        "source": "osm"
      }
    },
    {
      "type": "Feature",
      "geometry": {
        "type": "Point",
        "coordinates": [
          4.9289743,
          52.3687881
        ]
      },
      "properties": {
        "id": "osm-n-11914236091",
        "category": "charging",
        "name": "Charging",
        "wheelchair": null,
        "fee": null,
        "opening_hours": null,
        "source": "osm"
      }
    },
    {
      "type": "Feature",
      "geometry": {
        "type": "Point",
        "coordinates": [
          4.9318565,
          52.3648329
        ]
      },
      "properties": {
        "id": "osm-n-11914248950",
        "category": "charging",
        "name": "Charging",
        "wheelchair": null,
        "fee": null,
        "opening_hours": null,
        "source": "osm"
      }
    },
    {
      "type": "Feature",
      "geometry": {
        "type": "Point",
        "coordinates": [
          4.9366717,
          52.36321
        ]
      },
      "properties": {
        "id": "osm-n-11914248951",
        "category": "charging",
        "name": "Charging",
        "wheelchair": null,
        "fee": null,
        "opening_hours": null,
        "source": "osm"
      }
    },
    {
      "type": "Feature",
      "geometry": {
        "type": "Point",
        "coordinates": [
          4.9364947,
          52.3626721
        ]
      },
      "properties": {
        "id": "osm-n-11914250983",
        "category": "charging",
        "name": "Charging",
        "wheelchair": null,
        "fee": null,
        "opening_hours": null,
        "source": "osm"
      }
    },
    {
      "type": "Feature",
      "geometry": {
        "type": "Point",
        "coordinates": [
          4.9336066,
          52.3653793
        ]
      },
      "properties": {
        "id": "osm-n-11914251606",
        "category": "charging",
        "name": "Charging",
        "wheelchair": null,
        "fee": null,
        "opening_hours": null,
        "source": "osm"
      }
    },
    {
      "type": "Feature",
      "geometry": {
        "type": "Point",
        "coordinates": [
          4.9391657,
          52.3626085
        ]
      },
      "properties": {
        "id": "osm-n-11914255142",
        "category": "charging",
        "name": "Charging",
        "wheelchair": null,
        "fee": null,
        "opening_hours": null,
        "source": "osm"
      }
    },
    {
      "type": "Feature",
      "geometry": {
        "type": "Point",
        "coordinates": [
          4.9265773,
          52.3685114
        ]
      },
      "properties": {
        "id": "osm-n-11914256357",
        "category": "charging",
        "name": "Charging",
        "wheelchair": null,
        "fee": null,
        "opening_hours": null,
        "source": "osm"
      }
    },
    {
      "type": "Feature",
      "geometry": {
        "type": "Point",
        "coordinates": [
          4.9388292,
          52.3626974
        ]
      },
      "properties": {
        "id": "osm-n-11914257100",
        "category": "charging",
        "name": "Charging",
        "wheelchair": null,
        "fee": null,
        "opening_hours": null,
        "source": "osm"
      }
    },
    {
      "type": "Feature",
      "geometry": {
        "type": "Point",
        "coordinates": [
          4.9361227,
          52.3627584
        ]
      },
      "properties": {
        "id": "osm-n-11914260216",
        "category": "charging",
        "name": "TotalEnergies",
        "wheelchair": null,
        "fee": null,
        "opening_hours": null,
        "source": "osm"
      }
    },
    {
      "type": "Feature",
      "geometry": {
        "type": "Point",
        "coordinates": [
          4.9393258,
          52.3632326
        ]
      },
      "properties": {
        "id": "osm-n-11914266642",
        "category": "charging",
        "name": "Charging",
        "wheelchair": null,
        "fee": null,
        "opening_hours": null,
        "source": "osm"
      }
    },
    {
      "type": "Feature",
      "geometry": {
        "type": "Point",
        "coordinates": [
          4.9336862,
          52.3655747
        ]
      },
      "properties": {
        "id": "osm-n-11914269192",
        "category": "charging",
        "name": "Charging",
        "wheelchair": null,
        "fee": null,
        "opening_hours": null,
        "source": "osm"
      }
    },
    {
      "type": "Feature",
      "geometry": {
        "type": "Point",
        "coordinates": [
          4.9244484,
          52.3645611
        ]
      },
      "properties": {
        "id": "osm-n-11914271255",
        "category": "charging",
        "name": "Equans",
        "wheelchair": null,
        "fee": null,
        "opening_hours": null,
        "source": "osm"
      }
    },
    {
      "type": "Feature",
      "geometry": {
        "type": "Point",
        "coordinates": [
          4.945945,
          52.3518874
        ]
      },
      "properties": {
        "id": "osm-n-11919397934",
        "category": "charging",
        "name": "TotalEnergies",
        "wheelchair": null,
        "fee": null,
        "opening_hours": null,
        "source": "osm"
      }
    },
    {
      "type": "Feature",
      "geometry": {
        "type": "Point",
        "coordinates": [
          4.9439725,
          52.3517686
        ]
      },
      "properties": {
        "id": "osm-n-11919401581",
        "category": "charging",
        "name": "TotalEnergies",
        "wheelchair": null,
        "fee": null,
        "opening_hours": null,
        "source": "osm"
      }
    },
    {
      "type": "Feature",
      "geometry": {
        "type": "Point",
        "coordinates": [
          4.9417022,
          52.3529568
        ]
      },
      "properties": {
        "id": "osm-n-11924812802",
        "category": "charging",
        "name": "Equans",
        "wheelchair": null,
        "fee": null,
        "opening_hours": null,
        "source": "osm"
      }
    },
    {
      "type": "Feature",
      "geometry": {
        "type": "Point",
        "coordinates": [
          4.9405297,
          52.3539855
        ]
      },
      "properties": {
        "id": "osm-n-11924886735",
        "category": "charging",
        "name": "TotalEnergies",
        "wheelchair": null,
        "fee": null,
        "opening_hours": null,
        "source": "osm"
      }
    },
    {
      "type": "Feature",
      "geometry": {
        "type": "Point",
        "coordinates": [
          4.9402102,
          52.3537876
        ]
      },
      "properties": {
        "id": "osm-n-11924913405",
        "category": "charging",
        "name": "Equans",
        "wheelchair": null,
        "fee": null,
        "opening_hours": null,
        "source": "osm"
      }
    },
    {
      "type": "Feature",
      "geometry": {
        "type": "Point",
        "coordinates": [
          4.9361776,
          52.3624956
        ]
      },
      "properties": {
        "id": "osm-n-11961295626",
        "category": "charging",
        "name": "Alfen",
        "wheelchair": null,
        "fee": null,
        "opening_hours": null,
        "source": "osm"
      }
    },
    {
      "type": "Feature",
      "geometry": {
        "type": "Point",
        "coordinates": [
          4.965181,
          52.3836263
        ]
      },
      "properties": {
        "id": "osm-n-11964167211",
        "category": "toilet",
        "name": "Toilet",
        "wheelchair": null,
        "fee": null,
        "opening_hours": null,
        "source": "osm"
      }
    },
    {
      "type": "Feature",
      "geometry": {
        "type": "Point",
        "coordinates": [
          4.953974,
          52.3921551
        ]
      },
      "properties": {
        "id": "osm-n-12009786267",
        "category": "parking",
        "name": "Parking",
        "wheelchair": null,
        "fee": null,
        "opening_hours": null,
        "source": "osm"
      }
    },
    {
      "type": "Feature",
      "geometry": {
        "type": "Point",
        "coordinates": [
          4.94885,
          52.3626942
        ]
      },
      "properties": {
        "id": "osm-n-12068304240",
        "category": "cafe",
        "name": "Parknest",
        "wheelchair": null,
        "fee": null,
        "opening_hours": "We-Mo 12:00-18:00",
        "source": "osm"
      }
    },
    {
      "type": "Feature",
      "geometry": {
        "type": "Point",
        "coordinates": [
          4.909401,
          52.3880565
        ]
      },
      "properties": {
        "id": "osm-n-12084583021",
        "category": "cafe",
        "name": "Boka's",
        "wheelchair": "limited",
        "fee": null,
        "opening_hours": "Mo off; Tu-Sa 09:00-17:00; Su 10:00-17:00",
        "source": "osm"
      }
    },
    {
      "type": "Feature",
      "geometry": {
        "type": "Point",
        "coordinates": [
          4.9487151,
          52.362503
        ]
      },
      "properties": {
        "id": "osm-n-12119909056",
        "category": "info",
        "name": "Info",
        "wheelchair": null,
        "fee": null,
        "opening_hours": null,
        "source": "osm"
      }
    },
    {
      "type": "Feature",
      "geometry": {
        "type": "Point",
        "coordinates": [
          4.90954,
          52.3772959
        ]
      },
      "properties": {
        "id": "osm-n-12124401158",
        "category": "aed",
        "name": "Aed",
        "wheelchair": null,
        "fee": null,
        "opening_hours": null,
        "source": "osm"
      }
    },
    {
      "type": "Feature",
      "geometry": {
        "type": "Point",
        "coordinates": [
          4.9306015,
          52.3752729
        ]
      },
      "properties": {
        "id": "osm-n-12136171088",
        "category": "aed",
        "name": "Aed",
        "wheelchair": null,
        "fee": null,
        "opening_hours": null,
        "source": "osm"
      }
    },
    {
      "type": "Feature",
      "geometry": {
        "type": "Point",
        "coordinates": [
          4.9533026,
          52.3689323
        ]
      },
      "properties": {
        "id": "osm-n-12245889705",
        "category": "cafe",
        "name": "Joki",
        "wheelchair": null,
        "fee": null,
        "opening_hours": "Mo-Fr 08:30-16:00; Sa, Su 09:00-16:00",
        "source": "osm"
      }
    },
    {
      "type": "Feature",
      "geometry": {
        "type": "Point",
        "coordinates": [
          4.9241576,
          52.3668102
        ]
      },
      "properties": {
        "id": "osm-n-12335139144",
        "category": "shop",
        "name": "SPAR express",
        "wheelchair": null,
        "fee": null,
        "opening_hours": "24/7",
        "source": "osm"
      }
    },
    {
      "type": "Feature",
      "geometry": {
        "type": "Point",
        "coordinates": [
          4.932268,
          52.3546615
        ]
      },
      "properties": {
        "id": "osm-n-12337500568",
        "category": "charging",
        "name": "Charging",
        "wheelchair": null,
        "fee": null,
        "opening_hours": null,
        "source": "osm"
      }
    },
    {
      "type": "Feature",
      "geometry": {
        "type": "Point",
        "coordinates": [
          4.9321708,
          52.3582965
        ]
      },
      "properties": {
        "id": "osm-n-12337514937",
        "category": "charging",
        "name": "Charging",
        "wheelchair": null,
        "fee": null,
        "opening_hours": null,
        "source": "osm"
      }
    },
    {
      "type": "Feature",
      "geometry": {
        "type": "Point",
        "coordinates": [
          4.9326748,
          52.3584878
        ]
      },
      "properties": {
        "id": "osm-n-12337515275",
        "category": "charging",
        "name": "Charging",
        "wheelchair": null,
        "fee": null,
        "opening_hours": null,
        "source": "osm"
      }
    },
    {
      "type": "Feature",
      "geometry": {
        "type": "Point",
        "coordinates": [
          4.9527602,
          52.3546316
        ]
      },
      "properties": {
        "id": "osm-n-12346204970",
        "category": "aed",
        "name": "Restaurant Polder",
        "wheelchair": null,
        "fee": null,
        "opening_hours": null,
        "source": "osm"
      }
    },
    {
      "type": "Feature",
      "geometry": {
        "type": "Point",
        "coordinates": [
          4.9236255,
          52.3867201
        ]
      },
      "properties": {
        "id": "osm-n-12437674487",
        "category": "cafe",
        "name": "Sam's Koffie",
        "wheelchair": null,
        "fee": null,
        "opening_hours": null,
        "source": "osm"
      }
    },
    {
      "type": "Feature",
      "geometry": {
        "type": "Point",
        "coordinates": [
          4.9138404,
          52.3928129
        ]
      },
      "properties": {
        "id": "osm-n-12447792089",
        "category": "shop",
        "name": "H-Shop",
        "wheelchair": null,
        "fee": null,
        "opening_hours": null,
        "source": "osm"
      }
    },
    {
      "type": "Feature",
      "geometry": {
        "type": "Point",
        "coordinates": [
          4.9194269,
          52.3843217
        ]
      },
      "properties": {
        "id": "osm-n-12449547867",
        "category": "parking",
        "name": "Parking",
        "wheelchair": null,
        "fee": "no",
        "opening_hours": null,
        "source": "osm"
      }
    },
    {
      "type": "Feature",
      "geometry": {
        "type": "Point",
        "coordinates": [
          4.9268271,
          52.3887047
        ]
      },
      "properties": {
        "id": "osm-n-12498221945",
        "category": "toilet",
        "name": "Toilet",
        "wheelchair": null,
        "fee": null,
        "opening_hours": null,
        "source": "osm"
      }
    },
    {
      "type": "Feature",
      "geometry": {
        "type": "Point",
        "coordinates": [
          4.9323914,
          52.3866217
        ]
      },
      "properties": {
        "id": "osm-n-12498221946",
        "category": "toilet",
        "name": "Toilet",
        "wheelchair": null,
        "fee": null,
        "opening_hours": null,
        "source": "osm"
      }
    },
    {
      "type": "Feature",
      "geometry": {
        "type": "Point",
        "coordinates": [
          4.9294985,
          52.3707255
        ]
      },
      "properties": {
        "id": "osm-n-12504311823",
        "category": "charging",
        "name": "Equans",
        "wheelchair": null,
        "fee": null,
        "opening_hours": null,
        "source": "osm"
      }
    },
    {
      "type": "Feature",
      "geometry": {
        "type": "Point",
        "coordinates": [
          4.9295224,
          52.3698813
        ]
      },
      "properties": {
        "id": "osm-n-12504321958",
        "category": "charging",
        "name": "Charging",
        "wheelchair": null,
        "fee": null,
        "opening_hours": null,
        "source": "osm"
      }
    },
    {
      "type": "Feature",
      "geometry": {
        "type": "Point",
        "coordinates": [
          4.9298771,
          52.3707073
        ]
      },
      "properties": {
        "id": "osm-n-12504342526",
        "category": "charging",
        "name": "Equans",
        "wheelchair": null,
        "fee": null,
        "opening_hours": null,
        "source": "osm"
      }
    },
    {
      "type": "Feature",
      "geometry": {
        "type": "Point",
        "coordinates": [
          4.9221445,
          52.39356
        ]
      },
      "properties": {
        "id": "osm-n-12516926048",
        "category": "water",
        "name": "Water",
        "wheelchair": null,
        "fee": null,
        "opening_hours": null,
        "source": "osm"
      }
    },
    {
      "type": "Feature",
      "geometry": {
        "type": "Point",
        "coordinates": [
          4.9557899,
          52.3952136
        ]
      },
      "properties": {
        "id": "osm-n-12534244156",
        "category": "parking",
        "name": "Parking",
        "wheelchair": null,
        "fee": "no",
        "opening_hours": null,
        "source": "osm"
      }
    },
    {
      "type": "Feature",
      "geometry": {
        "type": "Point",
        "coordinates": [
          4.9304889,
          52.3621855
        ]
      },
      "properties": {
        "id": "osm-n-12586227620",
        "category": "charging",
        "name": "Charging",
        "wheelchair": null,
        "fee": null,
        "opening_hours": null,
        "source": "osm"
      }
    },
    {
      "type": "Feature",
      "geometry": {
        "type": "Point",
        "coordinates": [
          4.9402958,
          52.3634642
        ]
      },
      "properties": {
        "id": "osm-n-12638553762",
        "category": "cafe",
        "name": "Qahwa d'Or",
        "wheelchair": null,
        "fee": null,
        "opening_hours": "Tu-Su 09:00-18:00",
        "source": "osm"
      }
    },
    {
      "type": "Feature",
      "geometry": {
        "type": "Point",
        "coordinates": [
          4.9284743,
          52.3569788
        ]
      },
      "properties": {
        "id": "osm-n-12647441024",
        "category": "cafe",
        "name": "Kwekkeboom",
        "wheelchair": null,
        "fee": null,
        "opening_hours": null,
        "source": "osm"
      }
    },
    {
      "type": "Feature",
      "geometry": {
        "type": "Point",
        "coordinates": [
          4.9324319,
          52.4013524
        ]
      },
      "properties": {
        "id": "osm-n-12659992290",
        "category": "water",
        "name": "Water",
        "wheelchair": null,
        "fee": "no",
        "opening_hours": null,
        "source": "osm"
      }
    },
    {
      "type": "Feature",
      "geometry": {
        "type": "Point",
        "coordinates": [
          4.9328976,
          52.4008574
        ]
      },
      "properties": {
        "id": "osm-n-12660004564",
        "category": "aed",
        "name": "Aed",
        "wheelchair": null,
        "fee": null,
        "opening_hours": null,
        "source": "osm"
      }
    },
    {
      "type": "Feature",
      "geometry": {
        "type": "Point",
        "coordinates": [
          4.9344279,
          52.4009324
        ]
      },
      "properties": {
        "id": "osm-n-12660021814",
        "category": "aed",
        "name": "Aed",
        "wheelchair": null,
        "fee": null,
        "opening_hours": null,
        "source": "osm"
      }
    },
    {
      "type": "Feature",
      "geometry": {
        "type": "Point",
        "coordinates": [
          4.9362534,
          52.3993803
        ]
      },
      "properties": {
        "id": "osm-n-12660021815",
        "category": "aed",
        "name": "Aed",
        "wheelchair": null,
        "fee": null,
        "opening_hours": null,
        "source": "osm"
      }
    },
    {
      "type": "Feature",
      "geometry": {
        "type": "Point",
        "coordinates": [
          4.9316107,
          52.4009161
        ]
      },
      "properties": {
        "id": "osm-n-12662673801",
        "category": "parking",
        "name": "Parking",
        "wheelchair": null,
        "fee": null,
        "opening_hours": null,
        "source": "osm"
      }
    },
    {
      "type": "Feature",
      "geometry": {
        "type": "Point",
        "coordinates": [
          4.9110782,
          52.3915239
        ]
      },
      "properties": {
        "id": "osm-n-12672664301",
        "category": "charging",
        "name": "TotalEnergies",
        "wheelchair": null,
        "fee": null,
        "opening_hours": "24/7",
        "source": "osm"
      }
    },
    {
      "type": "Feature",
      "geometry": {
        "type": "Point",
        "coordinates": [
          4.9324332,
          52.3637023
        ]
      },
      "properties": {
        "id": "osm-n-12693224776",
        "category": "shop",
        "name": "Toko Man Li Ho",
        "wheelchair": null,
        "fee": null,
        "opening_hours": "We-Sa 11:00-19:00; Su 12:00-18:00",
        "source": "osm"
      }
    },
    {
      "type": "Feature",
      "geometry": {
        "type": "Point",
        "coordinates": [
          4.9358204,
          52.3623824
        ]
      },
      "properties": {
        "id": "osm-n-12699148858",
        "category": "cafe",
        "name": "Bapa",
        "wheelchair": null,
        "fee": null,
        "opening_hours": "We-Fr 08:00-16:00; Sa,Su 09:00-16:00; Mo,Tu off",
        "source": "osm"
      }
    },
    {
      "type": "Feature",
      "geometry": {
        "type": "Point",
        "coordinates": [
          4.9462528,
          52.3629439
        ]
      },
      "properties": {
        "id": "osm-n-12712902494",
        "category": "info",
        "name": "Info",
        "wheelchair": null,
        "fee": null,
        "opening_hours": null,
        "source": "osm"
      }
    },
    {
      "type": "Feature",
      "geometry": {
        "type": "Point",
        "coordinates": [
          4.9403988,
          52.3605473
        ]
      },
      "properties": {
        "id": "osm-n-12713945180",
        "category": "cafe",
        "name": "Mernissa",
        "wheelchair": null,
        "fee": null,
        "opening_hours": null,
        "source": "osm"
      }
    },
    {
      "type": "Feature",
      "geometry": {
        "type": "Point",
        "coordinates": [
          4.939756,
          52.3644303
        ]
      },
      "properties": {
        "id": "osm-n-12714064013",
        "category": "shop",
        "name": "Super Toko Nawied",
        "wheelchair": null,
        "fee": null,
        "opening_hours": null,
        "source": "osm"
      }
    },
    {
      "type": "Feature",
      "geometry": {
        "type": "Point",
        "coordinates": [
          4.9332375,
          52.3609298
        ]
      },
      "properties": {
        "id": "osm-n-12716310550",
        "category": "shop",
        "name": "Last Station",
        "wheelchair": null,
        "fee": null,
        "opening_hours": null,
        "source": "osm"
      }
    },
    {
      "type": "Feature",
      "geometry": {
        "type": "Point",
        "coordinates": [
          4.9350961,
          52.3635838
        ]
      },
      "properties": {
        "id": "osm-n-12719170061",
        "category": "shop",
        "name": "Java Markt",
        "wheelchair": null,
        "fee": null,
        "opening_hours": null,
        "source": "osm"
      }
    },
    {
      "type": "Feature",
      "geometry": {
        "type": "Point",
        "coordinates": [
          4.9459,
          52.3623385
        ]
      },
      "properties": {
        "id": "osm-n-12723125275",
        "category": "info",
        "name": "Info",
        "wheelchair": null,
        "fee": null,
        "opening_hours": null,
        "source": "osm"
      }
    },
    {
      "type": "Feature",
      "geometry": {
        "type": "Point",
        "coordinates": [
          4.9186228,
          52.3700661
        ]
      },
      "properties": {
        "id": "osm-n-12725812928",
        "category": "cafe",
        "name": "Smushy",
        "wheelchair": null,
        "fee": null,
        "opening_hours": null,
        "source": "osm"
      }
    },
    {
      "type": "Feature",
      "geometry": {
        "type": "Point",
        "coordinates": [
          4.9507969,
          52.3567651
        ]
      },
      "properties": {
        "id": "osm-n-12777201096",
        "category": "info",
        "name": "Info",
        "wheelchair": null,
        "fee": null,
        "opening_hours": null,
        "source": "osm"
      }
    },
    {
      "type": "Feature",
      "geometry": {
        "type": "Point",
        "coordinates": [
          4.9516395,
          52.3571086
        ]
      },
      "properties": {
        "id": "osm-n-12777201169",
        "category": "charging",
        "name": "EVBox",
        "wheelchair": null,
        "fee": null,
        "opening_hours": null,
        "source": "osm"
      }
    },
    {
      "type": "Feature",
      "geometry": {
        "type": "Point",
        "coordinates": [
          4.9516438,
          52.3571624
        ]
      },
      "properties": {
        "id": "osm-n-12777201170",
        "category": "charging",
        "name": "EVBox",
        "wheelchair": null,
        "fee": null,
        "opening_hours": null,
        "source": "osm"
      }
    },
    {
      "type": "Feature",
      "geometry": {
        "type": "Point",
        "coordinates": [
          4.951905,
          52.3572667
        ]
      },
      "properties": {
        "id": "osm-n-12777201171",
        "category": "charging",
        "name": "EVBox",
        "wheelchair": null,
        "fee": null,
        "opening_hours": null,
        "source": "osm"
      }
    },
    {
      "type": "Feature",
      "geometry": {
        "type": "Point",
        "coordinates": [
          4.9523466,
          52.357248
        ]
      },
      "properties": {
        "id": "osm-n-12777201172",
        "category": "charging",
        "name": "EVBox",
        "wheelchair": null,
        "fee": null,
        "opening_hours": null,
        "source": "osm"
      }
    },
    {
      "type": "Feature",
      "geometry": {
        "type": "Point",
        "coordinates": [
          4.9522735,
          52.3572507
        ]
      },
      "properties": {
        "id": "osm-n-12777201173",
        "category": "charging",
        "name": "EVBox",
        "wheelchair": null,
        "fee": null,
        "opening_hours": null,
        "source": "osm"
      }
    },
    {
      "type": "Feature",
      "geometry": {
        "type": "Point",
        "coordinates": [
          4.9522014,
          52.3572552
        ]
      },
      "properties": {
        "id": "osm-n-12777201174",
        "category": "charging",
        "name": "EVBox",
        "wheelchair": null,
        "fee": null,
        "opening_hours": null,
        "source": "osm"
      }
    },
    {
      "type": "Feature",
      "geometry": {
        "type": "Point",
        "coordinates": [
          4.9521296,
          52.357257
        ]
      },
      "properties": {
        "id": "osm-n-12777201175",
        "category": "charging",
        "name": "EVBox",
        "wheelchair": null,
        "fee": null,
        "opening_hours": null,
        "source": "osm"
      }
    },
    {
      "type": "Feature",
      "geometry": {
        "type": "Point",
        "coordinates": [
          4.9520559,
          52.3572607
        ]
      },
      "properties": {
        "id": "osm-n-12777201176",
        "category": "charging",
        "name": "EVBox",
        "wheelchair": null,
        "fee": null,
        "opening_hours": null,
        "source": "osm"
      }
    },
    {
      "type": "Feature",
      "geometry": {
        "type": "Point",
        "coordinates": [
          4.9542707,
          52.3544306
        ]
      },
      "properties": {
        "id": "osm-n-12778593984",
        "category": "info",
        "name": "Info",
        "wheelchair": null,
        "fee": null,
        "opening_hours": null,
        "source": "osm"
      }
    },
    {
      "type": "Feature",
      "geometry": {
        "type": "Point",
        "coordinates": [
          4.9329824,
          52.3939903
        ]
      },
      "properties": {
        "id": "osm-n-12785703269",
        "category": "charging",
        "name": "TotalEnergies",
        "wheelchair": null,
        "fee": "yes",
        "opening_hours": null,
        "source": "osm"
      }
    },
    {
      "type": "Feature",
      "geometry": {
        "type": "Point",
        "coordinates": [
          4.9473809,
          52.3526243
        ]
      },
      "properties": {
        "id": "osm-n-12881424053",
        "category": "cafe",
        "name": "Noon Coffee & Culture",
        "wheelchair": null,
        "fee": null,
        "opening_hours": "Mo-Fr 08:00-17:00; Sa-Su 09:00-17:00",
        "source": "osm"
      }
    },
    {
      "type": "Feature",
      "geometry": {
        "type": "Point",
        "coordinates": [
          4.9110178,
          52.3949039
        ]
      },
      "properties": {
        "id": "osm-n-12928091680",
        "category": "cafe",
        "name": "Poppies",
        "wheelchair": null,
        "fee": null,
        "opening_hours": null,
        "source": "osm"
      }
    },
    {
      "type": "Feature",
      "geometry": {
        "type": "Point",
        "coordinates": [
          4.9374623,
          52.3638978
        ]
      },
      "properties": {
        "id": "osm-n-12951784796",
        "category": "cafe",
        "name": "Bubble Trouble Tea",
        "wheelchair": null,
        "fee": null,
        "opening_hours": null,
        "source": "osm"
      }
    },
    {
      "type": "Feature",
      "geometry": {
        "type": "Point",
        "coordinates": [
          4.9160979,
          52.3656354
        ]
      },
      "properties": {
        "id": "osm-n-12952111447",
        "category": "cafe",
        "name": "Duivenhuis",
        "wheelchair": null,
        "fee": null,
        "opening_hours": null,
        "source": "osm"
      }
    },
    {
      "type": "Feature",
      "geometry": {
        "type": "Point",
        "coordinates": [
          4.9312189,
          52.3604791
        ]
      },
      "properties": {
        "id": "osm-n-12959473275",
        "category": "info",
        "name": "Info",
        "wheelchair": null,
        "fee": null,
        "opening_hours": null,
        "source": "osm"
      }
    },
    {
      "type": "Feature",
      "geometry": {
        "type": "Point",
        "coordinates": [
          4.9182855,
          52.3654384
        ]
      },
      "properties": {
        "id": "osm-n-12970714121",
        "category": "toilet",
        "name": "Toilet",
        "wheelchair": null,
        "fee": null,
        "opening_hours": null,
        "source": "osm"
      }
    },
    {
      "type": "Feature",
      "geometry": {
        "type": "Point",
        "coordinates": [
          4.9228614,
          52.3993321
        ]
      },
      "properties": {
        "id": "osm-n-12981283456",
        "category": "info",
        "name": "Vleermuizenroute Elzenhagan Zuid",
        "wheelchair": null,
        "fee": null,
        "opening_hours": null,
        "source": "osm"
      }
    },
    {
      "type": "Feature",
      "geometry": {
        "type": "Point",
        "coordinates": [
          4.9257378,
          52.3935168
        ]
      },
      "properties": {
        "id": "osm-n-12997648060",
        "category": "charging",
        "name": "Charging",
        "wheelchair": null,
        "fee": "yes",
        "opening_hours": "24/7",
        "source": "osm"
      }
    },
    {
      "type": "Feature",
      "geometry": {
        "type": "Point",
        "coordinates": [
          4.943413,
          52.3740343
        ]
      },
      "properties": {
        "id": "osm-n-13001050612",
        "category": "charging",
        "name": "Equans",
        "wheelchair": null,
        "fee": null,
        "opening_hours": null,
        "source": "osm"
      }
    },
    {
      "type": "Feature",
      "geometry": {
        "type": "Point",
        "coordinates": [
          4.9190577,
          52.3853337
        ]
      },
      "properties": {
        "id": "osm-n-13072722359",
        "category": "charging",
        "name": "Charging",
        "wheelchair": null,
        "fee": null,
        "opening_hours": null,
        "source": "osm"
      }
    },
    {
      "type": "Feature",
      "geometry": {
        "type": "Point",
        "coordinates": [
          4.9194727,
          52.3882552
        ]
      },
      "properties": {
        "id": "osm-n-13072750310",
        "category": "charging",
        "name": "Charging",
        "wheelchair": null,
        "fee": null,
        "opening_hours": null,
        "source": "osm"
      }
    },
    {
      "type": "Feature",
      "geometry": {
        "type": "Point",
        "coordinates": [
          4.918028,
          52.3817727
        ]
      },
      "properties": {
        "id": "osm-n-13074903796",
        "category": "charging",
        "name": "Charging",
        "wheelchair": null,
        "fee": null,
        "opening_hours": null,
        "source": "osm"
      }
    },
    {
      "type": "Feature",
      "geometry": {
        "type": "Point",
        "coordinates": [
          4.9556169,
          52.3589111
        ]
      },
      "properties": {
        "id": "osm-n-13110522281",
        "category": "water",
        "name": "Water",
        "wheelchair": null,
        "fee": null,
        "opening_hours": null,
        "source": "osm"
      }
    },
    {
      "type": "Feature",
      "geometry": {
        "type": "Point",
        "coordinates": [
          4.9643017,
          52.3738805
        ]
      },
      "properties": {
        "id": "osm-n-13189754273",
        "category": "shop",
        "name": "Supermarkt Zeeburg",
        "wheelchair": null,
        "fee": null,
        "opening_hours": "Mo-Sa 10:00-21:00; Su 10:30-20:00",
        "source": "osm"
      }
    },
    {
      "type": "Feature",
      "geometry": {
        "type": "Point",
        "coordinates": [
          4.969963,
          52.355666
        ]
      },
      "properties": {
        "id": "osm-n-13278220162",
        "category": "info",
        "name": "Op de grens van Diemen",
        "wheelchair": null,
        "fee": null,
        "opening_hours": null,
        "source": "osm"
      }
    },
    {
      "type": "Feature",
      "geometry": {
        "type": "Point",
        "coordinates": [
          4.9714551,
          52.3488149
        ]
      },
      "properties": {
        "id": "osm-n-13278220163",
        "category": "info",
        "name": "Oud-Diemen",
        "wheelchair": null,
        "fee": null,
        "opening_hours": null,
        "source": "osm"
      }
    },
    {
      "type": "Feature",
      "geometry": {
        "type": "Point",
        "coordinates": [
          4.9501062,
          52.3952638
        ]
      },
      "properties": {
        "id": "osm-n-13319041549",
        "category": "water",
        "name": "Water",
        "wheelchair": null,
        "fee": null,
        "opening_hours": null,
        "source": "osm"
      }
    },
    {
      "type": "Feature",
      "geometry": {
        "type": "Point",
        "coordinates": [
          4.9097591,
          52.3774629
        ]
      },
      "properties": {
        "id": "osm-n-13336877939",
        "category": "info",
        "name": "Info",
        "wheelchair": null,
        "fee": null,
        "opening_hours": null,
        "source": "osm"
      }
    },
    {
      "type": "Feature",
      "geometry": {
        "type": "Point",
        "coordinates": [
          4.9369989,
          52.3741704
        ]
      },
      "properties": {
        "id": "osm-n-13446518115",
        "category": "aed",
        "name": "Aed",
        "wheelchair": null,
        "fee": null,
        "opening_hours": null,
        "source": "osm"
      }
    },
    {
      "type": "Feature",
      "geometry": {
        "type": "Point",
        "coordinates": [
          4.9975836,
          52.3564579
        ]
      },
      "properties": {
        "id": "osm-n-13504971332",
        "category": "clinic",
        "name": "Bergman Clinics",
        "wheelchair": null,
        "fee": null,
        "opening_hours": "Mo-Fr 08:30-16:30",
        "source": "osm"
      }
    },
    {
      "type": "Feature",
      "geometry": {
        "type": "Point",
        "coordinates": [
          4.9647033,
          52.3891943
        ]
      },
      "properties": {
        "id": "osm-n-13513026387",
        "category": "shop",
        "name": "Shop",
        "wheelchair": null,
        "fee": null,
        "opening_hours": "24/7",
        "source": "osm"
      }
    },
    {
      "type": "Feature",
      "geometry": {
        "type": "Point",
        "coordinates": [
          4.9702277,
          52.3692972
        ]
      },
      "properties": {
        "id": "osm-n-13513028761",
        "category": "charging",
        "name": "Kriterion Studentenpomp",
        "wheelchair": null,
        "fee": "yes",
        "opening_hours": null,
        "source": "osm"
      }
    },
    {
      "type": "Feature",
      "geometry": {
        "type": "Point",
        "coordinates": [
          4.9248724,
          52.3851832
        ]
      },
      "properties": {
        "id": "osm-n-13664546202",
        "category": "cafe",
        "name": "Cafe Voorwaarts",
        "wheelchair": null,
        "fee": null,
        "opening_hours": "Fr 15:00-01:00",
        "source": "osm"
      }
    },
    {
      "type": "Feature",
      "geometry": {
        "type": "Point",
        "coordinates": [
          4.9278923,
          52.3782866
        ]
      },
      "properties": {
        "id": "osm-n-13688561430",
        "category": "aed",
        "name": "Aed",
        "wheelchair": null,
        "fee": null,
        "opening_hours": null,
        "source": "osm"
      }
    },
    {
      "type": "Feature",
      "geometry": {
        "type": "Point",
        "coordinates": [
          4.9261002,
          52.3786006
        ]
      },
      "properties": {
        "id": "osm-n-13688561431",
        "category": "aed",
        "name": "Aed",
        "wheelchair": null,
        "fee": null,
        "opening_hours": null,
        "source": "osm"
      }
    },
    {
      "type": "Feature",
      "geometry": {
        "type": "Point",
        "coordinates": [
          4.924754,
          52.3788343
        ]
      },
      "properties": {
        "id": "osm-n-13688561432",
        "category": "aed",
        "name": "Aed",
        "wheelchair": null,
        "fee": null,
        "opening_hours": null,
        "source": "osm"
      }
    },
    {
      "type": "Feature",
      "geometry": {
        "type": "Point",
        "coordinates": [
          4.9268364,
          52.379297
        ]
      },
      "properties": {
        "id": "osm-n-13688561434",
        "category": "aed",
        "name": "Aed",
        "wheelchair": null,
        "fee": null,
        "opening_hours": null,
        "source": "osm"
      }
    },
    {
      "type": "Feature",
      "geometry": {
        "type": "Point",
        "coordinates": [
          4.9289394,
          52.3789795
        ]
      },
      "properties": {
        "id": "osm-n-13688561435",
        "category": "aed",
        "name": "Aed",
        "wheelchair": null,
        "fee": null,
        "opening_hours": null,
        "source": "osm"
      }
    },
    {
      "type": "Feature",
      "geometry": {
        "type": "Point",
        "coordinates": [
          4.933703,
          52.3781524
        ]
      },
      "properties": {
        "id": "osm-n-13688561436",
        "category": "aed",
        "name": "Aed",
        "wheelchair": null,
        "fee": null,
        "opening_hours": null,
        "source": "osm"
      }
    },
    {
      "type": "Feature",
      "geometry": {
        "type": "Point",
        "coordinates": [
          4.9469688,
          52.3770332
        ]
      },
      "properties": {
        "id": "osm-n-13688561437",
        "category": "aed",
        "name": "Aed",
        "wheelchair": null,
        "fee": null,
        "opening_hours": null,
        "source": "osm"
      }
    },
    {
      "type": "Feature",
      "geometry": {
        "type": "Point",
        "coordinates": [
          4.9663738,
          52.3733593
        ]
      },
      "properties": {
        "id": "osm-n-13688662579",
        "category": "toilet",
        "name": "Toilet",
        "wheelchair": null,
        "fee": "no",
        "opening_hours": null,
        "source": "osm"
      }
    },
    {
      "type": "Feature",
      "geometry": {
        "type": "Point",
        "coordinates": [
          4.9750582,
          52.3791586
        ]
      },
      "properties": {
        "id": "osm-n-13706760433",
        "category": "info",
        "name": "Fietsroute netwerk Amstelland en Meerlanden",
        "wheelchair": null,
        "fee": null,
        "opening_hours": null,
        "source": "osm"
      }
    },
    {
      "type": "Feature",
      "geometry": {
        "type": "Point",
        "coordinates": [
          4.9750481,
          52.3791666
        ]
      },
      "properties": {
        "id": "osm-n-13706760434",
        "category": "info",
        "name": "Fietsroute netwerk 'Laag Holland'",
        "wheelchair": null,
        "fee": null,
        "opening_hours": null,
        "source": "osm"
      }
    },
    {
      "type": "Feature",
      "geometry": {
        "type": "Point",
        "coordinates": [
          4.9750179,
          52.3792028
        ]
      },
      "properties": {
        "id": "osm-n-13706760435",
        "category": "info",
        "name": "Info",
        "wheelchair": null,
        "fee": null,
        "opening_hours": null,
        "source": "osm"
      }
    },
    {
      "type": "Feature",
      "geometry": {
        "type": "Point",
        "coordinates": [
          4.9798845,
          52.3744792
        ]
      },
      "properties": {
        "id": "osm-n-13707440681",
        "category": "charging",
        "name": "Charging",
        "wheelchair": null,
        "fee": "yes",
        "opening_hours": null,
        "source": "osm"
      }
    },
    {
      "type": "Feature",
      "geometry": {
        "type": "Point",
        "coordinates": [
          4.9096772,
          52.3907774
        ]
      },
      "properties": {
        "id": "osm-n-13751844699",
        "category": "charging",
        "name": "Charging",
        "wheelchair": null,
        "fee": null,
        "opening_hours": null,
        "source": "osm"
      }
    },
    {
      "type": "Feature",
      "geometry": {
        "type": "Point",
        "coordinates": [
          4.9929755,
          52.3786148
        ]
      },
      "properties": {
        "id": "osm-n-13752237240",
        "category": "charging",
        "name": "Charging",
        "wheelchair": null,
        "fee": null,
        "opening_hours": null,
        "source": "osm"
      }
    },
    {
      "type": "Feature",
      "geometry": {
        "type": "Point",
        "coordinates": [
          4.9945412,
          52.3790137
        ]
      },
      "properties": {
        "id": "osm-n-13752330051",
        "category": "charging",
        "name": "Charging",
        "wheelchair": null,
        "fee": null,
        "opening_hours": null,
        "source": "osm"
      }
    },
    {
      "type": "Feature",
      "geometry": {
        "type": "Point",
        "coordinates": [
          4.9128053,
          52.3810665
        ]
      },
      "properties": {
        "id": "osm-n-13756672301",
        "category": "cafe",
        "name": "Het Dorp",
        "wheelchair": null,
        "fee": null,
        "opening_hours": "Th 16:00-00:00; Fr-Sa 16:00-01:00; Su 16:00-22:00",
        "source": "osm"
      }
    },
    {
      "type": "Feature",
      "geometry": {
        "type": "Point",
        "coordinates": [
          4.9367401,
          52.3524807
        ]
      },
      "properties": {
        "id": "osm-n-13763416331",
        "category": "charging",
        "name": "Equans",
        "wheelchair": null,
        "fee": null,
        "opening_hours": null,
        "source": "osm"
      }
    },
    {
      "type": "Feature",
      "geometry": {
        "type": "Point",
        "coordinates": [
          5.0004521,
          52.3806594
        ]
      },
      "properties": {
        "id": "osm-n-13764994291",
        "category": "charging",
        "name": "Charging",
        "wheelchair": null,
        "fee": null,
        "opening_hours": null,
        "source": "osm"
      }
    },
    {
      "type": "Feature",
      "geometry": {
        "type": "Point",
        "coordinates": [
          4.9992774,
          52.3802786
        ]
      },
      "properties": {
        "id": "osm-n-13765031849",
        "category": "charging",
        "name": "Charging",
        "wheelchair": null,
        "fee": null,
        "opening_hours": null,
        "source": "osm"
      }
    },
    {
      "type": "Feature",
      "geometry": {
        "type": "Point",
        "coordinates": [
          5.0028425,
          52.3813554
        ]
      },
      "properties": {
        "id": "osm-n-13765886186",
        "category": "info",
        "name": "Info",
        "wheelchair": null,
        "fee": null,
        "opening_hours": null,
        "source": "osm"
      }
    },
    {
      "type": "Feature",
      "geometry": {
        "type": "Point",
        "coordinates": [
          5.0025356,
          52.3844997
        ]
      },
      "properties": {
        "id": "osm-n-13792014686",
        "category": "charging",
        "name": "Charging",
        "wheelchair": null,
        "fee": "yes",
        "opening_hours": null,
        "source": "osm"
      }
    },
    {
      "type": "Feature",
      "geometry": {
        "type": "Point",
        "coordinates": [
          4.9154574,
          52.3675937
        ]
      },
      "properties": {
        "id": "osm-w-4366724",
        "category": "parking",
        "name": "P. Artis",
        "wheelchair": "yes",
        "fee": "yes",
        "opening_hours": null,
        "source": "osm"
      }
    },
    {
      "type": "Feature",
      "geometry": {
        "type": "Point",
        "coordinates": [
          4.9244867,
          52.3700276
        ]
      },
      "properties": {
        "id": "osm-w-27688145",
        "category": "parking",
        "name": "Parking",
        "wheelchair": null,
        "fee": null,
        "opening_hours": null,
        "source": "osm"
      }
    },
    {
      "type": "Feature",
      "geometry": {
        "type": "Point",
        "coordinates": [
          4.9413026,
          52.3970047
        ]
      },
      "properties": {
        "id": "osm-w-27733716",
        "category": "parking",
        "name": "Parking",
        "wheelchair": null,
        "fee": "yes",
        "opening_hours": null,
        "source": "osm"
      }
    },
    {
      "type": "Feature",
      "geometry": {
        "type": "Point",
        "coordinates": [
          4.9309608,
          52.3838641
        ]
      },
      "properties": {
        "id": "osm-w-33462611",
        "category": "parking",
        "name": "Parking",
        "wheelchair": null,
        "fee": null,
        "opening_hours": null,
        "source": "osm"
      }
    },
    {
      "type": "Feature",
      "geometry": {
        "type": "Point",
        "coordinates": [
          4.9219157,
          52.4046484
        ]
      },
      "properties": {
        "id": "osm-w-37379077",
        "category": "hospital",
        "name": "BovenIJ Ziekenhuis",
        "wheelchair": null,
        "fee": null,
        "opening_hours": null,
        "source": "osm"
      }
    },
    {
      "type": "Feature",
      "geometry": {
        "type": "Point",
        "coordinates": [
          4.937903,
          52.3982214
        ]
      },
      "properties": {
        "id": "osm-w-53753267",
        "category": "parking",
        "name": "Parking",
        "wheelchair": null,
        "fee": null,
        "opening_hours": null,
        "source": "osm"
      }
    },
    {
      "type": "Feature",
      "geometry": {
        "type": "Point",
        "coordinates": [
          4.9394126,
          52.397818
        ]
      },
      "properties": {
        "id": "osm-w-53753268",
        "category": "parking",
        "name": "Parking",
        "wheelchair": null,
        "fee": null,
        "opening_hours": null,
        "source": "osm"
      }
    },
    {
      "type": "Feature",
      "geometry": {
        "type": "Point",
        "coordinates": [
          4.962847,
          52.3871021
        ]
      },
      "properties": {
        "id": "osm-w-55222072",
        "category": "parking",
        "name": "Parking",
        "wheelchair": null,
        "fee": null,
        "opening_hours": null,
        "source": "osm"
      }
    },
    {
      "type": "Feature",
      "geometry": {
        "type": "Point",
        "coordinates": [
          4.92697,
          52.3915054
        ]
      },
      "properties": {
        "id": "osm-w-65204154",
        "category": "parking",
        "name": "Parking",
        "wheelchair": null,
        "fee": null,
        "opening_hours": null,
        "source": "osm"
      }
    },
    {
      "type": "Feature",
      "geometry": {
        "type": "Point",
        "coordinates": [
          4.9451583,
          52.3908035
        ]
      },
      "properties": {
        "id": "osm-w-68914878",
        "category": "parking",
        "name": "Parking",
        "wheelchair": null,
        "fee": null,
        "opening_hours": null,
        "source": "osm"
      }
    },
    {
      "type": "Feature",
      "geometry": {
        "type": "Point",
        "coordinates": [
          5.0027236,
          52.3820695
        ]
      },
      "properties": {
        "id": "osm-w-75132461",
        "category": "parking",
        "name": "Parking",
        "wheelchair": null,
        "fee": null,
        "opening_hours": null,
        "source": "osm"
      }
    },
    {
      "type": "Feature",
      "geometry": {
        "type": "Point",
        "coordinates": [
          4.9577214,
          52.3535052
        ]
      },
      "properties": {
        "id": "osm-w-77951015",
        "category": "parking",
        "name": "Science Park P7",
        "wheelchair": null,
        "fee": "yes",
        "opening_hours": null,
        "source": "osm"
      }
    },
    {
      "type": "Feature",
      "geometry": {
        "type": "Point",
        "coordinates": [
          4.9456947,
          52.3493735
        ]
      },
      "properties": {
        "id": "osm-w-100722294",
        "category": "parking",
        "name": "Parking",
        "wheelchair": null,
        "fee": "yes",
        "opening_hours": null,
        "source": "osm"
      }
    },
    {
      "type": "Feature",
      "geometry": {
        "type": "Point",
        "coordinates": [
          4.9358619,
          52.4005347
        ]
      },
      "properties": {
        "id": "osm-w-108334783",
        "category": "parking",
        "name": "Parking",
        "wheelchair": null,
        "fee": null,
        "opening_hours": null,
        "source": "osm"
      }
    },
    {
      "type": "Feature",
      "geometry": {
        "type": "Point",
        "coordinates": [
          4.9546145,
          52.3919036
        ]
      },
      "properties": {
        "id": "osm-w-118763647",
        "category": "parking",
        "name": "Waterlandplein",
        "wheelchair": null,
        "fee": null,
        "opening_hours": null,
        "source": "osm"
      }
    },
    {
      "type": "Feature",
      "geometry": {
        "type": "Point",
        "coordinates": [
          4.9723323,
          52.3712065
        ]
      },
      "properties": {
        "id": "osm-w-145099771",
        "category": "parking",
        "name": "Parking",
        "wheelchair": null,
        "fee": null,
        "opening_hours": null,
        "source": "osm"
      }
    },
    {
      "type": "Feature",
      "geometry": {
        "type": "Point",
        "coordinates": [
          4.9644588,
          52.3705935
        ]
      },
      "properties": {
        "id": "osm-w-145119463",
        "category": "parking",
        "name": "P+R Zeeburg II",
        "wheelchair": null,
        "fee": "yes",
        "opening_hours": null,
        "source": "osm"
      }
    },
    {
      "type": "Feature",
      "geometry": {
        "type": "Point",
        "coordinates": [
          4.9352419,
          52.39762
        ]
      },
      "properties": {
        "id": "osm-w-146735239",
        "category": "parking",
        "name": "Parking",
        "wheelchair": null,
        "fee": null,
        "opening_hours": null,
        "source": "osm"
      }
    },
    {
      "type": "Feature",
      "geometry": {
        "type": "Point",
        "coordinates": [
          4.9328794,
          52.3962999
        ]
      },
      "properties": {
        "id": "osm-w-146736623",
        "category": "parking",
        "name": "Parking",
        "wheelchair": null,
        "fee": null,
        "opening_hours": null,
        "source": "osm"
      }
    },
    {
      "type": "Feature",
      "geometry": {
        "type": "Point",
        "coordinates": [
          4.9317377,
          52.3968363
        ]
      },
      "properties": {
        "id": "osm-w-146736627",
        "category": "parking",
        "name": "Parking",
        "wheelchair": null,
        "fee": null,
        "opening_hours": null,
        "source": "osm"
      }
    },
    {
      "type": "Feature",
      "geometry": {
        "type": "Point",
        "coordinates": [
          4.9391045,
          52.3963439
        ]
      },
      "properties": {
        "id": "osm-w-146736629",
        "category": "parking",
        "name": "Parking",
        "wheelchair": null,
        "fee": null,
        "opening_hours": null,
        "source": "osm"
      }
    },
    {
      "type": "Feature",
      "geometry": {
        "type": "Point",
        "coordinates": [
          4.9366088,
          52.3931562
        ]
      },
      "properties": {
        "id": "osm-w-146736632",
        "category": "parking",
        "name": "Parking",
        "wheelchair": null,
        "fee": null,
        "opening_hours": null,
        "source": "osm"
      }
    },
    {
      "type": "Feature",
      "geometry": {
        "type": "Point",
        "coordinates": [
          4.9367738,
          52.3952178
        ]
      },
      "properties": {
        "id": "osm-w-146736935",
        "category": "parking",
        "name": "Parking",
        "wheelchair": null,
        "fee": null,
        "opening_hours": null,
        "source": "osm"
      }
    },
    {
      "type": "Feature",
      "geometry": {
        "type": "Point",
        "coordinates": [
          4.9316083,
          52.400143
        ]
      },
      "properties": {
        "id": "osm-w-146979910",
        "category": "parking",
        "name": "Parking",
        "wheelchair": "yes",
        "fee": "yes",
        "opening_hours": null,
        "source": "osm"
      }
    },
    {
      "type": "Feature",
      "geometry": {
        "type": "Point",
        "coordinates": [
          4.9505183,
          52.3986379
        ]
      },
      "properties": {
        "id": "osm-w-146990222",
        "category": "parking",
        "name": "Parking",
        "wheelchair": null,
        "fee": null,
        "opening_hours": null,
        "source": "osm"
      }
    },
    {
      "type": "Feature",
      "geometry": {
        "type": "Point",
        "coordinates": [
          4.9413189,
          52.3680947
        ]
      },
      "properties": {
        "id": "osm-w-147561236",
        "category": "parking",
        "name": "Parking",
        "wheelchair": null,
        "fee": null,
        "opening_hours": null,
        "source": "osm"
      }
    },
    {
      "type": "Feature",
      "geometry": {
        "type": "Point",
        "coordinates": [
          4.9441358,
          52.3681262
        ]
      },
      "properties": {
        "id": "osm-w-147561244",
        "category": "parking",
        "name": "Parking",
        "wheelchair": null,
        "fee": null,
        "opening_hours": null,
        "source": "osm"
      }
    },
    {
      "type": "Feature",
      "geometry": {
        "type": "Point",
        "coordinates": [
          4.9350696,
          52.3679662
        ]
      },
      "properties": {
        "id": "osm-w-147604490",
        "category": "parking",
        "name": "Parking",
        "wheelchair": null,
        "fee": null,
        "opening_hours": null,
        "source": "osm"
      }
    },
    {
      "type": "Feature",
      "geometry": {
        "type": "Point",
        "coordinates": [
          4.9405001,
          52.357922
        ]
      },
      "properties": {
        "id": "osm-w-148308603",
        "category": "parking",
        "name": "Parking",
        "wheelchair": "limited",
        "fee": "no",
        "opening_hours": null,
        "source": "osm"
      }
    },
    {
      "type": "Feature",
      "geometry": {
        "type": "Point",
        "coordinates": [
          4.9805626,
          52.360838
        ]
      },
      "properties": {
        "id": "osm-w-151052486",
        "category": "parking",
        "name": "Parking",
        "wheelchair": "yes",
        "fee": null,
        "opening_hours": null,
        "source": "osm"
      }
    },
    {
      "type": "Feature",
      "geometry": {
        "type": "Point",
        "coordinates": [
          4.982007,
          52.3614317
        ]
      },
      "properties": {
        "id": "osm-w-151052487",
        "category": "parking",
        "name": "Parking",
        "wheelchair": "yes",
        "fee": null,
        "opening_hours": null,
        "source": "osm"
      }
    },
    {
      "type": "Feature",
      "geometry": {
        "type": "Point",
        "coordinates": [
          4.980985,
          52.3599231
        ]
      },
      "properties": {
        "id": "osm-w-151052981",
        "category": "parking",
        "name": "Parking",
        "wheelchair": "yes",
        "fee": null,
        "opening_hours": null,
        "source": "osm"
      }
    },
    {
      "type": "Feature",
      "geometry": {
        "type": "Point",
        "coordinates": [
          4.9780917,
          52.3608975
        ]
      },
      "properties": {
        "id": "osm-w-151054301",
        "category": "parking",
        "name": "Parking",
        "wheelchair": "yes",
        "fee": null,
        "opening_hours": null,
        "source": "osm"
      }
    },
    {
      "type": "Feature",
      "geometry": {
        "type": "Point",
        "coordinates": [
          4.9759244,
          52.3625132
        ]
      },
      "properties": {
        "id": "osm-w-151054302",
        "category": "parking",
        "name": "Parking",
        "wheelchair": "yes",
        "fee": "yes",
        "opening_hours": null,
        "source": "osm"
      }
    },
    {
      "type": "Feature",
      "geometry": {
        "type": "Point",
        "coordinates": [
          4.9768646,
          52.3630182
        ]
      },
      "properties": {
        "id": "osm-w-151054303",
        "category": "parking",
        "name": "Parking",
        "wheelchair": "yes",
        "fee": null,
        "opening_hours": null,
        "source": "osm"
      }
    },
    {
      "type": "Feature",
      "geometry": {
        "type": "Point",
        "coordinates": [
          4.9764555,
          52.3627776
        ]
      },
      "properties": {
        "id": "osm-w-151054304",
        "category": "parking",
        "name": "Parking",
        "wheelchair": "yes",
        "fee": null,
        "opening_hours": null,
        "source": "osm"
      }
    },
    {
      "type": "Feature",
      "geometry": {
        "type": "Point",
        "coordinates": [
          4.980494,
          52.3618862
        ]
      },
      "properties": {
        "id": "osm-w-151054306",
        "category": "parking",
        "name": "Parking",
        "wheelchair": "yes",
        "fee": null,
        "opening_hours": null,
        "source": "osm"
      }
    },
    {
      "type": "Feature",
      "geometry": {
        "type": "Point",
        "coordinates": [
          4.9072196,
          52.3777262
        ]
      },
      "properties": {
        "id": "osm-w-151235497",
        "category": "parking",
        "name": "De Ruijterkade",
        "wheelchair": "yes",
        "fee": "yes",
        "opening_hours": null,
        "source": "osm"
      }
    },
    {
      "type": "Feature",
      "geometry": {
        "type": "Point",
        "coordinates": [
          4.9591492,
          52.3649047
        ]
      },
      "properties": {
        "id": "osm-w-153718175",
        "category": "parking",
        "name": "P2",
        "wheelchair": null,
        "fee": null,
        "opening_hours": null,
        "source": "osm"
      }
    },
    {
      "type": "Feature",
      "geometry": {
        "type": "Point",
        "coordinates": [
          4.9599576,
          52.365106
        ]
      },
      "properties": {
        "id": "osm-w-153718182",
        "category": "parking",
        "name": "P3",
        "wheelchair": null,
        "fee": null,
        "opening_hours": null,
        "source": "osm"
      }
    },
    {
      "type": "Feature",
      "geometry": {
        "type": "Point",
        "coordinates": [
          4.9288277,
          52.4043682
        ]
      },
      "properties": {
        "id": "osm-w-155441800",
        "category": "parking",
        "name": "Parking",
        "wheelchair": null,
        "fee": null,
        "opening_hours": null,
        "source": "osm"
      }
    },
    {
      "type": "Feature",
      "geometry": {
        "type": "Point",
        "coordinates": [
          4.9302775,
          52.4051273
        ]
      },
      "properties": {
        "id": "osm-w-155442974",
        "category": "parking",
        "name": "Parking",
        "wheelchair": null,
        "fee": null,
        "opening_hours": null,
        "source": "osm"
      }
    },
    {
      "type": "Feature",
      "geometry": {
        "type": "Point",
        "coordinates": [
          4.9375751,
          52.3927049
        ]
      },
      "properties": {
        "id": "osm-w-155444282",
        "category": "parking",
        "name": "Parking",
        "wheelchair": null,
        "fee": null,
        "opening_hours": null,
        "source": "osm"
      }
    },
    {
      "type": "Feature",
      "geometry": {
        "type": "Point",
        "coordinates": [
          4.9453347,
          52.3896205
        ]
      },
      "properties": {
        "id": "osm-w-155835697",
        "category": "parking",
        "name": "Parking",
        "wheelchair": null,
        "fee": null,
        "opening_hours": null,
        "source": "osm"
      }
    },
    {
      "type": "Feature",
      "geometry": {
        "type": "Point",
        "coordinates": [
          4.9454804,
          52.3895824
        ]
      },
      "properties": {
        "id": "osm-w-155835702",
        "category": "parking",
        "name": "Parking",
        "wheelchair": null,
        "fee": null,
        "opening_hours": null,
        "source": "osm"
      }
    },
    {
      "type": "Feature",
      "geometry": {
        "type": "Point",
        "coordinates": [
          4.962347,
          52.3929198
        ]
      },
      "properties": {
        "id": "osm-w-155838119",
        "category": "parking",
        "name": "Parking",
        "wheelchair": null,
        "fee": null,
        "opening_hours": null,
        "source": "osm"
      }
    },
    {
      "type": "Feature",
      "geometry": {
        "type": "Point",
        "coordinates": [
          4.9621885,
          52.3928845
        ]
      },
      "properties": {
        "id": "osm-w-155838122",
        "category": "parking",
        "name": "Parking",
        "wheelchair": null,
        "fee": null,
        "opening_hours": null,
        "source": "osm"
      }
    },
    {
      "type": "Feature",
      "geometry": {
        "type": "Point",
        "coordinates": [
          4.9477781,
          52.3663923
        ]
      },
      "properties": {
        "id": "osm-w-157326300",
        "category": "parking",
        "name": "Parking",
        "wheelchair": null,
        "fee": null,
        "opening_hours": null,
        "source": "osm"
      }
    },
    {
      "type": "Feature",
      "geometry": {
        "type": "Point",
        "coordinates": [
          4.9197733,
          52.3856261
        ]
      },
      "properties": {
        "id": "osm-w-159333113",
        "category": "parking",
        "name": "Parking",
        "wheelchair": null,
        "fee": "yes",
        "opening_hours": null,
        "source": "osm"
      }
    },
    {
      "type": "Feature",
      "geometry": {
        "type": "Point",
        "coordinates": [
          4.9212418,
          52.3858631
        ]
      },
      "properties": {
        "id": "osm-w-159333114",
        "category": "parking",
        "name": "Parking",
        "wheelchair": null,
        "fee": "yes",
        "opening_hours": null,
        "source": "osm"
      }
    },
    {
      "type": "Feature",
      "geometry": {
        "type": "Point",
        "coordinates": [
          4.9211304,
          52.3849469
        ]
      },
      "properties": {
        "id": "osm-w-159333119",
        "category": "parking",
        "name": "Parking",
        "wheelchair": null,
        "fee": "yes",
        "opening_hours": null,
        "source": "osm"
      }
    },
    {
      "type": "Feature",
      "geometry": {
        "type": "Point",
        "coordinates": [
          4.9546217,
          52.3990544
        ]
      },
      "properties": {
        "id": "osm-w-162606923",
        "category": "parking",
        "name": "Parking",
        "wheelchair": null,
        "fee": null,
        "opening_hours": null,
        "source": "osm"
      }
    },
    {
      "type": "Feature",
      "geometry": {
        "type": "Point",
        "coordinates": [
          4.9563008,
          52.3980312
        ]
      },
      "properties": {
        "id": "osm-w-162607703",
        "category": "parking",
        "name": "Parking",
        "wheelchair": null,
        "fee": null,
        "opening_hours": null,
        "source": "osm"
      }
    },
    {
      "type": "Feature",
      "geometry": {
        "type": "Point",
        "coordinates": [
          4.9555083,
          52.3982751
        ]
      },
      "properties": {
        "id": "osm-w-162607704",
        "category": "parking",
        "name": "Parking",
        "wheelchair": null,
        "fee": null,
        "opening_hours": null,
        "source": "osm"
      }
    },
    {
      "type": "Feature",
      "geometry": {
        "type": "Point",
        "coordinates": [
          4.9830313,
          52.3620427
        ]
      },
      "properties": {
        "id": "osm-w-171722906",
        "category": "parking",
        "name": "Parking",
        "wheelchair": "yes",
        "fee": "yes",
        "opening_hours": null,
        "source": "osm"
      }
    },
    {
      "type": "Feature",
      "geometry": {
        "type": "Point",
        "coordinates": [
          4.9731486,
          52.3564518
        ]
      },
      "properties": {
        "id": "osm-w-174767574",
        "category": "parking",
        "name": "Parking",
        "wheelchair": "yes",
        "fee": null,
        "opening_hours": null,
        "source": "osm"
      }
    },
    {
      "type": "Feature",
      "geometry": {
        "type": "Point",
        "coordinates": [
          4.9225779,
          52.3672514
        ]
      },
      "properties": {
        "id": "osm-w-178444038",
        "category": "parking",
        "name": "Parking",
        "wheelchair": null,
        "fee": null,
        "opening_hours": null,
        "source": "osm"
      }
    },
    {
      "type": "Feature",
      "geometry": {
        "type": "Point",
        "coordinates": [
          4.9187318,
          52.3849897
        ]
      },
      "properties": {
        "id": "osm-w-179640573",
        "category": "parking",
        "name": "Parking",
        "wheelchair": null,
        "fee": "yes",
        "opening_hours": null,
        "source": "osm"
      }
    },
    {
      "type": "Feature",
      "geometry": {
        "type": "Point",
        "coordinates": [
          4.9182859,
          52.3851668
        ]
      },
      "properties": {
        "id": "osm-w-179640574",
        "category": "parking",
        "name": "Parking",
        "wheelchair": null,
        "fee": "yes",
        "opening_hours": null,
        "source": "osm"
      }
    },
    {
      "type": "Feature",
      "geometry": {
        "type": "Point",
        "coordinates": [
          4.9189346,
          52.3824054
        ]
      },
      "properties": {
        "id": "osm-w-179640836",
        "category": "parking",
        "name": "Parking",
        "wheelchair": null,
        "fee": null,
        "opening_hours": null,
        "source": "osm"
      }
    },
    {
      "type": "Feature",
      "geometry": {
        "type": "Point",
        "coordinates": [
          4.9190939,
          52.3823474
        ]
      },
      "properties": {
        "id": "osm-w-179640837",
        "category": "parking",
        "name": "Parking",
        "wheelchair": null,
        "fee": null,
        "opening_hours": null,
        "source": "osm"
      }
    },
    {
      "type": "Feature",
      "geometry": {
        "type": "Point",
        "coordinates": [
          4.9186523,
          52.3835689
        ]
      },
      "properties": {
        "id": "osm-w-179640938",
        "category": "parking",
        "name": "Parking",
        "wheelchair": null,
        "fee": null,
        "opening_hours": null,
        "source": "osm"
      }
    },
    {
      "type": "Feature",
      "geometry": {
        "type": "Point",
        "coordinates": [
          4.9682383,
          52.3806659
        ]
      },
      "properties": {
        "id": "osm-w-179916656",
        "category": "parking",
        "name": "Parking",
        "wheelchair": null,
        "fee": null,
        "opening_hours": null,
        "source": "osm"
      }
    },
    {
      "type": "Feature",
      "geometry": {
        "type": "Point",
        "coordinates": [
          4.9454377,
          52.3848721
        ]
      },
      "properties": {
        "id": "osm-w-179917471",
        "category": "parking",
        "name": "Parking",
        "wheelchair": null,
        "fee": null,
        "opening_hours": null,
        "source": "osm"
      }
    },
    {
      "type": "Feature",
      "geometry": {
        "type": "Point",
        "coordinates": [
          4.9261158,
          52.3853861
        ]
      },
      "properties": {
        "id": "osm-w-179918186",
        "category": "parking",
        "name": "Parking",
        "wheelchair": null,
        "fee": null,
        "opening_hours": null,
        "source": "osm"
      }
    },
    {
      "type": "Feature",
      "geometry": {
        "type": "Point",
        "coordinates": [
          4.9261798,
          52.3867719
        ]
      },
      "properties": {
        "id": "osm-w-179918187",
        "category": "parking",
        "name": "Parking",
        "wheelchair": null,
        "fee": null,
        "opening_hours": null,
        "source": "osm"
      }
    },
    {
      "type": "Feature",
      "geometry": {
        "type": "Point",
        "coordinates": [
          4.9255944,
          52.3845319
        ]
      },
      "properties": {
        "id": "osm-w-179918189",
        "category": "parking",
        "name": "Parking",
        "wheelchair": null,
        "fee": null,
        "opening_hours": null,
        "source": "osm"
      }
    },
    {
      "type": "Feature",
      "geometry": {
        "type": "Point",
        "coordinates": [
          4.9256461,
          52.3850927
        ]
      },
      "properties": {
        "id": "osm-w-179918190",
        "category": "parking",
        "name": "Parking",
        "wheelchair": null,
        "fee": null,
        "opening_hours": null,
        "source": "osm"
      }
    },
    {
      "type": "Feature",
      "geometry": {
        "type": "Point",
        "coordinates": [
          4.9264452,
          52.3857041
        ]
      },
      "properties": {
        "id": "osm-w-179918191",
        "category": "parking",
        "name": "Parking",
        "wheelchair": null,
        "fee": null,
        "opening_hours": null,
        "source": "osm"
      }
    },
    {
      "type": "Feature",
      "geometry": {
        "type": "Point",
        "coordinates": [
          4.9262495,
          52.3857218
        ]
      },
      "properties": {
        "id": "osm-w-179918192",
        "category": "parking",
        "name": "Parking",
        "wheelchair": null,
        "fee": null,
        "opening_hours": null,
        "source": "osm"
      }
    },
    {
      "type": "Feature",
      "geometry": {
        "type": "Point",
        "coordinates": [
          4.9247217,
          52.3880446
        ]
      },
      "properties": {
        "id": "osm-w-179918194",
        "category": "parking",
        "name": "Parking",
        "wheelchair": null,
        "fee": "yes",
        "opening_hours": null,
        "source": "osm"
      }
    },
    {
      "type": "Feature",
      "geometry": {
        "type": "Point",
        "coordinates": [
          4.9234121,
          52.3842515
        ]
      },
      "properties": {
        "id": "osm-w-179918761",
        "category": "parking",
        "name": "Parking",
        "wheelchair": null,
        "fee": null,
        "opening_hours": null,
        "source": "osm"
      }
    },
    {
      "type": "Feature",
      "geometry": {
        "type": "Point",
        "coordinates": [
          4.9245852,
          52.3843866
        ]
      },
      "properties": {
        "id": "osm-w-179918764",
        "category": "parking",
        "name": "Parking",
        "wheelchair": null,
        "fee": null,
        "opening_hours": null,
        "source": "osm"
      }
    },
    {
      "type": "Feature",
      "geometry": {
        "type": "Point",
        "coordinates": [
          4.9219452,
          52.384161
        ]
      },
      "properties": {
        "id": "osm-w-179918765",
        "category": "parking",
        "name": "Parking",
        "wheelchair": null,
        "fee": null,
        "opening_hours": null,
        "source": "osm"
      }
    },
    {
      "type": "Feature",
      "geometry": {
        "type": "Point",
        "coordinates": [
          4.9214776,
          52.3840216
        ]
      },
      "properties": {
        "id": "osm-w-179918766",
        "category": "parking",
        "name": "Parking",
        "wheelchair": null,
        "fee": null,
        "opening_hours": null,
        "source": "osm"
      }
    },
    {
      "type": "Feature",
      "geometry": {
        "type": "Point",
        "coordinates": [
          4.9241287,
          52.3844163
        ]
      },
      "properties": {
        "id": "osm-w-179918768",
        "category": "parking",
        "name": "Parking",
        "wheelchair": null,
        "fee": null,
        "opening_hours": null,
        "source": "osm"
      }
    },
    {
      "type": "Feature",
      "geometry": {
        "type": "Point",
        "coordinates": [
          4.9149961,
          52.3829152
        ]
      },
      "properties": {
        "id": "osm-w-179918962",
        "category": "parking",
        "name": "Parking",
        "wheelchair": null,
        "fee": "yes",
        "opening_hours": null,
        "source": "osm"
      }
    },
    {
      "type": "Feature",
      "geometry": {
        "type": "Point",
        "coordinates": [
          4.9174978,
          52.38422
        ]
      },
      "properties": {
        "id": "osm-w-179919305",
        "category": "parking",
        "name": "Parking",
        "wheelchair": null,
        "fee": null,
        "opening_hours": null,
        "source": "osm"
      }
    },
    {
      "type": "Feature",
      "geometry": {
        "type": "Point",
        "coordinates": [
          4.9168215,
          52.3842283
        ]
      },
      "properties": {
        "id": "osm-w-179919306",
        "category": "parking",
        "name": "Parking",
        "wheelchair": null,
        "fee": "yes",
        "opening_hours": null,
        "source": "osm"
      }
    },
    {
      "type": "Feature",
      "geometry": {
        "type": "Point",
        "coordinates": [
          4.9097611,
          52.3830708
        ]
      },
      "properties": {
        "id": "osm-w-179919309",
        "category": "parking",
        "name": "Parking",
        "wheelchair": null,
        "fee": "yes",
        "opening_hours": null,
        "source": "osm"
      }
    },
    {
      "type": "Feature",
      "geometry": {
        "type": "Point",
        "coordinates": [
          4.9815622,
          52.3496206
        ]
      },
      "properties": {
        "id": "osm-w-183125897",
        "category": "parking",
        "name": "Parking",
        "wheelchair": null,
        "fee": null,
        "opening_hours": null,
        "source": "osm"
      }
    },
    {
      "type": "Feature",
      "geometry": {
        "type": "Point",
        "coordinates": [
          4.9805617,
          52.3501543
        ]
      },
      "properties": {
        "id": "osm-w-183125898",
        "category": "parking",
        "name": "Parking",
        "wheelchair": null,
        "fee": null,
        "opening_hours": null,
        "source": "osm"
      }
    },
    {
      "type": "Feature",
      "geometry": {
        "type": "Point",
        "coordinates": [
          4.910591,
          52.3919605
        ]
      },
      "properties": {
        "id": "osm-w-183756796",
        "category": "parking",
        "name": "Parking",
        "wheelchair": null,
        "fee": null,
        "opening_hours": null,
        "source": "osm"
      }
    },
    {
      "type": "Feature",
      "geometry": {
        "type": "Point",
        "coordinates": [
          4.9368115,
          52.3690661
        ]
      },
      "properties": {
        "id": "osm-w-183921718",
        "category": "parking",
        "name": "Parking",
        "wheelchair": null,
        "fee": null,
        "opening_hours": null,
        "source": "osm"
      }
    },
    {
      "type": "Feature",
      "geometry": {
        "type": "Point",
        "coordinates": [
          4.9352308,
          52.3690855
        ]
      },
      "properties": {
        "id": "osm-w-183921719",
        "category": "parking",
        "name": "Parking",
        "wheelchair": null,
        "fee": null,
        "opening_hours": null,
        "source": "osm"
      }
    },
    {
      "type": "Feature",
      "geometry": {
        "type": "Point",
        "coordinates": [
          4.9520159,
          52.3554345
        ]
      },
      "properties": {
        "id": "osm-w-184261491",
        "category": "parking",
        "name": "APCOA Parking",
        "wheelchair": null,
        "fee": "yes",
        "opening_hours": null,
        "source": "osm"
      }
    },
    {
      "type": "Feature",
      "geometry": {
        "type": "Point",
        "coordinates": [
          4.9232581,
          52.3874556
        ]
      },
      "properties": {
        "id": "osm-w-185651263",
        "category": "parking",
        "name": "Parking",
        "wheelchair": null,
        "fee": null,
        "opening_hours": null,
        "source": "osm"
      }
    },
    {
      "type": "Feature",
      "geometry": {
        "type": "Point",
        "coordinates": [
          4.9229325,
          52.3871388
        ]
      },
      "properties": {
        "id": "osm-w-185651719",
        "category": "parking",
        "name": "Parking",
        "wheelchair": null,
        "fee": null,
        "opening_hours": null,
        "source": "osm"
      }
    },
    {
      "type": "Feature",
      "geometry": {
        "type": "Point",
        "coordinates": [
          4.9096848,
          52.3825002
        ]
      },
      "properties": {
        "id": "osm-w-185676547",
        "category": "parking",
        "name": "Parking",
        "wheelchair": null,
        "fee": "yes",
        "opening_hours": null,
        "source": "osm"
      }
    },
    {
      "type": "Feature",
      "geometry": {
        "type": "Point",
        "coordinates": [
          4.9123728,
          52.382538
        ]
      },
      "properties": {
        "id": "osm-w-185678145",
        "category": "parking",
        "name": "Parking",
        "wheelchair": null,
        "fee": null,
        "opening_hours": null,
        "source": "osm"
      }
    },
    {
      "type": "Feature",
      "geometry": {
        "type": "Point",
        "coordinates": [
          4.9119672,
          52.3829094
        ]
      },
      "properties": {
        "id": "osm-w-185678147",
        "category": "parking",
        "name": "Gemeente Amsterdam",
        "wheelchair": null,
        "fee": "yes",
        "opening_hours": null,
        "source": "osm"
      }
    },
    {
      "type": "Feature",
      "geometry": {
        "type": "Point",
        "coordinates": [
          4.9114089,
          52.3818346
        ]
      },
      "properties": {
        "id": "osm-w-185678150",
        "category": "parking",
        "name": "Parking",
        "wheelchair": null,
        "fee": null,
        "opening_hours": null,
        "source": "osm"
      }
    },
    {
      "type": "Feature",
      "geometry": {
        "type": "Point",
        "coordinates": [
          4.9132211,
          52.3816362
        ]
      },
      "properties": {
        "id": "osm-w-185678153",
        "category": "parking",
        "name": "Parking",
        "wheelchair": null,
        "fee": "yes",
        "opening_hours": null,
        "source": "osm"
      }
    },
    {
      "type": "Feature",
      "geometry": {
        "type": "Point",
        "coordinates": [
          4.9115177,
          52.3817695
        ]
      },
      "properties": {
        "id": "osm-w-185678155",
        "category": "parking",
        "name": "Parking",
        "wheelchair": null,
        "fee": null,
        "opening_hours": null,
        "source": "osm"
      }
    },
    {
      "type": "Feature",
      "geometry": {
        "type": "Point",
        "coordinates": [
          4.9166173,
          52.3826104
        ]
      },
      "properties": {
        "id": "osm-w-185680299",
        "category": "parking",
        "name": "Parking",
        "wheelchair": null,
        "fee": null,
        "opening_hours": null,
        "source": "osm"
      }
    },
    {
      "type": "Feature",
      "geometry": {
        "type": "Point",
        "coordinates": [
          4.9171805,
          52.3830655
        ]
      },
      "properties": {
        "id": "osm-w-185681587",
        "category": "parking",
        "name": "Parking",
        "wheelchair": null,
        "fee": null,
        "opening_hours": null,
        "source": "osm"
      }
    },
    {
      "type": "Feature",
      "geometry": {
        "type": "Point",
        "coordinates": [
          4.9185834,
          52.3858501
        ]
      },
      "properties": {
        "id": "osm-w-185682297",
        "category": "parking",
        "name": "Parking",
        "wheelchair": null,
        "fee": "yes",
        "opening_hours": null,
        "source": "osm"
      }
    },
    {
      "type": "Feature",
      "geometry": {
        "type": "Point",
        "coordinates": [
          4.9304444,
          52.3943513
        ]
      },
      "properties": {
        "id": "osm-w-185687670",
        "category": "parking",
        "name": "Parking",
        "wheelchair": null,
        "fee": null,
        "opening_hours": null,
        "source": "osm"
      }
    },
    {
      "type": "Feature",
      "geometry": {
        "type": "Point",
        "coordinates": [
          4.9299701,
          52.3948755
        ]
      },
      "properties": {
        "id": "osm-w-185687673",
        "category": "parking",
        "name": "Parking",
        "wheelchair": null,
        "fee": null,
        "opening_hours": null,
        "source": "osm"
      }
    },
    {
      "type": "Feature",
      "geometry": {
        "type": "Point",
        "coordinates": [
          4.9296537,
          52.3945568
        ]
      },
      "properties": {
        "id": "osm-w-185687675",
        "category": "parking",
        "name": "Parking",
        "wheelchair": null,
        "fee": null,
        "opening_hours": null,
        "source": "osm"
      }
    },
    {
      "type": "Feature",
      "geometry": {
        "type": "Point",
        "coordinates": [
          4.931118,
          52.3942205
        ]
      },
      "properties": {
        "id": "osm-w-185687676",
        "category": "parking",
        "name": "Parking",
        "wheelchair": null,
        "fee": null,
        "opening_hours": null,
        "source": "osm"
      }
    },
    {
      "type": "Feature",
      "geometry": {
        "type": "Point",
        "coordinates": [
          4.9303476,
          52.3944198
        ]
      },
      "properties": {
        "id": "osm-w-185687678",
        "category": "parking",
        "name": "Parking",
        "wheelchair": null,
        "fee": null,
        "opening_hours": null,
        "source": "osm"
      }
    },
    {
      "type": "Feature",
      "geometry": {
        "type": "Point",
        "coordinates": [
          4.9313387,
          52.394571
        ]
      },
      "properties": {
        "id": "osm-w-185687680",
        "category": "parking",
        "name": "Parking",
        "wheelchair": null,
        "fee": null,
        "opening_hours": null,
        "source": "osm"
      }
    },
    {
      "type": "Feature",
      "geometry": {
        "type": "Point",
        "coordinates": [
          4.9312198,
          52.3941528
        ]
      },
      "properties": {
        "id": "osm-w-185687688",
        "category": "parking",
        "name": "Parking",
        "wheelchair": null,
        "fee": null,
        "opening_hours": null,
        "source": "osm"
      }
    },
    {
      "type": "Feature",
      "geometry": {
        "type": "Point",
        "coordinates": [
          4.941609,
          52.3986982
        ]
      },
      "properties": {
        "id": "osm-w-185693282",
        "category": "parking",
        "name": "Parking",
        "wheelchair": null,
        "fee": null,
        "opening_hours": null,
        "source": "osm"
      }
    },
    {
      "type": "Feature",
      "geometry": {
        "type": "Point",
        "coordinates": [
          4.9440311,
          52.4000376
        ]
      },
      "properties": {
        "id": "osm-w-185693679",
        "category": "parking",
        "name": "Parking",
        "wheelchair": null,
        "fee": "yes",
        "opening_hours": null,
        "source": "osm"
      }
    },
    {
      "type": "Feature",
      "geometry": {
        "type": "Point",
        "coordinates": [
          4.9454154,
          52.4013049
        ]
      },
      "properties": {
        "id": "osm-w-185698072",
        "category": "parking",
        "name": "Parking",
        "wheelchair": null,
        "fee": null,
        "opening_hours": null,
        "source": "osm"
      }
    },
    {
      "type": "Feature",
      "geometry": {
        "type": "Point",
        "coordinates": [
          4.9450659,
          52.4009369
        ]
      },
      "properties": {
        "id": "osm-w-185698076",
        "category": "parking",
        "name": "Parking",
        "wheelchair": null,
        "fee": null,
        "opening_hours": null,
        "source": "osm"
      }
    },
    {
      "type": "Feature",
      "geometry": {
        "type": "Point",
        "coordinates": [
          4.9418631,
          52.4006138
        ]
      },
      "properties": {
        "id": "osm-w-185698260",
        "category": "parking",
        "name": "Parking",
        "wheelchair": null,
        "fee": null,
        "opening_hours": null,
        "source": "osm"
      }
    },
    {
      "type": "Feature",
      "geometry": {
        "type": "Point",
        "coordinates": [
          4.942593,
          52.4003822
        ]
      },
      "properties": {
        "id": "osm-w-185698261",
        "category": "parking",
        "name": "Parking",
        "wheelchair": null,
        "fee": null,
        "opening_hours": null,
        "source": "osm"
      }
    },
    {
      "type": "Feature",
      "geometry": {
        "type": "Point",
        "coordinates": [
          4.9378133,
          52.4008679
        ]
      },
      "properties": {
        "id": "osm-w-185698744",
        "category": "parking",
        "name": "Parking",
        "wheelchair": null,
        "fee": null,
        "opening_hours": null,
        "source": "osm"
      }
    },
    {
      "type": "Feature",
      "geometry": {
        "type": "Point",
        "coordinates": [
          4.94533,
          52.3943052
        ]
      },
      "properties": {
        "id": "osm-w-188340286",
        "category": "parking",
        "name": "Parking",
        "wheelchair": null,
        "fee": null,
        "opening_hours": null,
        "source": "osm"
      }
    },
    {
      "type": "Feature",
      "geometry": {
        "type": "Point",
        "coordinates": [
          4.9458731,
          52.3939271
        ]
      },
      "properties": {
        "id": "osm-w-188340287",
        "category": "parking",
        "name": "Parking",
        "wheelchair": null,
        "fee": null,
        "opening_hours": null,
        "source": "osm"
      }
    },
    {
      "type": "Feature",
      "geometry": {
        "type": "Point",
        "coordinates": [
          4.9542927,
          52.3586088
        ]
      },
      "properties": {
        "id": "osm-w-189542651",
        "category": "parking",
        "name": "Parking",
        "wheelchair": null,
        "fee": null,
        "opening_hours": null,
        "source": "osm"
      }
    },
    {
      "type": "Feature",
      "geometry": {
        "type": "Point",
        "coordinates": [
          4.9320282,
          52.3993485
        ]
      },
      "properties": {
        "id": "osm-w-191747034",
        "category": "parking",
        "name": "Parking",
        "wheelchair": null,
        "fee": null,
        "opening_hours": null,
        "source": "osm"
      }
    },
    {
      "type": "Feature",
      "geometry": {
        "type": "Point",
        "coordinates": [
          4.9329246,
          52.3929731
        ]
      },
      "properties": {
        "id": "osm-w-191824848",
        "category": "parking",
        "name": "Parking",
        "wheelchair": null,
        "fee": null,
        "opening_hours": null,
        "source": "osm"
      }
    },
    {
      "type": "Feature",
      "geometry": {
        "type": "Point",
        "coordinates": [
          4.9149132,
          52.3879873
        ]
      },
      "properties": {
        "id": "osm-w-191825957",
        "category": "parking",
        "name": "Parking",
        "wheelchair": null,
        "fee": null,
        "opening_hours": null,
        "source": "osm"
      }
    },
    {
      "type": "Feature",
      "geometry": {
        "type": "Point",
        "coordinates": [
          4.9419585,
          52.3620872
        ]
      },
      "properties": {
        "id": "osm-w-206669659",
        "category": "parking",
        "name": "Parking",
        "wheelchair": null,
        "fee": "yes",
        "opening_hours": null,
        "source": "osm"
      }
    },
    {
      "type": "Feature",
      "geometry": {
        "type": "Point",
        "coordinates": [
          4.9739628,
          52.3536597
        ]
      },
      "properties": {
        "id": "osm-w-207895933",
        "category": "parking",
        "name": "Parking",
        "wheelchair": null,
        "fee": "no",
        "opening_hours": null,
        "source": "osm"
      }
    },
    {
      "type": "Feature",
      "geometry": {
        "type": "Point",
        "coordinates": [
          4.9732265,
          52.3543385
        ]
      },
      "properties": {
        "id": "osm-w-207895936",
        "category": "parking",
        "name": "Parking",
        "wheelchair": null,
        "fee": null,
        "opening_hours": null,
        "source": "osm"
      }
    },
    {
      "type": "Feature",
      "geometry": {
        "type": "Point",
        "coordinates": [
          4.9087745,
          52.3864743
        ]
      },
      "properties": {
        "id": "osm-w-215543484",
        "category": "parking",
        "name": "Parking",
        "wheelchair": null,
        "fee": null,
        "opening_hours": null,
        "source": "osm"
      }
    },
    {
      "type": "Feature",
      "geometry": {
        "type": "Point",
        "coordinates": [
          4.9090047,
          52.3865553
        ]
      },
      "properties": {
        "id": "osm-w-215543485",
        "category": "parking",
        "name": "Parking",
        "wheelchair": null,
        "fee": null,
        "opening_hours": null,
        "source": "osm"
      }
    },
    {
      "type": "Feature",
      "geometry": {
        "type": "Point",
        "coordinates": [
          4.9746575,
          52.3838846
        ]
      },
      "properties": {
        "id": "osm-w-216536617",
        "category": "parking",
        "name": "Parking",
        "wheelchair": null,
        "fee": null,
        "opening_hours": null,
        "source": "osm"
      }
    },
    {
      "type": "Feature",
      "geometry": {
        "type": "Point",
        "coordinates": [
          4.9237803,
          52.4007468
        ]
      },
      "properties": {
        "id": "osm-w-228044615",
        "category": "parking",
        "name": "Parking",
        "wheelchair": null,
        "fee": null,
        "opening_hours": null,
        "source": "osm"
      }
    },
    {
      "type": "Feature",
      "geometry": {
        "type": "Point",
        "coordinates": [
          4.9177332,
          52.4016453
        ]
      },
      "properties": {
        "id": "osm-w-228955252",
        "category": "parking",
        "name": "Parking",
        "wheelchair": null,
        "fee": null,
        "opening_hours": null,
        "source": "osm"
      }
    },
    {
      "type": "Feature",
      "geometry": {
        "type": "Point",
        "coordinates": [
          4.9440867,
          52.4092002
        ]
      },
      "properties": {
        "id": "osm-w-232795037",
        "category": "parking",
        "name": "Parking",
        "wheelchair": null,
        "fee": null,
        "opening_hours": null,
        "source": "osm"
      }
    },
    {
      "type": "Feature",
      "geometry": {
        "type": "Point",
        "coordinates": [
          4.9610795,
          52.3844792
        ]
      },
      "properties": {
        "id": "osm-w-236480282",
        "category": "parking",
        "name": "Parking",
        "wheelchair": null,
        "fee": null,
        "opening_hours": null,
        "source": "osm"
      }
    },
    {
      "type": "Feature",
      "geometry": {
        "type": "Point",
        "coordinates": [
          4.9562409,
          52.3931896
        ]
      },
      "properties": {
        "id": "osm-w-236480289",
        "category": "parking",
        "name": "Parking",
        "wheelchair": null,
        "fee": null,
        "opening_hours": null,
        "source": "osm"
      }
    },
    {
      "type": "Feature",
      "geometry": {
        "type": "Point",
        "coordinates": [
          4.9588931,
          52.3963904
        ]
      },
      "properties": {
        "id": "osm-w-236482088",
        "category": "parking",
        "name": "Parking",
        "wheelchair": null,
        "fee": null,
        "opening_hours": null,
        "source": "osm"
      }
    },
    {
      "type": "Feature",
      "geometry": {
        "type": "Point",
        "coordinates": [
          4.9520364,
          52.357115
        ]
      },
      "properties": {
        "id": "osm-w-240341197",
        "category": "parking",
        "name": "Parking",
        "wheelchair": null,
        "fee": null,
        "opening_hours": null,
        "source": "osm"
      }
    },
    {
      "type": "Feature",
      "geometry": {
        "type": "Point",
        "coordinates": [
          4.9537626,
          52.3570373
        ]
      },
      "properties": {
        "id": "osm-w-240341198",
        "category": "parking",
        "name": "Parking",
        "wheelchair": null,
        "fee": null,
        "opening_hours": null,
        "source": "osm"
      }
    },
    {
      "type": "Feature",
      "geometry": {
        "type": "Point",
        "coordinates": [
          4.954768,
          52.3570175
        ]
      },
      "properties": {
        "id": "osm-w-240341201",
        "category": "parking",
        "name": "APCOA Parking",
        "wheelchair": null,
        "fee": "yes",
        "opening_hours": null,
        "source": "osm"
      }
    },
    {
      "type": "Feature",
      "geometry": {
        "type": "Point",
        "coordinates": [
          4.9603781,
          52.3655848
        ]
      },
      "properties": {
        "id": "osm-w-240345736",
        "category": "parking",
        "name": "Parking",
        "wheelchair": null,
        "fee": null,
        "opening_hours": null,
        "source": "osm"
      }
    },
    {
      "type": "Feature",
      "geometry": {
        "type": "Point",
        "coordinates": [
          4.9333151,
          52.3750141
        ]
      },
      "properties": {
        "id": "osm-w-245830809",
        "category": "parking",
        "name": "Parking",
        "wheelchair": null,
        "fee": null,
        "opening_hours": null,
        "source": "osm"
      }
    },
    {
      "type": "Feature",
      "geometry": {
        "type": "Point",
        "coordinates": [
          4.9812953,
          52.3500546
        ]
      },
      "properties": {
        "id": "osm-w-246112095",
        "category": "parking",
        "name": "Parking",
        "wheelchair": null,
        "fee": null,
        "opening_hours": null,
        "source": "osm"
      }
    },
    {
      "type": "Feature",
      "geometry": {
        "type": "Point",
        "coordinates": [
          4.9201078,
          52.3741381
        ]
      },
      "properties": {
        "id": "osm-w-269078541",
        "category": "parking",
        "name": "Parking",
        "wheelchair": null,
        "fee": null,
        "opening_hours": null,
        "source": "osm"
      }
    },
    {
      "type": "Feature",
      "geometry": {
        "type": "Point",
        "coordinates": [
          4.9152717,
          52.3778433
        ]
      },
      "properties": {
        "id": "osm-w-277087185",
        "category": "parking",
        "name": "Parking",
        "wheelchair": "yes",
        "fee": null,
        "opening_hours": null,
        "source": "osm"
      }
    },
    {
      "type": "Feature",
      "geometry": {
        "type": "Point",
        "coordinates": [
          4.930593,
          52.3753254
        ]
      },
      "properties": {
        "id": "osm-w-277087195",
        "category": "parking",
        "name": "Parking",
        "wheelchair": null,
        "fee": null,
        "opening_hours": null,
        "source": "osm"
      }
    },
    {
      "type": "Feature",
      "geometry": {
        "type": "Point",
        "coordinates": [
          4.9292644,
          52.3570058
        ]
      },
      "properties": {
        "id": "osm-w-278390130",
        "category": "parking",
        "name": "Q-Park Oostpoort",
        "wheelchair": "yes",
        "fee": "yes",
        "opening_hours": null,
        "source": "osm"
      }
    },
    {
      "type": "Feature",
      "geometry": {
        "type": "Point",
        "coordinates": [
          4.9311628,
          52.3994337
        ]
      },
      "properties": {
        "id": "osm-w-280782978",
        "category": "parking",
        "name": "Parking",
        "wheelchair": null,
        "fee": null,
        "opening_hours": null,
        "source": "osm"
      }
    },
    {
      "type": "Feature",
      "geometry": {
        "type": "Point",
        "coordinates": [
          4.9394655,
          52.3988052
        ]
      },
      "properties": {
        "id": "osm-w-280782983",
        "category": "clinic",
        "name": "Gezondheidscentrum Buikslotermeerplein",
        "wheelchair": null,
        "fee": null,
        "opening_hours": null,
        "source": "osm"
      }
    },
    {
      "type": "Feature",
      "geometry": {
        "type": "Point",
        "coordinates": [
          4.9388326,
          52.3994648
        ]
      },
      "properties": {
        "id": "osm-w-280783030",
        "category": "parking",
        "name": "Boven 't Y",
        "wheelchair": null,
        "fee": null,
        "opening_hours": null,
        "source": "osm"
      }
    },
    {
      "type": "Feature",
      "geometry": {
        "type": "Point",
        "coordinates": [
          4.9322961,
          52.3910249
        ]
      },
      "properties": {
        "id": "osm-w-280804531",
        "category": "toilet",
        "name": "Toilet",
        "wheelchair": "limited",
        "fee": "no",
        "opening_hours": null,
        "source": "osm"
      }
    },
    {
      "type": "Feature",
      "geometry": {
        "type": "Point",
        "coordinates": [
          4.9496203,
          52.3567058
        ]
      },
      "properties": {
        "id": "osm-w-295731024",
        "category": "parking",
        "name": "APCOA Parking",
        "wheelchair": null,
        "fee": "yes",
        "opening_hours": null,
        "source": "osm"
      }
    },
    {
      "type": "Feature",
      "geometry": {
        "type": "Point",
        "coordinates": [
          4.9459875,
          52.3583882
        ]
      },
      "properties": {
        "id": "osm-w-304634472",
        "category": "parking",
        "name": "Parking",
        "wheelchair": null,
        "fee": null,
        "opening_hours": null,
        "source": "osm"
      }
    },
    {
      "type": "Feature",
      "geometry": {
        "type": "Point",
        "coordinates": [
          4.9564489,
          52.4008687
        ]
      },
      "properties": {
        "id": "osm-w-316977579",
        "category": "parking",
        "name": "Parking",
        "wheelchair": null,
        "fee": null,
        "opening_hours": null,
        "source": "osm"
      }
    },
    {
      "type": "Feature",
      "geometry": {
        "type": "Point",
        "coordinates": [
          4.9710146,
          52.3491542
        ]
      },
      "properties": {
        "id": "osm-w-331368970",
        "category": "parking",
        "name": "Parking",
        "wheelchair": null,
        "fee": null,
        "opening_hours": null,
        "source": "osm"
      }
    },
    {
      "type": "Feature",
      "geometry": {
        "type": "Point",
        "coordinates": [
          4.9775252,
          52.3517705
        ]
      },
      "properties": {
        "id": "osm-w-331379035",
        "category": "parking",
        "name": "Parking",
        "wheelchair": null,
        "fee": null,
        "opening_hours": null,
        "source": "osm"
      }
    },
    {
      "type": "Feature",
      "geometry": {
        "type": "Point",
        "coordinates": [
          4.9608745,
          52.3972808
        ]
      },
      "properties": {
        "id": "osm-w-351218021",
        "category": "parking",
        "name": "Parking",
        "wheelchair": null,
        "fee": null,
        "opening_hours": null,
        "source": "osm"
      }
    },
    {
      "type": "Feature",
      "geometry": {
        "type": "Point",
        "coordinates": [
          4.9663695,
          52.3847536
        ]
      },
      "properties": {
        "id": "osm-w-352797304",
        "category": "parking",
        "name": "Parking",
        "wheelchair": null,
        "fee": null,
        "opening_hours": null,
        "source": "osm"
      }
    },
    {
      "type": "Feature",
      "geometry": {
        "type": "Point",
        "coordinates": [
          4.9744275,
          52.3804529
        ]
      },
      "properties": {
        "id": "osm-w-353539428",
        "category": "parking",
        "name": "Parking",
        "wheelchair": null,
        "fee": null,
        "opening_hours": null,
        "source": "osm"
      }
    },
    {
      "type": "Feature",
      "geometry": {
        "type": "Point",
        "coordinates": [
          4.9636281,
          52.3906619
        ]
      },
      "properties": {
        "id": "osm-w-353543213",
        "category": "parking",
        "name": "Parking",
        "wheelchair": null,
        "fee": null,
        "opening_hours": null,
        "source": "osm"
      }
    },
    {
      "type": "Feature",
      "geometry": {
        "type": "Point",
        "coordinates": [
          4.9272927,
          52.365704
        ]
      },
      "properties": {
        "id": "osm-w-354325498",
        "category": "parking",
        "name": "Parking",
        "wheelchair": null,
        "fee": "yes",
        "opening_hours": null,
        "source": "osm"
      }
    },
    {
      "type": "Feature",
      "geometry": {
        "type": "Point",
        "coordinates": [
          4.9205983,
          52.4045765
        ]
      },
      "properties": {
        "id": "osm-w-367295824",
        "category": "parking",
        "name": "Parking",
        "wheelchair": null,
        "fee": "yes",
        "opening_hours": null,
        "source": "osm"
      }
    },
    {
      "type": "Feature",
      "geometry": {
        "type": "Point",
        "coordinates": [
          4.9212888,
          52.4055655
        ]
      },
      "properties": {
        "id": "osm-w-367295825",
        "category": "parking",
        "name": "Parking",
        "wheelchair": null,
        "fee": "yes",
        "opening_hours": null,
        "source": "osm"
      }
    },
    {
      "type": "Feature",
      "geometry": {
        "type": "Point",
        "coordinates": [
          4.9080965,
          52.3771539
        ]
      },
      "properties": {
        "id": "osm-w-372324396",
        "category": "parking",
        "name": "Parking",
        "wheelchair": null,
        "fee": "no",
        "opening_hours": null,
        "source": "osm"
      }
    },
    {
      "type": "Feature",
      "geometry": {
        "type": "Point",
        "coordinates": [
          4.9347182,
          52.3991891
        ]
      },
      "properties": {
        "id": "osm-w-373921577",
        "category": "parking",
        "name": "De Bomen",
        "wheelchair": null,
        "fee": null,
        "opening_hours": null,
        "source": "osm"
      }
    },
    {
      "type": "Feature",
      "geometry": {
        "type": "Point",
        "coordinates": [
          4.9182328,
          52.4014213
        ]
      },
      "properties": {
        "id": "osm-w-374946797",
        "category": "parking",
        "name": "Parking",
        "wheelchair": null,
        "fee": "no",
        "opening_hours": null,
        "source": "osm"
      }
    },
    {
      "type": "Feature",
      "geometry": {
        "type": "Point",
        "coordinates": [
          4.9872965,
          52.3788034
        ]
      },
      "properties": {
        "id": "osm-w-386909307",
        "category": "parking",
        "name": "SV DRC",
        "wheelchair": null,
        "fee": null,
        "opening_hours": null,
        "source": "osm"
      }
    },
    {
      "type": "Feature",
      "geometry": {
        "type": "Point",
        "coordinates": [
          4.9664639,
          52.4074802
        ]
      },
      "properties": {
        "id": "osm-w-388777184",
        "category": "parking",
        "name": "Parking",
        "wheelchair": null,
        "fee": null,
        "opening_hours": null,
        "source": "osm"
      }
    },
    {
      "type": "Feature",
      "geometry": {
        "type": "Point",
        "coordinates": [
          4.9822356,
          52.356763
        ]
      },
      "properties": {
        "id": "osm-w-394389221",
        "category": "parking",
        "name": "Parking",
        "wheelchair": "yes",
        "fee": "yes",
        "opening_hours": null,
        "source": "osm"
      }
    },
    {
      "type": "Feature",
      "geometry": {
        "type": "Point",
        "coordinates": [
          4.9814245,
          52.3569407
        ]
      },
      "properties": {
        "id": "osm-w-394389223",
        "category": "parking",
        "name": "Parking",
        "wheelchair": "yes",
        "fee": "yes",
        "opening_hours": null,
        "source": "osm"
      }
    },
    {
      "type": "Feature",
      "geometry": {
        "type": "Point",
        "coordinates": [
          4.9767208,
          52.3504348
        ]
      },
      "properties": {
        "id": "osm-w-394548832",
        "category": "parking",
        "name": "Parking",
        "wheelchair": null,
        "fee": null,
        "opening_hours": null,
        "source": "osm"
      }
    },
    {
      "type": "Feature",
      "geometry": {
        "type": "Point",
        "coordinates": [
          4.9143875,
          52.3909574
        ]
      },
      "properties": {
        "id": "osm-w-425635343",
        "category": "parking",
        "name": "Winkelcentrum Mosveld",
        "wheelchair": null,
        "fee": "no",
        "opening_hours": null,
        "source": "osm"
      }
    },
    {
      "type": "Feature",
      "geometry": {
        "type": "Point",
        "coordinates": [
          4.966941,
          52.3832824
        ]
      },
      "properties": {
        "id": "osm-w-440682327",
        "category": "parking",
        "name": "Parking",
        "wheelchair": null,
        "fee": null,
        "opening_hours": null,
        "source": "osm"
      }
    },
    {
      "type": "Feature",
      "geometry": {
        "type": "Point",
        "coordinates": [
          4.9259961,
          52.3913684
        ]
      },
      "properties": {
        "id": "osm-w-440685972",
        "category": "parking",
        "name": "Parking",
        "wheelchair": null,
        "fee": null,
        "opening_hours": null,
        "source": "osm"
      }
    },
    {
      "type": "Feature",
      "geometry": {
        "type": "Point",
        "coordinates": [
          4.9383713,
          52.3765712
        ]
      },
      "properties": {
        "id": "osm-w-464968977",
        "category": "parking",
        "name": "Parking",
        "wheelchair": "yes",
        "fee": "yes",
        "opening_hours": null,
        "source": "osm"
      }
    },
    {
      "type": "Feature",
      "geometry": {
        "type": "Point",
        "coordinates": [
          4.9170519,
          52.3749791
        ]
      },
      "properties": {
        "id": "osm-w-473574110",
        "category": "parking",
        "name": "Parking",
        "wheelchair": null,
        "fee": null,
        "opening_hours": null,
        "source": "osm"
      }
    },
    {
      "type": "Feature",
      "geometry": {
        "type": "Point",
        "coordinates": [
          4.9595849,
          52.4098623
        ]
      },
      "properties": {
        "id": "osm-w-476718066",
        "category": "parking",
        "name": "Parking",
        "wheelchair": null,
        "fee": null,
        "opening_hours": null,
        "source": "osm"
      }
    },
    {
      "type": "Feature",
      "geometry": {
        "type": "Point",
        "coordinates": [
          4.9313914,
          52.363836
        ]
      },
      "properties": {
        "id": "osm-w-483098675",
        "category": "parking",
        "name": "Parking",
        "wheelchair": "limited",
        "fee": "yes",
        "opening_hours": null,
        "source": "osm"
      }
    },
    {
      "type": "Feature",
      "geometry": {
        "type": "Point",
        "coordinates": [
          4.9314142,
          52.3643669
        ]
      },
      "properties": {
        "id": "osm-w-483098677",
        "category": "parking",
        "name": "Parking",
        "wheelchair": null,
        "fee": "yes",
        "opening_hours": null,
        "source": "osm"
      }
    },
    {
      "type": "Feature",
      "geometry": {
        "type": "Point",
        "coordinates": [
          4.9315517,
          52.365115
        ]
      },
      "properties": {
        "id": "osm-w-483098679",
        "category": "parking",
        "name": "Parking",
        "wheelchair": null,
        "fee": "yes",
        "opening_hours": null,
        "source": "osm"
      }
    },
    {
      "type": "Feature",
      "geometry": {
        "type": "Point",
        "coordinates": [
          4.9317038,
          52.365544
        ]
      },
      "properties": {
        "id": "osm-w-483098680",
        "category": "parking",
        "name": "Parking",
        "wheelchair": null,
        "fee": "yes",
        "opening_hours": null,
        "source": "osm"
      }
    },
    {
      "type": "Feature",
      "geometry": {
        "type": "Point",
        "coordinates": [
          4.9589178,
          52.3544058
        ]
      },
      "properties": {
        "id": "osm-w-484610353",
        "category": "cafe",
        "name": "Coffee Virus",
        "wheelchair": "no",
        "fee": null,
        "opening_hours": "Mo-Fr 09:00-16:30",
        "source": "osm"
      }
    },
    {
      "type": "Feature",
      "geometry": {
        "type": "Point",
        "coordinates": [
          4.9581662,
          52.3481442
        ]
      },
      "properties": {
        "id": "osm-w-489962197",
        "category": "parking",
        "name": "Parking",
        "wheelchair": null,
        "fee": null,
        "opening_hours": null,
        "source": "osm"
      }
    },
    {
      "type": "Feature",
      "geometry": {
        "type": "Point",
        "coordinates": [
          4.9524225,
          52.3581305
        ]
      },
      "properties": {
        "id": "osm-w-491117635",
        "category": "parking",
        "name": "Parking",
        "wheelchair": null,
        "fee": null,
        "opening_hours": null,
        "source": "osm"
      }
    },
    {
      "type": "Feature",
      "geometry": {
        "type": "Point",
        "coordinates": [
          4.9374366,
          52.3893489
        ]
      },
      "properties": {
        "id": "osm-w-501248938",
        "category": "parking",
        "name": "Parking",
        "wheelchair": null,
        "fee": null,
        "opening_hours": null,
        "source": "osm"
      }
    },
    {
      "type": "Feature",
      "geometry": {
        "type": "Point",
        "coordinates": [
          4.960184,
          52.3551377
        ]
      },
      "properties": {
        "id": "osm-w-501325434",
        "category": "parking",
        "name": "Parking",
        "wheelchair": null,
        "fee": "no",
        "opening_hours": null,
        "source": "osm"
      }
    },
    {
      "type": "Feature",
      "geometry": {
        "type": "Point",
        "coordinates": [
          4.9585513,
          52.3565689
        ]
      },
      "properties": {
        "id": "osm-w-501325440",
        "category": "parking",
        "name": "Parking",
        "wheelchair": null,
        "fee": null,
        "opening_hours": null,
        "source": "osm"
      }
    },
    {
      "type": "Feature",
      "geometry": {
        "type": "Point",
        "coordinates": [
          4.9596463,
          52.3557846
        ]
      },
      "properties": {
        "id": "osm-w-501325469",
        "category": "parking",
        "name": "Parking",
        "wheelchair": null,
        "fee": null,
        "opening_hours": null,
        "source": "osm"
      }
    },
    {
      "type": "Feature",
      "geometry": {
        "type": "Point",
        "coordinates": [
          4.9564237,
          52.3566226
        ]
      },
      "properties": {
        "id": "osm-w-501325471",
        "category": "parking",
        "name": "Parking",
        "wheelchair": null,
        "fee": null,
        "opening_hours": null,
        "source": "osm"
      }
    },
    {
      "type": "Feature",
      "geometry": {
        "type": "Point",
        "coordinates": [
          4.9573669,
          52.3566489
        ]
      },
      "properties": {
        "id": "osm-w-501325473",
        "category": "parking",
        "name": "Parking",
        "wheelchair": null,
        "fee": null,
        "opening_hours": null,
        "source": "osm"
      }
    },
    {
      "type": "Feature",
      "geometry": {
        "type": "Point",
        "coordinates": [
          4.9770534,
          52.3490914
        ]
      },
      "properties": {
        "id": "osm-w-509466296",
        "category": "parking",
        "name": "Parking",
        "wheelchair": null,
        "fee": "no",
        "opening_hours": null,
        "source": "osm"
      }
    },
    {
      "type": "Feature",
      "geometry": {
        "type": "Point",
        "coordinates": [
          4.9664738,
          52.3943352
        ]
      },
      "properties": {
        "id": "osm-w-526882681",
        "category": "parking",
        "name": "Buitengouw",
        "wheelchair": null,
        "fee": null,
        "opening_hours": null,
        "source": "osm"
      }
    },
    {
      "type": "Feature",
      "geometry": {
        "type": "Point",
        "coordinates": [
          4.9703534,
          52.3894859
        ]
      },
      "properties": {
        "id": "osm-w-526882686",
        "category": "parking",
        "name": "Parking",
        "wheelchair": null,
        "fee": "no",
        "opening_hours": null,
        "source": "osm"
      }
    },
    {
      "type": "Feature",
      "geometry": {
        "type": "Point",
        "coordinates": [
          4.9178994,
          52.3985353
        ]
      },
      "properties": {
        "id": "osm-w-530890926",
        "category": "parking",
        "name": "Parking",
        "wheelchair": null,
        "fee": "yes",
        "opening_hours": null,
        "source": "osm"
      }
    },
    {
      "type": "Feature",
      "geometry": {
        "type": "Point",
        "coordinates": [
          4.9434553,
          52.4020957
        ]
      },
      "properties": {
        "id": "osm-w-531358712",
        "category": "parking",
        "name": "Parking",
        "wheelchair": null,
        "fee": "yes",
        "opening_hours": null,
        "source": "osm"
      }
    },
    {
      "type": "Feature",
      "geometry": {
        "type": "Point",
        "coordinates": [
          4.9829213,
          52.3602339
        ]
      },
      "properties": {
        "id": "osm-w-533397207",
        "category": "parking",
        "name": "Parking",
        "wheelchair": "yes",
        "fee": null,
        "opening_hours": null,
        "source": "osm"
      }
    },
    {
      "type": "Feature",
      "geometry": {
        "type": "Point",
        "coordinates": [
          4.9471255,
          52.3682823
        ]
      },
      "properties": {
        "id": "osm-w-543853651",
        "category": "parking",
        "name": "Harbour Club",
        "wheelchair": null,
        "fee": "no",
        "opening_hours": null,
        "source": "osm"
      }
    },
    {
      "type": "Feature",
      "geometry": {
        "type": "Point",
        "coordinates": [
          4.9180994,
          52.3849621
        ]
      },
      "properties": {
        "id": "osm-w-544494404",
        "category": "parking",
        "name": "Parking",
        "wheelchair": null,
        "fee": "yes",
        "opening_hours": null,
        "source": "osm"
      }
    },
    {
      "type": "Feature",
      "geometry": {
        "type": "Point",
        "coordinates": [
          4.9392707,
          52.3576004
        ]
      },
      "properties": {
        "id": "osm-w-571410784",
        "category": "parking",
        "name": "Dakparkeren Albert Heijn",
        "wheelchair": "yes",
        "fee": null,
        "opening_hours": null,
        "source": "osm"
      }
    },
    {
      "type": "Feature",
      "geometry": {
        "type": "Point",
        "coordinates": [
          4.9695212,
          52.3476019
        ]
      },
      "properties": {
        "id": "osm-w-577170240",
        "category": "parking",
        "name": "Parking",
        "wheelchair": null,
        "fee": null,
        "opening_hours": null,
        "source": "osm"
      }
    },
    {
      "type": "Feature",
      "geometry": {
        "type": "Point",
        "coordinates": [
          4.9538935,
          52.3522687
        ]
      },
      "properties": {
        "id": "osm-w-577266409",
        "category": "parking",
        "name": "Parking",
        "wheelchair": null,
        "fee": null,
        "opening_hours": null,
        "source": "osm"
      }
    },
    {
      "type": "Feature",
      "geometry": {
        "type": "Point",
        "coordinates": [
          4.9333264,
          52.4036496
        ]
      },
      "properties": {
        "id": "osm-w-577531159",
        "category": "parking",
        "name": "P+R Noord",
        "wheelchair": null,
        "fee": "yes",
        "opening_hours": null,
        "source": "osm"
      }
    },
    {
      "type": "Feature",
      "geometry": {
        "type": "Point",
        "coordinates": [
          4.934778,
          52.4029535
        ]
      },
      "properties": {
        "id": "osm-w-577531160",
        "category": "parking",
        "name": "P+R Noord",
        "wheelchair": null,
        "fee": "yes",
        "opening_hours": null,
        "source": "osm"
      }
    },
    {
      "type": "Feature",
      "geometry": {
        "type": "Point",
        "coordinates": [
          4.9726265,
          52.3493874
        ]
      },
      "properties": {
        "id": "osm-w-579297625",
        "category": "parking",
        "name": "Parking",
        "wheelchair": null,
        "fee": null,
        "opening_hours": null,
        "source": "osm"
      }
    },
    {
      "type": "Feature",
      "geometry": {
        "type": "Point",
        "coordinates": [
          4.9742562,
          52.352591
        ]
      },
      "properties": {
        "id": "osm-w-579311479",
        "category": "parking",
        "name": "Parking",
        "wheelchair": null,
        "fee": null,
        "opening_hours": null,
        "source": "osm"
      }
    },
    {
      "type": "Feature",
      "geometry": {
        "type": "Point",
        "coordinates": [
          4.9714288,
          52.3531495
        ]
      },
      "properties": {
        "id": "osm-w-579311485",
        "category": "parking",
        "name": "Parking",
        "wheelchair": null,
        "fee": null,
        "opening_hours": null,
        "source": "osm"
      }
    },
    {
      "type": "Feature",
      "geometry": {
        "type": "Point",
        "coordinates": [
          4.9716676,
          52.352768
        ]
      },
      "properties": {
        "id": "osm-w-579311487",
        "category": "parking",
        "name": "Parking",
        "wheelchair": null,
        "fee": null,
        "opening_hours": null,
        "source": "osm"
      }
    },
    {
      "type": "Feature",
      "geometry": {
        "type": "Point",
        "coordinates": [
          4.9720037,
          52.3522719
        ]
      },
      "properties": {
        "id": "osm-w-579311489",
        "category": "parking",
        "name": "Parking",
        "wheelchair": null,
        "fee": null,
        "opening_hours": null,
        "source": "osm"
      }
    },
    {
      "type": "Feature",
      "geometry": {
        "type": "Point",
        "coordinates": [
          4.9722682,
          52.3540566
        ]
      },
      "properties": {
        "id": "osm-w-579311492",
        "category": "parking",
        "name": "Parking",
        "wheelchair": null,
        "fee": null,
        "opening_hours": null,
        "source": "osm"
      }
    },
    {
      "type": "Feature",
      "geometry": {
        "type": "Point",
        "coordinates": [
          4.9706845,
          52.3542762
        ]
      },
      "properties": {
        "id": "osm-w-579311494",
        "category": "parking",
        "name": "Parking",
        "wheelchair": null,
        "fee": null,
        "opening_hours": null,
        "source": "osm"
      }
    },
    {
      "type": "Feature",
      "geometry": {
        "type": "Point",
        "coordinates": [
          4.9719806,
          52.3545143
        ]
      },
      "properties": {
        "id": "osm-w-579311495",
        "category": "parking",
        "name": "Parking",
        "wheelchair": null,
        "fee": null,
        "opening_hours": null,
        "source": "osm"
      }
    },
    {
      "type": "Feature",
      "geometry": {
        "type": "Point",
        "coordinates": [
          4.9726788,
          52.353267
        ]
      },
      "properties": {
        "id": "osm-w-579311512",
        "category": "parking",
        "name": "Parking",
        "wheelchair": null,
        "fee": null,
        "opening_hours": null,
        "source": "osm"
      }
    },
    {
      "type": "Feature",
      "geometry": {
        "type": "Point",
        "coordinates": [
          4.9723906,
          52.3532807
        ]
      },
      "properties": {
        "id": "osm-w-579311513",
        "category": "parking",
        "name": "Parking",
        "wheelchair": null,
        "fee": null,
        "opening_hours": null,
        "source": "osm"
      }
    },
    {
      "type": "Feature",
      "geometry": {
        "type": "Point",
        "coordinates": [
          4.9791678,
          52.3493135
        ]
      },
      "properties": {
        "id": "osm-w-579367465",
        "category": "parking",
        "name": "Parking",
        "wheelchair": null,
        "fee": null,
        "opening_hours": null,
        "source": "osm"
      }
    },
    {
      "type": "Feature",
      "geometry": {
        "type": "Point",
        "coordinates": [
          4.9781626,
          52.3500538
        ]
      },
      "properties": {
        "id": "osm-w-579367466",
        "category": "parking",
        "name": "Parking",
        "wheelchair": null,
        "fee": null,
        "opening_hours": null,
        "source": "osm"
      }
    },
    {
      "type": "Feature",
      "geometry": {
        "type": "Point",
        "coordinates": [
          4.9801694,
          52.3507123
        ]
      },
      "properties": {
        "id": "osm-w-579367467",
        "category": "parking",
        "name": "Parking",
        "wheelchair": null,
        "fee": null,
        "opening_hours": null,
        "source": "osm"
      }
    },
    {
      "type": "Feature",
      "geometry": {
        "type": "Point",
        "coordinates": [
          4.9789611,
          52.3513867
        ]
      },
      "properties": {
        "id": "osm-w-579509700",
        "category": "parking",
        "name": "Parking",
        "wheelchair": null,
        "fee": null,
        "opening_hours": null,
        "source": "osm"
      }
    },
    {
      "type": "Feature",
      "geometry": {
        "type": "Point",
        "coordinates": [
          4.9753744,
          52.3532703
        ]
      },
      "properties": {
        "id": "osm-w-579509701",
        "category": "parking",
        "name": "Parking",
        "wheelchair": null,
        "fee": null,
        "opening_hours": null,
        "source": "osm"
      }
    },
    {
      "type": "Feature",
      "geometry": {
        "type": "Point",
        "coordinates": [
          4.9767024,
          52.352589
        ]
      },
      "properties": {
        "id": "osm-w-579509702",
        "category": "parking",
        "name": "Parking",
        "wheelchair": null,
        "fee": null,
        "opening_hours": null,
        "source": "osm"
      }
    },
    {
      "type": "Feature",
      "geometry": {
        "type": "Point",
        "coordinates": [
          4.9824916,
          52.3494886
        ]
      },
      "properties": {
        "id": "osm-w-579515535",
        "category": "parking",
        "name": "Parking",
        "wheelchair": null,
        "fee": null,
        "opening_hours": null,
        "source": "osm"
      }
    },
    {
      "type": "Feature",
      "geometry": {
        "type": "Point",
        "coordinates": [
          4.9780009,
          52.3479768
        ]
      },
      "properties": {
        "id": "osm-w-579515544",
        "category": "parking",
        "name": "Parking",
        "wheelchair": null,
        "fee": null,
        "opening_hours": null,
        "source": "osm"
      }
    },
    {
      "type": "Feature",
      "geometry": {
        "type": "Point",
        "coordinates": [
          4.9777601,
          52.3480976
        ]
      },
      "properties": {
        "id": "osm-w-579515545",
        "category": "parking",
        "name": "Parking",
        "wheelchair": null,
        "fee": null,
        "opening_hours": null,
        "source": "osm"
      }
    },
    {
      "type": "Feature",
      "geometry": {
        "type": "Point",
        "coordinates": [
          4.977386,
          52.3483045
        ]
      },
      "properties": {
        "id": "osm-w-579515547",
        "category": "parking",
        "name": "Parking",
        "wheelchair": null,
        "fee": null,
        "opening_hours": null,
        "source": "osm"
      }
    },
    {
      "type": "Feature",
      "geometry": {
        "type": "Point",
        "coordinates": [
          4.9771055,
          52.348423
        ]
      },
      "properties": {
        "id": "osm-w-579515548",
        "category": "parking",
        "name": "Parking",
        "wheelchair": null,
        "fee": null,
        "opening_hours": null,
        "source": "osm"
      }
    },
    {
      "type": "Feature",
      "geometry": {
        "type": "Point",
        "coordinates": [
          4.9796439,
          52.3481776
        ]
      },
      "properties": {
        "id": "osm-w-579515565",
        "category": "parking",
        "name": "Parking",
        "wheelchair": null,
        "fee": null,
        "opening_hours": null,
        "source": "osm"
      }
    },
    {
      "type": "Feature",
      "geometry": {
        "type": "Point",
        "coordinates": [
          4.9200667,
          52.3835706
        ]
      },
      "properties": {
        "id": "osm-w-582364322",
        "category": "parking",
        "name": "Parking",
        "wheelchair": null,
        "fee": "yes",
        "opening_hours": null,
        "source": "osm"
      }
    },
    {
      "type": "Feature",
      "geometry": {
        "type": "Point",
        "coordinates": [
          4.9467039,
          52.3679285
        ]
      },
      "properties": {
        "id": "osm-w-591850484",
        "category": "parking",
        "name": "Parking",
        "wheelchair": null,
        "fee": null,
        "opening_hours": null,
        "source": "osm"
      }
    },
    {
      "type": "Feature",
      "geometry": {
        "type": "Point",
        "coordinates": [
          4.9336399,
          52.3575201
        ]
      },
      "properties": {
        "id": "osm-w-603081172",
        "category": "parking",
        "name": "Parking",
        "wheelchair": null,
        "fee": null,
        "opening_hours": null,
        "source": "osm"
      }
    },
    {
      "type": "Feature",
      "geometry": {
        "type": "Point",
        "coordinates": [
          4.9321061,
          52.4015167
        ]
      },
      "properties": {
        "id": "osm-w-606104775",
        "category": "parking",
        "name": "Parking",
        "wheelchair": null,
        "fee": null,
        "opening_hours": null,
        "source": "osm"
      }
    },
    {
      "type": "Feature",
      "geometry": {
        "type": "Point",
        "coordinates": [
          4.9723115,
          52.3605612
        ]
      },
      "properties": {
        "id": "osm-w-619801612",
        "category": "parking",
        "name": "Parking",
        "wheelchair": null,
        "fee": null,
        "opening_hours": null,
        "source": "osm"
      }
    },
    {
      "type": "Feature",
      "geometry": {
        "type": "Point",
        "coordinates": [
          4.9721759,
          52.3603346
        ]
      },
      "properties": {
        "id": "osm-w-619801614",
        "category": "parking",
        "name": "Parking",
        "wheelchair": null,
        "fee": null,
        "opening_hours": null,
        "source": "osm"
      }
    },
    {
      "type": "Feature",
      "geometry": {
        "type": "Point",
        "coordinates": [
          4.9716262,
          52.3601252
        ]
      },
      "properties": {
        "id": "osm-w-619801615",
        "category": "parking",
        "name": "Parking",
        "wheelchair": null,
        "fee": null,
        "opening_hours": null,
        "source": "osm"
      }
    },
    {
      "type": "Feature",
      "geometry": {
        "type": "Point",
        "coordinates": [
          4.9772903,
          52.3632406
        ]
      },
      "properties": {
        "id": "osm-w-619801667",
        "category": "parking",
        "name": "Parking",
        "wheelchair": "yes",
        "fee": null,
        "opening_hours": null,
        "source": "osm"
      }
    },
    {
      "type": "Feature",
      "geometry": {
        "type": "Point",
        "coordinates": [
          4.9792176,
          52.3613571
        ]
      },
      "properties": {
        "id": "osm-w-619801695",
        "category": "parking",
        "name": "Parking",
        "wheelchair": "yes",
        "fee": null,
        "opening_hours": null,
        "source": "osm"
      }
    },
    {
      "type": "Feature",
      "geometry": {
        "type": "Point",
        "coordinates": [
          4.9909431,
          52.3556613
        ]
      },
      "properties": {
        "id": "osm-w-620101247",
        "category": "parking",
        "name": "Parking",
        "wheelchair": null,
        "fee": null,
        "opening_hours": null,
        "source": "osm"
      }
    },
    {
      "type": "Feature",
      "geometry": {
        "type": "Point",
        "coordinates": [
          4.9899284,
          52.3561996
        ]
      },
      "properties": {
        "id": "osm-w-620101251",
        "category": "parking",
        "name": "Parking",
        "wheelchair": null,
        "fee": null,
        "opening_hours": null,
        "source": "osm"
      }
    },
    {
      "type": "Feature",
      "geometry": {
        "type": "Point",
        "coordinates": [
          4.9885316,
          52.3565764
        ]
      },
      "properties": {
        "id": "osm-w-620101262",
        "category": "parking",
        "name": "Parking",
        "wheelchair": null,
        "fee": null,
        "opening_hours": null,
        "source": "osm"
      }
    },
    {
      "type": "Feature",
      "geometry": {
        "type": "Point",
        "coordinates": [
          4.9642708,
          52.3616257
        ]
      },
      "properties": {
        "id": "osm-w-620105874",
        "category": "parking",
        "name": "Parking",
        "wheelchair": null,
        "fee": null,
        "opening_hours": null,
        "source": "osm"
      }
    },
    {
      "type": "Feature",
      "geometry": {
        "type": "Point",
        "coordinates": [
          4.9576015,
          52.3713834
        ]
      },
      "properties": {
        "id": "osm-w-620129263",
        "category": "parking",
        "name": "Parking",
        "wheelchair": null,
        "fee": null,
        "opening_hours": null,
        "source": "osm"
      }
    },
    {
      "type": "Feature",
      "geometry": {
        "type": "Point",
        "coordinates": [
          4.956064,
          52.3955625
        ]
      },
      "properties": {
        "id": "osm-w-620647562",
        "category": "parking",
        "name": "Parking",
        "wheelchair": null,
        "fee": null,
        "opening_hours": null,
        "source": "osm"
      }
    },
    {
      "type": "Feature",
      "geometry": {
        "type": "Point",
        "coordinates": [
          4.9573126,
          52.3960021
        ]
      },
      "properties": {
        "id": "osm-w-620647576",
        "category": "parking",
        "name": "Parking",
        "wheelchair": null,
        "fee": null,
        "opening_hours": null,
        "source": "osm"
      }
    },
    {
      "type": "Feature",
      "geometry": {
        "type": "Point",
        "coordinates": [
          4.9117797,
          52.3762795
        ]
      },
      "properties": {
        "id": "osm-w-623452617",
        "category": "cafe",
        "name": "Hanneke's Boom",
        "wheelchair": "limited",
        "fee": null,
        "opening_hours": "Mo-Th,Su 11:00-01:00; Fr-Sa 11:00-03:00",
        "source": "osm"
      }
    },
    {
      "type": "Feature",
      "geometry": {
        "type": "Point",
        "coordinates": [
          4.9141164,
          52.3680754
        ]
      },
      "properties": {
        "id": "osm-w-624424670",
        "category": "parking",
        "name": "P. Artis - Touringcars",
        "wheelchair": "yes",
        "fee": "yes",
        "opening_hours": null,
        "source": "osm"
      }
    },
    {
      "type": "Feature",
      "geometry": {
        "type": "Point",
        "coordinates": [
          4.9789018,
          52.3999431
        ]
      },
      "properties": {
        "id": "osm-w-625997146",
        "category": "parking",
        "name": "Parking",
        "wheelchair": null,
        "fee": null,
        "opening_hours": null,
        "source": "osm"
      }
    },
    {
      "type": "Feature",
      "geometry": {
        "type": "Point",
        "coordinates": [
          4.9232539,
          52.3619541
        ]
      },
      "properties": {
        "id": "osm-w-674943952",
        "category": "parking",
        "name": "Moby Park",
        "wheelchair": null,
        "fee": null,
        "opening_hours": null,
        "source": "osm"
      }
    },
    {
      "type": "Feature",
      "geometry": {
        "type": "Point",
        "coordinates": [
          4.9806255,
          52.3739239
        ]
      },
      "properties": {
        "id": "osm-w-699291657",
        "category": "parking",
        "name": "Parking",
        "wheelchair": null,
        "fee": null,
        "opening_hours": null,
        "source": "osm"
      }
    },
    {
      "type": "Feature",
      "geometry": {
        "type": "Point",
        "coordinates": [
          4.9145224,
          52.3704369
        ]
      },
      "properties": {
        "id": "osm-w-736725672",
        "category": "parking",
        "name": "Parking",
        "wheelchair": null,
        "fee": null,
        "opening_hours": null,
        "source": "osm"
      }
    },
    {
      "type": "Feature",
      "geometry": {
        "type": "Point",
        "coordinates": [
          4.9379462,
          52.3860929
        ]
      },
      "properties": {
        "id": "osm-w-737427194",
        "category": "parking",
        "name": "Parking",
        "wheelchair": null,
        "fee": null,
        "opening_hours": null,
        "source": "osm"
      }
    },
    {
      "type": "Feature",
      "geometry": {
        "type": "Point",
        "coordinates": [
          4.936345,
          52.3867436
        ]
      },
      "properties": {
        "id": "osm-w-737427238",
        "category": "parking",
        "name": "Parking",
        "wheelchair": null,
        "fee": null,
        "opening_hours": null,
        "source": "osm"
      }
    },
    {
      "type": "Feature",
      "geometry": {
        "type": "Point",
        "coordinates": [
          4.9305131,
          52.385529
        ]
      },
      "properties": {
        "id": "osm-w-737427262",
        "category": "parking",
        "name": "Parking",
        "wheelchair": null,
        "fee": null,
        "opening_hours": null,
        "source": "osm"
      }
    },
    {
      "type": "Feature",
      "geometry": {
        "type": "Point",
        "coordinates": [
          4.9279035,
          52.3850039
        ]
      },
      "properties": {
        "id": "osm-w-737427269",
        "category": "parking",
        "name": "Parking",
        "wheelchair": null,
        "fee": null,
        "opening_hours": null,
        "source": "osm"
      }
    },
    {
      "type": "Feature",
      "geometry": {
        "type": "Point",
        "coordinates": [
          4.9251602,
          52.386204
        ]
      },
      "properties": {
        "id": "osm-w-737427293",
        "category": "parking",
        "name": "Parking",
        "wheelchair": null,
        "fee": null,
        "opening_hours": null,
        "source": "osm"
      }
    },
    {
      "type": "Feature",
      "geometry": {
        "type": "Point",
        "coordinates": [
          4.907398,
          52.3761523
        ]
      },
      "properties": {
        "id": "osm-w-761323417",
        "category": "parking",
        "name": "Parking Centrum Oosterdok",
        "wheelchair": null,
        "fee": "yes",
        "opening_hours": null,
        "source": "osm"
      }
    },
    {
      "type": "Feature",
      "geometry": {
        "type": "Point",
        "coordinates": [
          4.9182887,
          52.3744103
        ]
      },
      "properties": {
        "id": "osm-w-762735081",
        "category": "parking",
        "name": "Parking",
        "wheelchair": null,
        "fee": null,
        "opening_hours": null,
        "source": "osm"
      }
    },
    {
      "type": "Feature",
      "geometry": {
        "type": "Point",
        "coordinates": [
          4.9158919,
          52.3754653
        ]
      },
      "properties": {
        "id": "osm-w-762735096",
        "category": "parking",
        "name": "Parking",
        "wheelchair": null,
        "fee": null,
        "opening_hours": null,
        "source": "osm"
      }
    },
    {
      "type": "Feature",
      "geometry": {
        "type": "Point",
        "coordinates": [
          4.9462099,
          52.3690512
        ]
      },
      "properties": {
        "id": "osm-w-779357532",
        "category": "parking",
        "name": "Parkingyou",
        "wheelchair": null,
        "fee": "yes",
        "opening_hours": null,
        "source": "osm"
      }
    },
    {
      "type": "Feature",
      "geometry": {
        "type": "Point",
        "coordinates": [
          4.9378618,
          52.3872188
        ]
      },
      "properties": {
        "id": "osm-w-827347690",
        "category": "parking",
        "name": "Parking",
        "wheelchair": null,
        "fee": null,
        "opening_hours": null,
        "source": "osm"
      }
    },
    {
      "type": "Feature",
      "geometry": {
        "type": "Point",
        "coordinates": [
          4.9417651,
          52.4048207
        ]
      },
      "properties": {
        "id": "osm-w-831147398",
        "category": "parking",
        "name": "Parking",
        "wheelchair": null,
        "fee": null,
        "opening_hours": null,
        "source": "osm"
      }
    },
    {
      "type": "Feature",
      "geometry": {
        "type": "Point",
        "coordinates": [
          5.0114135,
          52.3865045
        ]
      },
      "properties": {
        "id": "osm-w-844779770",
        "category": "parking",
        "name": "Parking",
        "wheelchair": null,
        "fee": null,
        "opening_hours": null,
        "source": "osm"
      }
    },
    {
      "type": "Feature",
      "geometry": {
        "type": "Point",
        "coordinates": [
          5.012524,
          52.3850192
        ]
      },
      "properties": {
        "id": "osm-w-844779776",
        "category": "parking",
        "name": "Parking",
        "wheelchair": null,
        "fee": null,
        "opening_hours": null,
        "source": "osm"
      }
    },
    {
      "type": "Feature",
      "geometry": {
        "type": "Point",
        "coordinates": [
          5.0180751,
          52.385929
        ]
      },
      "properties": {
        "id": "osm-w-844779793",
        "category": "parking",
        "name": "Parking",
        "wheelchair": null,
        "fee": null,
        "opening_hours": null,
        "source": "osm"
      }
    },
    {
      "type": "Feature",
      "geometry": {
        "type": "Point",
        "coordinates": [
          4.9390463,
          52.3954612
        ]
      },
      "properties": {
        "id": "osm-w-851807964",
        "category": "parking",
        "name": "Parking",
        "wheelchair": null,
        "fee": null,
        "opening_hours": null,
        "source": "osm"
      }
    },
    {
      "type": "Feature",
      "geometry": {
        "type": "Point",
        "coordinates": [
          4.9965465,
          52.352702
        ]
      },
      "properties": {
        "id": "osm-w-860722489",
        "category": "parking",
        "name": "Parking",
        "wheelchair": null,
        "fee": null,
        "opening_hours": null,
        "source": "osm"
      }
    },
    {
      "type": "Feature",
      "geometry": {
        "type": "Point",
        "coordinates": [
          4.9211905,
          52.3823965
        ]
      },
      "properties": {
        "id": "osm-w-864004500",
        "category": "parking",
        "name": "Parking",
        "wheelchair": null,
        "fee": null,
        "opening_hours": null,
        "source": "osm"
      }
    },
    {
      "type": "Feature",
      "geometry": {
        "type": "Point",
        "coordinates": [
          4.9210651,
          52.3827815
        ]
      },
      "properties": {
        "id": "osm-w-864004501",
        "category": "parking",
        "name": "Parking",
        "wheelchair": null,
        "fee": null,
        "opening_hours": null,
        "source": "osm"
      }
    },
    {
      "type": "Feature",
      "geometry": {
        "type": "Point",
        "coordinates": [
          4.9214155,
          52.3830079
        ]
      },
      "properties": {
        "id": "osm-w-864004502",
        "category": "parking",
        "name": "Parking",
        "wheelchair": null,
        "fee": null,
        "opening_hours": null,
        "source": "osm"
      }
    },
    {
      "type": "Feature",
      "geometry": {
        "type": "Point",
        "coordinates": [
          4.9209626,
          52.3831224
        ]
      },
      "properties": {
        "id": "osm-w-864004503",
        "category": "parking",
        "name": "Parking",
        "wheelchair": null,
        "fee": null,
        "opening_hours": null,
        "source": "osm"
      }
    },
    {
      "type": "Feature",
      "geometry": {
        "type": "Point",
        "coordinates": [
          4.9212292,
          52.3833774
        ]
      },
      "properties": {
        "id": "osm-w-864004504",
        "category": "parking",
        "name": "Parking",
        "wheelchair": null,
        "fee": null,
        "opening_hours": null,
        "source": "osm"
      }
    },
    {
      "type": "Feature",
      "geometry": {
        "type": "Point",
        "coordinates": [
          4.9210372,
          52.3840543
        ]
      },
      "properties": {
        "id": "osm-w-864004507",
        "category": "parking",
        "name": "Parking",
        "wheelchair": null,
        "fee": null,
        "opening_hours": null,
        "source": "osm"
      }
    },
    {
      "type": "Feature",
      "geometry": {
        "type": "Point",
        "coordinates": [
          4.9115514,
          52.3919025
        ]
      },
      "properties": {
        "id": "osm-w-865789374",
        "category": "parking",
        "name": "Parking",
        "wheelchair": null,
        "fee": null,
        "opening_hours": null,
        "source": "osm"
      }
    },
    {
      "type": "Feature",
      "geometry": {
        "type": "Point",
        "coordinates": [
          4.9106366,
          52.3925844
        ]
      },
      "properties": {
        "id": "osm-w-865789376",
        "category": "parking",
        "name": "Parking",
        "wheelchair": null,
        "fee": null,
        "opening_hours": null,
        "source": "osm"
      }
    },
    {
      "type": "Feature",
      "geometry": {
        "type": "Point",
        "coordinates": [
          4.9107003,
          52.3920547
        ]
      },
      "properties": {
        "id": "osm-w-865789377",
        "category": "parking",
        "name": "Parking",
        "wheelchair": null,
        "fee": null,
        "opening_hours": null,
        "source": "osm"
      }
    },
    {
      "type": "Feature",
      "geometry": {
        "type": "Point",
        "coordinates": [
          4.9697679,
          52.3699445
        ]
      },
      "properties": {
        "id": "osm-w-893704065",
        "category": "parking",
        "name": "P&R Zeeburg III",
        "wheelchair": "yes",
        "fee": "yes",
        "opening_hours": null,
        "source": "osm"
      }
    },
    {
      "type": "Feature",
      "geometry": {
        "type": "Point",
        "coordinates": [
          4.9655761,
          52.3717065
        ]
      },
      "properties": {
        "id": "osm-w-895209704",
        "category": "parking",
        "name": "Parking",
        "wheelchair": null,
        "fee": null,
        "opening_hours": null,
        "source": "osm"
      }
    },
    {
      "type": "Feature",
      "geometry": {
        "type": "Point",
        "coordinates": [
          4.9647155,
          52.3720863
        ]
      },
      "properties": {
        "id": "osm-w-895209705",
        "category": "parking",
        "name": "Parking",
        "wheelchair": null,
        "fee": null,
        "opening_hours": null,
        "source": "osm"
      }
    },
    {
      "type": "Feature",
      "geometry": {
        "type": "Point",
        "coordinates": [
          4.9665372,
          52.3712164
        ]
      },
      "properties": {
        "id": "osm-w-895209706",
        "category": "parking",
        "name": "Parking",
        "wheelchair": null,
        "fee": null,
        "opening_hours": null,
        "source": "osm"
      }
    },
    {
      "type": "Feature",
      "geometry": {
        "type": "Point",
        "coordinates": [
          4.9670806,
          52.3709276
        ]
      },
      "properties": {
        "id": "osm-w-895209707",
        "category": "parking",
        "name": "Parking",
        "wheelchair": null,
        "fee": null,
        "opening_hours": null,
        "source": "osm"
      }
    },
    {
      "type": "Feature",
      "geometry": {
        "type": "Point",
        "coordinates": [
          4.9674118,
          52.370752
        ]
      },
      "properties": {
        "id": "osm-w-895209708",
        "category": "parking",
        "name": "Parking",
        "wheelchair": null,
        "fee": null,
        "opening_hours": null,
        "source": "osm"
      }
    },
    {
      "type": "Feature",
      "geometry": {
        "type": "Point",
        "coordinates": [
          4.9679724,
          52.3704544
        ]
      },
      "properties": {
        "id": "osm-w-895209709",
        "category": "parking",
        "name": "Parking",
        "wheelchair": null,
        "fee": null,
        "opening_hours": null,
        "source": "osm"
      }
    },
    {
      "type": "Feature",
      "geometry": {
        "type": "Point",
        "coordinates": [
          4.9696849,
          52.3711044
        ]
      },
      "properties": {
        "id": "osm-w-895209710",
        "category": "parking",
        "name": "Parking",
        "wheelchair": null,
        "fee": null,
        "opening_hours": null,
        "source": "osm"
      }
    },
    {
      "type": "Feature",
      "geometry": {
        "type": "Point",
        "coordinates": [
          4.9691032,
          52.3706935
        ]
      },
      "properties": {
        "id": "osm-w-895209711",
        "category": "parking",
        "name": "Parking",
        "wheelchair": null,
        "fee": null,
        "opening_hours": null,
        "source": "osm"
      }
    },
    {
      "type": "Feature",
      "geometry": {
        "type": "Point",
        "coordinates": [
          4.9686365,
          52.3703649
        ]
      },
      "properties": {
        "id": "osm-w-895209712",
        "category": "parking",
        "name": "Parking",
        "wheelchair": null,
        "fee": null,
        "opening_hours": null,
        "source": "osm"
      }
    },
    {
      "type": "Feature",
      "geometry": {
        "type": "Point",
        "coordinates": [
          4.9637378,
          52.3723607
        ]
      },
      "properties": {
        "id": "osm-w-895212234",
        "category": "parking",
        "name": "Parking",
        "wheelchair": null,
        "fee": null,
        "opening_hours": null,
        "source": "osm"
      }
    },
    {
      "type": "Feature",
      "geometry": {
        "type": "Point",
        "coordinates": [
          4.9675462,
          52.4112329
        ]
      },
      "properties": {
        "id": "osm-w-900152292",
        "category": "parking",
        "name": "Parking",
        "wheelchair": null,
        "fee": null,
        "opening_hours": null,
        "source": "osm"
      }
    },
    {
      "type": "Feature",
      "geometry": {
        "type": "Point",
        "coordinates": [
          4.9675462,
          52.411008
        ]
      },
      "properties": {
        "id": "osm-w-900152293",
        "category": "parking",
        "name": "Parking",
        "wheelchair": null,
        "fee": null,
        "opening_hours": null,
        "source": "osm"
      }
    },
    {
      "type": "Feature",
      "geometry": {
        "type": "Point",
        "coordinates": [
          4.9674953,
          52.4107875
        ]
      },
      "properties": {
        "id": "osm-w-900152294",
        "category": "parking",
        "name": "Parking",
        "wheelchair": null,
        "fee": null,
        "opening_hours": null,
        "source": "osm"
      }
    },
    {
      "type": "Feature",
      "geometry": {
        "type": "Point",
        "coordinates": [
          4.9675824,
          52.410801
        ]
      },
      "properties": {
        "id": "osm-w-900152295",
        "category": "parking",
        "name": "Parking",
        "wheelchair": null,
        "fee": null,
        "opening_hours": null,
        "source": "osm"
      }
    },
    {
      "type": "Feature",
      "geometry": {
        "type": "Point",
        "coordinates": [
          4.9678206,
          52.3489869
        ]
      },
      "properties": {
        "id": "osm-w-922090136",
        "category": "parking",
        "name": "Parking",
        "wheelchair": null,
        "fee": null,
        "opening_hours": null,
        "source": "osm"
      }
    },
    {
      "type": "Feature",
      "geometry": {
        "type": "Point",
        "coordinates": [
          4.9650144,
          52.3484443
        ]
      },
      "properties": {
        "id": "osm-w-923056016",
        "category": "parking",
        "name": "Parking",
        "wheelchair": null,
        "fee": null,
        "opening_hours": null,
        "source": "osm"
      }
    },
    {
      "type": "Feature",
      "geometry": {
        "type": "Point",
        "coordinates": [
          4.9645623,
          52.347943
        ]
      },
      "properties": {
        "id": "osm-w-923317217",
        "category": "parking",
        "name": "Parking",
        "wheelchair": null,
        "fee": null,
        "opening_hours": null,
        "source": "osm"
      }
    },
    {
      "type": "Feature",
      "geometry": {
        "type": "Point",
        "coordinates": [
          4.9734577,
          52.3490119
        ]
      },
      "properties": {
        "id": "osm-w-927141643",
        "category": "parking",
        "name": "Parking",
        "wheelchair": null,
        "fee": null,
        "opening_hours": null,
        "source": "osm"
      }
    },
    {
      "type": "Feature",
      "geometry": {
        "type": "Point",
        "coordinates": [
          4.9739295,
          52.3483745
        ]
      },
      "properties": {
        "id": "osm-w-927270401",
        "category": "parking",
        "name": "Parking",
        "wheelchair": null,
        "fee": null,
        "opening_hours": null,
        "source": "osm"
      }
    },
    {
      "type": "Feature",
      "geometry": {
        "type": "Point",
        "coordinates": [
          4.9741212,
          52.3484169
        ]
      },
      "properties": {
        "id": "osm-w-927270409",
        "category": "parking",
        "name": "Parking",
        "wheelchair": null,
        "fee": null,
        "opening_hours": null,
        "source": "osm"
      }
    },
    {
      "type": "Feature",
      "geometry": {
        "type": "Point",
        "coordinates": [
          4.9740846,
          52.3484153
        ]
      },
      "properties": {
        "id": "osm-w-927270410",
        "category": "parking",
        "name": "Parking",
        "wheelchair": null,
        "fee": null,
        "opening_hours": null,
        "source": "osm"
      }
    },
    {
      "type": "Feature",
      "geometry": {
        "type": "Point",
        "coordinates": [
          4.974048,
          52.3484138
        ]
      },
      "properties": {
        "id": "osm-w-927270411",
        "category": "parking",
        "name": "Parking",
        "wheelchair": null,
        "fee": null,
        "opening_hours": null,
        "source": "osm"
      }
    },
    {
      "type": "Feature",
      "geometry": {
        "type": "Point",
        "coordinates": [
          4.9740113,
          52.3484122
        ]
      },
      "properties": {
        "id": "osm-w-927270412",
        "category": "parking",
        "name": "Parking",
        "wheelchair": null,
        "fee": null,
        "opening_hours": null,
        "source": "osm"
      }
    },
    {
      "type": "Feature",
      "geometry": {
        "type": "Point",
        "coordinates": [
          4.9739746,
          52.3484107
        ]
      },
      "properties": {
        "id": "osm-w-927270413",
        "category": "parking",
        "name": "Parking",
        "wheelchair": null,
        "fee": null,
        "opening_hours": null,
        "source": "osm"
      }
    },
    {
      "type": "Feature",
      "geometry": {
        "type": "Point",
        "coordinates": [
          4.9739379,
          52.3484092
        ]
      },
      "properties": {
        "id": "osm-w-927270414",
        "category": "parking",
        "name": "Parking",
        "wheelchair": null,
        "fee": null,
        "opening_hours": null,
        "source": "osm"
      }
    },
    {
      "type": "Feature",
      "geometry": {
        "type": "Point",
        "coordinates": [
          4.9739014,
          52.3484077
        ]
      },
      "properties": {
        "id": "osm-w-927270415",
        "category": "parking",
        "name": "Parking",
        "wheelchair": null,
        "fee": null,
        "opening_hours": null,
        "source": "osm"
      }
    },
    {
      "type": "Feature",
      "geometry": {
        "type": "Point",
        "coordinates": [
          4.973865,
          52.3484064
        ]
      },
      "properties": {
        "id": "osm-w-927270425",
        "category": "parking",
        "name": "Parking",
        "wheelchair": null,
        "fee": null,
        "opening_hours": null,
        "source": "osm"
      }
    },
    {
      "type": "Feature",
      "geometry": {
        "type": "Point",
        "coordinates": [
          4.970256,
          52.3491985
        ]
      },
      "properties": {
        "id": "osm-w-934454125",
        "category": "parking",
        "name": "Parking",
        "wheelchair": null,
        "fee": null,
        "opening_hours": null,
        "source": "osm"
      }
    },
    {
      "type": "Feature",
      "geometry": {
        "type": "Point",
        "coordinates": [
          4.9723553,
          52.3528914
        ]
      },
      "properties": {
        "id": "osm-w-954557621",
        "category": "parking",
        "name": "Parking",
        "wheelchair": null,
        "fee": null,
        "opening_hours": null,
        "source": "osm"
      }
    },
    {
      "type": "Feature",
      "geometry": {
        "type": "Point",
        "coordinates": [
          4.9725012,
          52.352873
        ]
      },
      "properties": {
        "id": "osm-w-954557622",
        "category": "parking",
        "name": "Parking",
        "wheelchair": null,
        "fee": null,
        "opening_hours": null,
        "source": "osm"
      }
    },
    {
      "type": "Feature",
      "geometry": {
        "type": "Point",
        "coordinates": [
          4.9325642,
          52.3995454
        ]
      },
      "properties": {
        "id": "osm-w-957257635",
        "category": "parking",
        "name": "Parking",
        "wheelchair": null,
        "fee": null,
        "opening_hours": null,
        "source": "osm"
      }
    },
    {
      "type": "Feature",
      "geometry": {
        "type": "Point",
        "coordinates": [
          4.9254113,
          52.3984628
        ]
      },
      "properties": {
        "id": "osm-w-982138467",
        "category": "parking",
        "name": "Parking",
        "wheelchair": null,
        "fee": "yes",
        "opening_hours": null,
        "source": "osm"
      }
    },
    {
      "type": "Feature",
      "geometry": {
        "type": "Point",
        "coordinates": [
          4.9837181,
          52.3488214
        ]
      },
      "properties": {
        "id": "osm-w-990845518",
        "category": "parking",
        "name": "Parking",
        "wheelchair": null,
        "fee": null,
        "opening_hours": null,
        "source": "osm"
      }
    },
    {
      "type": "Feature",
      "geometry": {
        "type": "Point",
        "coordinates": [
          4.9504618,
          52.3499056
        ]
      },
      "properties": {
        "id": "osm-w-1005228206",
        "category": "parking",
        "name": "Parking",
        "wheelchair": null,
        "fee": null,
        "opening_hours": null,
        "source": "osm"
      }
    },
    {
      "type": "Feature",
      "geometry": {
        "type": "Point",
        "coordinates": [
          4.949101,
          52.3523031
        ]
      },
      "properties": {
        "id": "osm-w-1005323895",
        "category": "parking",
        "name": "Parking",
        "wheelchair": null,
        "fee": null,
        "opening_hours": null,
        "source": "osm"
      }
    },
    {
      "type": "Feature",
      "geometry": {
        "type": "Point",
        "coordinates": [
          4.9496484,
          52.352088
        ]
      },
      "properties": {
        "id": "osm-w-1005346786",
        "category": "parking",
        "name": "Gemeente Amsterdam",
        "wheelchair": null,
        "fee": "yes",
        "opening_hours": null,
        "source": "osm"
      }
    },
    {
      "type": "Feature",
      "geometry": {
        "type": "Point",
        "coordinates": [
          4.9502712,
          52.3517951
        ]
      },
      "properties": {
        "id": "osm-w-1005346787",
        "category": "parking",
        "name": "Zeeburgia",
        "wheelchair": null,
        "fee": "yes",
        "opening_hours": null,
        "source": "osm"
      }
    },
    {
      "type": "Feature",
      "geometry": {
        "type": "Point",
        "coordinates": [
          4.9719402,
          52.3568679
        ]
      },
      "properties": {
        "id": "osm-w-1021456205",
        "category": "parking",
        "name": "Jachtwerf Pampus",
        "wheelchair": null,
        "fee": null,
        "opening_hours": null,
        "source": "osm"
      }
    },
    {
      "type": "Feature",
      "geometry": {
        "type": "Point",
        "coordinates": [
          4.9497475,
          52.3690766
        ]
      },
      "properties": {
        "id": "osm-w-1026022171",
        "category": "parking",
        "name": "Parking",
        "wheelchair": null,
        "fee": null,
        "opening_hours": null,
        "source": "osm"
      }
    },
    {
      "type": "Feature",
      "geometry": {
        "type": "Point",
        "coordinates": [
          4.9597112,
          52.3563736
        ]
      },
      "properties": {
        "id": "osm-w-1049684458",
        "category": "parking",
        "name": "Parking",
        "wheelchair": null,
        "fee": null,
        "opening_hours": null,
        "source": "osm"
      }
    },
    {
      "type": "Feature",
      "geometry": {
        "type": "Point",
        "coordinates": [
          4.9959971,
          52.4076982
        ]
      },
      "properties": {
        "id": "osm-w-1060143048",
        "category": "parking",
        "name": "Parking",
        "wheelchair": null,
        "fee": null,
        "opening_hours": null,
        "source": "osm"
      }
    },
    {
      "type": "Feature",
      "geometry": {
        "type": "Point",
        "coordinates": [
          4.9253799,
          52.3882095
        ]
      },
      "properties": {
        "id": "osm-w-1061396615",
        "category": "parking",
        "name": "Parking",
        "wheelchair": null,
        "fee": null,
        "opening_hours": null,
        "source": "osm"
      }
    },
    {
      "type": "Feature",
      "geometry": {
        "type": "Point",
        "coordinates": [
          4.9252919,
          52.3879112
        ]
      },
      "properties": {
        "id": "osm-w-1061396616",
        "category": "parking",
        "name": "Parking",
        "wheelchair": null,
        "fee": null,
        "opening_hours": null,
        "source": "osm"
      }
    },
    {
      "type": "Feature",
      "geometry": {
        "type": "Point",
        "coordinates": [
          4.9302311,
          52.3658396
        ]
      },
      "properties": {
        "id": "osm-w-1071310706",
        "category": "parking",
        "name": "Parking",
        "wheelchair": null,
        "fee": "yes",
        "opening_hours": null,
        "source": "osm"
      }
    },
    {
      "type": "Feature",
      "geometry": {
        "type": "Point",
        "coordinates": [
          4.9312562,
          52.3908517
        ]
      },
      "properties": {
        "id": "osm-w-1079200846",
        "category": "parking",
        "name": "Parking",
        "wheelchair": null,
        "fee": "no",
        "opening_hours": null,
        "source": "osm"
      }
    },
    {
      "type": "Feature",
      "geometry": {
        "type": "Point",
        "coordinates": [
          4.9299628,
          52.3906055
        ]
      },
      "properties": {
        "id": "osm-w-1079200847",
        "category": "parking",
        "name": "Parking",
        "wheelchair": null,
        "fee": null,
        "opening_hours": null,
        "source": "osm"
      }
    },
    {
      "type": "Feature",
      "geometry": {
        "type": "Point",
        "coordinates": [
          4.928487,
          52.3904687
        ]
      },
      "properties": {
        "id": "osm-w-1079200848",
        "category": "parking",
        "name": "Parking",
        "wheelchair": null,
        "fee": "no",
        "opening_hours": null,
        "source": "osm"
      }
    },
    {
      "type": "Feature",
      "geometry": {
        "type": "Point",
        "coordinates": [
          4.9274653,
          52.3904774
        ]
      },
      "properties": {
        "id": "osm-w-1079200849",
        "category": "parking",
        "name": "Parking",
        "wheelchair": null,
        "fee": "no",
        "opening_hours": null,
        "source": "osm"
      }
    },
    {
      "type": "Feature",
      "geometry": {
        "type": "Point",
        "coordinates": [
          4.9273868,
          52.390595
        ]
      },
      "properties": {
        "id": "osm-w-1079200850",
        "category": "parking",
        "name": "Parking",
        "wheelchair": null,
        "fee": "no",
        "opening_hours": null,
        "source": "osm"
      }
    },
    {
      "type": "Feature",
      "geometry": {
        "type": "Point",
        "coordinates": [
          4.9272156,
          52.3904854
        ]
      },
      "properties": {
        "id": "osm-w-1079200851",
        "category": "parking",
        "name": "Parking",
        "wheelchair": null,
        "fee": "no",
        "opening_hours": null,
        "source": "osm"
      }
    },
    {
      "type": "Feature",
      "geometry": {
        "type": "Point",
        "coordinates": [
          4.9531328,
          52.3547996
        ]
      },
      "properties": {
        "id": "osm-w-1083164938",
        "category": "parking",
        "name": "Restaurant Polder",
        "wheelchair": null,
        "fee": "no",
        "opening_hours": null,
        "source": "osm"
      }
    },
    {
      "type": "Feature",
      "geometry": {
        "type": "Point",
        "coordinates": [
          4.9560811,
          52.3920385
        ]
      },
      "properties": {
        "id": "osm-w-1089103836",
        "category": "parking",
        "name": "Parking",
        "wheelchair": null,
        "fee": null,
        "opening_hours": null,
        "source": "osm"
      }
    },
    {
      "type": "Feature",
      "geometry": {
        "type": "Point",
        "coordinates": [
          4.9463511,
          52.385671
        ]
      },
      "properties": {
        "id": "osm-w-1089112541",
        "category": "parking",
        "name": "Parking",
        "wheelchair": null,
        "fee": null,
        "opening_hours": null,
        "source": "osm"
      }
    },
    {
      "type": "Feature",
      "geometry": {
        "type": "Point",
        "coordinates": [
          4.9457594,
          52.3855982
        ]
      },
      "properties": {
        "id": "osm-w-1089114964",
        "category": "parking",
        "name": "Parking",
        "wheelchair": null,
        "fee": null,
        "opening_hours": null,
        "source": "osm"
      }
    },
    {
      "type": "Feature",
      "geometry": {
        "type": "Point",
        "coordinates": [
          4.9448289,
          52.3851428
        ]
      },
      "properties": {
        "id": "osm-w-1089114998",
        "category": "parking",
        "name": "Parking",
        "wheelchair": null,
        "fee": null,
        "opening_hours": null,
        "source": "osm"
      }
    },
    {
      "type": "Feature",
      "geometry": {
        "type": "Point",
        "coordinates": [
          4.9453453,
          52.3853187
        ]
      },
      "properties": {
        "id": "osm-w-1089115618",
        "category": "parking",
        "name": "Parking",
        "wheelchair": null,
        "fee": null,
        "opening_hours": null,
        "source": "osm"
      }
    },
    {
      "type": "Feature",
      "geometry": {
        "type": "Point",
        "coordinates": [
          4.9529572,
          52.3559659
        ]
      },
      "properties": {
        "id": "osm-w-1089730030",
        "category": "parking",
        "name": "Interxion",
        "wheelchair": null,
        "fee": null,
        "opening_hours": null,
        "source": "osm"
      }
    },
    {
      "type": "Feature",
      "geometry": {
        "type": "Point",
        "coordinates": [
          4.947934,
          52.3557442
        ]
      },
      "properties": {
        "id": "osm-w-1091848840",
        "category": "parking",
        "name": "De Meander",
        "wheelchair": null,
        "fee": null,
        "opening_hours": null,
        "source": "osm"
      }
    },
    {
      "type": "Feature",
      "geometry": {
        "type": "Point",
        "coordinates": [
          4.9473677,
          52.3558888
        ]
      },
      "properties": {
        "id": "osm-w-1091848841",
        "category": "parking",
        "name": "De Meander",
        "wheelchair": null,
        "fee": null,
        "opening_hours": null,
        "source": "osm"
      }
    },
    {
      "type": "Feature",
      "geometry": {
        "type": "Point",
        "coordinates": [
          4.9471102,
          52.3562326
        ]
      },
      "properties": {
        "id": "osm-w-1091848846",
        "category": "parking",
        "name": "De Meander",
        "wheelchair": null,
        "fee": null,
        "opening_hours": null,
        "source": "osm"
      }
    },
    {
      "type": "Feature",
      "geometry": {
        "type": "Point",
        "coordinates": [
          4.9464371,
          52.3563288
        ]
      },
      "properties": {
        "id": "osm-w-1091848881",
        "category": "parking",
        "name": "De Meander",
        "wheelchair": null,
        "fee": null,
        "opening_hours": null,
        "source": "osm"
      }
    },
    {
      "type": "Feature",
      "geometry": {
        "type": "Point",
        "coordinates": [
          4.9483455,
          52.3559614
        ]
      },
      "properties": {
        "id": "osm-w-1091852624",
        "category": "parking",
        "name": "Parking",
        "wheelchair": null,
        "fee": "yes",
        "opening_hours": null,
        "source": "osm"
      }
    },
    {
      "type": "Feature",
      "geometry": {
        "type": "Point",
        "coordinates": [
          4.9482858,
          52.3559992
        ]
      },
      "properties": {
        "id": "osm-w-1091852625",
        "category": "parking",
        "name": "Parking",
        "wheelchair": null,
        "fee": "yes",
        "opening_hours": null,
        "source": "osm"
      }
    },
    {
      "type": "Feature",
      "geometry": {
        "type": "Point",
        "coordinates": [
          4.9494589,
          52.3542715
        ]
      },
      "properties": {
        "id": "osm-w-1091859541",
        "category": "parking",
        "name": "Parking",
        "wheelchair": null,
        "fee": null,
        "opening_hours": null,
        "source": "osm"
      }
    },
    {
      "type": "Feature",
      "geometry": {
        "type": "Point",
        "coordinates": [
          4.9503393,
          52.3546644
        ]
      },
      "properties": {
        "id": "osm-w-1092105432",
        "category": "parking",
        "name": "Gemeente Amsterdam",
        "wheelchair": null,
        "fee": "yes",
        "opening_hours": null,
        "source": "osm"
      }
    },
    {
      "type": "Feature",
      "geometry": {
        "type": "Point",
        "coordinates": [
          4.9502929,
          52.354693
        ]
      },
      "properties": {
        "id": "osm-w-1092105433",
        "category": "parking",
        "name": "Gemeente Amsterdam",
        "wheelchair": null,
        "fee": "yes",
        "opening_hours": null,
        "source": "osm"
      }
    },
    {
      "type": "Feature",
      "geometry": {
        "type": "Point",
        "coordinates": [
          4.9495634,
          52.3551673
        ]
      },
      "properties": {
        "id": "osm-w-1092105440",
        "category": "parking",
        "name": "Parking",
        "wheelchair": null,
        "fee": "yes",
        "opening_hours": null,
        "source": "osm"
      }
    },
    {
      "type": "Feature",
      "geometry": {
        "type": "Point",
        "coordinates": [
          4.9496146,
          52.3551334
        ]
      },
      "properties": {
        "id": "osm-w-1092105441",
        "category": "parking",
        "name": "Parking",
        "wheelchair": null,
        "fee": "yes",
        "opening_hours": null,
        "source": "osm"
      }
    },
    {
      "type": "Feature",
      "geometry": {
        "type": "Point",
        "coordinates": [
          4.9496659,
          52.3550996
        ]
      },
      "properties": {
        "id": "osm-w-1092105442",
        "category": "parking",
        "name": "Parking",
        "wheelchair": null,
        "fee": "yes",
        "opening_hours": null,
        "source": "osm"
      }
    },
    {
      "type": "Feature",
      "geometry": {
        "type": "Point",
        "coordinates": [
          4.9497171,
          52.3550657
        ]
      },
      "properties": {
        "id": "osm-w-1092105443",
        "category": "parking",
        "name": "Parking",
        "wheelchair": null,
        "fee": "yes",
        "opening_hours": null,
        "source": "osm"
      }
    },
    {
      "type": "Feature",
      "geometry": {
        "type": "Point",
        "coordinates": [
          4.9978687,
          52.3798673
        ]
      },
      "properties": {
        "id": "osm-w-1097547861",
        "category": "parking",
        "name": "Parking",
        "wheelchair": null,
        "fee": null,
        "opening_hours": null,
        "source": "osm"
      }
    },
    {
      "type": "Feature",
      "geometry": {
        "type": "Point",
        "coordinates": [
          4.9977809,
          52.3798429
        ]
      },
      "properties": {
        "id": "osm-w-1097547862",
        "category": "parking",
        "name": "Parking",
        "wheelchair": null,
        "fee": null,
        "opening_hours": null,
        "source": "osm"
      }
    },
    {
      "type": "Feature",
      "geometry": {
        "type": "Point",
        "coordinates": [
          4.9967356,
          52.3795512
        ]
      },
      "properties": {
        "id": "osm-w-1097547865",
        "category": "parking",
        "name": "Parking",
        "wheelchair": null,
        "fee": null,
        "opening_hours": null,
        "source": "osm"
      }
    },
    {
      "type": "Feature",
      "geometry": {
        "type": "Point",
        "coordinates": [
          4.9983549,
          52.3799993
        ]
      },
      "properties": {
        "id": "osm-w-1097562005",
        "category": "parking",
        "name": "Parking",
        "wheelchair": null,
        "fee": null,
        "opening_hours": null,
        "source": "osm"
      }
    },
    {
      "type": "Feature",
      "geometry": {
        "type": "Point",
        "coordinates": [
          5.0000241,
          52.380469
        ]
      },
      "properties": {
        "id": "osm-w-1097568225",
        "category": "parking",
        "name": "Parking",
        "wheelchair": null,
        "fee": null,
        "opening_hours": null,
        "source": "osm"
      }
    },
    {
      "type": "Feature",
      "geometry": {
        "type": "Point",
        "coordinates": [
          4.9949381,
          52.3790712
        ]
      },
      "properties": {
        "id": "osm-w-1097575963",
        "category": "parking",
        "name": "Parking",
        "wheelchair": null,
        "fee": null,
        "opening_hours": null,
        "source": "osm"
      }
    },
    {
      "type": "Feature",
      "geometry": {
        "type": "Point",
        "coordinates": [
          4.9944688,
          52.378957
        ]
      },
      "properties": {
        "id": "osm-w-1097575964",
        "category": "parking",
        "name": "Parking",
        "wheelchair": null,
        "fee": null,
        "opening_hours": null,
        "source": "osm"
      }
    },
    {
      "type": "Feature",
      "geometry": {
        "type": "Point",
        "coordinates": [
          4.9947453,
          52.3790258
        ]
      },
      "properties": {
        "id": "osm-w-1097575966",
        "category": "parking",
        "name": "Parking",
        "wheelchair": null,
        "fee": null,
        "opening_hours": null,
        "source": "osm"
      }
    },
    {
      "type": "Feature",
      "geometry": {
        "type": "Point",
        "coordinates": [
          4.9948508,
          52.3790529
        ]
      },
      "properties": {
        "id": "osm-w-1097575968",
        "category": "parking",
        "name": "Parking",
        "wheelchair": null,
        "fee": null,
        "opening_hours": null,
        "source": "osm"
      }
    },
    {
      "type": "Feature",
      "geometry": {
        "type": "Point",
        "coordinates": [
          4.9927146,
          52.3784497
        ]
      },
      "properties": {
        "id": "osm-w-1097579793",
        "category": "parking",
        "name": "Parking",
        "wheelchair": null,
        "fee": null,
        "opening_hours": null,
        "source": "osm"
      }
    },
    {
      "type": "Feature",
      "geometry": {
        "type": "Point",
        "coordinates": [
          4.9932779,
          52.3786311
        ]
      },
      "properties": {
        "id": "osm-w-1097579801",
        "category": "parking",
        "name": "Parking",
        "wheelchair": null,
        "fee": null,
        "opening_hours": null,
        "source": "osm"
      }
    },
    {
      "type": "Feature",
      "geometry": {
        "type": "Point",
        "coordinates": [
          4.9920403,
          52.3782242
        ]
      },
      "properties": {
        "id": "osm-w-1097707983",
        "category": "parking",
        "name": "Parking",
        "wheelchair": null,
        "fee": null,
        "opening_hours": null,
        "source": "osm"
      }
    },
    {
      "type": "Feature",
      "geometry": {
        "type": "Point",
        "coordinates": [
          4.9899146,
          52.3777811
        ]
      },
      "properties": {
        "id": "osm-w-1097715424",
        "category": "parking",
        "name": "Parking",
        "wheelchair": null,
        "fee": null,
        "opening_hours": null,
        "source": "osm"
      }
    },
    {
      "type": "Feature",
      "geometry": {
        "type": "Point",
        "coordinates": [
          4.9906229,
          52.3775895
        ]
      },
      "properties": {
        "id": "osm-w-1097715431",
        "category": "parking",
        "name": "Parking",
        "wheelchair": null,
        "fee": null,
        "opening_hours": null,
        "source": "osm"
      }
    },
    {
      "type": "Feature",
      "geometry": {
        "type": "Point",
        "coordinates": [
          4.9886584,
          52.378454
        ]
      },
      "properties": {
        "id": "osm-w-1097801289",
        "category": "parking",
        "name": "Parking",
        "wheelchair": null,
        "fee": null,
        "opening_hours": null,
        "source": "osm"
      }
    },
    {
      "type": "Feature",
      "geometry": {
        "type": "Point",
        "coordinates": [
          4.9865401,
          52.3790465
        ]
      },
      "properties": {
        "id": "osm-w-1097813739",
        "category": "parking",
        "name": "SV DRC",
        "wheelchair": null,
        "fee": null,
        "opening_hours": null,
        "source": "osm"
      }
    },
    {
      "type": "Feature",
      "geometry": {
        "type": "Point",
        "coordinates": [
          4.9874951,
          52.376711
        ]
      },
      "properties": {
        "id": "osm-w-1098510009",
        "category": "parking",
        "name": "Parking",
        "wheelchair": null,
        "fee": null,
        "opening_hours": null,
        "source": "osm"
      }
    },
    {
      "type": "Feature",
      "geometry": {
        "type": "Point",
        "coordinates": [
          4.9551725,
          52.3589672
        ]
      },
      "properties": {
        "id": "osm-w-1110821263",
        "category": "parking",
        "name": "Parking",
        "wheelchair": null,
        "fee": null,
        "opening_hours": null,
        "source": "osm"
      }
    },
    {
      "type": "Feature",
      "geometry": {
        "type": "Point",
        "coordinates": [
          4.9349519,
          52.3984766
        ]
      },
      "properties": {
        "id": "osm-w-1135280449",
        "category": "parking",
        "name": "Parking",
        "wheelchair": null,
        "fee": "yes",
        "opening_hours": null,
        "source": "osm"
      }
    },
    {
      "type": "Feature",
      "geometry": {
        "type": "Point",
        "coordinates": [
          4.9364465,
          52.3986234
        ]
      },
      "properties": {
        "id": "osm-w-1135411235",
        "category": "parking",
        "name": "Parking",
        "wheelchair": null,
        "fee": null,
        "opening_hours": null,
        "source": "osm"
      }
    },
    {
      "type": "Feature",
      "geometry": {
        "type": "Point",
        "coordinates": [
          4.9378773,
          52.4004104
        ]
      },
      "properties": {
        "id": "osm-w-1135690461",
        "category": "parking",
        "name": "Gemeente Amsterdam",
        "wheelchair": null,
        "fee": "yes",
        "opening_hours": null,
        "source": "osm"
      }
    },
    {
      "type": "Feature",
      "geometry": {
        "type": "Point",
        "coordinates": [
          4.9364722,
          52.400405
        ]
      },
      "properties": {
        "id": "osm-w-1136004389",
        "category": "parking",
        "name": "GGD Amsterdam",
        "wheelchair": null,
        "fee": null,
        "opening_hours": null,
        "source": "osm"
      }
    },
    {
      "type": "Feature",
      "geometry": {
        "type": "Point",
        "coordinates": [
          4.9370477,
          52.399274
        ]
      },
      "properties": {
        "id": "osm-w-1136273952",
        "category": "parking",
        "name": "Parking",
        "wheelchair": null,
        "fee": null,
        "opening_hours": null,
        "source": "osm"
      }
    },
    {
      "type": "Feature",
      "geometry": {
        "type": "Point",
        "coordinates": [
          4.9404705,
          52.3995223
        ]
      },
      "properties": {
        "id": "osm-w-1137311428",
        "category": "parking",
        "name": "Parking",
        "wheelchair": null,
        "fee": null,
        "opening_hours": null,
        "source": "osm"
      }
    },
    {
      "type": "Feature",
      "geometry": {
        "type": "Point",
        "coordinates": [
          4.9302246,
          52.364505
        ]
      },
      "properties": {
        "id": "osm-w-1139297129",
        "category": "parking",
        "name": "Parking",
        "wheelchair": null,
        "fee": "yes",
        "opening_hours": null,
        "source": "osm"
      }
    },
    {
      "type": "Feature",
      "geometry": {
        "type": "Point",
        "coordinates": [
          4.9177501,
          52.3731183
        ]
      },
      "properties": {
        "id": "osm-w-1163101824",
        "category": "parking",
        "name": "Parking",
        "wheelchair": null,
        "fee": null,
        "opening_hours": null,
        "source": "osm"
      }
    },
    {
      "type": "Feature",
      "geometry": {
        "type": "Point",
        "coordinates": [
          4.9170381,
          52.3746916
        ]
      },
      "properties": {
        "id": "osm-w-1163101829",
        "category": "parking",
        "name": "Parking",
        "wheelchair": null,
        "fee": null,
        "opening_hours": null,
        "source": "osm"
      }
    },
    {
      "type": "Feature",
      "geometry": {
        "type": "Point",
        "coordinates": [
          4.9145097,
          52.3747073
        ]
      },
      "properties": {
        "id": "osm-w-1163101837",
        "category": "parking",
        "name": "Parking",
        "wheelchair": null,
        "fee": null,
        "opening_hours": null,
        "source": "osm"
      }
    },
    {
      "type": "Feature",
      "geometry": {
        "type": "Point",
        "coordinates": [
          4.9142915,
          52.3747957
        ]
      },
      "properties": {
        "id": "osm-w-1163101839",
        "category": "parking",
        "name": "Parking",
        "wheelchair": null,
        "fee": null,
        "opening_hours": null,
        "source": "osm"
      }
    },
    {
      "type": "Feature",
      "geometry": {
        "type": "Point",
        "coordinates": [
          4.9144611,
          52.3745364
        ]
      },
      "properties": {
        "id": "osm-w-1163101840",
        "category": "parking",
        "name": "Parking",
        "wheelchair": null,
        "fee": null,
        "opening_hours": null,
        "source": "osm"
      }
    },
    {
      "type": "Feature",
      "geometry": {
        "type": "Point",
        "coordinates": [
          4.9141611,
          52.3749956
        ]
      },
      "properties": {
        "id": "osm-w-1163101841",
        "category": "parking",
        "name": "Parking",
        "wheelchair": null,
        "fee": null,
        "opening_hours": null,
        "source": "osm"
      }
    },
    {
      "type": "Feature",
      "geometry": {
        "type": "Point",
        "coordinates": [
          4.9174532,
          52.3728856
        ]
      },
      "properties": {
        "id": "osm-w-1163101851",
        "category": "parking",
        "name": "Parking",
        "wheelchair": null,
        "fee": null,
        "opening_hours": null,
        "source": "osm"
      }
    },
    {
      "type": "Feature",
      "geometry": {
        "type": "Point",
        "coordinates": [
          4.9517403,
          52.3654275
        ]
      },
      "properties": {
        "id": "osm-w-1181333475",
        "category": "parking",
        "name": "Parking",
        "wheelchair": null,
        "fee": null,
        "opening_hours": null,
        "source": "osm"
      }
    },
    {
      "type": "Feature",
      "geometry": {
        "type": "Point",
        "coordinates": [
          4.9831569,
          52.3742619
        ]
      },
      "properties": {
        "id": "osm-w-1184649399",
        "category": "parking",
        "name": "Parking",
        "wheelchair": null,
        "fee": "no",
        "opening_hours": null,
        "source": "osm"
      }
    },
    {
      "type": "Feature",
      "geometry": {
        "type": "Point",
        "coordinates": [
          4.9889591,
          52.3584099
        ]
      },
      "properties": {
        "id": "osm-w-1210520655",
        "category": "parking",
        "name": "Parking",
        "wheelchair": null,
        "fee": null,
        "opening_hours": null,
        "source": "osm"
      }
    },
    {
      "type": "Feature",
      "geometry": {
        "type": "Point",
        "coordinates": [
          4.9880506,
          52.3588984
        ]
      },
      "properties": {
        "id": "osm-w-1210520656",
        "category": "parking",
        "name": "Parking",
        "wheelchair": null,
        "fee": null,
        "opening_hours": null,
        "source": "osm"
      }
    },
    {
      "type": "Feature",
      "geometry": {
        "type": "Point",
        "coordinates": [
          4.9893671,
          52.3584957
        ]
      },
      "properties": {
        "id": "osm-w-1210520657",
        "category": "parking",
        "name": "Parking",
        "wheelchair": null,
        "fee": null,
        "opening_hours": null,
        "source": "osm"
      }
    },
    {
      "type": "Feature",
      "geometry": {
        "type": "Point",
        "coordinates": [
          4.9911772,
          52.35792
        ]
      },
      "properties": {
        "id": "osm-w-1210521239",
        "category": "parking",
        "name": "Parking",
        "wheelchair": null,
        "fee": "yes",
        "opening_hours": null,
        "source": "osm"
      }
    },
    {
      "type": "Feature",
      "geometry": {
        "type": "Point",
        "coordinates": [
          4.9083187,
          52.3849742
        ]
      },
      "properties": {
        "id": "osm-w-1212388518",
        "category": "parking",
        "name": "Parking",
        "wheelchair": null,
        "fee": "yes",
        "opening_hours": null,
        "source": "osm"
      }
    },
    {
      "type": "Feature",
      "geometry": {
        "type": "Point",
        "coordinates": [
          4.9079498,
          52.3827675
        ]
      },
      "properties": {
        "id": "osm-w-1213055256",
        "category": "parking",
        "name": "WVDS Sixhaven",
        "wheelchair": null,
        "fee": null,
        "opening_hours": null,
        "source": "osm"
      }
    },
    {
      "type": "Feature",
      "geometry": {
        "type": "Point",
        "coordinates": [
          4.991596,
          52.3612891
        ]
      },
      "properties": {
        "id": "osm-w-1213059611",
        "category": "parking",
        "name": "Parking",
        "wheelchair": null,
        "fee": "yes",
        "opening_hours": null,
        "source": "osm"
      }
    },
    {
      "type": "Feature",
      "geometry": {
        "type": "Point",
        "coordinates": [
          4.9907273,
          52.3609191
        ]
      },
      "properties": {
        "id": "osm-w-1213059612",
        "category": "parking",
        "name": "Parking",
        "wheelchair": null,
        "fee": "yes",
        "opening_hours": null,
        "source": "osm"
      }
    },
    {
      "type": "Feature",
      "geometry": {
        "type": "Point",
        "coordinates": [
          4.9894902,
          52.3603931
        ]
      },
      "properties": {
        "id": "osm-w-1213059613",
        "category": "parking",
        "name": "Parking",
        "wheelchair": null,
        "fee": "yes",
        "opening_hours": null,
        "source": "osm"
      }
    },
    {
      "type": "Feature",
      "geometry": {
        "type": "Point",
        "coordinates": [
          4.9886191,
          52.3600219
        ]
      },
      "properties": {
        "id": "osm-w-1213059614",
        "category": "parking",
        "name": "Parking",
        "wheelchair": null,
        "fee": "yes",
        "opening_hours": null,
        "source": "osm"
      }
    },
    {
      "type": "Feature",
      "geometry": {
        "type": "Point",
        "coordinates": [
          4.9078849,
          52.3831806
        ]
      },
      "properties": {
        "id": "osm-w-1213149105",
        "category": "parking",
        "name": "WVDS Sixhaven",
        "wheelchair": null,
        "fee": null,
        "opening_hours": null,
        "source": "osm"
      }
    },
    {
      "type": "Feature",
      "geometry": {
        "type": "Point",
        "coordinates": [
          4.9083266,
          52.3828486
        ]
      },
      "properties": {
        "id": "osm-w-1213149920",
        "category": "parking",
        "name": "Parking",
        "wheelchair": null,
        "fee": null,
        "opening_hours": null,
        "source": "osm"
      }
    },
    {
      "type": "Feature",
      "geometry": {
        "type": "Point",
        "coordinates": [
          4.9083499,
          52.3829933
        ]
      },
      "properties": {
        "id": "osm-w-1213150938",
        "category": "parking",
        "name": "Parking",
        "wheelchair": null,
        "fee": null,
        "opening_hours": null,
        "source": "osm"
      }
    },
    {
      "type": "Feature",
      "geometry": {
        "type": "Point",
        "coordinates": [
          4.989692,
          52.3603971
        ]
      },
      "properties": {
        "id": "osm-w-1213313844",
        "category": "parking",
        "name": "Parking",
        "wheelchair": null,
        "fee": "yes",
        "opening_hours": null,
        "source": "osm"
      }
    },
    {
      "type": "Feature",
      "geometry": {
        "type": "Point",
        "coordinates": [
          4.9891438,
          52.3601642
        ]
      },
      "properties": {
        "id": "osm-w-1213313845",
        "category": "parking",
        "name": "Parking",
        "wheelchair": null,
        "fee": "yes",
        "opening_hours": null,
        "source": "osm"
      }
    },
    {
      "type": "Feature",
      "geometry": {
        "type": "Point",
        "coordinates": [
          4.9916507,
          52.3612301
        ]
      },
      "properties": {
        "id": "osm-w-1213321880",
        "category": "parking",
        "name": "Parking",
        "wheelchair": null,
        "fee": "yes",
        "opening_hours": null,
        "source": "osm"
      }
    },
    {
      "type": "Feature",
      "geometry": {
        "type": "Point",
        "coordinates": [
          4.9909214,
          52.3609172
        ]
      },
      "properties": {
        "id": "osm-w-1213321881",
        "category": "parking",
        "name": "Parking",
        "wheelchair": null,
        "fee": "yes",
        "opening_hours": null,
        "source": "osm"
      }
    },
    {
      "type": "Feature",
      "geometry": {
        "type": "Point",
        "coordinates": [
          4.9904054,
          52.3607021
        ]
      },
      "properties": {
        "id": "osm-w-1213321882",
        "category": "parking",
        "name": "Parking",
        "wheelchair": null,
        "fee": "yes",
        "opening_hours": null,
        "source": "osm"
      }
    },
    {
      "type": "Feature",
      "geometry": {
        "type": "Point",
        "coordinates": [
          4.9086222,
          52.3822954
        ]
      },
      "properties": {
        "id": "osm-w-1213601860",
        "category": "parking",
        "name": "Parking",
        "wheelchair": null,
        "fee": "yes",
        "opening_hours": null,
        "source": "osm"
      }
    },
    {
      "type": "Feature",
      "geometry": {
        "type": "Point",
        "coordinates": [
          4.9087584,
          52.382394
        ]
      },
      "properties": {
        "id": "osm-w-1213601869",
        "category": "parking",
        "name": "Parking",
        "wheelchair": null,
        "fee": "yes",
        "opening_hours": null,
        "source": "osm"
      }
    },
    {
      "type": "Feature",
      "geometry": {
        "type": "Point",
        "coordinates": [
          4.9089151,
          52.382507
        ]
      },
      "properties": {
        "id": "osm-w-1213601874",
        "category": "parking",
        "name": "Parking",
        "wheelchair": null,
        "fee": "yes",
        "opening_hours": null,
        "source": "osm"
      }
    },
    {
      "type": "Feature",
      "geometry": {
        "type": "Point",
        "coordinates": [
          4.9090767,
          52.3826223
        ]
      },
      "properties": {
        "id": "osm-w-1213601880",
        "category": "parking",
        "name": "Parking",
        "wheelchair": null,
        "fee": "yes",
        "opening_hours": null,
        "source": "osm"
      }
    },
    {
      "type": "Feature",
      "geometry": {
        "type": "Point",
        "coordinates": [
          4.9092427,
          52.3827423
        ]
      },
      "properties": {
        "id": "osm-w-1213601886",
        "category": "parking",
        "name": "Parking",
        "wheelchair": null,
        "fee": "yes",
        "opening_hours": null,
        "source": "osm"
      }
    },
    {
      "type": "Feature",
      "geometry": {
        "type": "Point",
        "coordinates": [
          4.9094095,
          52.3828617
        ]
      },
      "properties": {
        "id": "osm-w-1213601892",
        "category": "parking",
        "name": "Parking",
        "wheelchair": null,
        "fee": "yes",
        "opening_hours": null,
        "source": "osm"
      }
    },
    {
      "type": "Feature",
      "geometry": {
        "type": "Point",
        "coordinates": [
          4.9095799,
          52.3829811
        ]
      },
      "properties": {
        "id": "osm-w-1213601898",
        "category": "parking",
        "name": "Parking",
        "wheelchair": null,
        "fee": "yes",
        "opening_hours": null,
        "source": "osm"
      }
    },
    {
      "type": "Feature",
      "geometry": {
        "type": "Point",
        "coordinates": [
          4.98547,
          52.3644193
        ]
      },
      "properties": {
        "id": "osm-w-1213609540",
        "category": "parking",
        "name": "Parking",
        "wheelchair": "yes",
        "fee": "yes",
        "opening_hours": null,
        "source": "osm"
      }
    },
    {
      "type": "Feature",
      "geometry": {
        "type": "Point",
        "coordinates": [
          4.9869402,
          52.3630864
        ]
      },
      "properties": {
        "id": "osm-w-1213673569",
        "category": "parking",
        "name": "Parking",
        "wheelchair": "yes",
        "fee": "yes",
        "opening_hours": null,
        "source": "osm"
      }
    },
    {
      "type": "Feature",
      "geometry": {
        "type": "Point",
        "coordinates": [
          4.9862154,
          52.3637439
        ]
      },
      "properties": {
        "id": "osm-w-1213673600",
        "category": "parking",
        "name": "Parking",
        "wheelchair": "yes",
        "fee": "yes",
        "opening_hours": null,
        "source": "osm"
      }
    },
    {
      "type": "Feature",
      "geometry": {
        "type": "Point",
        "coordinates": [
          4.9091233,
          52.3820973
        ]
      },
      "properties": {
        "id": "osm-w-1213833582",
        "category": "parking",
        "name": "Parking",
        "wheelchair": null,
        "fee": "yes",
        "opening_hours": null,
        "source": "osm"
      }
    },
    {
      "type": "Feature",
      "geometry": {
        "type": "Point",
        "coordinates": [
          4.9098922,
          52.3825119
        ]
      },
      "properties": {
        "id": "osm-w-1213849510",
        "category": "parking",
        "name": "Parking",
        "wheelchair": null,
        "fee": "yes",
        "opening_hours": null,
        "source": "osm"
      }
    },
    {
      "type": "Feature",
      "geometry": {
        "type": "Point",
        "coordinates": [
          4.9093213,
          52.3821001
        ]
      },
      "properties": {
        "id": "osm-w-1213849553",
        "category": "parking",
        "name": "Parking",
        "wheelchair": null,
        "fee": "yes",
        "opening_hours": null,
        "source": "osm"
      }
    },
    {
      "type": "Feature",
      "geometry": {
        "type": "Point",
        "coordinates": [
          4.9102851,
          52.3835617
        ]
      },
      "properties": {
        "id": "osm-w-1215862961",
        "category": "parking",
        "name": "Parking",
        "wheelchair": null,
        "fee": null,
        "opening_hours": null,
        "source": "osm"
      }
    },
    {
      "type": "Feature",
      "geometry": {
        "type": "Point",
        "coordinates": [
          4.9113953,
          52.3831841
        ]
      },
      "properties": {
        "id": "osm-w-1215866366",
        "category": "parking",
        "name": "Parking",
        "wheelchair": null,
        "fee": null,
        "opening_hours": null,
        "source": "osm"
      }
    },
    {
      "type": "Feature",
      "geometry": {
        "type": "Point",
        "coordinates": [
          4.911151,
          52.3831983
        ]
      },
      "properties": {
        "id": "osm-w-1215866370",
        "category": "parking",
        "name": "Parking",
        "wheelchair": null,
        "fee": null,
        "opening_hours": null,
        "source": "osm"
      }
    },
    {
      "type": "Feature",
      "geometry": {
        "type": "Point",
        "coordinates": [
          4.9108447,
          52.3831933
        ]
      },
      "properties": {
        "id": "osm-w-1215866374",
        "category": "parking",
        "name": "Parking",
        "wheelchair": null,
        "fee": null,
        "opening_hours": null,
        "source": "osm"
      }
    },
    {
      "type": "Feature",
      "geometry": {
        "type": "Point",
        "coordinates": [
          4.9112076,
          52.3840097
        ]
      },
      "properties": {
        "id": "osm-w-1215959858",
        "category": "parking",
        "name": "Parking",
        "wheelchair": null,
        "fee": null,
        "opening_hours": null,
        "source": "osm"
      }
    },
    {
      "type": "Feature",
      "geometry": {
        "type": "Point",
        "coordinates": [
          4.9115461,
          52.3841838
        ]
      },
      "properties": {
        "id": "osm-w-1215959864",
        "category": "parking",
        "name": "Parking",
        "wheelchair": null,
        "fee": null,
        "opening_hours": null,
        "source": "osm"
      }
    },
    {
      "type": "Feature",
      "geometry": {
        "type": "Point",
        "coordinates": [
          4.9119515,
          52.3845267
        ]
      },
      "properties": {
        "id": "osm-w-1215970500",
        "category": "parking",
        "name": "Parking",
        "wheelchair": null,
        "fee": null,
        "opening_hours": null,
        "source": "osm"
      }
    },
    {
      "type": "Feature",
      "geometry": {
        "type": "Point",
        "coordinates": [
          4.9119804,
          52.383815
        ]
      },
      "properties": {
        "id": "osm-w-1216000038",
        "category": "parking",
        "name": "Parking",
        "wheelchair": null,
        "fee": null,
        "opening_hours": null,
        "source": "osm"
      }
    },
    {
      "type": "Feature",
      "geometry": {
        "type": "Point",
        "coordinates": [
          4.9114869,
          52.3832551
        ]
      },
      "properties": {
        "id": "osm-w-1216000053",
        "category": "parking",
        "name": "Parking",
        "wheelchair": null,
        "fee": null,
        "opening_hours": null,
        "source": "osm"
      }
    },
    {
      "type": "Feature",
      "geometry": {
        "type": "Point",
        "coordinates": [
          4.9113503,
          52.3832706
        ]
      },
      "properties": {
        "id": "osm-w-1216000054",
        "category": "parking",
        "name": "Parking",
        "wheelchair": null,
        "fee": null,
        "opening_hours": null,
        "source": "osm"
      }
    },
    {
      "type": "Feature",
      "geometry": {
        "type": "Point",
        "coordinates": [
          4.9111675,
          52.3832812
        ]
      },
      "properties": {
        "id": "osm-w-1216000057",
        "category": "parking",
        "name": "Parking",
        "wheelchair": null,
        "fee": null,
        "opening_hours": null,
        "source": "osm"
      }
    },
    {
      "type": "Feature",
      "geometry": {
        "type": "Point",
        "coordinates": [
          4.9108732,
          52.3832778
        ]
      },
      "properties": {
        "id": "osm-w-1216000064",
        "category": "parking",
        "name": "Parking",
        "wheelchair": null,
        "fee": null,
        "opening_hours": null,
        "source": "osm"
      }
    },
    {
      "type": "Feature",
      "geometry": {
        "type": "Point",
        "coordinates": [
          4.9142738,
          52.3860231
        ]
      },
      "properties": {
        "id": "osm-w-1216023632",
        "category": "parking",
        "name": "Parking",
        "wheelchair": null,
        "fee": null,
        "opening_hours": null,
        "source": "osm"
      }
    },
    {
      "type": "Feature",
      "geometry": {
        "type": "Point",
        "coordinates": [
          4.9136669,
          52.3857135
        ]
      },
      "properties": {
        "id": "osm-w-1216023647",
        "category": "parking",
        "name": "Parking",
        "wheelchair": null,
        "fee": null,
        "opening_hours": null,
        "source": "osm"
      }
    },
    {
      "type": "Feature",
      "geometry": {
        "type": "Point",
        "coordinates": [
          4.9130528,
          52.3853166
        ]
      },
      "properties": {
        "id": "osm-w-1216023660",
        "category": "parking",
        "name": "Parking",
        "wheelchair": null,
        "fee": null,
        "opening_hours": null,
        "source": "osm"
      }
    },
    {
      "type": "Feature",
      "geometry": {
        "type": "Point",
        "coordinates": [
          4.9127053,
          52.3850722
        ]
      },
      "properties": {
        "id": "osm-w-1216023677",
        "category": "parking",
        "name": "Parking",
        "wheelchair": null,
        "fee": null,
        "opening_hours": null,
        "source": "osm"
      }
    },
    {
      "type": "Feature",
      "geometry": {
        "type": "Point",
        "coordinates": [
          4.9127698,
          52.3846851
        ]
      },
      "properties": {
        "id": "osm-w-1216040662",
        "category": "parking",
        "name": "Parking",
        "wheelchair": null,
        "fee": "yes",
        "opening_hours": null,
        "source": "osm"
      }
    },
    {
      "type": "Feature",
      "geometry": {
        "type": "Point",
        "coordinates": [
          4.9149523,
          52.3864264
        ]
      },
      "properties": {
        "id": "osm-w-1216747666",
        "category": "parking",
        "name": "Parking",
        "wheelchair": null,
        "fee": null,
        "opening_hours": null,
        "source": "osm"
      }
    },
    {
      "type": "Feature",
      "geometry": {
        "type": "Point",
        "coordinates": [
          4.9152837,
          52.3863919
        ]
      },
      "properties": {
        "id": "osm-w-1216751357",
        "category": "parking",
        "name": "Parking",
        "wheelchair": null,
        "fee": null,
        "opening_hours": null,
        "source": "osm"
      }
    },
    {
      "type": "Feature",
      "geometry": {
        "type": "Point",
        "coordinates": [
          4.9151968,
          52.3863464
        ]
      },
      "properties": {
        "id": "osm-w-1216751366",
        "category": "parking",
        "name": "Parking",
        "wheelchair": null,
        "fee": "yes",
        "opening_hours": null,
        "source": "osm"
      }
    },
    {
      "type": "Feature",
      "geometry": {
        "type": "Point",
        "coordinates": [
          4.9152781,
          52.3861391
        ]
      },
      "properties": {
        "id": "osm-w-1216751371",
        "category": "parking",
        "name": "Parking",
        "wheelchair": null,
        "fee": null,
        "opening_hours": null,
        "source": "osm"
      }
    },
    {
      "type": "Feature",
      "geometry": {
        "type": "Point",
        "coordinates": [
          4.9152009,
          52.3861934
        ]
      },
      "properties": {
        "id": "osm-w-1216751372",
        "category": "parking",
        "name": "Parking",
        "wheelchair": null,
        "fee": "yes",
        "opening_hours": null,
        "source": "osm"
      }
    },
    {
      "type": "Feature",
      "geometry": {
        "type": "Point",
        "coordinates": [
          4.9139401,
          52.3872838
        ]
      },
      "properties": {
        "id": "osm-w-1216761112",
        "category": "parking",
        "name": "Parking",
        "wheelchair": null,
        "fee": null,
        "opening_hours": null,
        "source": "osm"
      }
    },
    {
      "type": "Feature",
      "geometry": {
        "type": "Point",
        "coordinates": [
          4.9168066,
          52.3893243
        ]
      },
      "properties": {
        "id": "osm-w-1217417903",
        "category": "parking",
        "name": "Parking",
        "wheelchair": null,
        "fee": null,
        "opening_hours": null,
        "source": "osm"
      }
    },
    {
      "type": "Feature",
      "geometry": {
        "type": "Point",
        "coordinates": [
          4.9164079,
          52.3890438
        ]
      },
      "properties": {
        "id": "osm-w-1217417919",
        "category": "parking",
        "name": "Parking",
        "wheelchair": null,
        "fee": null,
        "opening_hours": null,
        "source": "osm"
      }
    },
    {
      "type": "Feature",
      "geometry": {
        "type": "Point",
        "coordinates": [
          4.9158307,
          52.388633
        ]
      },
      "properties": {
        "id": "osm-w-1217417936",
        "category": "parking",
        "name": "Parking",
        "wheelchair": null,
        "fee": null,
        "opening_hours": null,
        "source": "osm"
      }
    },
    {
      "type": "Feature",
      "geometry": {
        "type": "Point",
        "coordinates": [
          4.9243572,
          52.3936131
        ]
      },
      "properties": {
        "id": "osm-w-1218211964",
        "category": "parking",
        "name": "Parking",
        "wheelchair": null,
        "fee": null,
        "opening_hours": null,
        "source": "osm"
      }
    },
    {
      "type": "Feature",
      "geometry": {
        "type": "Point",
        "coordinates": [
          4.9242372,
          52.3929945
        ]
      },
      "properties": {
        "id": "osm-w-1218286862",
        "category": "parking",
        "name": "Parking",
        "wheelchair": null,
        "fee": null,
        "opening_hours": null,
        "source": "osm"
      }
    },
    {
      "type": "Feature",
      "geometry": {
        "type": "Point",
        "coordinates": [
          4.9243015,
          52.3930848
        ]
      },
      "properties": {
        "id": "osm-w-1218286869",
        "category": "parking",
        "name": "Parking",
        "wheelchair": null,
        "fee": null,
        "opening_hours": null,
        "source": "osm"
      }
    },
    {
      "type": "Feature",
      "geometry": {
        "type": "Point",
        "coordinates": [
          4.9245405,
          52.3917291
        ]
      },
      "properties": {
        "id": "osm-w-1218317222",
        "category": "parking",
        "name": "Parking",
        "wheelchair": null,
        "fee": null,
        "opening_hours": null,
        "source": "osm"
      }
    },
    {
      "type": "Feature",
      "geometry": {
        "type": "Point",
        "coordinates": [
          4.9243694,
          52.3924479
        ]
      },
      "properties": {
        "id": "osm-w-1218317233",
        "category": "parking",
        "name": "Parking",
        "wheelchair": null,
        "fee": null,
        "opening_hours": null,
        "source": "osm"
      }
    },
    {
      "type": "Feature",
      "geometry": {
        "type": "Point",
        "coordinates": [
          4.9244003,
          52.3926733
        ]
      },
      "properties": {
        "id": "osm-w-1218317241",
        "category": "parking",
        "name": "Parking",
        "wheelchair": null,
        "fee": null,
        "opening_hours": null,
        "source": "osm"
      }
    },
    {
      "type": "Feature",
      "geometry": {
        "type": "Point",
        "coordinates": [
          4.9245861,
          52.3918994
        ]
      },
      "properties": {
        "id": "osm-w-1218317264",
        "category": "parking",
        "name": "Parking",
        "wheelchair": null,
        "fee": null,
        "opening_hours": null,
        "source": "osm"
      }
    },
    {
      "type": "Feature",
      "geometry": {
        "type": "Point",
        "coordinates": [
          4.9257531,
          52.3915012
        ]
      },
      "properties": {
        "id": "osm-w-1218482315",
        "category": "parking",
        "name": "Parking",
        "wheelchair": null,
        "fee": null,
        "opening_hours": null,
        "source": "osm"
      }
    },
    {
      "type": "Feature",
      "geometry": {
        "type": "Point",
        "coordinates": [
          4.9262094,
          52.3916385
        ]
      },
      "properties": {
        "id": "osm-w-1218807468",
        "category": "parking",
        "name": "Parking",
        "wheelchair": null,
        "fee": null,
        "opening_hours": null,
        "source": "osm"
      }
    },
    {
      "type": "Feature",
      "geometry": {
        "type": "Point",
        "coordinates": [
          4.9264009,
          52.3917318
        ]
      },
      "properties": {
        "id": "osm-w-1218807731",
        "category": "parking",
        "name": "Parking",
        "wheelchair": null,
        "fee": null,
        "opening_hours": null,
        "source": "osm"
      }
    },
    {
      "type": "Feature",
      "geometry": {
        "type": "Point",
        "coordinates": [
          4.9263902,
          52.391774
        ]
      },
      "properties": {
        "id": "osm-w-1218813532",
        "category": "parking",
        "name": "Parking",
        "wheelchair": null,
        "fee": null,
        "opening_hours": null,
        "source": "osm"
      }
    },
    {
      "type": "Feature",
      "geometry": {
        "type": "Point",
        "coordinates": [
          4.9263395,
          52.391942
        ]
      },
      "properties": {
        "id": "osm-w-1218814968",
        "category": "parking",
        "name": "Parking",
        "wheelchair": null,
        "fee": null,
        "opening_hours": null,
        "source": "osm"
      }
    },
    {
      "type": "Feature",
      "geometry": {
        "type": "Point",
        "coordinates": [
          4.9272336,
          52.3926311
        ]
      },
      "properties": {
        "id": "osm-w-1218861621",
        "category": "parking",
        "name": "Parking",
        "wheelchair": null,
        "fee": null,
        "opening_hours": null,
        "source": "osm"
      }
    },
    {
      "type": "Feature",
      "geometry": {
        "type": "Point",
        "coordinates": [
          4.9257818,
          52.3920689
        ]
      },
      "properties": {
        "id": "osm-w-1219021874",
        "category": "parking",
        "name": "Parking",
        "wheelchair": null,
        "fee": null,
        "opening_hours": null,
        "source": "osm"
      }
    },
    {
      "type": "Feature",
      "geometry": {
        "type": "Point",
        "coordinates": [
          4.9257079,
          52.3920674
        ]
      },
      "properties": {
        "id": "osm-w-1219021878",
        "category": "parking",
        "name": "Parking",
        "wheelchair": null,
        "fee": null,
        "opening_hours": null,
        "source": "osm"
      }
    },
    {
      "type": "Feature",
      "geometry": {
        "type": "Point",
        "coordinates": [
          4.9256082,
          52.3919273
        ]
      },
      "properties": {
        "id": "osm-w-1219021881",
        "category": "parking",
        "name": "Parking",
        "wheelchair": null,
        "fee": null,
        "opening_hours": null,
        "source": "osm"
      }
    },
    {
      "type": "Feature",
      "geometry": {
        "type": "Point",
        "coordinates": [
          4.9254983,
          52.3916342
        ]
      },
      "properties": {
        "id": "osm-w-1219263347",
        "category": "parking",
        "name": "Parking",
        "wheelchair": null,
        "fee": null,
        "opening_hours": null,
        "source": "osm"
      }
    },
    {
      "type": "Feature",
      "geometry": {
        "type": "Point",
        "coordinates": [
          4.9260559,
          52.3920772
        ]
      },
      "properties": {
        "id": "osm-w-1219263763",
        "category": "parking",
        "name": "Parking",
        "wheelchair": null,
        "fee": null,
        "opening_hours": null,
        "source": "osm"
      }
    },
    {
      "type": "Feature",
      "geometry": {
        "type": "Point",
        "coordinates": [
          4.926177,
          52.392484
        ]
      },
      "properties": {
        "id": "osm-w-1219276837",
        "category": "parking",
        "name": "Parking",
        "wheelchair": null,
        "fee": null,
        "opening_hours": null,
        "source": "osm"
      }
    },
    {
      "type": "Feature",
      "geometry": {
        "type": "Point",
        "coordinates": [
          4.9261422,
          52.3946946
        ]
      },
      "properties": {
        "id": "osm-w-1222926507",
        "category": "parking",
        "name": "Parking",
        "wheelchair": null,
        "fee": "yes",
        "opening_hours": null,
        "source": "osm"
      }
    },
    {
      "type": "Feature",
      "geometry": {
        "type": "Point",
        "coordinates": [
          4.9259714,
          52.3947375
        ]
      },
      "properties": {
        "id": "osm-w-1222926509",
        "category": "parking",
        "name": "Parking",
        "wheelchair": null,
        "fee": "yes",
        "opening_hours": null,
        "source": "osm"
      }
    },
    {
      "type": "Feature",
      "geometry": {
        "type": "Point",
        "coordinates": [
          4.9257941,
          52.3947833
        ]
      },
      "properties": {
        "id": "osm-w-1222926517",
        "category": "parking",
        "name": "Parking",
        "wheelchair": null,
        "fee": "yes",
        "opening_hours": null,
        "source": "osm"
      }
    },
    {
      "type": "Feature",
      "geometry": {
        "type": "Point",
        "coordinates": [
          4.9256065,
          52.3948314
        ]
      },
      "properties": {
        "id": "osm-w-1222926523",
        "category": "parking",
        "name": "Parking",
        "wheelchair": null,
        "fee": "yes",
        "opening_hours": null,
        "source": "osm"
      }
    },
    {
      "type": "Feature",
      "geometry": {
        "type": "Point",
        "coordinates": [
          4.9254554,
          52.39487
        ]
      },
      "properties": {
        "id": "osm-w-1222926526",
        "category": "parking",
        "name": "Parking",
        "wheelchair": null,
        "fee": "yes",
        "opening_hours": null,
        "source": "osm"
      }
    },
    {
      "type": "Feature",
      "geometry": {
        "type": "Point",
        "coordinates": [
          4.9294724,
          52.3949975
        ]
      },
      "properties": {
        "id": "osm-w-1223043326",
        "category": "parking",
        "name": "Parking",
        "wheelchair": null,
        "fee": "yes",
        "opening_hours": null,
        "source": "osm"
      }
    },
    {
      "type": "Feature",
      "geometry": {
        "type": "Point",
        "coordinates": [
          4.9285197,
          52.3957937
        ]
      },
      "properties": {
        "id": "osm-w-1223912632",
        "category": "parking",
        "name": "Parking",
        "wheelchair": null,
        "fee": null,
        "opening_hours": null,
        "source": "osm"
      }
    },
    {
      "type": "Feature",
      "geometry": {
        "type": "Point",
        "coordinates": [
          4.928874,
          52.3957704
        ]
      },
      "properties": {
        "id": "osm-w-1223912651",
        "category": "parking",
        "name": "Parking",
        "wheelchair": null,
        "fee": null,
        "opening_hours": null,
        "source": "osm"
      }
    },
    {
      "type": "Feature",
      "geometry": {
        "type": "Point",
        "coordinates": [
          4.9591369,
          52.3792672
        ]
      },
      "properties": {
        "id": "osm-w-1224944786",
        "category": "parking",
        "name": "Parking",
        "wheelchair": null,
        "fee": null,
        "opening_hours": null,
        "source": "osm"
      }
    },
    {
      "type": "Feature",
      "geometry": {
        "type": "Point",
        "coordinates": [
          4.9594368,
          52.379234
        ]
      },
      "properties": {
        "id": "osm-w-1224944801",
        "category": "parking",
        "name": "Parking",
        "wheelchair": null,
        "fee": null,
        "opening_hours": null,
        "source": "osm"
      }
    },
    {
      "type": "Feature",
      "geometry": {
        "type": "Point",
        "coordinates": [
          4.9595714,
          52.3791253
        ]
      },
      "properties": {
        "id": "osm-w-1224944806",
        "category": "parking",
        "name": "Parking",
        "wheelchair": null,
        "fee": null,
        "opening_hours": null,
        "source": "osm"
      }
    },
    {
      "type": "Feature",
      "geometry": {
        "type": "Point",
        "coordinates": [
          4.9586092,
          52.3792332
        ]
      },
      "properties": {
        "id": "osm-w-1224944830",
        "category": "parking",
        "name": "Parking",
        "wheelchair": null,
        "fee": null,
        "opening_hours": null,
        "source": "osm"
      }
    },
    {
      "type": "Feature",
      "geometry": {
        "type": "Point",
        "coordinates": [
          4.9593547,
          52.3794338
        ]
      },
      "properties": {
        "id": "osm-w-1225068752",
        "category": "parking",
        "name": "Parking",
        "wheelchair": null,
        "fee": null,
        "opening_hours": null,
        "source": "osm"
      }
    },
    {
      "type": "Feature",
      "geometry": {
        "type": "Point",
        "coordinates": [
          4.9613008,
          52.3823879
        ]
      },
      "properties": {
        "id": "osm-w-1225266150",
        "category": "parking",
        "name": "Sluizencomplex Schellingwoude",
        "wheelchair": null,
        "fee": null,
        "opening_hours": null,
        "source": "osm"
      }
    },
    {
      "type": "Feature",
      "geometry": {
        "type": "Point",
        "coordinates": [
          4.9616676,
          52.38248
        ]
      },
      "properties": {
        "id": "osm-w-1225946714",
        "category": "parking",
        "name": "Parking",
        "wheelchair": null,
        "fee": null,
        "opening_hours": null,
        "source": "osm"
      }
    },
    {
      "type": "Feature",
      "geometry": {
        "type": "Point",
        "coordinates": [
          4.9620163,
          52.3827594
        ]
      },
      "properties": {
        "id": "osm-w-1225956814",
        "category": "parking",
        "name": "Parking",
        "wheelchair": null,
        "fee": null,
        "opening_hours": null,
        "source": "osm"
      }
    },
    {
      "type": "Feature",
      "geometry": {
        "type": "Point",
        "coordinates": [
          4.9623134,
          52.3830052
        ]
      },
      "properties": {
        "id": "osm-w-1225993689",
        "category": "parking",
        "name": "Parking",
        "wheelchair": null,
        "fee": null,
        "opening_hours": null,
        "source": "osm"
      }
    },
    {
      "type": "Feature",
      "geometry": {
        "type": "Point",
        "coordinates": [
          4.9580367,
          52.3902221
        ]
      },
      "properties": {
        "id": "osm-w-1230858816",
        "category": "parking",
        "name": "Parking",
        "wheelchair": null,
        "fee": null,
        "opening_hours": null,
        "source": "osm"
      }
    },
    {
      "type": "Feature",
      "geometry": {
        "type": "Point",
        "coordinates": [
          4.9575254,
          52.3909243
        ]
      },
      "properties": {
        "id": "osm-w-1230858818",
        "category": "parking",
        "name": "Parking",
        "wheelchair": null,
        "fee": null,
        "opening_hours": null,
        "source": "osm"
      }
    },
    {
      "type": "Feature",
      "geometry": {
        "type": "Point",
        "coordinates": [
          4.9570335,
          52.3915968
        ]
      },
      "properties": {
        "id": "osm-w-1230858822",
        "category": "parking",
        "name": "Parking",
        "wheelchair": null,
        "fee": null,
        "opening_hours": null,
        "source": "osm"
      }
    },
    {
      "type": "Feature",
      "geometry": {
        "type": "Point",
        "coordinates": [
          4.9568682,
          52.3923819
        ]
      },
      "properties": {
        "id": "osm-w-1290212511",
        "category": "parking",
        "name": "Parking",
        "wheelchair": null,
        "fee": null,
        "opening_hours": null,
        "source": "osm"
      }
    },
    {
      "type": "Feature",
      "geometry": {
        "type": "Point",
        "coordinates": [
          4.9581616,
          52.3923029
        ]
      },
      "properties": {
        "id": "osm-w-1292181592",
        "category": "parking",
        "name": "Parking",
        "wheelchair": null,
        "fee": null,
        "opening_hours": null,
        "source": "osm"
      }
    },
    {
      "type": "Feature",
      "geometry": {
        "type": "Point",
        "coordinates": [
          4.929227,
          52.3596235
        ]
      },
      "properties": {
        "id": "osm-w-1295678703",
        "category": "parking",
        "name": "Parking",
        "wheelchair": null,
        "fee": null,
        "opening_hours": null,
        "source": "osm"
      }
    },
    {
      "type": "Feature",
      "geometry": {
        "type": "Point",
        "coordinates": [
          4.9540179,
          52.3925777
        ]
      },
      "properties": {
        "id": "osm-w-1296073740",
        "category": "parking",
        "name": "Parking",
        "wheelchair": null,
        "fee": null,
        "opening_hours": null,
        "source": "osm"
      }
    },
    {
      "type": "Feature",
      "geometry": {
        "type": "Point",
        "coordinates": [
          4.938804,
          52.3939922
        ]
      },
      "properties": {
        "id": "osm-w-1306369915",
        "category": "parking",
        "name": "Parking",
        "wheelchair": null,
        "fee": null,
        "opening_hours": null,
        "source": "osm"
      }
    },
    {
      "type": "Feature",
      "geometry": {
        "type": "Point",
        "coordinates": [
          4.9377042,
          52.393588
        ]
      },
      "properties": {
        "id": "osm-w-1306370159",
        "category": "parking",
        "name": "Parking",
        "wheelchair": null,
        "fee": null,
        "opening_hours": null,
        "source": "osm"
      }
    },
    {
      "type": "Feature",
      "geometry": {
        "type": "Point",
        "coordinates": [
          4.914802,
          52.3914031
        ]
      },
      "properties": {
        "id": "osm-w-1311046031",
        "category": "parking",
        "name": "Parking",
        "wheelchair": null,
        "fee": "yes",
        "opening_hours": null,
        "source": "osm"
      }
    },
    {
      "type": "Feature",
      "geometry": {
        "type": "Point",
        "coordinates": [
          4.9548822,
          52.3936806
        ]
      },
      "properties": {
        "id": "osm-w-1342840932",
        "category": "parking",
        "name": "Parking",
        "wheelchair": null,
        "fee": null,
        "opening_hours": null,
        "source": "osm"
      }
    },
    {
      "type": "Feature",
      "geometry": {
        "type": "Point",
        "coordinates": [
          4.9549534,
          52.3935815
        ]
      },
      "properties": {
        "id": "osm-w-1342840933",
        "category": "parking",
        "name": "Parking",
        "wheelchair": null,
        "fee": null,
        "opening_hours": null,
        "source": "osm"
      }
    },
    {
      "type": "Feature",
      "geometry": {
        "type": "Point",
        "coordinates": [
          4.9265265,
          52.3867492
        ]
      },
      "properties": {
        "id": "osm-w-1345999648",
        "category": "parking",
        "name": "Parking",
        "wheelchair": null,
        "fee": null,
        "opening_hours": null,
        "source": "osm"
      }
    },
    {
      "type": "Feature",
      "geometry": {
        "type": "Point",
        "coordinates": [
          4.9566253,
          52.396573
        ]
      },
      "properties": {
        "id": "osm-w-1354412281",
        "category": "parking",
        "name": "Parking",
        "wheelchair": null,
        "fee": "no",
        "opening_hours": null,
        "source": "osm"
      }
    },
    {
      "type": "Feature",
      "geometry": {
        "type": "Point",
        "coordinates": [
          4.955182,
          52.3954428
        ]
      },
      "properties": {
        "id": "osm-w-1354426180",
        "category": "parking",
        "name": "Parking",
        "wheelchair": null,
        "fee": "no",
        "opening_hours": null,
        "source": "osm"
      }
    },
    {
      "type": "Feature",
      "geometry": {
        "type": "Point",
        "coordinates": [
          4.9553754,
          52.39534
        ]
      },
      "properties": {
        "id": "osm-w-1354426181",
        "category": "parking",
        "name": "Parking",
        "wheelchair": null,
        "fee": "no",
        "opening_hours": null,
        "source": "osm"
      }
    },
    {
      "type": "Feature",
      "geometry": {
        "type": "Point",
        "coordinates": [
          4.9559935,
          52.395214
        ]
      },
      "properties": {
        "id": "osm-w-1354426182",
        "category": "parking",
        "name": "Parking",
        "wheelchair": null,
        "fee": "no",
        "opening_hours": null,
        "source": "osm"
      }
    },
    {
      "type": "Feature",
      "geometry": {
        "type": "Point",
        "coordinates": [
          4.9565759,
          52.3953732
        ]
      },
      "properties": {
        "id": "osm-w-1354426183",
        "category": "parking",
        "name": "Parking",
        "wheelchair": null,
        "fee": "no",
        "opening_hours": null,
        "source": "osm"
      }
    },
    {
      "type": "Feature",
      "geometry": {
        "type": "Point",
        "coordinates": [
          4.9574132,
          52.3956058
        ]
      },
      "properties": {
        "id": "osm-w-1354426184",
        "category": "parking",
        "name": "Parking",
        "wheelchair": null,
        "fee": "no",
        "opening_hours": null,
        "source": "osm"
      }
    },
    {
      "type": "Feature",
      "geometry": {
        "type": "Point",
        "coordinates": [
          4.9579324,
          52.3957513
        ]
      },
      "properties": {
        "id": "osm-w-1354426185",
        "category": "parking",
        "name": "Parking",
        "wheelchair": null,
        "fee": "no",
        "opening_hours": null,
        "source": "osm"
      }
    },
    {
      "type": "Feature",
      "geometry": {
        "type": "Point",
        "coordinates": [
          4.9581475,
          52.3960606
        ]
      },
      "properties": {
        "id": "osm-w-1354426186",
        "category": "parking",
        "name": "Parking",
        "wheelchair": null,
        "fee": "no",
        "opening_hours": null,
        "source": "osm"
      }
    },
    {
      "type": "Feature",
      "geometry": {
        "type": "Point",
        "coordinates": [
          4.9579712,
          52.3964628
        ]
      },
      "properties": {
        "id": "osm-w-1354426187",
        "category": "parking",
        "name": "Parking",
        "wheelchair": null,
        "fee": null,
        "opening_hours": null,
        "source": "osm"
      }
    },
    {
      "type": "Feature",
      "geometry": {
        "type": "Point",
        "coordinates": [
          4.9580552,
          52.396361
        ]
      },
      "properties": {
        "id": "osm-w-1354426188",
        "category": "parking",
        "name": "Parking",
        "wheelchair": null,
        "fee": "no",
        "opening_hours": null,
        "source": "osm"
      }
    },
    {
      "type": "Feature",
      "geometry": {
        "type": "Point",
        "coordinates": [
          4.9587787,
          52.395984
        ]
      },
      "properties": {
        "id": "osm-w-1354426189",
        "category": "parking",
        "name": "Parking",
        "wheelchair": null,
        "fee": "no",
        "opening_hours": null,
        "source": "osm"
      }
    },
    {
      "type": "Feature",
      "geometry": {
        "type": "Point",
        "coordinates": [
          4.959412,
          52.3961606
        ]
      },
      "properties": {
        "id": "osm-w-1354426190",
        "category": "parking",
        "name": "Parking",
        "wheelchair": null,
        "fee": "no",
        "opening_hours": null,
        "source": "osm"
      }
    },
    {
      "type": "Feature",
      "geometry": {
        "type": "Point",
        "coordinates": [
          4.9582603,
          52.3960883
        ]
      },
      "properties": {
        "id": "osm-w-1354426191",
        "category": "parking",
        "name": "Parking",
        "wheelchair": null,
        "fee": "no",
        "opening_hours": null,
        "source": "osm"
      }
    },
    {
      "type": "Feature",
      "geometry": {
        "type": "Point",
        "coordinates": [
          4.9591636,
          52.3959715
        ]
      },
      "properties": {
        "id": "osm-w-1354426192",
        "category": "parking",
        "name": "Parking",
        "wheelchair": null,
        "fee": "no",
        "opening_hours": null,
        "source": "osm"
      }
    },
    {
      "type": "Feature",
      "geometry": {
        "type": "Point",
        "coordinates": [
          4.9577753,
          52.3955937
        ]
      },
      "properties": {
        "id": "osm-w-1354426193",
        "category": "parking",
        "name": "Parking",
        "wheelchair": null,
        "fee": "no",
        "opening_hours": null,
        "source": "osm"
      }
    },
    {
      "type": "Feature",
      "geometry": {
        "type": "Point",
        "coordinates": [
          4.9565874,
          52.3952685
        ]
      },
      "properties": {
        "id": "osm-w-1354432045",
        "category": "parking",
        "name": "Parking",
        "wheelchair": null,
        "fee": "no",
        "opening_hours": null,
        "source": "osm"
      }
    },
    {
      "type": "Feature",
      "geometry": {
        "type": "Point",
        "coordinates": [
          4.9557981,
          52.3950509
        ]
      },
      "properties": {
        "id": "osm-w-1354432046",
        "category": "parking",
        "name": "Parking",
        "wheelchair": null,
        "fee": "no",
        "opening_hours": null,
        "source": "osm"
      }
    },
    {
      "type": "Feature",
      "geometry": {
        "type": "Point",
        "coordinates": [
          4.955837,
          52.3945453
        ]
      },
      "properties": {
        "id": "osm-w-1354432047",
        "category": "parking",
        "name": "Parking",
        "wheelchair": null,
        "fee": "no",
        "opening_hours": null,
        "source": "osm"
      }
    },
    {
      "type": "Feature",
      "geometry": {
        "type": "Point",
        "coordinates": [
          4.9557852,
          52.3947497
        ]
      },
      "properties": {
        "id": "osm-w-1354432048",
        "category": "parking",
        "name": "Parking",
        "wheelchair": null,
        "fee": "no",
        "opening_hours": null,
        "source": "osm"
      }
    },
    {
      "type": "Feature",
      "geometry": {
        "type": "Point",
        "coordinates": [
          4.9560848,
          52.3943408
        ]
      },
      "properties": {
        "id": "osm-w-1354432050",
        "category": "parking",
        "name": "Parking",
        "wheelchair": null,
        "fee": "no",
        "opening_hours": null,
        "source": "osm"
      }
    },
    {
      "type": "Feature",
      "geometry": {
        "type": "Point",
        "coordinates": [
          4.9564261,
          52.3941765
        ]
      },
      "properties": {
        "id": "osm-w-1354432051",
        "category": "parking",
        "name": "Parking",
        "wheelchair": null,
        "fee": "no",
        "opening_hours": null,
        "source": "osm"
      }
    },
    {
      "type": "Feature",
      "geometry": {
        "type": "Point",
        "coordinates": [
          4.9561447,
          52.3948703
        ]
      },
      "properties": {
        "id": "osm-w-1354432052",
        "category": "parking",
        "name": "Parking",
        "wheelchair": null,
        "fee": "no",
        "opening_hours": null,
        "source": "osm"
      }
    },
    {
      "type": "Feature",
      "geometry": {
        "type": "Point",
        "coordinates": [
          4.9564747,
          52.3944223
        ]
      },
      "properties": {
        "id": "osm-w-1354432053",
        "category": "parking",
        "name": "Parking",
        "wheelchair": null,
        "fee": "no",
        "opening_hours": null,
        "source": "osm"
      }
    },
    {
      "type": "Feature",
      "geometry": {
        "type": "Point",
        "coordinates": [
          4.9566314,
          52.3944551
        ]
      },
      "properties": {
        "id": "osm-w-1354432055",
        "category": "parking",
        "name": "Parking",
        "wheelchair": null,
        "fee": "no",
        "opening_hours": null,
        "source": "osm"
      }
    },
    {
      "type": "Feature",
      "geometry": {
        "type": "Point",
        "coordinates": [
          4.9562996,
          52.3949115
        ]
      },
      "properties": {
        "id": "osm-w-1354432057",
        "category": "parking",
        "name": "Parking",
        "wheelchair": null,
        "fee": "no",
        "opening_hours": null,
        "source": "osm"
      }
    },
    {
      "type": "Feature",
      "geometry": {
        "type": "Point",
        "coordinates": [
          4.9572797,
          52.39441
        ]
      },
      "properties": {
        "id": "osm-w-1354432058",
        "category": "parking",
        "name": "Parking",
        "wheelchair": null,
        "fee": "no",
        "opening_hours": null,
        "source": "osm"
      }
    },
    {
      "type": "Feature",
      "geometry": {
        "type": "Point",
        "coordinates": [
          4.9584311,
          52.3947239
        ]
      },
      "properties": {
        "id": "osm-w-1354432059",
        "category": "parking",
        "name": "Parking",
        "wheelchair": null,
        "fee": "no",
        "opening_hours": null,
        "source": "osm"
      }
    },
    {
      "type": "Feature",
      "geometry": {
        "type": "Point",
        "coordinates": [
          4.9587031,
          52.3952771
        ]
      },
      "properties": {
        "id": "osm-w-1354432060",
        "category": "parking",
        "name": "Parking",
        "wheelchair": null,
        "fee": "no",
        "opening_hours": null,
        "source": "osm"
      }
    },
    {
      "type": "Feature",
      "geometry": {
        "type": "Point",
        "coordinates": [
          4.9588997,
          52.3951925
        ]
      },
      "properties": {
        "id": "osm-w-1354432061",
        "category": "parking",
        "name": "Parking",
        "wheelchair": null,
        "fee": "no",
        "opening_hours": null,
        "source": "osm"
      }
    },
    {
      "type": "Feature",
      "geometry": {
        "type": "Point",
        "coordinates": [
          4.9565092,
          52.3936347
        ]
      },
      "properties": {
        "id": "osm-w-1354438699",
        "category": "parking",
        "name": "Parking",
        "wheelchair": null,
        "fee": "no",
        "opening_hours": null,
        "source": "osm"
      }
    },
    {
      "type": "Feature",
      "geometry": {
        "type": "Point",
        "coordinates": [
          4.956449,
          52.393846
        ]
      },
      "properties": {
        "id": "osm-w-1354438701",
        "category": "parking",
        "name": "Parking",
        "wheelchair": null,
        "fee": "no",
        "opening_hours": null,
        "source": "osm"
      }
    },
    {
      "type": "Feature",
      "geometry": {
        "type": "Point",
        "coordinates": [
          4.9567193,
          52.3934744
        ]
      },
      "properties": {
        "id": "osm-w-1354438703",
        "category": "parking",
        "name": "Parking",
        "wheelchair": null,
        "fee": "no",
        "opening_hours": null,
        "source": "osm"
      }
    },
    {
      "type": "Feature",
      "geometry": {
        "type": "Point",
        "coordinates": [
          4.95709,
          52.3935789
        ]
      },
      "properties": {
        "id": "osm-w-1354438704",
        "category": "parking",
        "name": "Parking",
        "wheelchair": null,
        "fee": "no",
        "opening_hours": null,
        "source": "osm"
      }
    },
    {
      "type": "Feature",
      "geometry": {
        "type": "Point",
        "coordinates": [
          4.9567895,
          52.394
        ]
      },
      "properties": {
        "id": "osm-w-1354438705",
        "category": "parking",
        "name": "Parking",
        "wheelchair": null,
        "fee": "no",
        "opening_hours": null,
        "source": "osm"
      }
    },
    {
      "type": "Feature",
      "geometry": {
        "type": "Point",
        "coordinates": [
          4.9569327,
          52.3940489
        ]
      },
      "properties": {
        "id": "osm-w-1354438707",
        "category": "parking",
        "name": "Parking",
        "wheelchair": null,
        "fee": "no",
        "opening_hours": null,
        "source": "osm"
      }
    },
    {
      "type": "Feature",
      "geometry": {
        "type": "Point",
        "coordinates": [
          4.9572455,
          52.393632
        ]
      },
      "properties": {
        "id": "osm-w-1354438708",
        "category": "parking",
        "name": "Parking",
        "wheelchair": null,
        "fee": "no",
        "opening_hours": null,
        "source": "osm"
      }
    },
    {
      "type": "Feature",
      "geometry": {
        "type": "Point",
        "coordinates": [
          4.9579326,
          52.3934803
        ]
      },
      "properties": {
        "id": "osm-w-1354438709",
        "category": "parking",
        "name": "Parking",
        "wheelchair": null,
        "fee": "no",
        "opening_hours": null,
        "source": "osm"
      }
    },
    {
      "type": "Feature",
      "geometry": {
        "type": "Point",
        "coordinates": [
          4.9588235,
          52.3937231
        ]
      },
      "properties": {
        "id": "osm-w-1354438710",
        "category": "parking",
        "name": "Parking",
        "wheelchair": null,
        "fee": "no",
        "opening_hours": null,
        "source": "osm"
      }
    },
    {
      "type": "Feature",
      "geometry": {
        "type": "Point",
        "coordinates": [
          4.9592712,
          52.3938475
        ]
      },
      "properties": {
        "id": "osm-w-1354438711",
        "category": "parking",
        "name": "Parking",
        "wheelchair": null,
        "fee": "no",
        "opening_hours": null,
        "source": "osm"
      }
    },
    {
      "type": "Feature",
      "geometry": {
        "type": "Point",
        "coordinates": [
          4.9583164,
          52.3938405
        ]
      },
      "properties": {
        "id": "osm-w-1354438712",
        "category": "parking",
        "name": "Parking",
        "wheelchair": null,
        "fee": "no",
        "opening_hours": null,
        "source": "osm"
      }
    },
    {
      "type": "Feature",
      "geometry": {
        "type": "Point",
        "coordinates": [
          4.9573257,
          52.3943504
        ]
      },
      "properties": {
        "id": "osm-w-1354438713",
        "category": "parking",
        "name": "Parking",
        "wheelchair": null,
        "fee": "no",
        "opening_hours": null,
        "source": "osm"
      }
    },
    {
      "type": "Feature",
      "geometry": {
        "type": "Point",
        "coordinates": [
          4.9584459,
          52.3946464
        ]
      },
      "properties": {
        "id": "osm-w-1354438714",
        "category": "parking",
        "name": "Parking",
        "wheelchair": null,
        "fee": "no",
        "opening_hours": null,
        "source": "osm"
      }
    },
    {
      "type": "Feature",
      "geometry": {
        "type": "Point",
        "coordinates": [
          4.9578371,
          52.3935252
        ]
      },
      "properties": {
        "id": "osm-w-1354438715",
        "category": "parking",
        "name": "Parking",
        "wheelchair": null,
        "fee": "no",
        "opening_hours": null,
        "source": "osm"
      }
    },
    {
      "type": "Feature",
      "geometry": {
        "type": "Point",
        "coordinates": [
          4.9570953,
          52.3928199
        ]
      },
      "properties": {
        "id": "osm-w-1354438716",
        "category": "parking",
        "name": "Parking",
        "wheelchair": null,
        "fee": "no",
        "opening_hours": null,
        "source": "osm"
      }
    },
    {
      "type": "Feature",
      "geometry": {
        "type": "Point",
        "coordinates": [
          4.957135,
          52.3932541
        ]
      },
      "properties": {
        "id": "osm-w-1354438717",
        "category": "parking",
        "name": "Parking",
        "wheelchair": null,
        "fee": "no",
        "opening_hours": null,
        "source": "osm"
      }
    },
    {
      "type": "Feature",
      "geometry": {
        "type": "Point",
        "coordinates": [
          4.9571782,
          52.3928377
        ]
      },
      "properties": {
        "id": "osm-w-1354438718",
        "category": "parking",
        "name": "Parking",
        "wheelchair": null,
        "fee": "no",
        "opening_hours": null,
        "source": "osm"
      }
    },
    {
      "type": "Feature",
      "geometry": {
        "type": "Point",
        "coordinates": [
          4.957778,
          52.3926476
        ]
      },
      "properties": {
        "id": "osm-w-1354438719",
        "category": "parking",
        "name": "Parking",
        "wheelchair": null,
        "fee": "no",
        "opening_hours": null,
        "source": "osm"
      }
    },
    {
      "type": "Feature",
      "geometry": {
        "type": "Point",
        "coordinates": [
          4.9579286,
          52.3926893
        ]
      },
      "properties": {
        "id": "osm-w-1354438720",
        "category": "parking",
        "name": "Parking",
        "wheelchair": null,
        "fee": "no",
        "opening_hours": null,
        "source": "osm"
      }
    },
    {
      "type": "Feature",
      "geometry": {
        "type": "Point",
        "coordinates": [
          4.9575977,
          52.3931442
        ]
      },
      "properties": {
        "id": "osm-w-1354438721",
        "category": "parking",
        "name": "Parking",
        "wheelchair": null,
        "fee": "no",
        "opening_hours": null,
        "source": "osm"
      }
    },
    {
      "type": "Feature",
      "geometry": {
        "type": "Point",
        "coordinates": [
          4.9574459,
          52.3931029
        ]
      },
      "properties": {
        "id": "osm-w-1354438722",
        "category": "parking",
        "name": "Parking",
        "wheelchair": null,
        "fee": "no",
        "opening_hours": null,
        "source": "osm"
      }
    },
    {
      "type": "Feature",
      "geometry": {
        "type": "Point",
        "coordinates": [
          4.9591592,
          52.3927376
        ]
      },
      "properties": {
        "id": "osm-w-1354438723",
        "category": "parking",
        "name": "Parking",
        "wheelchair": null,
        "fee": "no",
        "opening_hours": null,
        "source": "osm"
      }
    },
    {
      "type": "Feature",
      "geometry": {
        "type": "Point",
        "coordinates": [
          4.9600511,
          52.393457
        ]
      },
      "properties": {
        "id": "osm-w-1354438724",
        "category": "parking",
        "name": "Parking",
        "wheelchair": null,
        "fee": "no",
        "opening_hours": null,
        "source": "osm"
      }
    },
    {
      "type": "Feature",
      "geometry": {
        "type": "Point",
        "coordinates": [
          4.9601386,
          52.3934938
        ]
      },
      "properties": {
        "id": "osm-w-1354438725",
        "category": "parking",
        "name": "Parking",
        "wheelchair": null,
        "fee": "no",
        "opening_hours": null,
        "source": "osm"
      }
    },
    {
      "type": "Feature",
      "geometry": {
        "type": "Point",
        "coordinates": [
          4.9593195,
          52.394409
        ]
      },
      "properties": {
        "id": "osm-w-1354438726",
        "category": "parking",
        "name": "Parking",
        "wheelchair": null,
        "fee": "no",
        "opening_hours": null,
        "source": "osm"
      }
    },
    {
      "type": "Feature",
      "geometry": {
        "type": "Point",
        "coordinates": [
          4.9243446,
          52.3798367
        ]
      },
      "properties": {
        "id": "osm-w-1358642663",
        "category": "parking",
        "name": "Parking",
        "wheelchair": null,
        "fee": null,
        "opening_hours": null,
        "source": "osm"
      }
    },
    {
      "type": "Feature",
      "geometry": {
        "type": "Point",
        "coordinates": [
          4.9233817,
          52.3797464
        ]
      },
      "properties": {
        "id": "osm-w-1358642664",
        "category": "parking",
        "name": "Parking",
        "wheelchair": null,
        "fee": null,
        "opening_hours": null,
        "source": "osm"
      }
    },
    {
      "type": "Feature",
      "geometry": {
        "type": "Point",
        "coordinates": [
          4.9235226,
          52.3796805
        ]
      },
      "properties": {
        "id": "osm-w-1358642665",
        "category": "parking",
        "name": "Parking",
        "wheelchair": null,
        "fee": null,
        "opening_hours": null,
        "source": "osm"
      }
    },
    {
      "type": "Feature",
      "geometry": {
        "type": "Point",
        "coordinates": [
          4.9226988,
          52.3795837
        ]
      },
      "properties": {
        "id": "osm-w-1358642666",
        "category": "parking",
        "name": "Parking",
        "wheelchair": null,
        "fee": null,
        "opening_hours": null,
        "source": "osm"
      }
    },
    {
      "type": "Feature",
      "geometry": {
        "type": "Point",
        "coordinates": [
          4.9221434,
          52.3795198
        ]
      },
      "properties": {
        "id": "osm-w-1358642667",
        "category": "parking",
        "name": "Parking",
        "wheelchair": null,
        "fee": null,
        "opening_hours": null,
        "source": "osm"
      }
    },
    {
      "type": "Feature",
      "geometry": {
        "type": "Point",
        "coordinates": [
          4.9220343,
          52.3795934
        ]
      },
      "properties": {
        "id": "osm-w-1358642668",
        "category": "parking",
        "name": "Parking",
        "wheelchair": null,
        "fee": null,
        "opening_hours": null,
        "source": "osm"
      }
    },
    {
      "type": "Feature",
      "geometry": {
        "type": "Point",
        "coordinates": [
          4.9294101,
          52.3980669
        ]
      },
      "properties": {
        "id": "osm-w-1368825586",
        "category": "parking",
        "name": "Parking",
        "wheelchair": null,
        "fee": null,
        "opening_hours": null,
        "source": "osm"
      }
    },
    {
      "type": "Feature",
      "geometry": {
        "type": "Point",
        "coordinates": [
          4.9303362,
          52.398467
        ]
      },
      "properties": {
        "id": "osm-w-1368836919",
        "category": "parking",
        "name": "Parking",
        "wheelchair": null,
        "fee": null,
        "opening_hours": null,
        "source": "osm"
      }
    },
    {
      "type": "Feature",
      "geometry": {
        "type": "Point",
        "coordinates": [
          4.9321583,
          52.3998266
        ]
      },
      "properties": {
        "id": "osm-w-1370325694",
        "category": "parking",
        "name": "Parking",
        "wheelchair": null,
        "fee": null,
        "opening_hours": null,
        "source": "osm"
      }
    },
    {
      "type": "Feature",
      "geometry": {
        "type": "Point",
        "coordinates": [
          4.9319812,
          52.3994249
        ]
      },
      "properties": {
        "id": "osm-w-1370957433",
        "category": "parking",
        "name": "Parking",
        "wheelchair": null,
        "fee": null,
        "opening_hours": null,
        "source": "osm"
      }
    },
    {
      "type": "Feature",
      "geometry": {
        "type": "Point",
        "coordinates": [
          4.9316075,
          52.3991314
        ]
      },
      "properties": {
        "id": "osm-w-1370957434",
        "category": "parking",
        "name": "Parking",
        "wheelchair": null,
        "fee": null,
        "opening_hours": null,
        "source": "osm"
      }
    },
    {
      "type": "Feature",
      "geometry": {
        "type": "Point",
        "coordinates": [
          4.9192496,
          52.4026003
        ]
      },
      "properties": {
        "id": "osm-w-1372713663",
        "category": "parking",
        "name": "Parking",
        "wheelchair": null,
        "fee": "no",
        "opening_hours": null,
        "source": "osm"
      }
    },
    {
      "type": "Feature",
      "geometry": {
        "type": "Point",
        "coordinates": [
          4.9195905,
          52.4026959
        ]
      },
      "properties": {
        "id": "osm-w-1372713664",
        "category": "parking",
        "name": "Parking",
        "wheelchair": null,
        "fee": "no",
        "opening_hours": null,
        "source": "osm"
      }
    },
    {
      "type": "Feature",
      "geometry": {
        "type": "Point",
        "coordinates": [
          4.9434937,
          52.3602945
        ]
      },
      "properties": {
        "id": "osm-w-1374480072",
        "category": "parking",
        "name": "Parking",
        "wheelchair": null,
        "fee": null,
        "opening_hours": null,
        "source": "osm"
      }
    },
    {
      "type": "Feature",
      "geometry": {
        "type": "Point",
        "coordinates": [
          4.9437114,
          52.3597376
        ]
      },
      "properties": {
        "id": "osm-w-1374480073",
        "category": "parking",
        "name": "Parking",
        "wheelchair": null,
        "fee": null,
        "opening_hours": null,
        "source": "osm"
      }
    },
    {
      "type": "Feature",
      "geometry": {
        "type": "Point",
        "coordinates": [
          4.9424495,
          52.3595556
        ]
      },
      "properties": {
        "id": "osm-w-1374480074",
        "category": "parking",
        "name": "Parking",
        "wheelchair": null,
        "fee": null,
        "opening_hours": null,
        "source": "osm"
      }
    },
    {
      "type": "Feature",
      "geometry": {
        "type": "Point",
        "coordinates": [
          4.9421919,
          52.360112
        ]
      },
      "properties": {
        "id": "osm-w-1374480075",
        "category": "parking",
        "name": "Parking",
        "wheelchair": null,
        "fee": null,
        "opening_hours": null,
        "source": "osm"
      }
    },
    {
      "type": "Feature",
      "geometry": {
        "type": "Point",
        "coordinates": [
          4.9329475,
          52.3939975
        ]
      },
      "properties": {
        "id": "osm-w-1381139201",
        "category": "parking",
        "name": "Parking",
        "wheelchair": null,
        "fee": null,
        "opening_hours": null,
        "source": "osm"
      }
    },
    {
      "type": "Feature",
      "geometry": {
        "type": "Point",
        "coordinates": [
          4.9328813,
          52.3938967
        ]
      },
      "properties": {
        "id": "osm-w-1381139202",
        "category": "parking",
        "name": "Parking",
        "wheelchair": null,
        "fee": null,
        "opening_hours": null,
        "source": "osm"
      }
    },
    {
      "type": "Feature",
      "geometry": {
        "type": "Point",
        "coordinates": [
          4.932792,
          52.3937593
        ]
      },
      "properties": {
        "id": "osm-w-1381139203",
        "category": "parking",
        "name": "Parking",
        "wheelchair": null,
        "fee": null,
        "opening_hours": null,
        "source": "osm"
      }
    },
    {
      "type": "Feature",
      "geometry": {
        "type": "Point",
        "coordinates": [
          4.9327072,
          52.3936328
        ]
      },
      "properties": {
        "id": "osm-w-1381139204",
        "category": "parking",
        "name": "Parking",
        "wheelchair": null,
        "fee": null,
        "opening_hours": null,
        "source": "osm"
      }
    },
    {
      "type": "Feature",
      "geometry": {
        "type": "Point",
        "coordinates": [
          4.9172711,
          52.3739219
        ]
      },
      "properties": {
        "id": "osm-w-1384100153",
        "category": "parking",
        "name": "Parking",
        "wheelchair": null,
        "fee": null,
        "opening_hours": null,
        "source": "osm"
      }
    },
    {
      "type": "Feature",
      "geometry": {
        "type": "Point",
        "coordinates": [
          4.9195619,
          52.3749448
        ]
      },
      "properties": {
        "id": "osm-w-1384100154",
        "category": "parking",
        "name": "Parking",
        "wheelchair": null,
        "fee": null,
        "opening_hours": null,
        "source": "osm"
      }
    },
    {
      "type": "Feature",
      "geometry": {
        "type": "Point",
        "coordinates": [
          4.9142949,
          52.375039
        ]
      },
      "properties": {
        "id": "osm-w-1384424114",
        "category": "parking",
        "name": "Parking",
        "wheelchair": null,
        "fee": null,
        "opening_hours": null,
        "source": "osm"
      }
    },
    {
      "type": "Feature",
      "geometry": {
        "type": "Point",
        "coordinates": [
          4.9142528,
          52.3751048
        ]
      },
      "properties": {
        "id": "osm-w-1384424115",
        "category": "parking",
        "name": "Parking",
        "wheelchair": null,
        "fee": null,
        "opening_hours": null,
        "source": "osm"
      }
    },
    {
      "type": "Feature",
      "geometry": {
        "type": "Point",
        "coordinates": [
          4.9199569,
          52.3839275
        ]
      },
      "properties": {
        "id": "osm-w-1387091133",
        "category": "parking",
        "name": "Parking",
        "wheelchair": null,
        "fee": null,
        "opening_hours": null,
        "source": "osm"
      }
    },
    {
      "type": "Feature",
      "geometry": {
        "type": "Point",
        "coordinates": [
          4.9588043,
          52.365175
        ]
      },
      "properties": {
        "id": "osm-w-1390228559",
        "category": "parking",
        "name": "P1",
        "wheelchair": null,
        "fee": null,
        "opening_hours": null,
        "source": "osm"
      }
    },
    {
      "type": "Feature",
      "geometry": {
        "type": "Point",
        "coordinates": [
          4.9620018,
          52.3644843
        ]
      },
      "properties": {
        "id": "osm-w-1390228563",
        "category": "parking",
        "name": "P5",
        "wheelchair": null,
        "fee": null,
        "opening_hours": null,
        "source": "osm"
      }
    },
    {
      "type": "Feature",
      "geometry": {
        "type": "Point",
        "coordinates": [
          4.961254,
          52.3638852
        ]
      },
      "properties": {
        "id": "osm-w-1390228565",
        "category": "parking",
        "name": "P4",
        "wheelchair": null,
        "fee": null,
        "opening_hours": null,
        "source": "osm"
      }
    },
    {
      "type": "Feature",
      "geometry": {
        "type": "Point",
        "coordinates": [
          4.9458898,
          52.3918044
        ]
      },
      "properties": {
        "id": "osm-w-1408224410",
        "category": "parking",
        "name": "Parking",
        "wheelchair": null,
        "fee": null,
        "opening_hours": null,
        "source": "osm"
      }
    },
    {
      "type": "Feature",
      "geometry": {
        "type": "Point",
        "coordinates": [
          4.9595654,
          52.3755304
        ]
      },
      "properties": {
        "id": "osm-w-1410049827",
        "category": "parking",
        "name": "Parking",
        "wheelchair": null,
        "fee": null,
        "opening_hours": null,
        "source": "osm"
      }
    },
    {
      "type": "Feature",
      "geometry": {
        "type": "Point",
        "coordinates": [
          4.9598135,
          52.3750953
        ]
      },
      "properties": {
        "id": "osm-w-1410049828",
        "category": "parking",
        "name": "Parking",
        "wheelchair": null,
        "fee": null,
        "opening_hours": null,
        "source": "osm"
      }
    },
    {
      "type": "Feature",
      "geometry": {
        "type": "Point",
        "coordinates": [
          4.9599993,
          52.3749982
        ]
      },
      "properties": {
        "id": "osm-w-1410049829",
        "category": "parking",
        "name": "Parking",
        "wheelchair": null,
        "fee": null,
        "opening_hours": null,
        "source": "osm"
      }
    },
    {
      "type": "Feature",
      "geometry": {
        "type": "Point",
        "coordinates": [
          4.9599525,
          52.374856
        ]
      },
      "properties": {
        "id": "osm-w-1410049830",
        "category": "parking",
        "name": "Parking",
        "wheelchair": null,
        "fee": null,
        "opening_hours": null,
        "source": "osm"
      }
    },
    {
      "type": "Feature",
      "geometry": {
        "type": "Point",
        "coordinates": [
          4.960083,
          52.3746367
        ]
      },
      "properties": {
        "id": "osm-w-1410049831",
        "category": "parking",
        "name": "Parking",
        "wheelchair": null,
        "fee": null,
        "opening_hours": null,
        "source": "osm"
      }
    },
    {
      "type": "Feature",
      "geometry": {
        "type": "Point",
        "coordinates": [
          4.9604158,
          52.3747544
        ]
      },
      "properties": {
        "id": "osm-w-1410049832",
        "category": "parking",
        "name": "Parking",
        "wheelchair": null,
        "fee": null,
        "opening_hours": null,
        "source": "osm"
      }
    },
    {
      "type": "Feature",
      "geometry": {
        "type": "Point",
        "coordinates": [
          4.9608482,
          52.3746687
        ]
      },
      "properties": {
        "id": "osm-w-1410049833",
        "category": "parking",
        "name": "Parking",
        "wheelchair": null,
        "fee": null,
        "opening_hours": null,
        "source": "osm"
      }
    },
    {
      "type": "Feature",
      "geometry": {
        "type": "Point",
        "coordinates": [
          4.9607748,
          52.3747874
        ]
      },
      "properties": {
        "id": "osm-w-1410049834",
        "category": "parking",
        "name": "Parking",
        "wheelchair": null,
        "fee": null,
        "opening_hours": null,
        "source": "osm"
      }
    },
    {
      "type": "Feature",
      "geometry": {
        "type": "Point",
        "coordinates": [
          4.9608593,
          52.3746288
        ]
      },
      "properties": {
        "id": "osm-w-1410049835",
        "category": "parking",
        "name": "Parking",
        "wheelchair": null,
        "fee": null,
        "opening_hours": null,
        "source": "osm"
      }
    },
    {
      "type": "Feature",
      "geometry": {
        "type": "Point",
        "coordinates": [
          4.9612261,
          52.3931619
        ]
      },
      "properties": {
        "id": "osm-w-1412913196",
        "category": "parking",
        "name": "Parking",
        "wheelchair": null,
        "fee": null,
        "opening_hours": null,
        "source": "osm"
      }
    },
    {
      "type": "Feature",
      "geometry": {
        "type": "Point",
        "coordinates": [
          4.9614456,
          52.3914266
        ]
      },
      "properties": {
        "id": "osm-w-1412916836",
        "category": "parking",
        "name": "Parking",
        "wheelchair": null,
        "fee": null,
        "opening_hours": null,
        "source": "osm"
      }
    },
    {
      "type": "Feature",
      "geometry": {
        "type": "Point",
        "coordinates": [
          4.9601156,
          52.3913618
        ]
      },
      "properties": {
        "id": "osm-w-1412916840",
        "category": "parking",
        "name": "Parking",
        "wheelchair": null,
        "fee": null,
        "opening_hours": null,
        "source": "osm"
      }
    },
    {
      "type": "Feature",
      "geometry": {
        "type": "Point",
        "coordinates": [
          4.9551349,
          52.3906776
        ]
      },
      "properties": {
        "id": "osm-w-1412916850",
        "category": "parking",
        "name": "Parking",
        "wheelchair": null,
        "fee": null,
        "opening_hours": null,
        "source": "osm"
      }
    },
    {
      "type": "Feature",
      "geometry": {
        "type": "Point",
        "coordinates": [
          4.9517497,
          52.3962635
        ]
      },
      "properties": {
        "id": "osm-w-1412924937",
        "category": "parking",
        "name": "Parking",
        "wheelchair": null,
        "fee": null,
        "opening_hours": null,
        "source": "osm"
      }
    },
    {
      "type": "Feature",
      "geometry": {
        "type": "Point",
        "coordinates": [
          4.9519233,
          52.3969856
        ]
      },
      "properties": {
        "id": "osm-w-1412924938",
        "category": "parking",
        "name": "Parking",
        "wheelchair": null,
        "fee": null,
        "opening_hours": null,
        "source": "osm"
      }
    },
    {
      "type": "Feature",
      "geometry": {
        "type": "Point",
        "coordinates": [
          4.9525757,
          52.3968974
        ]
      },
      "properties": {
        "id": "osm-w-1412924939",
        "category": "parking",
        "name": "Parking",
        "wheelchair": null,
        "fee": null,
        "opening_hours": null,
        "source": "osm"
      }
    },
    {
      "type": "Feature",
      "geometry": {
        "type": "Point",
        "coordinates": [
          4.952827,
          52.3967215
        ]
      },
      "properties": {
        "id": "osm-w-1412924940",
        "category": "parking",
        "name": "Parking",
        "wheelchair": null,
        "fee": null,
        "opening_hours": null,
        "source": "osm"
      }
    },
    {
      "type": "Feature",
      "geometry": {
        "type": "Point",
        "coordinates": [
          4.9407296,
          52.404735
        ]
      },
      "properties": {
        "id": "osm-w-1413045546",
        "category": "parking",
        "name": "Parking",
        "wheelchair": null,
        "fee": null,
        "opening_hours": null,
        "source": "osm"
      }
    },
    {
      "type": "Feature",
      "geometry": {
        "type": "Point",
        "coordinates": [
          4.9415687,
          52.4047049
        ]
      },
      "properties": {
        "id": "osm-w-1413045547",
        "category": "parking",
        "name": "Parking",
        "wheelchair": null,
        "fee": null,
        "opening_hours": null,
        "source": "osm"
      }
    },
    {
      "type": "Feature",
      "geometry": {
        "type": "Point",
        "coordinates": [
          4.940307,
          52.4046735
        ]
      },
      "properties": {
        "id": "osm-w-1413045550",
        "category": "parking",
        "name": "Parking",
        "wheelchair": null,
        "fee": null,
        "opening_hours": null,
        "source": "osm"
      }
    },
    {
      "type": "Feature",
      "geometry": {
        "type": "Point",
        "coordinates": [
          4.9400097,
          52.4044058
        ]
      },
      "properties": {
        "id": "osm-w-1413045553",
        "category": "parking",
        "name": "Parking",
        "wheelchair": null,
        "fee": null,
        "opening_hours": null,
        "source": "osm"
      }
    },
    {
      "type": "Feature",
      "geometry": {
        "type": "Point",
        "coordinates": [
          4.9575998,
          52.3933891
        ]
      },
      "properties": {
        "id": "osm-w-1413083678",
        "category": "parking",
        "name": "Parking",
        "wheelchair": null,
        "fee": "no",
        "opening_hours": null,
        "source": "osm"
      }
    },
    {
      "type": "Feature",
      "geometry": {
        "type": "Point",
        "coordinates": [
          4.9447874,
          52.3909126
        ]
      },
      "properties": {
        "id": "osm-w-1428364315",
        "category": "parking",
        "name": "Parking",
        "wheelchair": null,
        "fee": null,
        "opening_hours": null,
        "source": "osm"
      }
    },
    {
      "type": "Feature",
      "geometry": {
        "type": "Point",
        "coordinates": [
          4.9395082,
          52.3943313
        ]
      },
      "properties": {
        "id": "osm-w-1428373232",
        "category": "parking",
        "name": "Parking",
        "wheelchair": null,
        "fee": null,
        "opening_hours": null,
        "source": "osm"
      }
    },
    {
      "type": "Feature",
      "geometry": {
        "type": "Point",
        "coordinates": [
          4.9293997,
          52.4052045
        ]
      },
      "properties": {
        "id": "osm-w-1436396683",
        "category": "parking",
        "name": "Parking",
        "wheelchair": null,
        "fee": null,
        "opening_hours": null,
        "source": "osm"
      }
    },
    {
      "type": "Feature",
      "geometry": {
        "type": "Point",
        "coordinates": [
          5.0247793,
          52.388314
        ]
      },
      "properties": {
        "id": "osm-w-1436461544",
        "category": "parking",
        "name": "Parking",
        "wheelchair": null,
        "fee": null,
        "opening_hours": null,
        "source": "osm"
      }
    },
    {
      "type": "Feature",
      "geometry": {
        "type": "Point",
        "coordinates": [
          4.9285395,
          52.3561281
        ]
      },
      "properties": {
        "id": "osm-w-1452609255",
        "category": "parking",
        "name": "Parking",
        "wheelchair": null,
        "fee": null,
        "opening_hours": null,
        "source": "osm"
      }
    },
    {
      "type": "Feature",
      "geometry": {
        "type": "Point",
        "coordinates": [
          4.9767226,
          52.349625
        ]
      },
      "properties": {
        "id": "osm-w-1463046585",
        "category": "parking",
        "name": "Parking",
        "wheelchair": null,
        "fee": null,
        "opening_hours": null,
        "source": "osm"
      }
    },
    {
      "type": "Feature",
      "geometry": {
        "type": "Point",
        "coordinates": [
          4.9794155,
          52.3752705
        ]
      },
      "properties": {
        "id": "osm-w-1496316467",
        "category": "parking",
        "name": "Parking",
        "wheelchair": null,
        "fee": null,
        "opening_hours": null,
        "source": "osm"
      }
    },
    {
      "type": "Feature",
      "geometry": {
        "type": "Point",
        "coordinates": [
          4.9798751,
          52.3745391
        ]
      },
      "properties": {
        "id": "osm-w-1496395112",
        "category": "parking",
        "name": "Parking",
        "wheelchair": null,
        "fee": null,
        "opening_hours": null,
        "source": "osm"
      }
    },
    {
      "type": "Feature",
      "geometry": {
        "type": "Point",
        "coordinates": [
          4.9797801,
          52.3746466
        ]
      },
      "properties": {
        "id": "osm-w-1496395113",
        "category": "parking",
        "name": "Parking",
        "wheelchair": null,
        "fee": null,
        "opening_hours": null,
        "source": "osm"
      }
    },
    {
      "type": "Feature",
      "geometry": {
        "type": "Point",
        "coordinates": [
          4.9796633,
          52.3747924
        ]
      },
      "properties": {
        "id": "osm-w-1496395119",
        "category": "parking",
        "name": "Parking",
        "wheelchair": null,
        "fee": null,
        "opening_hours": null,
        "source": "osm"
      }
    },
    {
      "type": "Feature",
      "geometry": {
        "type": "Point",
        "coordinates": [
          4.9794247,
          52.3750974
        ]
      },
      "properties": {
        "id": "osm-w-1496395121",
        "category": "parking",
        "name": "Parking",
        "wheelchair": null,
        "fee": null,
        "opening_hours": null,
        "source": "osm"
      }
    },
    {
      "type": "Feature",
      "geometry": {
        "type": "Point",
        "coordinates": [
          4.979083,
          52.3755093
        ]
      },
      "properties": {
        "id": "osm-w-1496395130",
        "category": "parking",
        "name": "Parking",
        "wheelchair": null,
        "fee": null,
        "opening_hours": null,
        "source": "osm"
      }
    },
    {
      "type": "Feature",
      "geometry": {
        "type": "Point",
        "coordinates": [
          4.9799795,
          52.3743765
        ]
      },
      "properties": {
        "id": "osm-w-1496411085",
        "category": "parking",
        "name": "Parking",
        "wheelchair": null,
        "fee": null,
        "opening_hours": null,
        "source": "osm"
      }
    },
    {
      "type": "Feature",
      "geometry": {
        "type": "Point",
        "coordinates": [
          4.9844471,
          52.3749385
        ]
      },
      "properties": {
        "id": "osm-w-1499433668",
        "category": "parking",
        "name": "Parking",
        "wheelchair": null,
        "fee": null,
        "opening_hours": null,
        "source": "osm"
      }
    },
    {
      "type": "Feature",
      "geometry": {
        "type": "Point",
        "coordinates": [
          4.9842578,
          52.3748192
        ]
      },
      "properties": {
        "id": "osm-w-1499433669",
        "category": "parking",
        "name": "Parking",
        "wheelchair": null,
        "fee": null,
        "opening_hours": null,
        "source": "osm"
      }
    },
    {
      "type": "Feature",
      "geometry": {
        "type": "Point",
        "coordinates": [
          4.9851416,
          52.3753388
        ]
      },
      "properties": {
        "id": "osm-w-1501529155",
        "category": "parking",
        "name": "Parking",
        "wheelchair": null,
        "fee": null,
        "opening_hours": null,
        "source": "osm"
      }
    },
    {
      "type": "Feature",
      "geometry": {
        "type": "Point",
        "coordinates": [
          4.9849971,
          52.3752727
        ]
      },
      "properties": {
        "id": "osm-w-1501529156",
        "category": "parking",
        "name": "Parking",
        "wheelchair": null,
        "fee": null,
        "opening_hours": null,
        "source": "osm"
      }
    },
    {
      "type": "Feature",
      "geometry": {
        "type": "Point",
        "coordinates": [
          4.9851994,
          52.3753614
        ]
      },
      "properties": {
        "id": "osm-w-1501529157",
        "category": "parking",
        "name": "Parking",
        "wheelchair": null,
        "fee": null,
        "opening_hours": null,
        "source": "osm"
      }
    },
    {
      "type": "Feature",
      "geometry": {
        "type": "Point",
        "coordinates": [
          4.9860116,
          52.375768
        ]
      },
      "properties": {
        "id": "osm-w-1501542738",
        "category": "parking",
        "name": "Parking",
        "wheelchair": null,
        "fee": null,
        "opening_hours": null,
        "source": "osm"
      }
    },
    {
      "type": "Feature",
      "geometry": {
        "type": "Point",
        "coordinates": [
          4.9857764,
          52.375631
        ]
      },
      "properties": {
        "id": "osm-w-1501542739",
        "category": "parking",
        "name": "Parking",
        "wheelchair": null,
        "fee": null,
        "opening_hours": null,
        "source": "osm"
      }
    },
    {
      "type": "Feature",
      "geometry": {
        "type": "Point",
        "coordinates": [
          4.9856599,
          52.3755748
        ]
      },
      "properties": {
        "id": "osm-w-1501542740",
        "category": "parking",
        "name": "Parking",
        "wheelchair": null,
        "fee": null,
        "opening_hours": null,
        "source": "osm"
      }
    },
    {
      "type": "Feature",
      "geometry": {
        "type": "Point",
        "coordinates": [
          4.9855346,
          52.3755173
        ]
      },
      "properties": {
        "id": "osm-w-1501542741",
        "category": "parking",
        "name": "Parking",
        "wheelchair": null,
        "fee": null,
        "opening_hours": null,
        "source": "osm"
      }
    },
    {
      "type": "Feature",
      "geometry": {
        "type": "Point",
        "coordinates": [
          4.9853946,
          52.3754533
        ]
      },
      "properties": {
        "id": "osm-w-1501542742",
        "category": "parking",
        "name": "Parking",
        "wheelchair": null,
        "fee": null,
        "opening_hours": null,
        "source": "osm"
      }
    },
    {
      "type": "Feature",
      "geometry": {
        "type": "Point",
        "coordinates": [
          4.9853194,
          52.3754165
        ]
      },
      "properties": {
        "id": "osm-w-1501542743",
        "category": "parking",
        "name": "Parking",
        "wheelchair": null,
        "fee": null,
        "opening_hours": null,
        "source": "osm"
      }
    },
    {
      "type": "Feature",
      "geometry": {
        "type": "Point",
        "coordinates": [
          4.9873495,
          52.3765538
        ]
      },
      "properties": {
        "id": "osm-w-1501546473",
        "category": "parking",
        "name": "Parking",
        "wheelchair": null,
        "fee": null,
        "opening_hours": null,
        "source": "osm"
      }
    },
    {
      "type": "Feature",
      "geometry": {
        "type": "Point",
        "coordinates": [
          4.9868782,
          52.3762645
        ]
      },
      "properties": {
        "id": "osm-w-1501549394",
        "category": "parking",
        "name": "Parking",
        "wheelchair": null,
        "fee": null,
        "opening_hours": null,
        "source": "osm"
      }
    },
    {
      "type": "Feature",
      "geometry": {
        "type": "Point",
        "coordinates": [
          4.9866464,
          52.376134
        ]
      },
      "properties": {
        "id": "osm-w-1501549395",
        "category": "parking",
        "name": "Parking",
        "wheelchair": null,
        "fee": null,
        "opening_hours": null,
        "source": "osm"
      }
    },
    {
      "type": "Feature",
      "geometry": {
        "type": "Point",
        "coordinates": [
          4.98641,
          52.3759993
        ]
      },
      "properties": {
        "id": "osm-w-1501549396",
        "category": "parking",
        "name": "Parking",
        "wheelchair": null,
        "fee": null,
        "opening_hours": null,
        "source": "osm"
      }
    },
    {
      "type": "Feature",
      "geometry": {
        "type": "Point",
        "coordinates": [
          4.9862165,
          52.3758914
        ]
      },
      "properties": {
        "id": "osm-w-1501549397",
        "category": "parking",
        "name": "Parking",
        "wheelchair": null,
        "fee": null,
        "opening_hours": null,
        "source": "osm"
      }
    },
    {
      "type": "Feature",
      "geometry": {
        "type": "Point",
        "coordinates": [
          4.9871536,
          52.376419
        ]
      },
      "properties": {
        "id": "osm-w-1501549510",
        "category": "parking",
        "name": "Parking",
        "wheelchair": null,
        "fee": null,
        "opening_hours": null,
        "source": "osm"
      }
    },
    {
      "type": "Feature",
      "geometry": {
        "type": "Point",
        "coordinates": [
          4.9870307,
          52.3763485
        ]
      },
      "properties": {
        "id": "osm-w-1501549511",
        "category": "parking",
        "name": "Parking",
        "wheelchair": null,
        "fee": null,
        "opening_hours": null,
        "source": "osm"
      }
    },
    {
      "type": "Feature",
      "geometry": {
        "type": "Point",
        "coordinates": [
          4.988517,
          52.3773418
        ]
      },
      "properties": {
        "id": "osm-w-1501578201",
        "category": "parking",
        "name": "Parking",
        "wheelchair": null,
        "fee": null,
        "opening_hours": null,
        "source": "osm"
      }
    },
    {
      "type": "Feature",
      "geometry": {
        "type": "Point",
        "coordinates": [
          4.9883353,
          52.3772544
        ]
      },
      "properties": {
        "id": "osm-w-1501578203",
        "category": "parking",
        "name": "Parking",
        "wheelchair": null,
        "fee": null,
        "opening_hours": null,
        "source": "osm"
      }
    },
    {
      "type": "Feature",
      "geometry": {
        "type": "Point",
        "coordinates": [
          4.9878887,
          52.3770041
        ]
      },
      "properties": {
        "id": "osm-w-1501578207",
        "category": "parking",
        "name": "Parking",
        "wheelchair": null,
        "fee": null,
        "opening_hours": null,
        "source": "osm"
      }
    },
    {
      "type": "Feature",
      "geometry": {
        "type": "Point",
        "coordinates": [
          4.9902478,
          52.3776824
        ]
      },
      "properties": {
        "id": "osm-w-1502256969",
        "category": "parking",
        "name": "Parking",
        "wheelchair": null,
        "fee": null,
        "opening_hours": null,
        "source": "osm"
      }
    },
    {
      "type": "Feature",
      "geometry": {
        "type": "Point",
        "coordinates": [
          4.9892766,
          52.3776847
        ]
      },
      "properties": {
        "id": "osm-w-1502256971",
        "category": "parking",
        "name": "Parking",
        "wheelchair": null,
        "fee": null,
        "opening_hours": null,
        "source": "osm"
      }
    },
    {
      "type": "Feature",
      "geometry": {
        "type": "Point",
        "coordinates": [
          4.9890993,
          52.3776299
        ]
      },
      "properties": {
        "id": "osm-w-1502256972",
        "category": "parking",
        "name": "Parking",
        "wheelchair": null,
        "fee": null,
        "opening_hours": null,
        "source": "osm"
      }
    },
    {
      "type": "Feature",
      "geometry": {
        "type": "Point",
        "coordinates": [
          4.9890182,
          52.3776003
        ]
      },
      "properties": {
        "id": "osm-w-1502256973",
        "category": "parking",
        "name": "Parking",
        "wheelchair": null,
        "fee": null,
        "opening_hours": null,
        "source": "osm"
      }
    },
    {
      "type": "Feature",
      "geometry": {
        "type": "Point",
        "coordinates": [
          4.9889328,
          52.3775629
        ]
      },
      "properties": {
        "id": "osm-w-1502256974",
        "category": "parking",
        "name": "Parking",
        "wheelchair": null,
        "fee": null,
        "opening_hours": null,
        "source": "osm"
      }
    },
    {
      "type": "Feature",
      "geometry": {
        "type": "Point",
        "coordinates": [
          4.988863,
          52.3775285
        ]
      },
      "properties": {
        "id": "osm-w-1502256975",
        "category": "parking",
        "name": "Parking",
        "wheelchair": null,
        "fee": null,
        "opening_hours": null,
        "source": "osm"
      }
    },
    {
      "type": "Feature",
      "geometry": {
        "type": "Point",
        "coordinates": [
          4.989619,
          52.3777659
        ]
      },
      "properties": {
        "id": "osm-w-1502256976",
        "category": "parking",
        "name": "Parking",
        "wheelchair": null,
        "fee": null,
        "opening_hours": null,
        "source": "osm"
      }
    },
    {
      "type": "Feature",
      "geometry": {
        "type": "Point",
        "coordinates": [
          4.99229,
          52.3783095
        ]
      },
      "properties": {
        "id": "osm-w-1502280000",
        "category": "parking",
        "name": "Parking",
        "wheelchair": null,
        "fee": null,
        "opening_hours": null,
        "source": "osm"
      }
    },
    {
      "type": "Feature",
      "geometry": {
        "type": "Point",
        "coordinates": [
          4.9917928,
          52.3781369
        ]
      },
      "properties": {
        "id": "osm-w-1502280002",
        "category": "parking",
        "name": "Parking",
        "wheelchair": null,
        "fee": null,
        "opening_hours": null,
        "source": "osm"
      }
    },
    {
      "type": "Feature",
      "geometry": {
        "type": "Point",
        "coordinates": [
          4.9915756,
          52.3780607
        ]
      },
      "properties": {
        "id": "osm-w-1502280003",
        "category": "parking",
        "name": "Parking",
        "wheelchair": null,
        "fee": null,
        "opening_hours": null,
        "source": "osm"
      }
    },
    {
      "type": "Feature",
      "geometry": {
        "type": "Point",
        "coordinates": [
          4.9913967,
          52.3779945
        ]
      },
      "properties": {
        "id": "osm-w-1502280004",
        "category": "parking",
        "name": "Parking",
        "wheelchair": null,
        "fee": null,
        "opening_hours": null,
        "source": "osm"
      }
    },
    {
      "type": "Feature",
      "geometry": {
        "type": "Point",
        "coordinates": [
          4.9912163,
          52.3779103
        ]
      },
      "properties": {
        "id": "osm-w-1502280005",
        "category": "parking",
        "name": "Parking",
        "wheelchair": null,
        "fee": null,
        "opening_hours": null,
        "source": "osm"
      }
    },
    {
      "type": "Feature",
      "geometry": {
        "type": "Point",
        "coordinates": [
          4.9909846,
          52.3777764
        ]
      },
      "properties": {
        "id": "osm-w-1502280006",
        "category": "parking",
        "name": "Parking",
        "wheelchair": null,
        "fee": null,
        "opening_hours": null,
        "source": "osm"
      }
    },
    {
      "type": "Feature",
      "geometry": {
        "type": "Point",
        "coordinates": [
          4.9929251,
          52.3785187
        ]
      },
      "properties": {
        "id": "osm-w-1502443715",
        "category": "parking",
        "name": "Parking",
        "wheelchair": null,
        "fee": null,
        "opening_hours": null,
        "source": "osm"
      }
    },
    {
      "type": "Feature",
      "geometry": {
        "type": "Point",
        "coordinates": [
          4.9938887,
          52.3788125
        ]
      },
      "properties": {
        "id": "osm-w-1502443716",
        "category": "parking",
        "name": "Parking",
        "wheelchair": null,
        "fee": null,
        "opening_hours": null,
        "source": "osm"
      }
    },
    {
      "type": "Feature",
      "geometry": {
        "type": "Point",
        "coordinates": [
          4.9962017,
          52.3794053
        ]
      },
      "properties": {
        "id": "osm-w-1502455051",
        "category": "parking",
        "name": "Parking",
        "wheelchair": null,
        "fee": null,
        "opening_hours": null,
        "source": "osm"
      }
    },
    {
      "type": "Feature",
      "geometry": {
        "type": "Point",
        "coordinates": [
          4.9942059,
          52.3788967
        ]
      },
      "properties": {
        "id": "osm-w-1502455056",
        "category": "parking",
        "name": "Parking",
        "wheelchair": null,
        "fee": null,
        "opening_hours": null,
        "source": "osm"
      }
    },
    {
      "type": "Feature",
      "geometry": {
        "type": "Point",
        "coordinates": [
          4.9936701,
          52.3787506
        ]
      },
      "properties": {
        "id": "osm-w-1502455064",
        "category": "parking",
        "name": "Parking",
        "wheelchair": null,
        "fee": null,
        "opening_hours": null,
        "source": "osm"
      }
    },
    {
      "type": "Feature",
      "geometry": {
        "type": "Point",
        "coordinates": [
          4.9934623,
          52.3786877
        ]
      },
      "properties": {
        "id": "osm-w-1502455065",
        "category": "parking",
        "name": "Parking",
        "wheelchair": null,
        "fee": null,
        "opening_hours": null,
        "source": "osm"
      }
    },
    {
      "type": "Feature",
      "geometry": {
        "type": "Point",
        "coordinates": [
          4.9931354,
          52.3785868
        ]
      },
      "properties": {
        "id": "osm-w-1502455066",
        "category": "parking",
        "name": "Parking",
        "wheelchair": null,
        "fee": null,
        "opening_hours": null,
        "source": "osm"
      }
    },
    {
      "type": "Feature",
      "geometry": {
        "type": "Point",
        "coordinates": [
          4.9083697,
          52.3865111
        ]
      },
      "properties": {
        "id": "osm-w-1502505055",
        "category": "parking",
        "name": "Parking",
        "wheelchair": null,
        "fee": null,
        "opening_hours": null,
        "source": "osm"
      }
    },
    {
      "type": "Feature",
      "geometry": {
        "type": "Point",
        "coordinates": [
          4.9091414,
          52.3866034
        ]
      },
      "properties": {
        "id": "osm-w-1502505056",
        "category": "parking",
        "name": "Parking",
        "wheelchair": null,
        "fee": null,
        "opening_hours": null,
        "source": "osm"
      }
    },
    {
      "type": "Feature",
      "geometry": {
        "type": "Point",
        "coordinates": [
          4.9092798,
          52.386652
        ]
      },
      "properties": {
        "id": "osm-w-1502505057",
        "category": "parking",
        "name": "Parking",
        "wheelchair": null,
        "fee": null,
        "opening_hours": null,
        "source": "osm"
      }
    },
    {
      "type": "Feature",
      "geometry": {
        "type": "Point",
        "coordinates": [
          4.9094115,
          52.3866975
        ]
      },
      "properties": {
        "id": "osm-w-1502505058",
        "category": "parking",
        "name": "Parking",
        "wheelchair": null,
        "fee": null,
        "opening_hours": null,
        "source": "osm"
      }
    },
    {
      "type": "Feature",
      "geometry": {
        "type": "Point",
        "coordinates": [
          4.9090921,
          52.3866869
        ]
      },
      "properties": {
        "id": "osm-w-1502505059",
        "category": "parking",
        "name": "Parking",
        "wheelchair": null,
        "fee": null,
        "opening_hours": null,
        "source": "osm"
      }
    },
    {
      "type": "Feature",
      "geometry": {
        "type": "Point",
        "coordinates": [
          4.9107613,
          52.3871692
        ]
      },
      "properties": {
        "id": "osm-w-1502505060",
        "category": "parking",
        "name": "Parking",
        "wheelchair": null,
        "fee": null,
        "opening_hours": null,
        "source": "osm"
      }
    },
    {
      "type": "Feature",
      "geometry": {
        "type": "Point",
        "coordinates": [
          4.9106005,
          52.3871118
        ]
      },
      "properties": {
        "id": "osm-w-1502505061",
        "category": "parking",
        "name": "Parking",
        "wheelchair": null,
        "fee": null,
        "opening_hours": null,
        "source": "osm"
      }
    },
    {
      "type": "Feature",
      "geometry": {
        "type": "Point",
        "coordinates": [
          4.910439,
          52.3870571
        ]
      },
      "properties": {
        "id": "osm-w-1502505062",
        "category": "parking",
        "name": "Parking",
        "wheelchair": null,
        "fee": null,
        "opening_hours": null,
        "source": "osm"
      }
    },
    {
      "type": "Feature",
      "geometry": {
        "type": "Point",
        "coordinates": [
          4.9102769,
          52.3869995
        ]
      },
      "properties": {
        "id": "osm-w-1502505063",
        "category": "parking",
        "name": "Parking",
        "wheelchair": null,
        "fee": null,
        "opening_hours": null,
        "source": "osm"
      }
    },
    {
      "type": "Feature",
      "geometry": {
        "type": "Point",
        "coordinates": [
          4.9101181,
          52.3869435
        ]
      },
      "properties": {
        "id": "osm-w-1502505064",
        "category": "parking",
        "name": "Parking",
        "wheelchair": null,
        "fee": null,
        "opening_hours": null,
        "source": "osm"
      }
    },
    {
      "type": "Feature",
      "geometry": {
        "type": "Point",
        "coordinates": [
          4.9099549,
          52.3868853
        ]
      },
      "properties": {
        "id": "osm-w-1502505065",
        "category": "parking",
        "name": "Parking",
        "wheelchair": null,
        "fee": null,
        "opening_hours": null,
        "source": "osm"
      }
    },
    {
      "type": "Feature",
      "geometry": {
        "type": "Point",
        "coordinates": [
          4.9097906,
          52.3868303
        ]
      },
      "properties": {
        "id": "osm-w-1502505066",
        "category": "parking",
        "name": "Parking",
        "wheelchair": null,
        "fee": null,
        "opening_hours": null,
        "source": "osm"
      }
    },
    {
      "type": "Feature",
      "geometry": {
        "type": "Point",
        "coordinates": [
          4.9096724,
          52.3867867
        ]
      },
      "properties": {
        "id": "osm-w-1502505067",
        "category": "parking",
        "name": "Parking",
        "wheelchair": null,
        "fee": null,
        "opening_hours": null,
        "source": "osm"
      }
    },
    {
      "type": "Feature",
      "geometry": {
        "type": "Point",
        "coordinates": [
          4.9097226,
          52.3869066
        ]
      },
      "properties": {
        "id": "osm-w-1502505068",
        "category": "parking",
        "name": "Parking",
        "wheelchair": null,
        "fee": null,
        "opening_hours": null,
        "source": "osm"
      }
    },
    {
      "type": "Feature",
      "geometry": {
        "type": "Point",
        "coordinates": [
          4.9976236,
          52.3798001
        ]
      },
      "properties": {
        "id": "osm-w-1502655873",
        "category": "parking",
        "name": "Parking",
        "wheelchair": null,
        "fee": null,
        "opening_hours": null,
        "source": "osm"
      }
    },
    {
      "type": "Feature",
      "geometry": {
        "type": "Point",
        "coordinates": [
          4.9973567,
          52.3797276
        ]
      },
      "properties": {
        "id": "osm-w-1502655874",
        "category": "parking",
        "name": "Parking",
        "wheelchair": null,
        "fee": null,
        "opening_hours": null,
        "source": "osm"
      }
    },
    {
      "type": "Feature",
      "geometry": {
        "type": "Point",
        "coordinates": [
          4.9971995,
          52.3796847
        ]
      },
      "properties": {
        "id": "osm-w-1502655875",
        "category": "parking",
        "name": "Parking",
        "wheelchair": null,
        "fee": null,
        "opening_hours": null,
        "source": "osm"
      }
    },
    {
      "type": "Feature",
      "geometry": {
        "type": "Point",
        "coordinates": [
          4.997032,
          52.3796383
        ]
      },
      "properties": {
        "id": "osm-w-1502655876",
        "category": "parking",
        "name": "Parking",
        "wheelchair": null,
        "fee": null,
        "opening_hours": null,
        "source": "osm"
      }
    },
    {
      "type": "Feature",
      "geometry": {
        "type": "Point",
        "coordinates": [
          4.9968859,
          52.3795964
        ]
      },
      "properties": {
        "id": "osm-w-1502655877",
        "category": "parking",
        "name": "Parking",
        "wheelchair": null,
        "fee": null,
        "opening_hours": null,
        "source": "osm"
      }
    },
    {
      "type": "Feature",
      "geometry": {
        "type": "Point",
        "coordinates": [
          4.9965342,
          52.3794975
        ]
      },
      "properties": {
        "id": "osm-w-1502655878",
        "category": "parking",
        "name": "Parking",
        "wheelchair": null,
        "fee": null,
        "opening_hours": null,
        "source": "osm"
      }
    },
    {
      "type": "Feature",
      "geometry": {
        "type": "Point",
        "coordinates": [
          4.9957284,
          52.3792734
        ]
      },
      "properties": {
        "id": "osm-w-1502655881",
        "category": "parking",
        "name": "Parking",
        "wheelchair": null,
        "fee": null,
        "opening_hours": null,
        "source": "osm"
      }
    },
    {
      "type": "Feature",
      "geometry": {
        "type": "Point",
        "coordinates": [
          4.9954733,
          52.3792066
        ]
      },
      "properties": {
        "id": "osm-w-1502655882",
        "category": "parking",
        "name": "Parking",
        "wheelchair": null,
        "fee": null,
        "opening_hours": null,
        "source": "osm"
      }
    },
    {
      "type": "Feature",
      "geometry": {
        "type": "Point",
        "coordinates": [
          4.9953351,
          52.3791715
        ]
      },
      "properties": {
        "id": "osm-w-1502655883",
        "category": "parking",
        "name": "Parking",
        "wheelchair": null,
        "fee": null,
        "opening_hours": null,
        "source": "osm"
      }
    },
    {
      "type": "Feature",
      "geometry": {
        "type": "Point",
        "coordinates": [
          4.9951931,
          52.3791359
        ]
      },
      "properties": {
        "id": "osm-w-1502655885",
        "category": "parking",
        "name": "Parking",
        "wheelchair": null,
        "fee": null,
        "opening_hours": null,
        "source": "osm"
      }
    },
    {
      "type": "Feature",
      "geometry": {
        "type": "Point",
        "coordinates": [
          4.998137,
          52.3799417
        ]
      },
      "properties": {
        "id": "osm-w-1502659999",
        "category": "parking",
        "name": "Parking",
        "wheelchair": null,
        "fee": null,
        "opening_hours": null,
        "source": "osm"
      }
    },
    {
      "type": "Feature",
      "geometry": {
        "type": "Point",
        "coordinates": [
          5.0014874,
          52.3809145
        ]
      },
      "properties": {
        "id": "osm-w-1504209444",
        "category": "parking",
        "name": "Parking",
        "wheelchair": null,
        "fee": null,
        "opening_hours": null,
        "source": "osm"
      }
    },
    {
      "type": "Feature",
      "geometry": {
        "type": "Point",
        "coordinates": [
          5.0012049,
          52.3808328
        ]
      },
      "properties": {
        "id": "osm-w-1504209445",
        "category": "parking",
        "name": "Parking",
        "wheelchair": null,
        "fee": null,
        "opening_hours": null,
        "source": "osm"
      }
    },
    {
      "type": "Feature",
      "geometry": {
        "type": "Point",
        "coordinates": [
          5.001038,
          52.3807852
        ]
      },
      "properties": {
        "id": "osm-w-1504209446",
        "category": "parking",
        "name": "Parking",
        "wheelchair": null,
        "fee": null,
        "opening_hours": null,
        "source": "osm"
      }
    },
    {
      "type": "Feature",
      "geometry": {
        "type": "Point",
        "coordinates": [
          5.0007544,
          52.3807081
        ]
      },
      "properties": {
        "id": "osm-w-1504209449",
        "category": "parking",
        "name": "Parking",
        "wheelchair": null,
        "fee": null,
        "opening_hours": null,
        "source": "osm"
      }
    },
    {
      "type": "Feature",
      "geometry": {
        "type": "Point",
        "coordinates": [
          5.0004858,
          52.3806254
        ]
      },
      "properties": {
        "id": "osm-w-1504209450",
        "category": "parking",
        "name": "Parking",
        "wheelchair": null,
        "fee": null,
        "opening_hours": null,
        "source": "osm"
      }
    },
    {
      "type": "Feature",
      "geometry": {
        "type": "Point",
        "coordinates": [
          5.0002948,
          52.3805655
        ]
      },
      "properties": {
        "id": "osm-w-1504209457",
        "category": "parking",
        "name": "Parking",
        "wheelchair": null,
        "fee": null,
        "opening_hours": null,
        "source": "osm"
      }
    },
    {
      "type": "Feature",
      "geometry": {
        "type": "Point",
        "coordinates": [
          4.9996605,
          52.3803552
        ]
      },
      "properties": {
        "id": "osm-w-1504209463",
        "category": "parking",
        "name": "Parking",
        "wheelchair": null,
        "fee": null,
        "opening_hours": null,
        "source": "osm"
      }
    },
    {
      "type": "Feature",
      "geometry": {
        "type": "Point",
        "coordinates": [
          4.9993861,
          52.380273
        ]
      },
      "properties": {
        "id": "osm-w-1504209466",
        "category": "parking",
        "name": "Parking",
        "wheelchair": null,
        "fee": null,
        "opening_hours": null,
        "source": "osm"
      }
    },
    {
      "type": "Feature",
      "geometry": {
        "type": "Point",
        "coordinates": [
          4.9991967,
          52.380222
        ]
      },
      "properties": {
        "id": "osm-w-1504209467",
        "category": "parking",
        "name": "Parking",
        "wheelchair": null,
        "fee": null,
        "opening_hours": null,
        "source": "osm"
      }
    },
    {
      "type": "Feature",
      "geometry": {
        "type": "Point",
        "coordinates": [
          4.9990023,
          52.3801707
        ]
      },
      "properties": {
        "id": "osm-w-1504209468",
        "category": "parking",
        "name": "Parking",
        "wheelchair": null,
        "fee": null,
        "opening_hours": null,
        "source": "osm"
      }
    },
    {
      "type": "Feature",
      "geometry": {
        "type": "Point",
        "coordinates": [
          4.9986381,
          52.3800695
        ]
      },
      "properties": {
        "id": "osm-w-1504209469",
        "category": "parking",
        "name": "Parking",
        "wheelchair": null,
        "fee": null,
        "opening_hours": null,
        "source": "osm"
      }
    }
  ]
}