{
  "type": "FeatureCollection",
  "features": [
    {
      "type": "Feature",
      "geometry": {
        "type": "Point",
        "coordinates": [
          19.850083,
          45.2782633
        ]
      },
      "properties": {
        "id": "osm-n-296878310",
        "category": "fuel",
        "name": "Avia",
        "wheelchair": null,
        "fee": null,
        "opening_hours": "24/7",
        "source": "osm"
      }
    },
    {
      "type": "Feature",
      "geometry": {
        "type": "Point",
        "coordinates": [
          19.8445705,
          45.2545386
        ]
      },
      "properties": {
        "id": "osm-n-432828402",
        "category": "toilet",
        "name": "Toilet",
        "wheelchair": "limited",
        "fee": "yes",
        "opening_hours": null,
        "source": "osm"
      }
    },
    {
      "type": "Feature",
      "geometry": {
        "type": "Point",
        "coordinates": [
          19.8509374,
          45.2777572
        ]
      },
      "properties": {
        "id": "osm-n-509408782",
        "category": "fuel",
        "name": "Avia",
        "wheelchair": null,
        "fee": null,
        "opening_hours": "24/7",
        "source": "osm"
      }
    },
    {
      "type": "Feature",
      "geometry": {
        "type": "Point",
        "coordinates": [
          19.8251991,
          45.2507058
        ]
      },
      "properties": {
        "id": "osm-n-552545913",
        "category": "parking",
        "name": "Parking",
        "wheelchair": "yes",
        "fee": "no",
        "opening_hours": null,
        "source": "osm"
      }
    },
    {
      "type": "Feature",
      "geometry": {
        "type": "Point",
        "coordinates": [
          19.8331279,
          45.2864135
        ]
      },
      "properties": {
        "id": "osm-n-1410634355",
        "category": "fuel",
        "name": "Euro Petrol",
        "wheelchair": null,
        "fee": null,
        "opening_hours": "24/7",
        "source": "osm"
      }
    },
    {
      "type": "Feature",
      "geometry": {
        "type": "Point",
        "coordinates": [
          19.8291456,
          45.2533497
        ]
      },
      "properties": {
        "id": "osm-n-1542352809",
        "category": "hospital",
        "name": "Genesis",
        "wheelchair": null,
        "fee": null,
        "opening_hours": null,
        "source": "osm"
      }
    },
    {
      "type": "Feature",
      "geometry": {
        "type": "Point",
        "coordinates": [
          19.8495264,
          45.2605412
        ]
      },
      "properties": {
        "id": "osm-n-1789128843",
        "category": "shop",
        "name": "\u041d\u0435\u043a\u0442\u0430\u0440",
        "wheelchair": null,
        "fee": null,
        "opening_hours": "Mo-Sa 07:00-24:00; Su 07:00-16:00",
        "source": "osm"
      }
    },
    {
      "type": "Feature",
      "geometry": {
        "type": "Point",
        "coordinates": [
          19.8291203,
          45.2421481
        ]
      },
      "properties": {
        "id": "osm-n-1793835030",
        "category": "parking",
        "name": "Parking",
        "wheelchair": null,
        "fee": null,
        "opening_hours": null,
        "source": "osm"
      }
    },
    {
      "type": "Feature",
      "geometry": {
        "type": "Point",
        "coordinates": [
          19.8214035,
          45.2872875
        ]
      },
      "properties": {
        "id": "osm-n-1823959578",
        "category": "shop",
        "name": "\u0441.\u0442.\u0440. \u041a\u0443\u043c 2",
        "wheelchair": null,
        "fee": null,
        "opening_hours": null,
        "source": "osm"
      }
    },
    {
      "type": "Feature",
      "geometry": {
        "type": "Point",
        "coordinates": [
          19.8210483,
          45.2872358
        ]
      },
      "properties": {
        "id": "osm-n-1823962528",
        "category": "shop",
        "name": "\u041f\u0435\u0442 \u0428\u043e\u043f",
        "wheelchair": null,
        "fee": null,
        "opening_hours": null,
        "source": "osm"
      }
    },
    {
      "type": "Feature",
      "geometry": {
        "type": "Point",
        "coordinates": [
          19.8223923,
          45.2861811
        ]
      },
      "properties": {
        "id": "osm-n-1829028301",
        "category": "shop",
        "name": "\u0441.\u0442.\u0440. \u0414\u0430\u0458 \u0414\u0430\u043c",
        "wheelchair": null,
        "fee": null,
        "opening_hours": null,
        "source": "osm"
      }
    },
    {
      "type": "Feature",
      "geometry": {
        "type": "Point",
        "coordinates": [
          19.8568917,
          45.2618601
        ]
      },
      "properties": {
        "id": "osm-n-1864478289",
        "category": "toilet",
        "name": "Toilet",
        "wheelchair": null,
        "fee": null,
        "opening_hours": null,
        "source": "osm"
      }
    },
    {
      "type": "Feature",
      "geometry": {
        "type": "Point",
        "coordinates": [
          19.8115397,
          45.2686985
        ]
      },
      "properties": {
        "id": "osm-n-1895049940",
        "category": "fuel",
        "name": "\u041d\u0418\u0421 \u041f\u0435\u0442\u0440\u043e\u043b",
        "wheelchair": null,
        "fee": null,
        "opening_hours": "24/7",
        "source": "osm"
      }
    },
    {
      "type": "Feature",
      "geometry": {
        "type": "Point",
        "coordinates": [
          19.8249983,
          45.2693097
        ]
      },
      "properties": {
        "id": "osm-n-2119609150",
        "category": "fuel",
        "name": "OMV",
        "wheelchair": null,
        "fee": null,
        "opening_hours": "24/7",
        "source": "osm"
      }
    },
    {
      "type": "Feature",
      "geometry": {
        "type": "Point",
        "coordinates": [
          19.8337714,
          45.2570233
        ]
      },
      "properties": {
        "id": "osm-n-2264474704",
        "category": "cafe",
        "name": "Flying Dutchman",
        "wheelchair": "no",
        "fee": null,
        "opening_hours": null,
        "source": "osm"
      }
    },
    {
      "type": "Feature",
      "geometry": {
        "type": "Point",
        "coordinates": [
          19.8330337,
          45.2576914
        ]
      },
      "properties": {
        "id": "osm-n-2272494458",
        "category": "shop",
        "name": "Golden Market",
        "wheelchair": null,
        "fee": null,
        "opening_hours": "Mo-Sa 06:00-21:00; Su 07:00-14:00",
        "source": "osm"
      }
    },
    {
      "type": "Feature",
      "geometry": {
        "type": "Point",
        "coordinates": [
          19.8318752,
          45.2589985
        ]
      },
      "properties": {
        "id": "osm-n-2272495684",
        "category": "shop",
        "name": "Mikromarket PJ 115",
        "wheelchair": null,
        "fee": null,
        "opening_hours": "Mo-Su 06:00-22:00",
        "source": "osm"
      }
    },
    {
      "type": "Feature",
      "geometry": {
        "type": "Point",
        "coordinates": [
          19.8379829,
          45.254935
        ]
      },
      "properties": {
        "id": "osm-n-2298182347",
        "category": "shop",
        "name": "Shop",
        "wheelchair": null,
        "fee": null,
        "opening_hours": null,
        "source": "osm"
      }
    },
    {
      "type": "Feature",
      "geometry": {
        "type": "Point",
        "coordinates": [
          19.8306445,
          45.2587643
        ]
      },
      "properties": {
        "id": "osm-n-2298183987",
        "category": "shop",
        "name": "Market Ratkovi\u0107",
        "wheelchair": null,
        "fee": null,
        "opening_hours": "Mo-Su 06:00-22:00",
        "source": "osm"
      }
    },
    {
      "type": "Feature",
      "geometry": {
        "type": "Point",
        "coordinates": [
          19.8767408,
          45.2411378
        ]
      },
      "properties": {
        "id": "osm-n-2338019690",
        "category": "shop",
        "name": "Deva",
        "wheelchair": null,
        "fee": null,
        "opening_hours": null,
        "source": "osm"
      }
    },
    {
      "type": "Feature",
      "geometry": {
        "type": "Point",
        "coordinates": [
          19.8319019,
          45.2549706
        ]
      },
      "properties": {
        "id": "osm-n-2338056661",
        "category": "cafe",
        "name": "Street",
        "wheelchair": "limited",
        "fee": null,
        "opening_hours": null,
        "source": "osm"
      }
    },
    {
      "type": "Feature",
      "geometry": {
        "type": "Point",
        "coordinates": [
          19.833066,
          45.2551824
        ]
      },
      "properties": {
        "id": "osm-n-2338057112",
        "category": "shop",
        "name": "IDEA",
        "wheelchair": "yes",
        "fee": null,
        "opening_hours": "PH,Mo-Su 00:00-24:00",
        "source": "osm"
      }
    },
    {
      "type": "Feature",
      "geometry": {
        "type": "Point",
        "coordinates": [
          19.8513811,
          45.2502674
        ]
      },
      "properties": {
        "id": "osm-n-2387620475",
        "category": "cafe",
        "name": "Ambiente",
        "wheelchair": "limited",
        "fee": null,
        "opening_hours": "Mo-Fr 08:00-23:00, Sa,Su 08:00-01:00",
        "source": "osm"
      }
    },
    {
      "type": "Feature",
      "geometry": {
        "type": "Point",
        "coordinates": [
          19.8502534,
          45.2468265
        ]
      },
      "properties": {
        "id": "osm-n-2524154993",
        "category": "cafe",
        "name": "Caffe Atrijum",
        "wheelchair": null,
        "fee": null,
        "opening_hours": null,
        "source": "osm"
      }
    },
    {
      "type": "Feature",
      "geometry": {
        "type": "Point",
        "coordinates": [
          19.8425541,
          45.2478399
        ]
      },
      "properties": {
        "id": "osm-n-2533870974",
        "category": "cafe",
        "name": "Cafe-Pub The Sting",
        "wheelchair": null,
        "fee": null,
        "opening_hours": null,
        "source": "osm"
      }
    },
    {
      "type": "Feature",
      "geometry": {
        "type": "Point",
        "coordinates": [
          19.8515713,
          45.246561
        ]
      },
      "properties": {
        "id": "osm-n-2549747737",
        "category": "cafe",
        "name": "\u041c\u0430\u0448\u0438\u043d\u0430\u0446",
        "wheelchair": null,
        "fee": null,
        "opening_hours": null,
        "source": "osm"
      }
    },
    {
      "type": "Feature",
      "geometry": {
        "type": "Point",
        "coordinates": [
          19.8484466,
          45.2456639
        ]
      },
      "properties": {
        "id": "osm-n-2549747749",
        "category": "shop",
        "name": "Shop",
        "wheelchair": null,
        "fee": null,
        "opening_hours": null,
        "source": "osm"
      }
    },
    {
      "type": "Feature",
      "geometry": {
        "type": "Point",
        "coordinates": [
          19.8487063,
          45.242363
        ]
      },
      "properties": {
        "id": "osm-n-2582053962",
        "category": "cafe",
        "name": "\u041a\u043e\u0434 \u0433\u043e\u0441\u043f\u043e\u0434\u0438\u043d\u0430",
        "wheelchair": null,
        "fee": null,
        "opening_hours": null,
        "source": "osm"
      }
    },
    {
      "type": "Feature",
      "geometry": {
        "type": "Point",
        "coordinates": [
          19.8405199,
          45.2525966
        ]
      },
      "properties": {
        "id": "osm-n-2585158801",
        "category": "cafe",
        "name": "Hostel & Caffe Bar Rookies",
        "wheelchair": null,
        "fee": null,
        "opening_hours": null,
        "source": "osm"
      }
    },
    {
      "type": "Feature",
      "geometry": {
        "type": "Point",
        "coordinates": [
          19.8612,
          45.2529552
        ]
      },
      "properties": {
        "id": "osm-n-2606394425",
        "category": "cafe",
        "name": "Sat",
        "wheelchair": null,
        "fee": null,
        "opening_hours": null,
        "source": "osm"
      }
    },
    {
      "type": "Feature",
      "geometry": {
        "type": "Point",
        "coordinates": [
          19.8497386,
          45.2559262
        ]
      },
      "properties": {
        "id": "osm-n-2681939895",
        "category": "shop",
        "name": "IDEA",
        "wheelchair": "limited",
        "fee": null,
        "opening_hours": "Mo-Su 08:00-22:00",
        "source": "osm"
      }
    },
    {
      "type": "Feature",
      "geometry": {
        "type": "Point",
        "coordinates": [
          19.8365893,
          45.2513978
        ]
      },
      "properties": {
        "id": "osm-n-2735497111",
        "category": "cafe",
        "name": "Matrix",
        "wheelchair": "no",
        "fee": null,
        "opening_hours": null,
        "source": "osm"
      }
    },
    {
      "type": "Feature",
      "geometry": {
        "type": "Point",
        "coordinates": [
          19.8452103,
          45.2481573
        ]
      },
      "properties": {
        "id": "osm-n-2820469380",
        "category": "cafe",
        "name": "Moskva",
        "wheelchair": null,
        "fee": null,
        "opening_hours": null,
        "source": "osm"
      }
    },
    {
      "type": "Feature",
      "geometry": {
        "type": "Point",
        "coordinates": [
          19.8538399,
          45.2430389
        ]
      },
      "properties": {
        "id": "osm-n-2820513031",
        "category": "cafe",
        "name": "\u0418\u043d\u0434\u0435\u043a\u0441\u043e\u0432\u0430 \u0442\u0440\u0438\u0431\u0438\u043d\u0430",
        "wheelchair": null,
        "fee": null,
        "opening_hours": null,
        "source": "osm"
      }
    },
    {
      "type": "Feature",
      "geometry": {
        "type": "Point",
        "coordinates": [
          19.846417,
          45.2470839
        ]
      },
      "properties": {
        "id": "osm-n-2958394440",
        "category": "cafe",
        "name": "babylon",
        "wheelchair": "yes",
        "fee": null,
        "opening_hours": null,
        "source": "osm"
      }
    },
    {
      "type": "Feature",
      "geometry": {
        "type": "Point",
        "coordinates": [
          19.8536632,
          45.2466696
        ]
      },
      "properties": {
        "id": "osm-n-2958398091",
        "category": "cafe",
        "name": "\u0424\u0438\u043b\u043e\u0437\u043e\u0444",
        "wheelchair": null,
        "fee": null,
        "opening_hours": "Mo-Fr 08:00-18:00",
        "source": "osm"
      }
    },
    {
      "type": "Feature",
      "geometry": {
        "type": "Point",
        "coordinates": [
          19.8437015,
          45.2411879
        ]
      },
      "properties": {
        "id": "osm-n-2958398092",
        "category": "shop",
        "name": "Shop",
        "wheelchair": null,
        "fee": null,
        "opening_hours": null,
        "source": "osm"
      }
    },
    {
      "type": "Feature",
      "geometry": {
        "type": "Point",
        "coordinates": [
          19.8497066,
          45.2483273
        ]
      },
      "properties": {
        "id": "osm-n-2958398095",
        "category": "cafe",
        "name": "Grosseto",
        "wheelchair": null,
        "fee": null,
        "opening_hours": null,
        "source": "osm"
      }
    },
    {
      "type": "Feature",
      "geometry": {
        "type": "Point",
        "coordinates": [
          19.8515076,
          45.2466527
        ]
      },
      "properties": {
        "id": "osm-n-2959902918",
        "category": "cafe",
        "name": "FTN Klub",
        "wheelchair": null,
        "fee": null,
        "opening_hours": null,
        "source": "osm"
      }
    },
    {
      "type": "Feature",
      "geometry": {
        "type": "Point",
        "coordinates": [
          19.8469523,
          45.2520311
        ]
      },
      "properties": {
        "id": "osm-n-2962778104",
        "category": "cafe",
        "name": "Nublu",
        "wheelchair": null,
        "fee": null,
        "opening_hours": null,
        "source": "osm"
      }
    },
    {
      "type": "Feature",
      "geometry": {
        "type": "Point",
        "coordinates": [
          19.8385213,
          45.250099
        ]
      },
      "properties": {
        "id": "osm-n-2967376320",
        "category": "shop",
        "name": "IDEA",
        "wheelchair": null,
        "fee": null,
        "opening_hours": "Mo-Sa 07:00-22:00; Su 07:00-22:00",
        "source": "osm"
      }
    },
    {
      "type": "Feature",
      "geometry": {
        "type": "Point",
        "coordinates": [
          19.8479171,
          45.2561562
        ]
      },
      "properties": {
        "id": "osm-n-2968953010",
        "category": "cafe",
        "name": "Fi\u0107ki\u0107",
        "wheelchair": null,
        "fee": null,
        "opening_hours": null,
        "source": "osm"
      }
    },
    {
      "type": "Feature",
      "geometry": {
        "type": "Point",
        "coordinates": [
          19.8308495,
          45.2549086
        ]
      },
      "properties": {
        "id": "osm-n-2974411243",
        "category": "shop",
        "name": "\u041c\u0438\u043a\u0440\u043e\u043c\u0430\u0440\u043a\u0435\u0442",
        "wheelchair": null,
        "fee": null,
        "opening_hours": "24/7",
        "source": "osm"
      }
    },
    {
      "type": "Feature",
      "geometry": {
        "type": "Point",
        "coordinates": [
          19.8491576,
          45.2492299
        ]
      },
      "properties": {
        "id": "osm-n-2989225107",
        "category": "cafe",
        "name": "\u041a\u043e\u0440\u0437\u043e",
        "wheelchair": null,
        "fee": null,
        "opening_hours": null,
        "source": "osm"
      }
    },
    {
      "type": "Feature",
      "geometry": {
        "type": "Point",
        "coordinates": [
          19.8514963,
          45.2499768
        ]
      },
      "properties": {
        "id": "osm-n-2989225132",
        "category": "shop",
        "name": "\u041c\u0438\u043a\u0440\u043e\u043c\u0430\u0440\u043a\u0435\u0442",
        "wheelchair": null,
        "fee": null,
        "opening_hours": "Mo-Su 06:00-22:00",
        "source": "osm"
      }
    },
    {
      "type": "Feature",
      "geometry": {
        "type": "Point",
        "coordinates": [
          19.848263,
          45.2505722
        ]
      },
      "properties": {
        "id": "osm-n-2989225554",
        "category": "cafe",
        "name": "Coffee To Go",
        "wheelchair": null,
        "fee": null,
        "opening_hours": "Mo-Th 08:00-23:00; Fr-Sa 08:00-01:00; Su 09:00-23:00",
        "source": "osm"
      }
    },
    {
      "type": "Feature",
      "geometry": {
        "type": "Point",
        "coordinates": [
          19.8461374,
          45.2447295
        ]
      },
      "properties": {
        "id": "osm-n-3099668964",
        "category": "shop",
        "name": "\u041c\u0438\u043a\u0440\u043e\u043c\u0430\u0440\u043a\u0435\u0442",
        "wheelchair": "yes",
        "fee": null,
        "opening_hours": "00:00-24:00",
        "source": "osm"
      }
    },
    {
      "type": "Feature",
      "geometry": {
        "type": "Point",
        "coordinates": [
          19.8518644,
          45.2456933
        ]
      },
      "properties": {
        "id": "osm-n-3118846236",
        "category": "cafe",
        "name": "\u0421\u043e\u045a\u0430",
        "wheelchair": null,
        "fee": null,
        "opening_hours": null,
        "source": "osm"
      }
    },
    {
      "type": "Feature",
      "geometry": {
        "type": "Point",
        "coordinates": [
          19.8489658,
          45.2491622
        ]
      },
      "properties": {
        "id": "osm-n-3118846250",
        "category": "cafe",
        "name": "Amico",
        "wheelchair": null,
        "fee": null,
        "opening_hours": null,
        "source": "osm"
      }
    },
    {
      "type": "Feature",
      "geometry": {
        "type": "Point",
        "coordinates": [
          19.8815302,
          45.2431262
        ]
      },
      "properties": {
        "id": "osm-n-3201795607",
        "category": "cafe",
        "name": "\u041a\u0430\u0444\u0435-\u0431\u0430\u0440 \u201e\u041c\u0430\u0447\u0430\u043a\u201d",
        "wheelchair": null,
        "fee": null,
        "opening_hours": null,
        "source": "osm"
      }
    },
    {
      "type": "Feature",
      "geometry": {
        "type": "Point",
        "coordinates": [
          19.8519575,
          45.2492331
        ]
      },
      "properties": {
        "id": "osm-n-3282661268",
        "category": "cafe",
        "name": "\u041c\u0430\u043a\u0438\u0458\u0430\u0442\u043e \u0424\u0430\u043a\u0441",
        "wheelchair": "yes",
        "fee": null,
        "opening_hours": "Su-Th 07:00-23:00, Fr,Sa 07:00-24:00",
        "source": "osm"
      }
    },
    {
      "type": "Feature",
      "geometry": {
        "type": "Point",
        "coordinates": [
          19.8373495,
          45.2419523
        ]
      },
      "properties": {
        "id": "osm-n-3282661269",
        "category": "cafe",
        "name": "Shakespeare 021",
        "wheelchair": null,
        "fee": null,
        "opening_hours": null,
        "source": "osm"
      }
    },
    {
      "type": "Feature",
      "geometry": {
        "type": "Point",
        "coordinates": [
          19.8584585,
          45.279964
        ]
      },
      "properties": {
        "id": "osm-n-3636789716",
        "category": "clinic",
        "name": "Clinic",
        "wheelchair": null,
        "fee": null,
        "opening_hours": null,
        "source": "osm"
      }
    },
    {
      "type": "Feature",
      "geometry": {
        "type": "Point",
        "coordinates": [
          19.8314078,
          45.2728219
        ]
      },
      "properties": {
        "id": "osm-n-3711618105",
        "category": "cafe",
        "name": "Cafe 021",
        "wheelchair": null,
        "fee": null,
        "opening_hours": "Mo-Fr 07:00-21:00; Sa 07:00-17:00; Su 07:00-15:00",
        "source": "osm"
      }
    },
    {
      "type": "Feature",
      "geometry": {
        "type": "Point",
        "coordinates": [
          19.8371336,
          45.2475351
        ]
      },
      "properties": {
        "id": "osm-n-3750927600",
        "category": "cafe",
        "name": "Baila",
        "wheelchair": null,
        "fee": null,
        "opening_hours": null,
        "source": "osm"
      }
    },
    {
      "type": "Feature",
      "geometry": {
        "type": "Point",
        "coordinates": [
          19.8415648,
          45.2483375
        ]
      },
      "properties": {
        "id": "osm-n-3750927601",
        "category": "cafe",
        "name": "Coffe House",
        "wheelchair": null,
        "fee": null,
        "opening_hours": null,
        "source": "osm"
      }
    },
    {
      "type": "Feature",
      "geometry": {
        "type": "Point",
        "coordinates": [
          19.8205603,
          45.2435158
        ]
      },
      "properties": {
        "id": "osm-n-3832639470",
        "category": "shop",
        "name": "Gomex",
        "wheelchair": null,
        "fee": null,
        "opening_hours": null,
        "source": "osm"
      }
    },
    {
      "type": "Feature",
      "geometry": {
        "type": "Point",
        "coordinates": [
          19.834645,
          45.255317
        ]
      },
      "properties": {
        "id": "osm-n-4029748491",
        "category": "shop",
        "name": "\u0410\u0440\u043e\u043c\u0430",
        "wheelchair": "yes",
        "fee": null,
        "opening_hours": "07:00-22:00",
        "source": "osm"
      }
    },
    {
      "type": "Feature",
      "geometry": {
        "type": "Point",
        "coordinates": [
          19.8305044,
          45.2629053
        ]
      },
      "properties": {
        "id": "osm-n-4029798889",
        "category": "cafe",
        "name": "\u0421\u0442\u0438\u0445",
        "wheelchair": "limited",
        "fee": null,
        "opening_hours": "Fr,Sa 07:00-01:00, Su-Th 07:00-23:00",
        "source": "osm"
      }
    },
    {
      "type": "Feature",
      "geometry": {
        "type": "Point",
        "coordinates": [
          19.843376,
          45.244077
        ]
      },
      "properties": {
        "id": "osm-n-4031074579",
        "category": "cafe",
        "name": "\u0412\u0438\u0442\u0440\u0430\u0436",
        "wheelchair": "no",
        "fee": null,
        "opening_hours": null,
        "source": "osm"
      }
    },
    {
      "type": "Feature",
      "geometry": {
        "type": "Point",
        "coordinates": [
          19.828809,
          45.254248
        ]
      },
      "properties": {
        "id": "osm-n-4031144989",
        "category": "cafe",
        "name": "Pastis",
        "wheelchair": "no",
        "fee": null,
        "opening_hours": null,
        "source": "osm"
      }
    },
    {
      "type": "Feature",
      "geometry": {
        "type": "Point",
        "coordinates": [
          19.829726,
          45.237745
        ]
      },
      "properties": {
        "id": "osm-n-4031231090",
        "category": "clinic",
        "name": "Healthmedic",
        "wheelchair": "limited",
        "fee": null,
        "opening_hours": "Mo-Fr 08:00-20:00; Sa 08:00-12:00",
        "source": "osm"
      }
    },
    {
      "type": "Feature",
      "geometry": {
        "type": "Point",
        "coordinates": [
          19.8310043,
          45.2381005
        ]
      },
      "properties": {
        "id": "osm-n-4031249589",
        "category": "shop",
        "name": "NS Supermarket",
        "wheelchair": "no",
        "fee": null,
        "opening_hours": "Mo-Su 07:00-23:00",
        "source": "osm"
      }
    },
    {
      "type": "Feature",
      "geometry": {
        "type": "Point",
        "coordinates": [
          19.8460992,
          45.2425232
        ]
      },
      "properties": {
        "id": "osm-n-4031278989",
        "category": "cafe",
        "name": "Barabar",
        "wheelchair": "limited",
        "fee": null,
        "opening_hours": "Mo-Su 08:00-23:00",
        "source": "osm"
      }
    },
    {
      "type": "Feature",
      "geometry": {
        "type": "Point",
        "coordinates": [
          19.8314095,
          45.2627909
        ]
      },
      "properties": {
        "id": "osm-n-4034810090",
        "category": "shop",
        "name": "Biolu\u010dar",
        "wheelchair": "no",
        "fee": null,
        "opening_hours": "Mo-Sa 07:30-21:30; Su 08:00-20:00",
        "source": "osm"
      }
    },
    {
      "type": "Feature",
      "geometry": {
        "type": "Point",
        "coordinates": [
          19.8346111,
          45.2570846
        ]
      },
      "properties": {
        "id": "osm-n-4034895190",
        "category": "shop",
        "name": "Mikromarket PJ 154",
        "wheelchair": null,
        "fee": null,
        "opening_hours": "24/7",
        "source": "osm"
      }
    },
    {
      "type": "Feature",
      "geometry": {
        "type": "Point",
        "coordinates": [
          19.8422199,
          45.2477906
        ]
      },
      "properties": {
        "id": "osm-n-4109637903",
        "category": "cafe",
        "name": "Caf\u00e9 Friends",
        "wheelchair": null,
        "fee": null,
        "opening_hours": null,
        "source": "osm"
      }
    },
    {
      "type": "Feature",
      "geometry": {
        "type": "Point",
        "coordinates": [
          19.8421451,
          45.2493954
        ]
      },
      "properties": {
        "id": "osm-n-4109637904",
        "category": "shop",
        "name": "IDEA",
        "wheelchair": null,
        "fee": null,
        "opening_hours": null,
        "source": "osm"
      }
    },
    {
      "type": "Feature",
      "geometry": {
        "type": "Point",
        "coordinates": [
          19.8488492,
          45.237039
        ]
      },
      "properties": {
        "id": "osm-n-4153864292",
        "category": "cafe",
        "name": "Cafe",
        "wheelchair": null,
        "fee": null,
        "opening_hours": null,
        "source": "osm"
      }
    },
    {
      "type": "Feature",
      "geometry": {
        "type": "Point",
        "coordinates": [
          19.8486813,
          45.2372379
        ]
      },
      "properties": {
        "id": "osm-n-4153864293",
        "category": "cafe",
        "name": "Cafe",
        "wheelchair": null,
        "fee": null,
        "opening_hours": null,
        "source": "osm"
      }
    },
    {
      "type": "Feature",
      "geometry": {
        "type": "Point",
        "coordinates": [
          19.8481562,
          45.2370862
        ]
      },
      "properties": {
        "id": "osm-n-4153864493",
        "category": "cafe",
        "name": "Tropicana beach bar",
        "wheelchair": null,
        "fee": null,
        "opening_hours": null,
        "source": "osm"
      }
    },
    {
      "type": "Feature",
      "geometry": {
        "type": "Point",
        "coordinates": [
          19.8473593,
          45.2360255
        ]
      },
      "properties": {
        "id": "osm-n-4153881989",
        "category": "cafe",
        "name": "Cafe",
        "wheelchair": null,
        "fee": null,
        "opening_hours": null,
        "source": "osm"
      }
    },
    {
      "type": "Feature",
      "geometry": {
        "type": "Point",
        "coordinates": [
          19.8388399,
          45.2496152
        ]
      },
      "properties": {
        "id": "osm-n-4166609793",
        "category": "cafe",
        "name": "Gaja",
        "wheelchair": null,
        "fee": null,
        "opening_hours": null,
        "source": "osm"
      }
    },
    {
      "type": "Feature",
      "geometry": {
        "type": "Point",
        "coordinates": [
          19.8341076,
          45.2464995
        ]
      },
      "properties": {
        "id": "osm-n-4166612291",
        "category": "cafe",
        "name": "Gulag Pub",
        "wheelchair": "no",
        "fee": null,
        "opening_hours": null,
        "source": "osm"
      }
    },
    {
      "type": "Feature",
      "geometry": {
        "type": "Point",
        "coordinates": [
          19.8122599,
          45.2594589
        ]
      },
      "properties": {
        "id": "osm-n-4187368105",
        "category": "shop",
        "name": "\u041c\u0438\u043a\u0440\u043e\u043c\u0430\u0440\u043a\u0435\u0442 \u041f\u0408 31",
        "wheelchair": null,
        "fee": null,
        "opening_hours": "00:00-24:00",
        "source": "osm"
      }
    },
    {
      "type": "Feature",
      "geometry": {
        "type": "Point",
        "coordinates": [
          19.8168365,
          45.261471
        ]
      },
      "properties": {
        "id": "osm-n-4188143933",
        "category": "shop",
        "name": "IDEA",
        "wheelchair": null,
        "fee": null,
        "opening_hours": "Mo-Su 07:30-21:30",
        "source": "osm"
      }
    },
    {
      "type": "Feature",
      "geometry": {
        "type": "Point",
        "coordinates": [
          19.8342879,
          45.239051
        ]
      },
      "properties": {
        "id": "osm-n-4328038991",
        "category": "cafe",
        "name": "Don Pepe",
        "wheelchair": null,
        "fee": null,
        "opening_hours": "Mo-Su 07:00-23:00",
        "source": "osm"
      }
    },
    {
      "type": "Feature",
      "geometry": {
        "type": "Point",
        "coordinates": [
          19.8374035,
          45.2642117
        ]
      },
      "properties": {
        "id": "osm-n-4328068491",
        "category": "cafe",
        "name": "Incognito",
        "wheelchair": null,
        "fee": null,
        "opening_hours": "Mo-Su 08:00-23:00",
        "source": "osm"
      }
    },
    {
      "type": "Feature",
      "geometry": {
        "type": "Point",
        "coordinates": [
          19.8412386,
          45.243426
        ]
      },
      "properties": {
        "id": "osm-n-4339504989",
        "category": "cafe",
        "name": "kaffaBar",
        "wheelchair": null,
        "fee": null,
        "opening_hours": "Mo-Su 07:00-23:00",
        "source": "osm"
      }
    },
    {
      "type": "Feature",
      "geometry": {
        "type": "Point",
        "coordinates": [
          19.8471066,
          45.2640294
        ]
      },
      "properties": {
        "id": "osm-n-4356610390",
        "category": "shop",
        "name": "\u041c\u0438\u043a\u0440\u043e\u043c\u0430\u0440\u043a\u0435\u0442",
        "wheelchair": null,
        "fee": null,
        "opening_hours": "07:00-23:00",
        "source": "osm"
      }
    },
    {
      "type": "Feature",
      "geometry": {
        "type": "Point",
        "coordinates": [
          19.8362112,
          45.2615085
        ]
      },
      "properties": {
        "id": "osm-n-4435721529",
        "category": "shop",
        "name": "PerSu",
        "wheelchair": "no",
        "fee": null,
        "opening_hours": "Mo-Sa 07:00-22:00; Su 08:00-20:00",
        "source": "osm"
      }
    },
    {
      "type": "Feature",
      "geometry": {
        "type": "Point",
        "coordinates": [
          19.8442908,
          45.2484951
        ]
      },
      "properties": {
        "id": "osm-n-4481677990",
        "category": "cafe",
        "name": "\u0428\u0435\u045b\u0435\u0440 & Soul",
        "wheelchair": null,
        "fee": null,
        "opening_hours": "Mo-Fr 07:00-23:00, Sa-Su 07:00-25:00",
        "source": "osm"
      }
    },
    {
      "type": "Feature",
      "geometry": {
        "type": "Point",
        "coordinates": [
          19.8156702,
          45.2584966
        ]
      },
      "properties": {
        "id": "osm-n-4538217414",
        "category": "cafe",
        "name": "\u0421\u0430\u0442\u0443\u0440\u043d",
        "wheelchair": null,
        "fee": null,
        "opening_hours": null,
        "source": "osm"
      }
    },
    {
      "type": "Feature",
      "geometry": {
        "type": "Point",
        "coordinates": [
          19.8150786,
          45.2579448
        ]
      },
      "properties": {
        "id": "osm-n-4538217422",
        "category": "cafe",
        "name": "Milanelo",
        "wheelchair": null,
        "fee": null,
        "opening_hours": null,
        "source": "osm"
      }
    },
    {
      "type": "Feature",
      "geometry": {
        "type": "Point",
        "coordinates": [
          19.8142938,
          45.262229
        ]
      },
      "properties": {
        "id": "osm-n-4547721898",
        "category": "shop",
        "name": "\u041c\u0438\u043a\u0440\u043e\u043c\u0430\u0440\u043a\u0435\u0442 \u041f\u0408 79",
        "wheelchair": null,
        "fee": null,
        "opening_hours": "Mo-Su 06:00-22:00",
        "source": "osm"
      }
    },
    {
      "type": "Feature",
      "geometry": {
        "type": "Point",
        "coordinates": [
          19.8053172,
          45.253803
        ]
      },
      "properties": {
        "id": "osm-n-4570069392",
        "category": "cafe",
        "name": "Dolce Vita",
        "wheelchair": null,
        "fee": null,
        "opening_hours": null,
        "source": "osm"
      }
    },
    {
      "type": "Feature",
      "geometry": {
        "type": "Point",
        "coordinates": [
          19.8054071,
          45.2519465
        ]
      },
      "properties": {
        "id": "osm-n-4592334397",
        "category": "cafe",
        "name": "Cafe",
        "wheelchair": null,
        "fee": null,
        "opening_hours": null,
        "source": "osm"
      }
    },
    {
      "type": "Feature",
      "geometry": {
        "type": "Point",
        "coordinates": [
          19.8128692,
          45.2586252
        ]
      },
      "properties": {
        "id": "osm-n-4605837289",
        "category": "cafe",
        "name": "\u0410\u043d\u0433\u043e\u043b\u043e",
        "wheelchair": null,
        "fee": null,
        "opening_hours": null,
        "source": "osm"
      }
    },
    {
      "type": "Feature",
      "geometry": {
        "type": "Point",
        "coordinates": [
          19.8747939,
          45.2507622
        ]
      },
      "properties": {
        "id": "osm-n-4767169431",
        "category": "cafe",
        "name": "Cafe",
        "wheelchair": null,
        "fee": null,
        "opening_hours": null,
        "source": "osm"
      }
    },
    {
      "type": "Feature",
      "geometry": {
        "type": "Point",
        "coordinates": [
          19.875834,
          45.2490989
        ]
      },
      "properties": {
        "id": "osm-n-4767169437",
        "category": "cafe",
        "name": "Cafe",
        "wheelchair": null,
        "fee": null,
        "opening_hours": null,
        "source": "osm"
      }
    },
    {
      "type": "Feature",
      "geometry": {
        "type": "Point",
        "coordinates": [
          19.8731993,
          45.2512099
        ]
      },
      "properties": {
        "id": "osm-n-4773428436",
        "category": "shop",
        "name": "\u041c\u0438\u043a\u0440\u043e\u043c\u0430\u0440\u043a\u0435\u0442",
        "wheelchair": null,
        "fee": null,
        "opening_hours": null,
        "source": "osm"
      }
    },
    {
      "type": "Feature",
      "geometry": {
        "type": "Point",
        "coordinates": [
          19.8730332,
          45.2513241
        ]
      },
      "properties": {
        "id": "osm-n-4773450630",
        "category": "hospital",
        "name": "\u0421\u0432\u0435\u0442\u0438 \u041b\u0443\u043a\u0430",
        "wheelchair": null,
        "fee": null,
        "opening_hours": null,
        "source": "osm"
      }
    },
    {
      "type": "Feature",
      "geometry": {
        "type": "Point",
        "coordinates": [
          19.8183772,
          45.2569409
        ]
      },
      "properties": {
        "id": "osm-n-4773814621",
        "category": "shop",
        "name": "Crvena jabuka",
        "wheelchair": null,
        "fee": null,
        "opening_hours": "Mo-Su 07:00-20:00",
        "source": "osm"
      }
    },
    {
      "type": "Feature",
      "geometry": {
        "type": "Point",
        "coordinates": [
          19.8353112,
          45.2622999
        ]
      },
      "properties": {
        "id": "osm-n-4797351149",
        "category": "shop",
        "name": "\u041c\u0438\u043a\u0440\u043e\u043c\u0430\u0440\u043a\u0435\u0442 \u041f\u0408 117",
        "wheelchair": null,
        "fee": null,
        "opening_hours": null,
        "source": "osm"
      }
    },
    {
      "type": "Feature",
      "geometry": {
        "type": "Point",
        "coordinates": [
          19.8512314,
          45.2498755
        ]
      },
      "properties": {
        "id": "osm-n-4850267921",
        "category": "cafe",
        "name": "Pascal",
        "wheelchair": null,
        "fee": null,
        "opening_hours": "Mo-Th 07:00-23:00; Fr 07:00-01:00; Sa 08:00-01:00; Su 08:00-23:00",
        "source": "osm"
      }
    },
    {
      "type": "Feature",
      "geometry": {
        "type": "Point",
        "coordinates": [
          19.8170409,
          45.2573618
        ]
      },
      "properties": {
        "id": "osm-n-4964679721",
        "category": "shop",
        "name": "Trafika",
        "wheelchair": null,
        "fee": null,
        "opening_hours": "Mo-Sa 07:00-23:00",
        "source": "osm"
      }
    },
    {
      "type": "Feature",
      "geometry": {
        "type": "Point",
        "coordinates": [
          19.8449897,
          45.2538085
        ]
      },
      "properties": {
        "id": "osm-n-4979519427",
        "category": "cafe",
        "name": "Cafe",
        "wheelchair": null,
        "fee": null,
        "opening_hours": null,
        "source": "osm"
      }
    },
    {
      "type": "Feature",
      "geometry": {
        "type": "Point",
        "coordinates": [
          19.8556381,
          45.2529179
        ]
      },
      "properties": {
        "id": "osm-n-4986676727",
        "category": "water",
        "name": "Water",
        "wheelchair": null,
        "fee": null,
        "opening_hours": null,
        "source": "osm"
      }
    },
    {
      "type": "Feature",
      "geometry": {
        "type": "Point",
        "coordinates": [
          19.8444603,
          45.2549481
        ]
      },
      "properties": {
        "id": "osm-n-4988940525",
        "category": "aed",
        "name": "Aed",
        "wheelchair": null,
        "fee": null,
        "opening_hours": null,
        "source": "osm"
      }
    },
    {
      "type": "Feature",
      "geometry": {
        "type": "Point",
        "coordinates": [
          19.8379937,
          45.2583099
        ]
      },
      "properties": {
        "id": "osm-n-4988940527",
        "category": "aed",
        "name": "Aed",
        "wheelchair": null,
        "fee": null,
        "opening_hours": null,
        "source": "osm"
      }
    },
    {
      "type": "Feature",
      "geometry": {
        "type": "Point",
        "coordinates": [
          19.8237598,
          45.2530008
        ]
      },
      "properties": {
        "id": "osm-n-4988971822",
        "category": "aed",
        "name": "Aed",
        "wheelchair": null,
        "fee": null,
        "opening_hours": null,
        "source": "osm"
      }
    },
    {
      "type": "Feature",
      "geometry": {
        "type": "Point",
        "coordinates": [
          19.8132111,
          45.2455038
        ]
      },
      "properties": {
        "id": "osm-n-4989525822",
        "category": "shop",
        "name": "Tina",
        "wheelchair": "no",
        "fee": null,
        "opening_hours": "24/7",
        "source": "osm"
      }
    },
    {
      "type": "Feature",
      "geometry": {
        "type": "Point",
        "coordinates": [
          19.8225484,
          45.2501128
        ]
      },
      "properties": {
        "id": "osm-n-4990638424",
        "category": "clinic",
        "name": "\u041a\u043b\u0438\u043d\u0438\u043a\u0430 \u0437\u0430 \u043d\u0435\u0443\u0440\u043e\u0445\u0438\u0440\u0443\u0440\u0433\u0438\u0458\u0443",
        "wheelchair": null,
        "fee": null,
        "opening_hours": "24/7",
        "source": "osm"
      }
    },
    {
      "type": "Feature",
      "geometry": {
        "type": "Point",
        "coordinates": [
          19.8229461,
          45.2501154
        ]
      },
      "properties": {
        "id": "osm-n-4990641226",
        "category": "clinic",
        "name": "\u041a\u043b\u0438\u043d\u0438\u043a\u0430 \u0437\u0430 \u0438\u043d\u0442\u0435\u043d\u0437\u0438\u0432\u043d\u0443 \u0442\u0435\u0440\u0430\u043f\u0438\u0458\u0443",
        "wheelchair": null,
        "fee": null,
        "opening_hours": "24/7",
        "source": "osm"
      }
    },
    {
      "type": "Feature",
      "geometry": {
        "type": "Point",
        "coordinates": [
          19.8281131,
          45.236684
        ]
      },
      "properties": {
        "id": "osm-n-4990645021",
        "category": "clinic",
        "name": "\u041e\u0440\u0434\u0438\u043d\u0430\u0446\u0438\u0458\u0430 \u0437\u0430 \u0444\u0438\u0437\u0438\u043a\u0430\u043b\u043d\u0443 \u043c\u0435\u0434\u0438\u0446\u0438\u043d\u0443 \u0408\u0430\u043a\u043e\u0432\u0459\u0435\u0432\u0438\u045b",
        "wheelchair": "no",
        "fee": null,
        "opening_hours": "Mo-Fr 12:00-20:00; Sa 10:00-14:00; Su off",
        "source": "osm"
      }
    },
    {
      "type": "Feature",
      "geometry": {
        "type": "Point",
        "coordinates": [
          19.8454598,
          45.2588993
        ]
      },
      "properties": {
        "id": "osm-n-5041864327",
        "category": "shop",
        "name": "Shop",
        "wheelchair": null,
        "fee": null,
        "opening_hours": null,
        "source": "osm"
      }
    },
    {
      "type": "Feature",
      "geometry": {
        "type": "Point",
        "coordinates": [
          19.8454073,
          45.2587599
        ]
      },
      "properties": {
        "id": "osm-n-5041864523",
        "category": "shop",
        "name": "Shop",
        "wheelchair": null,
        "fee": null,
        "opening_hours": null,
        "source": "osm"
      }
    },
    {
      "type": "Feature",
      "geometry": {
        "type": "Point",
        "coordinates": [
          19.8511452,
          45.251125
        ]
      },
      "properties": {
        "id": "osm-n-5079018879",
        "category": "shop",
        "name": "\u0160akan",
        "wheelchair": null,
        "fee": null,
        "opening_hours": "Mo-Sa 06:00-22:00; Su 06:00-14:00",
        "source": "osm"
      }
    },
    {
      "type": "Feature",
      "geometry": {
        "type": "Point",
        "coordinates": [
          19.8516731,
          45.2497053
        ]
      },
      "properties": {
        "id": "osm-n-5079082067",
        "category": "cafe",
        "name": "Broccoli",
        "wheelchair": null,
        "fee": null,
        "opening_hours": null,
        "source": "osm"
      }
    },
    {
      "type": "Feature",
      "geometry": {
        "type": "Point",
        "coordinates": [
          19.8523654,
          45.2544012
        ]
      },
      "properties": {
        "id": "osm-n-5091686197",
        "category": "clinic",
        "name": "\u0414\u043e\u043c \u0437\u0434\u0440\u0430\u0432\u0459\u0430 \u201e\u0411\u0443\u043b\u0435\u0432\u0430\u0440\u201d",
        "wheelchair": null,
        "fee": null,
        "opening_hours": "Mo-Fr 07:00-20:00",
        "source": "osm"
      }
    },
    {
      "type": "Feature",
      "geometry": {
        "type": "Point",
        "coordinates": [
          19.8552711,
          45.2524948
        ]
      },
      "properties": {
        "id": "osm-n-5091686198",
        "category": "shop",
        "name": "IDEA",
        "wheelchair": null,
        "fee": null,
        "opening_hours": "Mo-Su 08:00-22:00",
        "source": "osm"
      }
    },
    {
      "type": "Feature",
      "geometry": {
        "type": "Point",
        "coordinates": [
          19.842297,
          45.2608104
        ]
      },
      "properties": {
        "id": "osm-n-5128618757",
        "category": "shop",
        "name": "Idea",
        "wheelchair": null,
        "fee": null,
        "opening_hours": "Mo-Su 07:00-22:00",
        "source": "osm"
      }
    },
    {
      "type": "Feature",
      "geometry": {
        "type": "Point",
        "coordinates": [
          19.8514657,
          45.2552697
        ]
      },
      "properties": {
        "id": "osm-n-5141758822",
        "category": "water",
        "name": "Water",
        "wheelchair": null,
        "fee": null,
        "opening_hours": null,
        "source": "osm"
      }
    },
    {
      "type": "Feature",
      "geometry": {
        "type": "Point",
        "coordinates": [
          19.8567486,
          45.2614322
        ]
      },
      "properties": {
        "id": "osm-n-5144418323",
        "category": "water",
        "name": "Water",
        "wheelchair": null,
        "fee": "no",
        "opening_hours": null,
        "source": "osm"
      }
    },
    {
      "type": "Feature",
      "geometry": {
        "type": "Point",
        "coordinates": [
          19.8308705,
          45.2368248
        ]
      },
      "properties": {
        "id": "osm-n-5144438122",
        "category": "water",
        "name": "Water",
        "wheelchair": "no",
        "fee": "no",
        "opening_hours": null,
        "source": "osm"
      }
    },
    {
      "type": "Feature",
      "geometry": {
        "type": "Point",
        "coordinates": [
          19.8387981,
          45.2443236
        ]
      },
      "properties": {
        "id": "osm-n-5144438124",
        "category": "water",
        "name": "Water",
        "wheelchair": null,
        "fee": null,
        "opening_hours": null,
        "source": "osm"
      }
    },
    {
      "type": "Feature",
      "geometry": {
        "type": "Point",
        "coordinates": [
          19.8485403,
          45.2540439
        ]
      },
      "properties": {
        "id": "osm-n-5200379105",
        "category": "info",
        "name": "Info",
        "wheelchair": null,
        "fee": null,
        "opening_hours": null,
        "source": "osm"
      }
    },
    {
      "type": "Feature",
      "geometry": {
        "type": "Point",
        "coordinates": [
          19.8456648,
          45.2447523
        ]
      },
      "properties": {
        "id": "osm-n-5304717494",
        "category": "charging",
        "name": "ProCredit",
        "wheelchair": null,
        "fee": "no",
        "opening_hours": null,
        "source": "osm"
      }
    },
    {
      "type": "Feature",
      "geometry": {
        "type": "Point",
        "coordinates": [
          19.8465614,
          45.2539259
        ]
      },
      "properties": {
        "id": "osm-n-5377312524",
        "category": "cafe",
        "name": "Novosadjanin",
        "wheelchair": null,
        "fee": null,
        "opening_hours": "Mo-Su 09:00-23:00",
        "source": "osm"
      }
    },
    {
      "type": "Feature",
      "geometry": {
        "type": "Point",
        "coordinates": [
          19.8329721,
          45.2459791
        ]
      },
      "properties": {
        "id": "osm-n-5379012521",
        "category": "cafe",
        "name": "The Nook",
        "wheelchair": "limited",
        "fee": null,
        "opening_hours": null,
        "source": "osm"
      }
    },
    {
      "type": "Feature",
      "geometry": {
        "type": "Point",
        "coordinates": [
          19.8124111,
          45.2482206
        ]
      },
      "properties": {
        "id": "osm-n-5467605521",
        "category": "cafe",
        "name": "\u0425\u0430\u0440\u0434 \u0420\u043e\u0433",
        "wheelchair": null,
        "fee": null,
        "opening_hours": null,
        "source": "osm"
      }
    },
    {
      "type": "Feature",
      "geometry": {
        "type": "Point",
        "coordinates": [
          19.8391699,
          45.2628303
        ]
      },
      "properties": {
        "id": "osm-n-5474893223",
        "category": "shop",
        "name": "\u041c\u0438\u043a\u0440\u043e\u043c\u0430\u0440\u043a\u0435\u0442 \u041f\u0408 104",
        "wheelchair": null,
        "fee": null,
        "opening_hours": "24/7",
        "source": "osm"
      }
    },
    {
      "type": "Feature",
      "geometry": {
        "type": "Point",
        "coordinates": [
          19.8374236,
          45.2478971
        ]
      },
      "properties": {
        "id": "osm-n-5474893225",
        "category": "shop",
        "name": "Mikromarket",
        "wheelchair": null,
        "fee": null,
        "opening_hours": "24/7",
        "source": "osm"
      }
    },
    {
      "type": "Feature",
      "geometry": {
        "type": "Point",
        "coordinates": [
          19.8372473,
          45.2492722
        ]
      },
      "properties": {
        "id": "osm-n-5474893226",
        "category": "shop",
        "name": "Mikromarket",
        "wheelchair": null,
        "fee": null,
        "opening_hours": "Mo-Su 06:00-22:00",
        "source": "osm"
      }
    },
    {
      "type": "Feature",
      "geometry": {
        "type": "Point",
        "coordinates": [
          19.8202479,
          45.2426947
        ]
      },
      "properties": {
        "id": "osm-n-5474893228",
        "category": "shop",
        "name": "Mikromarket PJ 8",
        "wheelchair": null,
        "fee": null,
        "opening_hours": "Mo-Su 06:00-22:00",
        "source": "osm"
      }
    },
    {
      "type": "Feature",
      "geometry": {
        "type": "Point",
        "coordinates": [
          19.8269421,
          45.2413539
        ]
      },
      "properties": {
        "id": "osm-n-5474946422",
        "category": "shop",
        "name": "\u041c\u0438\u043a\u0440\u043e\u043c\u0430\u0440\u043a\u0435\u0442",
        "wheelchair": "no",
        "fee": null,
        "opening_hours": "Mo-Su 07:00-22:00",
        "source": "osm"
      }
    },
    {
      "type": "Feature",
      "geometry": {
        "type": "Point",
        "coordinates": [
          19.8136445,
          45.2566079
        ]
      },
      "properties": {
        "id": "osm-n-5474947821",
        "category": "shop",
        "name": "\u041c\u0438\u043a\u0440\u043e\u043c\u0430\u0440\u043a\u0435\u0442",
        "wheelchair": null,
        "fee": null,
        "opening_hours": "00:00-24:00",
        "source": "osm"
      }
    },
    {
      "type": "Feature",
      "geometry": {
        "type": "Point",
        "coordinates": [
          19.8308817,
          45.2459263
        ]
      },
      "properties": {
        "id": "osm-n-5474995421",
        "category": "shop",
        "name": "Mikromarket PJ 9",
        "wheelchair": null,
        "fee": null,
        "opening_hours": "Mo-Su 06:00-22:00",
        "source": "osm"
      }
    },
    {
      "type": "Feature",
      "geometry": {
        "type": "Point",
        "coordinates": [
          19.8367166,
          45.2479391
        ]
      },
      "properties": {
        "id": "osm-n-5474995422",
        "category": "shop",
        "name": "Mikromarket PJ 12",
        "wheelchair": "no",
        "fee": null,
        "opening_hours": "Mo-Su 00:00-24:00",
        "source": "osm"
      }
    },
    {
      "type": "Feature",
      "geometry": {
        "type": "Point",
        "coordinates": [
          19.8167557,
          45.2582229
        ]
      },
      "properties": {
        "id": "osm-n-5474995621",
        "category": "shop",
        "name": "\u041c\u0438\u043a\u0440\u043e\u043c\u0430\u0440\u043a\u0435\u0442 \u041f\u0408 10",
        "wheelchair": null,
        "fee": null,
        "opening_hours": "Mo-Su 06:00-22:00",
        "source": "osm"
      }
    },
    {
      "type": "Feature",
      "geometry": {
        "type": "Point",
        "coordinates": [
          19.8322724,
          45.2419402
        ]
      },
      "properties": {
        "id": "osm-n-5474995721",
        "category": "shop",
        "name": "Mikromarket PJ 11",
        "wheelchair": null,
        "fee": null,
        "opening_hours": "Mo-Su 07:00-23:00",
        "source": "osm"
      }
    },
    {
      "type": "Feature",
      "geometry": {
        "type": "Point",
        "coordinates": [
          19.8154116,
          45.256771
        ]
      },
      "properties": {
        "id": "osm-n-5474995722",
        "category": "shop",
        "name": "Mikromarket PJ 13",
        "wheelchair": null,
        "fee": null,
        "opening_hours": "Mo-Su 07:00-23:00",
        "source": "osm"
      }
    },
    {
      "type": "Feature",
      "geometry": {
        "type": "Point",
        "coordinates": [
          19.8130416,
          45.2583737
        ]
      },
      "properties": {
        "id": "osm-n-5474995723",
        "category": "shop",
        "name": "\u041c\u0438\u043a\u0440\u043e\u043c\u0430\u0440\u043a\u0435\u0442 \u041f\u0408 14",
        "wheelchair": null,
        "fee": null,
        "opening_hours": "Mo-Su 06:00-22:00",
        "source": "osm"
      }
    },
    {
      "type": "Feature",
      "geometry": {
        "type": "Point",
        "coordinates": [
          19.8133678,
          45.2573486
        ]
      },
      "properties": {
        "id": "osm-n-5474995724",
        "category": "shop",
        "name": "\u041c\u0438\u043a\u0440\u043e\u043c\u0430\u0440\u043a\u0435\u0442 \u041f\u0408 15",
        "wheelchair": null,
        "fee": null,
        "opening_hours": "Mo-Su 06:00-22:00",
        "source": "osm"
      }
    },
    {
      "type": "Feature",
      "geometry": {
        "type": "Point",
        "coordinates": [
          19.8212268,
          45.2412087
        ]
      },
      "properties": {
        "id": "osm-n-5474995725",
        "category": "shop",
        "name": "Mikromarket PJ 19",
        "wheelchair": null,
        "fee": null,
        "opening_hours": "Mo-Su 07:00-23:00",
        "source": "osm"
      }
    },
    {
      "type": "Feature",
      "geometry": {
        "type": "Point",
        "coordinates": [
          19.8374176,
          45.2495371
        ]
      },
      "properties": {
        "id": "osm-n-5475015021",
        "category": "shop",
        "name": "Mikromarket PJ 21",
        "wheelchair": null,
        "fee": null,
        "opening_hours": "24/7",
        "source": "osm"
      }
    },
    {
      "type": "Feature",
      "geometry": {
        "type": "Point",
        "coordinates": [
          19.8412085,
          45.2554538
        ]
      },
      "properties": {
        "id": "osm-n-5475015121",
        "category": "shop",
        "name": "Mikromarket PJ 23",
        "wheelchair": null,
        "fee": null,
        "opening_hours": "24/7",
        "source": "osm"
      }
    },
    {
      "type": "Feature",
      "geometry": {
        "type": "Point",
        "coordinates": [
          19.8372973,
          45.2419967
        ]
      },
      "properties": {
        "id": "osm-n-5475024227",
        "category": "shop",
        "name": "Mikromarket PJ 30",
        "wheelchair": null,
        "fee": null,
        "opening_hours": "Mo-Su 07:00-23:00",
        "source": "osm"
      }
    },
    {
      "type": "Feature",
      "geometry": {
        "type": "Point",
        "coordinates": [
          19.8332657,
          45.259492
        ]
      },
      "properties": {
        "id": "osm-n-5475024228",
        "category": "shop",
        "name": "Mikromarket PJ 35",
        "wheelchair": null,
        "fee": null,
        "opening_hours": "24/7",
        "source": "osm"
      }
    },
    {
      "type": "Feature",
      "geometry": {
        "type": "Point",
        "coordinates": [
          19.813167,
          45.2548897
        ]
      },
      "properties": {
        "id": "osm-n-5475029024",
        "category": "shop",
        "name": "Mikrmarket PJ28",
        "wheelchair": null,
        "fee": null,
        "opening_hours": "Mo-Su 06:00-22:00",
        "source": "osm"
      }
    },
    {
      "type": "Feature",
      "geometry": {
        "type": "Point",
        "coordinates": [
          19.8303296,
          45.2632543
        ]
      },
      "properties": {
        "id": "osm-n-5475029027",
        "category": "shop",
        "name": "\u041c\u0438\u043a\u0440\u043e\u043c\u0430\u0440\u043a\u0435\u0442 \u041f\u0408 36",
        "wheelchair": "limited",
        "fee": null,
        "opening_hours": "24/7",
        "source": "osm"
      }
    },
    {
      "type": "Feature",
      "geometry": {
        "type": "Point",
        "coordinates": [
          19.8487495,
          45.2490932
        ]
      },
      "properties": {
        "id": "osm-n-5475029028",
        "category": "shop",
        "name": "\u041c\u0438\u043a\u0440\u043e\u043c\u0430\u0440\u043a\u0435\u0442",
        "wheelchair": null,
        "fee": null,
        "opening_hours": "24/7",
        "source": "osm"
      }
    },
    {
      "type": "Feature",
      "geometry": {
        "type": "Point",
        "coordinates": [
          19.8356476,
          45.2528204
        ]
      },
      "properties": {
        "id": "osm-n-5475029030",
        "category": "shop",
        "name": "\u041c\u0438\u043a\u0440\u043e\u043c\u0430\u0440\u043a\u0435\u0442",
        "wheelchair": null,
        "fee": null,
        "opening_hours": "24/7",
        "source": "osm"
      }
    },
    {
      "type": "Feature",
      "geometry": {
        "type": "Point",
        "coordinates": [
          19.8244312,
          45.2891089
        ]
      },
      "properties": {
        "id": "osm-n-5480945923",
        "category": "shop",
        "name": "Mikromarket PJ 52",
        "wheelchair": null,
        "fee": null,
        "opening_hours": "Mo-Su 06:00-22:00",
        "source": "osm"
      }
    },
    {
      "type": "Feature",
      "geometry": {
        "type": "Point",
        "coordinates": [
          19.8194403,
          45.2883944
        ]
      },
      "properties": {
        "id": "osm-n-5480945925",
        "category": "shop",
        "name": "Mikromarket PJ 35",
        "wheelchair": null,
        "fee": null,
        "opening_hours": "Mo-Su 06:00-22:00",
        "source": "osm"
      }
    },
    {
      "type": "Feature",
      "geometry": {
        "type": "Point",
        "coordinates": [
          19.8144684,
          45.260305
        ]
      },
      "properties": {
        "id": "osm-n-5480945926",
        "category": "shop",
        "name": "Mikromarket PJ 59",
        "wheelchair": "limited",
        "fee": null,
        "opening_hours": "24/7",
        "source": "osm"
      }
    },
    {
      "type": "Feature",
      "geometry": {
        "type": "Point",
        "coordinates": [
          19.8434435,
          45.2662077
        ]
      },
      "properties": {
        "id": "osm-n-5480945927",
        "category": "shop",
        "name": "\u041c\u0438\u043a\u0440\u043e\u043c\u0430\u0440\u043a\u0435\u0442",
        "wheelchair": null,
        "fee": null,
        "opening_hours": "24/7",
        "source": "osm"
      }
    },
    {
      "type": "Feature",
      "geometry": {
        "type": "Point",
        "coordinates": [
          19.8125388,
          45.2617851
        ]
      },
      "properties": {
        "id": "osm-n-5480945928",
        "category": "shop",
        "name": "\u041c\u0438\u043a\u0440\u043e\u043c\u0430\u0440\u043a\u0435\u0442 \u041f\u0408 60",
        "wheelchair": null,
        "fee": null,
        "opening_hours": "24/7",
        "source": "osm"
      }
    },
    {
      "type": "Feature",
      "geometry": {
        "type": "Point",
        "coordinates": [
          19.8359485,
          45.2589429
        ]
      },
      "properties": {
        "id": "osm-n-5481020921",
        "category": "shop",
        "name": "\u041c\u0438\u043a\u0440\u043e\u043c\u0430\u0440\u043a\u0435\u0442",
        "wheelchair": null,
        "fee": null,
        "opening_hours": "24/7",
        "source": "osm"
      }
    },
    {
      "type": "Feature",
      "geometry": {
        "type": "Point",
        "coordinates": [
          19.8224616,
          45.2862003
        ]
      },
      "properties": {
        "id": "osm-n-5481021021",
        "category": "shop",
        "name": "Mikromarket PJ53",
        "wheelchair": null,
        "fee": null,
        "opening_hours": "Mo-Su 06:00-22:00",
        "source": "osm"
      }
    },
    {
      "type": "Feature",
      "geometry": {
        "type": "Point",
        "coordinates": [
          19.840556,
          45.2629259
        ]
      },
      "properties": {
        "id": "osm-n-5481299621",
        "category": "shop",
        "name": "\u041c\u0438\u043a\u0440\u043e\u043c\u0430\u0440\u043a\u0435\u0442 \u041f\u0408 64",
        "wheelchair": null,
        "fee": null,
        "opening_hours": "Mo-Su 06:30-22:30",
        "source": "osm"
      }
    },
    {
      "type": "Feature",
      "geometry": {
        "type": "Point",
        "coordinates": [
          19.845166,
          45.2632616
        ]
      },
      "properties": {
        "id": "osm-n-5481299622",
        "category": "shop",
        "name": "Mikromarket PJ 71",
        "wheelchair": null,
        "fee": null,
        "opening_hours": "Mo-Su 06:00-22:00",
        "source": "osm"
      }
    },
    {
      "type": "Feature",
      "geometry": {
        "type": "Point",
        "coordinates": [
          19.8418483,
          45.2507886
        ]
      },
      "properties": {
        "id": "osm-n-5481299623",
        "category": "shop",
        "name": "Mikromarket PJ 77",
        "wheelchair": null,
        "fee": null,
        "opening_hours": "24/7",
        "source": "osm"
      }
    },
    {
      "type": "Feature",
      "geometry": {
        "type": "Point",
        "coordinates": [
          19.8199466,
          45.2611829
        ]
      },
      "properties": {
        "id": "osm-n-5481299624",
        "category": "shop",
        "name": "Mikromarket PJ 75",
        "wheelchair": null,
        "fee": null,
        "opening_hours": "24/7",
        "source": "osm"
      }
    },
    {
      "type": "Feature",
      "geometry": {
        "type": "Point",
        "coordinates": [
          19.8545453,
          45.2577301
        ]
      },
      "properties": {
        "id": "osm-n-5481299721",
        "category": "shop",
        "name": "Mikromarket PJ 65",
        "wheelchair": null,
        "fee": null,
        "opening_hours": "24/7",
        "source": "osm"
      }
    },
    {
      "type": "Feature",
      "geometry": {
        "type": "Point",
        "coordinates": [
          19.8256768,
          45.2590709
        ]
      },
      "properties": {
        "id": "osm-n-5481299722",
        "category": "shop",
        "name": "Mikromarket PJ 68",
        "wheelchair": null,
        "fee": null,
        "opening_hours": "24/7",
        "source": "osm"
      }
    },
    {
      "type": "Feature",
      "geometry": {
        "type": "Point",
        "coordinates": [
          19.811509,
          45.2609537
        ]
      },
      "properties": {
        "id": "osm-n-5482167827",
        "category": "shop",
        "name": "\u041c\u0438\u043a\u0440\u043e\u043c\u0430\u0440\u043a\u0435\u0442 \u041f\u040893",
        "wheelchair": null,
        "fee": null,
        "opening_hours": "Mo-Su 06:00-22:00",
        "source": "osm"
      }
    },
    {
      "type": "Feature",
      "geometry": {
        "type": "Point",
        "coordinates": [
          19.8390914,
          45.260372
        ]
      },
      "properties": {
        "id": "osm-n-5482167828",
        "category": "shop",
        "name": "Mikromarket PJ 94",
        "wheelchair": null,
        "fee": null,
        "opening_hours": "Mo-Su 06:00-22:00",
        "source": "osm"
      }
    },
    {
      "type": "Feature",
      "geometry": {
        "type": "Point",
        "coordinates": [
          19.8456298,
          45.2587838
        ]
      },
      "properties": {
        "id": "osm-n-5482189622",
        "category": "shop",
        "name": "Mikromarket PJ 83",
        "wheelchair": "limited",
        "fee": null,
        "opening_hours": "24/7",
        "source": "osm"
      }
    },
    {
      "type": "Feature",
      "geometry": {
        "type": "Point",
        "coordinates": [
          19.8349584,
          45.2459547
        ]
      },
      "properties": {
        "id": "osm-n-5482189627",
        "category": "shop",
        "name": "Mikromarket PJ 87",
        "wheelchair": "no",
        "fee": null,
        "opening_hours": "24/7",
        "source": "osm"
      }
    },
    {
      "type": "Feature",
      "geometry": {
        "type": "Point",
        "coordinates": [
          19.8060757,
          45.2540551
        ]
      },
      "properties": {
        "id": "osm-n-5482189630",
        "category": "shop",
        "name": "\u041c\u0438\u043a\u0440\u043e\u043c\u0430\u0440\u043a\u0435\u0442",
        "wheelchair": null,
        "fee": null,
        "opening_hours": "24/7",
        "source": "osm"
      }
    },
    {
      "type": "Feature",
      "geometry": {
        "type": "Point",
        "coordinates": [
          19.8484237,
          45.2559292
        ]
      },
      "properties": {
        "id": "osm-n-5482189632",
        "category": "shop",
        "name": "Mikromarket PJ 90",
        "wheelchair": null,
        "fee": null,
        "opening_hours": "24/7",
        "source": "osm"
      }
    },
    {
      "type": "Feature",
      "geometry": {
        "type": "Point",
        "coordinates": [
          19.8069888,
          45.2526398
        ]
      },
      "properties": {
        "id": "osm-n-5482189635",
        "category": "shop",
        "name": "Mikromarket PJ 92",
        "wheelchair": null,
        "fee": null,
        "opening_hours": "Mo-Su 06:00-22:00",
        "source": "osm"
      }
    },
    {
      "type": "Feature",
      "geometry": {
        "type": "Point",
        "coordinates": [
          19.8246102,
          45.2578291
        ]
      },
      "properties": {
        "id": "osm-n-5482204722",
        "category": "shop",
        "name": "Mikromarket PJ 88",
        "wheelchair": null,
        "fee": null,
        "opening_hours": "Mo-Su 07:00-23:00",
        "source": "osm"
      }
    },
    {
      "type": "Feature",
      "geometry": {
        "type": "Point",
        "coordinates": [
          19.8337594,
          45.2483793
        ]
      },
      "properties": {
        "id": "osm-n-5482204723",
        "category": "shop",
        "name": "Mikromarket PJ 91",
        "wheelchair": null,
        "fee": null,
        "opening_hours": "Mo-Su 06:00-22:00",
        "source": "osm"
      }
    },
    {
      "type": "Feature",
      "geometry": {
        "type": "Point",
        "coordinates": [
          19.8332908,
          45.2448324
        ]
      },
      "properties": {
        "id": "osm-n-5482208621",
        "category": "shop",
        "name": "\u041c\u0438\u043a\u0440\u043e\u043c\u0430\u0440\u043a\u0435\u0442",
        "wheelchair": "limited",
        "fee": null,
        "opening_hours": "Mo-Su 06:00-22:00",
        "source": "osm"
      }
    },
    {
      "type": "Feature",
      "geometry": {
        "type": "Point",
        "coordinates": [
          19.8435207,
          45.267022
        ]
      },
      "properties": {
        "id": "osm-n-5501788521",
        "category": "shop",
        "name": "\u041c\u0438\u043a\u0440\u043e\u043c\u0430\u0440\u043a\u0435\u0442",
        "wheelchair": null,
        "fee": null,
        "opening_hours": "Mo-Su 06:00-22:00",
        "source": "osm"
      }
    },
    {
      "type": "Feature",
      "geometry": {
        "type": "Point",
        "coordinates": [
          19.817103,
          45.2637568
        ]
      },
      "properties": {
        "id": "osm-n-5501788522",
        "category": "shop",
        "name": "\u041c\u0438\u043a\u0440\u043e\u043c\u0430\u0440\u043a\u0435\u0442 \u041f\u0408 99",
        "wheelchair": null,
        "fee": null,
        "opening_hours": "Mo-Su 00:00-00:00",
        "source": "osm"
      }
    },
    {
      "type": "Feature",
      "geometry": {
        "type": "Point",
        "coordinates": [
          19.8264061,
          45.2429808
        ]
      },
      "properties": {
        "id": "osm-n-5501788621",
        "category": "shop",
        "name": "Mikromarket PJ 97",
        "wheelchair": null,
        "fee": null,
        "opening_hours": "Mo-Su 06:00-22:00",
        "source": "osm"
      }
    },
    {
      "type": "Feature",
      "geometry": {
        "type": "Point",
        "coordinates": [
          19.8474436,
          45.2499472
        ]
      },
      "properties": {
        "id": "osm-n-5501788622",
        "category": "shop",
        "name": "\u041c\u0438\u043a\u0440\u043e\u043c\u0430\u0440\u043a\u0435\u0442",
        "wheelchair": null,
        "fee": null,
        "opening_hours": "Mo-Su 06:00-22:00",
        "source": "osm"
      }
    },
    {
      "type": "Feature",
      "geometry": {
        "type": "Point",
        "coordinates": [
          19.8268447,
          45.254944
        ]
      },
      "properties": {
        "id": "osm-n-5501788623",
        "category": "shop",
        "name": "\u041c\u0438\u043a\u0440\u043e\u043c\u0430\u0440\u043a\u0435\u0442",
        "wheelchair": null,
        "fee": null,
        "opening_hours": "Mo-Su 06:00-22:00",
        "source": "osm"
      }
    },
    {
      "type": "Feature",
      "geometry": {
        "type": "Point",
        "coordinates": [
          19.8440493,
          45.2643701
        ]
      },
      "properties": {
        "id": "osm-n-5501788721",
        "category": "shop",
        "name": "\u041c\u0438\u043a\u0440\u043e\u043c\u0430\u0440\u043a\u0435\u0442",
        "wheelchair": null,
        "fee": null,
        "opening_hours": "Mo-Su 06:00-24:00",
        "source": "osm"
      }
    },
    {
      "type": "Feature",
      "geometry": {
        "type": "Point",
        "coordinates": [
          19.8220484,
          45.2594697
        ]
      },
      "properties": {
        "id": "osm-n-5501788722",
        "category": "shop",
        "name": "Mikrmarket PJ 101",
        "wheelchair": null,
        "fee": null,
        "opening_hours": "Mo-Su 07:00-22:00",
        "source": "osm"
      }
    },
    {
      "type": "Feature",
      "geometry": {
        "type": "Point",
        "coordinates": [
          19.8398737,
          45.2498391
        ]
      },
      "properties": {
        "id": "osm-n-5620213122",
        "category": "cafe",
        "name": "Nargila",
        "wheelchair": null,
        "fee": null,
        "opening_hours": "Mo-Th 07:30-23:00; Fr-Sa 07:30-01:00; Su 09:00-23:00",
        "source": "osm"
      }
    },
    {
      "type": "Feature",
      "geometry": {
        "type": "Point",
        "coordinates": [
          19.8395378,
          45.2583382
        ]
      },
      "properties": {
        "id": "osm-n-5773564303",
        "category": "cafe",
        "name": "Vertigo",
        "wheelchair": null,
        "fee": null,
        "opening_hours": null,
        "source": "osm"
      }
    },
    {
      "type": "Feature",
      "geometry": {
        "type": "Point",
        "coordinates": [
          19.8831712,
          45.2414734
        ]
      },
      "properties": {
        "id": "osm-n-5784683154",
        "category": "water",
        "name": "Water",
        "wheelchair": null,
        "fee": null,
        "opening_hours": null,
        "source": "osm"
      }
    },
    {
      "type": "Feature",
      "geometry": {
        "type": "Point",
        "coordinates": [
          19.8555835,
          45.2537705
        ]
      },
      "properties": {
        "id": "osm-n-5858636287",
        "category": "toilet",
        "name": "Toilet",
        "wheelchair": null,
        "fee": "no",
        "opening_hours": null,
        "source": "osm"
      }
    },
    {
      "type": "Feature",
      "geometry": {
        "type": "Point",
        "coordinates": [
          19.8311656,
          45.2549108
        ]
      },
      "properties": {
        "id": "osm-n-5975882986",
        "category": "cafe",
        "name": "Skver",
        "wheelchair": null,
        "fee": null,
        "opening_hours": "Mo-Fr 07:00-23:00, Sa 08:00-24:00, Su 08:00-23:00",
        "source": "osm"
      }
    },
    {
      "type": "Feature",
      "geometry": {
        "type": "Point",
        "coordinates": [
          19.8410454,
          45.2495376
        ]
      },
      "properties": {
        "id": "osm-n-5988784031",
        "category": "shop",
        "name": "\u0410\u0440\u043e\u043c\u0430",
        "wheelchair": "yes",
        "fee": null,
        "opening_hours": "Mo-Su 07:00-23:00",
        "source": "osm"
      }
    },
    {
      "type": "Feature",
      "geometry": {
        "type": "Point",
        "coordinates": [
          19.8082157,
          45.2488044
        ]
      },
      "properties": {
        "id": "osm-n-6113621186",
        "category": "hospital",
        "name": "SH Fresenius Medical Care",
        "wheelchair": null,
        "fee": null,
        "opening_hours": null,
        "source": "osm"
      }
    },
    {
      "type": "Feature",
      "geometry": {
        "type": "Point",
        "coordinates": [
          19.8468857,
          45.2567547
        ]
      },
      "properties": {
        "id": "osm-n-6159530186",
        "category": "cafe",
        "name": "Bodegica",
        "wheelchair": null,
        "fee": null,
        "opening_hours": "Mo-Sa 08:00-14:00; Su off",
        "source": "osm"
      }
    },
    {
      "type": "Feature",
      "geometry": {
        "type": "Point",
        "coordinates": [
          19.8482625,
          45.2478981
        ]
      },
      "properties": {
        "id": "osm-n-6223621086",
        "category": "cafe",
        "name": "\u041a\u0430\u0444\u0435\u0442\u0435\u0440\u0438\u0458\u0430",
        "wheelchair": null,
        "fee": null,
        "opening_hours": null,
        "source": "osm"
      }
    },
    {
      "type": "Feature",
      "geometry": {
        "type": "Point",
        "coordinates": [
          19.8330422,
          45.2369845
        ]
      },
      "properties": {
        "id": "osm-n-6432316889",
        "category": "clinic",
        "name": "\u0414\u043e\u043c \u0437\u0434\u0440\u0430\u0432\u0459\u0430 \u041c\u0435\u0434\u0438\u0433\u0440\u0443\u043f \u0434\u0440 \u0426\u0432\u0458\u0435\u0442\u043a\u043e\u0432\u0438\u045b",
        "wheelchair": null,
        "fee": null,
        "opening_hours": null,
        "source": "osm"
      }
    },
    {
      "type": "Feature",
      "geometry": {
        "type": "Point",
        "coordinates": [
          19.8247734,
          45.2455215
        ]
      },
      "properties": {
        "id": "osm-n-6432316890",
        "category": "clinic",
        "name": "Medigroup",
        "wheelchair": "yes",
        "fee": null,
        "opening_hours": null,
        "source": "osm"
      }
    },
    {
      "type": "Feature",
      "geometry": {
        "type": "Point",
        "coordinates": [
          19.8430674,
          45.2600473
        ]
      },
      "properties": {
        "id": "osm-n-6510559278",
        "category": "cafe",
        "name": "Coffee Corner",
        "wheelchair": "no",
        "fee": null,
        "opening_hours": "Mo-Sa 10:00-17:00",
        "source": "osm"
      }
    },
    {
      "type": "Feature",
      "geometry": {
        "type": "Point",
        "coordinates": [
          19.8290457,
          45.2653197
        ]
      },
      "properties": {
        "id": "osm-n-6510600620",
        "category": "toilet",
        "name": "Toilet",
        "wheelchair": "yes",
        "fee": "yes",
        "opening_hours": null,
        "source": "osm"
      }
    },
    {
      "type": "Feature",
      "geometry": {
        "type": "Point",
        "coordinates": [
          19.8255034,
          45.2417391
        ]
      },
      "properties": {
        "id": "osm-n-6548361985",
        "category": "shop",
        "name": "\u041c\u0438\u043a\u0440\u043e\u043c\u0430\u0440\u043a\u0435\u0442",
        "wheelchair": null,
        "fee": null,
        "opening_hours": null,
        "source": "osm"
      }
    },
    {
      "type": "Feature",
      "geometry": {
        "type": "Point",
        "coordinates": [
          19.8348039,
          45.2478519
        ]
      },
      "properties": {
        "id": "osm-n-6548361986",
        "category": "shop",
        "name": "\u041c\u0438\u043a\u0440\u043e\u043c\u0430\u0440\u043a\u0435\u0442",
        "wheelchair": "no",
        "fee": null,
        "opening_hours": "24/7",
        "source": "osm"
      }
    },
    {
      "type": "Feature",
      "geometry": {
        "type": "Point",
        "coordinates": [
          19.8158749,
          45.2541948
        ]
      },
      "properties": {
        "id": "osm-n-6548442285",
        "category": "shop",
        "name": "Shop",
        "wheelchair": null,
        "fee": null,
        "opening_hours": null,
        "source": "osm"
      }
    },
    {
      "type": "Feature",
      "geometry": {
        "type": "Point",
        "coordinates": [
          19.8414505,
          45.2483214
        ]
      },
      "properties": {
        "id": "osm-n-6591720885",
        "category": "cafe",
        "name": "BaBaLu",
        "wheelchair": null,
        "fee": null,
        "opening_hours": null,
        "source": "osm"
      }
    },
    {
      "type": "Feature",
      "geometry": {
        "type": "Point",
        "coordinates": [
          19.8175758,
          45.2641214
        ]
      },
      "properties": {
        "id": "osm-n-6627289231",
        "category": "cafe",
        "name": "Vida",
        "wheelchair": null,
        "fee": null,
        "opening_hours": "Mo-Fr 07:00-23:00; Sa,Su 08:00-23:00",
        "source": "osm"
      }
    },
    {
      "type": "Feature",
      "geometry": {
        "type": "Point",
        "coordinates": [
          19.8516982,
          45.2464682
        ]
      },
      "properties": {
        "id": "osm-n-6634240558",
        "category": "aed",
        "name": "Aed",
        "wheelchair": null,
        "fee": null,
        "opening_hours": null,
        "source": "osm"
      }
    },
    {
      "type": "Feature",
      "geometry": {
        "type": "Point",
        "coordinates": [
          19.8616288,
          45.2518793
        ]
      },
      "properties": {
        "id": "osm-n-6708114129",
        "category": "cafe",
        "name": "Leopold 1",
        "wheelchair": null,
        "fee": null,
        "opening_hours": null,
        "source": "osm"
      }
    },
    {
      "type": "Feature",
      "geometry": {
        "type": "Point",
        "coordinates": [
          19.8388146,
          45.2669448
        ]
      },
      "properties": {
        "id": "osm-n-6716717585",
        "category": "shop",
        "name": "Shop",
        "wheelchair": null,
        "fee": null,
        "opening_hours": null,
        "source": "osm"
      }
    },
    {
      "type": "Feature",
      "geometry": {
        "type": "Point",
        "coordinates": [
          19.8360456,
          45.2614741
        ]
      },
      "properties": {
        "id": "osm-n-6716717589",
        "category": "shop",
        "name": "Sala\u0161 138",
        "wheelchair": null,
        "fee": null,
        "opening_hours": null,
        "source": "osm"
      }
    },
    {
      "type": "Feature",
      "geometry": {
        "type": "Point",
        "coordinates": [
          19.8319691,
          45.2645671
        ]
      },
      "properties": {
        "id": "osm-n-6716717590",
        "category": "shop",
        "name": "\u041c\u0438\u043a\u0440\u043e\u043c\u0430\u0440\u043a\u0435\u0442",
        "wheelchair": null,
        "fee": null,
        "opening_hours": null,
        "source": "osm"
      }
    },
    {
      "type": "Feature",
      "geometry": {
        "type": "Point",
        "coordinates": [
          19.8362586,
          45.2717572
        ]
      },
      "properties": {
        "id": "osm-n-6716717885",
        "category": "shop",
        "name": "Shop",
        "wheelchair": null,
        "fee": null,
        "opening_hours": null,
        "source": "osm"
      }
    },
    {
      "type": "Feature",
      "geometry": {
        "type": "Point",
        "coordinates": [
          19.8471049,
          45.2642413
        ]
      },
      "properties": {
        "id": "osm-n-6741884944",
        "category": "shop",
        "name": "Shop&Go",
        "wheelchair": null,
        "fee": null,
        "opening_hours": null,
        "source": "osm"
      }
    },
    {
      "type": "Feature",
      "geometry": {
        "type": "Point",
        "coordinates": [
          19.8480595,
          45.2501536
        ]
      },
      "properties": {
        "id": "osm-n-6847500585",
        "category": "shop",
        "name": "\u041c\u0438\u043a\u0440\u043e\u043c\u0430\u0440\u043a\u0435\u0442",
        "wheelchair": null,
        "fee": null,
        "opening_hours": "24/7",
        "source": "osm"
      }
    },
    {
      "type": "Feature",
      "geometry": {
        "type": "Point",
        "coordinates": [
          19.8354721,
          45.2436418
        ]
      },
      "properties": {
        "id": "osm-n-6855577185",
        "category": "cafe",
        "name": "\u0412\u0435\u043b\u0432\u0435\u0442",
        "wheelchair": null,
        "fee": null,
        "opening_hours": null,
        "source": "osm"
      }
    },
    {
      "type": "Feature",
      "geometry": {
        "type": "Point",
        "coordinates": [
          19.8551652,
          45.2598807
        ]
      },
      "properties": {
        "id": "osm-n-6874334847",
        "category": "shop",
        "name": "Shop&Go",
        "wheelchair": null,
        "fee": null,
        "opening_hours": "Mo-Sa 07:30-21:00; Su 08:00-15:00",
        "source": "osm"
      }
    },
    {
      "type": "Feature",
      "geometry": {
        "type": "Point",
        "coordinates": [
          19.8296669,
          45.2412776
        ]
      },
      "properties": {
        "id": "osm-n-7288709887",
        "category": "cafe",
        "name": "Van Gogh",
        "wheelchair": null,
        "fee": null,
        "opening_hours": null,
        "source": "osm"
      }
    },
    {
      "type": "Feature",
      "geometry": {
        "type": "Point",
        "coordinates": [
          19.8373889,
          45.2398856
        ]
      },
      "properties": {
        "id": "osm-n-7594987286",
        "category": "cafe",
        "name": "Organic Factory Love",
        "wheelchair": null,
        "fee": null,
        "opening_hours": "Mo-Fr 07:00-14:00; Sa 07:00-12:00",
        "source": "osm"
      }
    },
    {
      "type": "Feature",
      "geometry": {
        "type": "Point",
        "coordinates": [
          19.8473299,
          45.2418703
        ]
      },
      "properties": {
        "id": "osm-n-7860659706",
        "category": "cafe",
        "name": "\u0427\u0430\u0440\u043e\u043b\u0438\u0458\u0430 \u043a\u0430\u0444\u0435",
        "wheelchair": null,
        "fee": null,
        "opening_hours": "Mo-Su 07:00-23:00",
        "source": "osm"
      }
    },
    {
      "type": "Feature",
      "geometry": {
        "type": "Point",
        "coordinates": [
          19.8475767,
          45.2399698
        ]
      },
      "properties": {
        "id": "osm-n-7860659712",
        "category": "cafe",
        "name": "Loft Biciklana",
        "wheelchair": null,
        "fee": null,
        "opening_hours": "Mo-Su 10:00-22:00",
        "source": "osm"
      }
    },
    {
      "type": "Feature",
      "geometry": {
        "type": "Point",
        "coordinates": [
          19.8492107,
          45.2555927
        ]
      },
      "properties": {
        "id": "osm-n-8222986289",
        "category": "cafe",
        "name": "Opera Music Caffe",
        "wheelchair": "limited",
        "fee": null,
        "opening_hours": "Mo-Th 07:00-00:00; Fr-Sa 07:00-00:00; Su 07:00-00:00",
        "source": "osm"
      }
    },
    {
      "type": "Feature",
      "geometry": {
        "type": "Point",
        "coordinates": [
          19.850435,
          45.2592249
        ]
      },
      "properties": {
        "id": "osm-n-8223260272",
        "category": "cafe",
        "name": "Crna Dama",
        "wheelchair": null,
        "fee": null,
        "opening_hours": "Mo-Th 07:00-00:00; Fr 07:00-01:00; Sa 15:00-01:00; Su 16:00-01:00",
        "source": "osm"
      }
    },
    {
      "type": "Feature",
      "geometry": {
        "type": "Point",
        "coordinates": [
          19.8182515,
          45.2448393
        ]
      },
      "properties": {
        "id": "osm-n-8228234569",
        "category": "cafe",
        "name": "Na\u0161e Mesto",
        "wheelchair": null,
        "fee": null,
        "opening_hours": "Mo-Th 07:00-23:00; Fr-Sa 07:00-01:00; Su 08:00-23:00",
        "source": "osm"
      }
    },
    {
      "type": "Feature",
      "geometry": {
        "type": "Point",
        "coordinates": [
          19.8410085,
          45.2430753
        ]
      },
      "properties": {
        "id": "osm-n-8228565597",
        "category": "charging",
        "name": "Charging",
        "wheelchair": null,
        "fee": null,
        "opening_hours": null,
        "source": "osm"
      }
    },
    {
      "type": "Feature",
      "geometry": {
        "type": "Point",
        "coordinates": [
          19.8345511,
          45.2554352
        ]
      },
      "properties": {
        "id": "osm-n-8229047717",
        "category": "cafe",
        "name": "Club Cafe Karma",
        "wheelchair": null,
        "fee": null,
        "opening_hours": "Su-Th 07:00-23:00; Fr-Sa 07:00-01:00",
        "source": "osm"
      }
    },
    {
      "type": "Feature",
      "geometry": {
        "type": "Point",
        "coordinates": [
          19.8354547,
          45.2618171
        ]
      },
      "properties": {
        "id": "osm-n-8229047721",
        "category": "cafe",
        "name": "Mlin",
        "wheelchair": null,
        "fee": null,
        "opening_hours": "Mo-Sa 07:00-23:00; Su 08:00-23:00",
        "source": "osm"
      }
    },
    {
      "type": "Feature",
      "geometry": {
        "type": "Point",
        "coordinates": [
          19.844874,
          45.2567266
        ]
      },
      "properties": {
        "id": "osm-n-8229462489",
        "category": "clinic",
        "name": "\u041f\u043e\u0440\u043e\u0434\u0438\u0447\u043d\u0438 \u043b\u0435\u043a\u0430\u0440 \u0421\u043b\u0430\u0432\u0438\u0446\u0430",
        "wheelchair": null,
        "fee": null,
        "opening_hours": "Mo-Fr 08:00-18:00; Sa 08:00-12:00",
        "source": "osm"
      }
    },
    {
      "type": "Feature",
      "geometry": {
        "type": "Point",
        "coordinates": [
          19.84894,
          45.2467464
        ]
      },
      "properties": {
        "id": "osm-n-8229462498",
        "category": "shop",
        "name": "Market SC",
        "wheelchair": null,
        "fee": null,
        "opening_hours": null,
        "source": "osm"
      }
    },
    {
      "type": "Feature",
      "geometry": {
        "type": "Point",
        "coordinates": [
          19.8486811,
          45.2486472
        ]
      },
      "properties": {
        "id": "osm-n-8256061732",
        "category": "shop",
        "name": "Shop&Go",
        "wheelchair": "limited",
        "fee": null,
        "opening_hours": "Mo-Sa 07:30-21:00",
        "source": "osm"
      }
    },
    {
      "type": "Feature",
      "geometry": {
        "type": "Point",
        "coordinates": [
          19.8479631,
          45.2439274
        ]
      },
      "properties": {
        "id": "osm-n-8461358555",
        "category": "cafe",
        "name": "Ba\u0161ta",
        "wheelchair": null,
        "fee": null,
        "opening_hours": "Mo-Su 08:00-23:00",
        "source": "osm"
      }
    },
    {
      "type": "Feature",
      "geometry": {
        "type": "Point",
        "coordinates": [
          19.8721873,
          45.2442308
        ]
      },
      "properties": {
        "id": "osm-n-8594855596",
        "category": "water",
        "name": "Water",
        "wheelchair": null,
        "fee": null,
        "opening_hours": null,
        "source": "osm"
      }
    },
    {
      "type": "Feature",
      "geometry": {
        "type": "Point",
        "coordinates": [
          19.8430161,
          45.2457124
        ]
      },
      "properties": {
        "id": "osm-n-8821069016",
        "category": "charging",
        "name": "Charge&GO - TC Promenada Novi Sad",
        "wheelchair": "yes",
        "fee": "yes",
        "opening_hours": "24/7",
        "source": "osm"
      }
    },
    {
      "type": "Feature",
      "geometry": {
        "type": "Point",
        "coordinates": [
          19.846423,
          45.2573013
        ]
      },
      "properties": {
        "id": "osm-n-9212860620",
        "category": "cafe",
        "name": "DV",
        "wheelchair": null,
        "fee": null,
        "opening_hours": "Mo-Th 09:00-23:00, Fr-Su 09:00-01:00",
        "source": "osm"
      }
    },
    {
      "type": "Feature",
      "geometry": {
        "type": "Point",
        "coordinates": [
          19.8438392,
          45.2441715
        ]
      },
      "properties": {
        "id": "osm-n-9599228553",
        "category": "cafe",
        "name": "Cafe",
        "wheelchair": null,
        "fee": null,
        "opening_hours": null,
        "source": "osm"
      }
    },
    {
      "type": "Feature",
      "geometry": {
        "type": "Point",
        "coordinates": [
          19.8378467,
          45.2550905
        ]
      },
      "properties": {
        "id": "osm-n-9705267709",
        "category": "cafe",
        "name": "Akademija",
        "wheelchair": null,
        "fee": null,
        "opening_hours": null,
        "source": "osm"
      }
    },
    {
      "type": "Feature",
      "geometry": {
        "type": "Point",
        "coordinates": [
          19.8227641,
          45.2501124
        ]
      },
      "properties": {
        "id": "osm-n-9795398807",
        "category": "clinic",
        "name": "\u041a\u043b\u0438\u043d\u0438\u043a\u0430 \u0437\u0430 \u0432\u0430\u0441\u043a\u0443\u043b\u0430\u0440\u043d\u0443 \u0445\u0438\u0440\u0443\u0440\u0433\u0438\u0458\u0443",
        "wheelchair": null,
        "fee": null,
        "opening_hours": null,
        "source": "osm"
      }
    },
    {
      "type": "Feature",
      "geometry": {
        "type": "Point",
        "coordinates": [
          19.8303613,
          45.2604194
        ]
      },
      "properties": {
        "id": "osm-n-9902350021",
        "category": "cafe",
        "name": "Block 32",
        "wheelchair": null,
        "fee": null,
        "opening_hours": "Mo-Su 07:00-21:00",
        "source": "osm"
      }
    },
    {
      "type": "Feature",
      "geometry": {
        "type": "Point",
        "coordinates": [
          19.830481,
          45.2720775
        ]
      },
      "properties": {
        "id": "osm-n-9933850298",
        "category": "shop",
        "name": "DriveCafe",
        "wheelchair": null,
        "fee": null,
        "opening_hours": null,
        "source": "osm"
      }
    },
    {
      "type": "Feature",
      "geometry": {
        "type": "Point",
        "coordinates": [
          19.8305313,
          45.2720813
        ]
      },
      "properties": {
        "id": "osm-n-9933850302",
        "category": "cafe",
        "name": "DriveCafe",
        "wheelchair": null,
        "fee": null,
        "opening_hours": null,
        "source": "osm"
      }
    },
    {
      "type": "Feature",
      "geometry": {
        "type": "Point",
        "coordinates": [
          19.8310655,
          45.2723149
        ]
      },
      "properties": {
        "id": "osm-n-9933877346",
        "category": "shop",
        "name": "DriveCafe",
        "wheelchair": null,
        "fee": null,
        "opening_hours": null,
        "source": "osm"
      }
    },
    {
      "type": "Feature",
      "geometry": {
        "type": "Point",
        "coordinates": [
          19.8310474,
          45.2723296
        ]
      },
      "properties": {
        "id": "osm-n-9933877349",
        "category": "cafe",
        "name": "DriveCafe",
        "wheelchair": null,
        "fee": null,
        "opening_hours": null,
        "source": "osm"
      }
    },
    {
      "type": "Feature",
      "geometry": {
        "type": "Point",
        "coordinates": [
          19.8113774,
          45.2688409
        ]
      },
      "properties": {
        "id": "osm-n-9933900229",
        "category": "shop",
        "name": "DriveCafe",
        "wheelchair": null,
        "fee": null,
        "opening_hours": null,
        "source": "osm"
      }
    },
    {
      "type": "Feature",
      "geometry": {
        "type": "Point",
        "coordinates": [
          19.838489,
          45.2398738
        ]
      },
      "properties": {
        "id": "osm-n-9948379872",
        "category": "water",
        "name": "Water",
        "wheelchair": "yes",
        "fee": null,
        "opening_hours": null,
        "source": "osm"
      }
    },
    {
      "type": "Feature",
      "geometry": {
        "type": "Point",
        "coordinates": [
          19.8033992,
          45.2555959
        ]
      },
      "properties": {
        "id": "osm-n-9949947117",
        "category": "cafe",
        "name": "Cafe",
        "wheelchair": null,
        "fee": null,
        "opening_hours": null,
        "source": "osm"
      }
    },
    {
      "type": "Feature",
      "geometry": {
        "type": "Point",
        "coordinates": [
          19.8326529,
          45.2489827
        ]
      },
      "properties": {
        "id": "osm-n-9979725335",
        "category": "shop",
        "name": "DriveCafe",
        "wheelchair": null,
        "fee": null,
        "opening_hours": null,
        "source": "osm"
      }
    },
    {
      "type": "Feature",
      "geometry": {
        "type": "Point",
        "coordinates": [
          19.8248226,
          45.2690999
        ]
      },
      "properties": {
        "id": "osm-n-10011374974",
        "category": "cafe",
        "name": "Viva",
        "wheelchair": null,
        "fee": null,
        "opening_hours": null,
        "source": "osm"
      }
    },
    {
      "type": "Feature",
      "geometry": {
        "type": "Point",
        "coordinates": [
          19.8248116,
          45.2691409
        ]
      },
      "properties": {
        "id": "osm-n-10011374976",
        "category": "shop",
        "name": "Viva",
        "wheelchair": null,
        "fee": null,
        "opening_hours": null,
        "source": "osm"
      }
    },
    {
      "type": "Feature",
      "geometry": {
        "type": "Point",
        "coordinates": [
          19.8065327,
          45.2592797
        ]
      },
      "properties": {
        "id": "osm-n-10011393534",
        "category": "cafe",
        "name": "Viva cafe",
        "wheelchair": null,
        "fee": null,
        "opening_hours": null,
        "source": "osm"
      }
    },
    {
      "type": "Feature",
      "geometry": {
        "type": "Point",
        "coordinates": [
          19.8065111,
          45.2593116
        ]
      },
      "properties": {
        "id": "osm-n-10011393535",
        "category": "shop",
        "name": "Viva",
        "wheelchair": null,
        "fee": null,
        "opening_hours": null,
        "source": "osm"
      }
    },
    {
      "type": "Feature",
      "geometry": {
        "type": "Point",
        "coordinates": [
          19.8134584,
          45.2482084
        ]
      },
      "properties": {
        "id": "osm-n-10029622155",
        "category": "shop",
        "name": "Fresh Corner",
        "wheelchair": null,
        "fee": null,
        "opening_hours": null,
        "source": "osm"
      }
    },
    {
      "type": "Feature",
      "geometry": {
        "type": "Point",
        "coordinates": [
          19.8477973,
          45.2678997
        ]
      },
      "properties": {
        "id": "osm-n-10047084667",
        "category": "shop",
        "name": "Fresh Corner",
        "wheelchair": null,
        "fee": null,
        "opening_hours": null,
        "source": "osm"
      }
    },
    {
      "type": "Feature",
      "geometry": {
        "type": "Point",
        "coordinates": [
          19.8189421,
          45.257952
        ]
      },
      "properties": {
        "id": "osm-n-10047097866",
        "category": "shop",
        "name": "Fresh Corner",
        "wheelchair": null,
        "fee": null,
        "opening_hours": null,
        "source": "osm"
      }
    },
    {
      "type": "Feature",
      "geometry": {
        "type": "Point",
        "coordinates": [
          19.8504804,
          45.2572295
        ]
      },
      "properties": {
        "id": "osm-n-10048188222",
        "category": "parking",
        "name": "Parking",
        "wheelchair": null,
        "fee": null,
        "opening_hours": null,
        "source": "osm"
      }
    },
    {
      "type": "Feature",
      "geometry": {
        "type": "Point",
        "coordinates": [
          19.841303,
          45.255871
        ]
      },
      "properties": {
        "id": "osm-n-10060633519",
        "category": "shop",
        "name": "Shop",
        "wheelchair": null,
        "fee": null,
        "opening_hours": null,
        "source": "osm"
      }
    },
    {
      "type": "Feature",
      "geometry": {
        "type": "Point",
        "coordinates": [
          19.8443006,
          45.2551361
        ]
      },
      "properties": {
        "id": "osm-n-10068661668",
        "category": "info",
        "name": "Novi Sad Tourist Info Center",
        "wheelchair": "limited",
        "fee": null,
        "opening_hours": "Mo-Fr 08:00-19:00; Sa 09:00-17:00",
        "source": "osm"
      }
    },
    {
      "type": "Feature",
      "geometry": {
        "type": "Point",
        "coordinates": [
          19.8426561,
          45.2569986
        ]
      },
      "properties": {
        "id": "osm-n-10068691027",
        "category": "cafe",
        "name": "Zenit",
        "wheelchair": "no",
        "fee": null,
        "opening_hours": "Mo-Sa 09:00-22:00; Su 11:00-18:00",
        "source": "osm"
      }
    },
    {
      "type": "Feature",
      "geometry": {
        "type": "Point",
        "coordinates": [
          19.8439917,
          45.2547414
        ]
      },
      "properties": {
        "id": "osm-n-10068693718",
        "category": "shop",
        "name": "Shop&Go",
        "wheelchair": "no",
        "fee": null,
        "opening_hours": null,
        "source": "osm"
      }
    },
    {
      "type": "Feature",
      "geometry": {
        "type": "Point",
        "coordinates": [
          19.8355284,
          45.257046
        ]
      },
      "properties": {
        "id": "osm-n-10093197807",
        "category": "cafe",
        "name": "\u041a\u0430\u0444\u0430 & \u041a\u0430\u0444\u0430",
        "wheelchair": null,
        "fee": null,
        "opening_hours": "Mo-Fr 07:00-23:00, Sa-Su 08:00-23:00",
        "source": "osm"
      }
    },
    {
      "type": "Feature",
      "geometry": {
        "type": "Point",
        "coordinates": [
          19.8404454,
          45.2535287
        ]
      },
      "properties": {
        "id": "osm-n-10103019116",
        "category": "cafe",
        "name": "Drago Mi Je",
        "wheelchair": "no",
        "fee": null,
        "opening_hours": "Mo-Fr 09:00-20:00; Sa-Su 11:00-19:00",
        "source": "osm"
      }
    },
    {
      "type": "Feature",
      "geometry": {
        "type": "Point",
        "coordinates": [
          19.8554101,
          45.2515052
        ]
      },
      "properties": {
        "id": "osm-n-10104379562",
        "category": "cafe",
        "name": "BF Pub",
        "wheelchair": null,
        "fee": null,
        "opening_hours": null,
        "source": "osm"
      }
    },
    {
      "type": "Feature",
      "geometry": {
        "type": "Point",
        "coordinates": [
          19.8332391,
          45.2580001
        ]
      },
      "properties": {
        "id": "osm-n-10156792271",
        "category": "shop",
        "name": "Lucar Zdrava Hrana",
        "wheelchair": null,
        "fee": null,
        "opening_hours": null,
        "source": "osm"
      }
    },
    {
      "type": "Feature",
      "geometry": {
        "type": "Point",
        "coordinates": [
          19.8309958,
          45.2832563
        ]
      },
      "properties": {
        "id": "osm-n-10176634318",
        "category": "cafe",
        "name": "Trampoline park Amplituda",
        "wheelchair": null,
        "fee": null,
        "opening_hours": "Su-Th 14:30-21:00; Fr-Sa 09:30-21:00",
        "source": "osm"
      }
    },
    {
      "type": "Feature",
      "geometry": {
        "type": "Point",
        "coordinates": [
          19.8498379,
          45.2483684
        ]
      },
      "properties": {
        "id": "osm-n-10231726792",
        "category": "cafe",
        "name": "Casper",
        "wheelchair": null,
        "fee": null,
        "opening_hours": null,
        "source": "osm"
      }
    },
    {
      "type": "Feature",
      "geometry": {
        "type": "Point",
        "coordinates": [
          19.84243,
          45.2709325
        ]
      },
      "properties": {
        "id": "osm-n-10270201117",
        "category": "fuel",
        "name": "Shell",
        "wheelchair": null,
        "fee": null,
        "opening_hours": "24/7",
        "source": "osm"
      }
    },
    {
      "type": "Feature",
      "geometry": {
        "type": "Point",
        "coordinates": [
          19.831817,
          45.2549826
        ]
      },
      "properties": {
        "id": "osm-n-10297368509",
        "category": "shop",
        "name": "\u041c\u0438\u043a\u0440\u043e\u043c\u0430\u0440\u043a\u0435\u0442",
        "wheelchair": null,
        "fee": null,
        "opening_hours": "Mo-Sa 00:00-23:59",
        "source": "osm"
      }
    },
    {
      "type": "Feature",
      "geometry": {
        "type": "Point",
        "coordinates": [
          19.8502104,
          45.2551041
        ]
      },
      "properties": {
        "id": "osm-n-10547857377",
        "category": "toilet",
        "name": "Toilet",
        "wheelchair": "no",
        "fee": "yes",
        "opening_hours": "Mo-Su 08:00-20:00",
        "source": "osm"
      }
    },
    {
      "type": "Feature",
      "geometry": {
        "type": "Point",
        "coordinates": [
          19.8506117,
          45.259676
        ]
      },
      "properties": {
        "id": "osm-n-10557138011",
        "category": "shop",
        "name": "\u0410\u043c\u0430\u043d",
        "wheelchair": "yes",
        "fee": null,
        "opening_hours": "Mo-Su 07:00-22:00",
        "source": "osm"
      }
    },
    {
      "type": "Feature",
      "geometry": {
        "type": "Point",
        "coordinates": [
          19.829371,
          45.2611127
        ]
      },
      "properties": {
        "id": "osm-n-10680265889",
        "category": "shop",
        "name": "Univerexport",
        "wheelchair": null,
        "fee": null,
        "opening_hours": "Mo-Sa 07:20-20:40; Su 07:20-14:00",
        "source": "osm"
      }
    },
    {
      "type": "Feature",
      "geometry": {
        "type": "Point",
        "coordinates": [
          19.8342932,
          45.25938
        ]
      },
      "properties": {
        "id": "osm-n-10680334108",
        "category": "shop",
        "name": "Univerexport",
        "wheelchair": null,
        "fee": null,
        "opening_hours": "Mo-Sa 07:00-21:00; Su 07:00-14:00",
        "source": "osm"
      }
    },
    {
      "type": "Feature",
      "geometry": {
        "type": "Point",
        "coordinates": [
          19.8370665,
          45.2490872
        ]
      },
      "properties": {
        "id": "osm-n-10700161788",
        "category": "shop",
        "name": "IDEA",
        "wheelchair": "limited",
        "fee": null,
        "opening_hours": "Mo-Su 07:00-22:00",
        "source": "osm"
      }
    },
    {
      "type": "Feature",
      "geometry": {
        "type": "Point",
        "coordinates": [
          19.816874,
          45.2473272
        ]
      },
      "properties": {
        "id": "osm-n-10728332370",
        "category": "shop",
        "name": "IDEA",
        "wheelchair": null,
        "fee": null,
        "opening_hours": "Mo-Su 07:00-21:00",
        "source": "osm"
      }
    },
    {
      "type": "Feature",
      "geometry": {
        "type": "Point",
        "coordinates": [
          19.8253855,
          45.256811
        ]
      },
      "properties": {
        "id": "osm-n-10741910105",
        "category": "cafe",
        "name": "Bajka",
        "wheelchair": null,
        "fee": null,
        "opening_hours": "Mo-Su 07:30-23:00",
        "source": "osm"
      }
    },
    {
      "type": "Feature",
      "geometry": {
        "type": "Point",
        "coordinates": [
          19.8173282,
          45.2635636
        ]
      },
      "properties": {
        "id": "osm-n-10839421008",
        "category": "shop",
        "name": "Zdrava hrana",
        "wheelchair": null,
        "fee": null,
        "opening_hours": "Mo-Fr 07:30-21:00; Sa 08:00-20:00",
        "source": "osm"
      }
    },
    {
      "type": "Feature",
      "geometry": {
        "type": "Point",
        "coordinates": [
          19.8245627,
          45.2581852
        ]
      },
      "properties": {
        "id": "osm-n-10858001305",
        "category": "cafe",
        "name": "4 Lista",
        "wheelchair": null,
        "fee": null,
        "opening_hours": null,
        "source": "osm"
      }
    },
    {
      "type": "Feature",
      "geometry": {
        "type": "Point",
        "coordinates": [
          19.8273386,
          45.2592738
        ]
      },
      "properties": {
        "id": "osm-n-10858010008",
        "category": "shop",
        "name": "IDEA",
        "wheelchair": null,
        "fee": null,
        "opening_hours": "07:00-22:00",
        "source": "osm"
      }
    },
    {
      "type": "Feature",
      "geometry": {
        "type": "Point",
        "coordinates": [
          19.844601,
          45.234984
        ]
      },
      "properties": {
        "id": "osm-n-10864871320",
        "category": "cafe",
        "name": "\u0428\u043f\u0438\u0446",
        "wheelchair": null,
        "fee": null,
        "opening_hours": null,
        "source": "osm"
      }
    },
    {
      "type": "Feature",
      "geometry": {
        "type": "Point",
        "coordinates": [
          19.847988,
          45.2370084
        ]
      },
      "properties": {
        "id": "osm-n-10876815624",
        "category": "toilet",
        "name": "Toilet",
        "wheelchair": null,
        "fee": "no",
        "opening_hours": null,
        "source": "osm"
      }
    },
    {
      "type": "Feature",
      "geometry": {
        "type": "Point",
        "coordinates": [
          19.820585,
          45.2605904
        ]
      },
      "properties": {
        "id": "osm-n-10880955606",
        "category": "cafe",
        "name": "Vanilla",
        "wheelchair": null,
        "fee": null,
        "opening_hours": null,
        "source": "osm"
      }
    },
    {
      "type": "Feature",
      "geometry": {
        "type": "Point",
        "coordinates": [
          19.850266,
          45.2639374
        ]
      },
      "properties": {
        "id": "osm-n-10908390759",
        "category": "shop",
        "name": "Gomex",
        "wheelchair": null,
        "fee": null,
        "opening_hours": null,
        "source": "osm"
      }
    },
    {
      "type": "Feature",
      "geometry": {
        "type": "Point",
        "coordinates": [
          19.8436508,
          45.2548543
        ]
      },
      "properties": {
        "id": "osm-n-10915453522",
        "category": "water",
        "name": "Water",
        "wheelchair": null,
        "fee": null,
        "opening_hours": null,
        "source": "osm"
      }
    },
    {
      "type": "Feature",
      "geometry": {
        "type": "Point",
        "coordinates": [
          19.8480128,
          45.2369792
        ]
      },
      "properties": {
        "id": "osm-n-10915453523",
        "category": "water",
        "name": "Water",
        "wheelchair": null,
        "fee": null,
        "opening_hours": null,
        "source": "osm"
      }
    },
    {
      "type": "Feature",
      "geometry": {
        "type": "Point",
        "coordinates": [
          19.8324395,
          45.2454614
        ]
      },
      "properties": {
        "id": "osm-n-10926477352",
        "category": "cafe",
        "name": "Presek",
        "wheelchair": null,
        "fee": null,
        "opening_hours": null,
        "source": "osm"
      }
    },
    {
      "type": "Feature",
      "geometry": {
        "type": "Point",
        "coordinates": [
          19.8343688,
          45.2575171
        ]
      },
      "properties": {
        "id": "osm-n-10934588756",
        "category": "cafe",
        "name": "Loft Coffee & Food",
        "wheelchair": null,
        "fee": null,
        "opening_hours": "Mo-Su 08:00-23:00",
        "source": "osm"
      }
    },
    {
      "type": "Feature",
      "geometry": {
        "type": "Point",
        "coordinates": [
          19.8393016,
          45.2469569
        ]
      },
      "properties": {
        "id": "osm-n-10940374987",
        "category": "cafe",
        "name": "Freeshka Coffee Co.",
        "wheelchair": "limited",
        "fee": null,
        "opening_hours": "Mo-Fr 06:30-21:00; Sa 08:00-21:00; Su 09:00-21:00",
        "source": "osm"
      }
    },
    {
      "type": "Feature",
      "geometry": {
        "type": "Point",
        "coordinates": [
          19.8324229,
          45.2593993
        ]
      },
      "properties": {
        "id": "osm-n-10951842030",
        "category": "cafe",
        "name": "Freeshka Coffee Co.",
        "wheelchair": "limited",
        "fee": null,
        "opening_hours": "Mo-Fr 07:00-21:00; Sa 08:00-21:00; Su 09:00-21:00",
        "source": "osm"
      }
    },
    {
      "type": "Feature",
      "geometry": {
        "type": "Point",
        "coordinates": [
          19.8086607,
          45.2554854
        ]
      },
      "properties": {
        "id": "osm-n-10955747876",
        "category": "water",
        "name": "Water",
        "wheelchair": null,
        "fee": null,
        "opening_hours": null,
        "source": "osm"
      }
    },
    {
      "type": "Feature",
      "geometry": {
        "type": "Point",
        "coordinates": [
          19.8264216,
          45.2366018
        ]
      },
      "properties": {
        "id": "osm-n-10961949709",
        "category": "charging",
        "name": "Lidl",
        "wheelchair": null,
        "fee": "no",
        "opening_hours": "Mo-Su 08:00-22:00",
        "source": "osm"
      }
    },
    {
      "type": "Feature",
      "geometry": {
        "type": "Point",
        "coordinates": [
          19.8425874,
          45.2546073
        ]
      },
      "properties": {
        "id": "osm-n-10978058062",
        "category": "water",
        "name": "Water",
        "wheelchair": null,
        "fee": null,
        "opening_hours": null,
        "source": "osm"
      }
    },
    {
      "type": "Feature",
      "geometry": {
        "type": "Point",
        "coordinates": [
          19.8188836,
          45.2556401
        ]
      },
      "properties": {
        "id": "osm-n-10978643419",
        "category": "shop",
        "name": "Univerexport",
        "wheelchair": null,
        "fee": null,
        "opening_hours": "Mo-Su 07:00-22:00",
        "source": "osm"
      }
    },
    {
      "type": "Feature",
      "geometry": {
        "type": "Point",
        "coordinates": [
          19.8174167,
          45.2546744
        ]
      },
      "properties": {
        "id": "osm-n-10978643511",
        "category": "shop",
        "name": "Idea",
        "wheelchair": null,
        "fee": null,
        "opening_hours": "Mo-Su 08:00-22:00",
        "source": "osm"
      }
    },
    {
      "type": "Feature",
      "geometry": {
        "type": "Point",
        "coordinates": [
          19.8346418,
          45.2526698
        ]
      },
      "properties": {
        "id": "osm-n-11005812705",
        "category": "cafe",
        "name": "Mala Radionica Kafe",
        "wheelchair": null,
        "fee": null,
        "opening_hours": "Mo-Su 08:00-22:00",
        "source": "osm"
      }
    },
    {
      "type": "Feature",
      "geometry": {
        "type": "Point",
        "coordinates": [
          19.8374476,
          45.2504567
        ]
      },
      "properties": {
        "id": "osm-n-11034710292",
        "category": "cafe",
        "name": "studio shawarma",
        "wheelchair": null,
        "fee": null,
        "opening_hours": "Mo-Th,Su 09:00-23:00; Fr-Sa 09:00-24:00",
        "source": "osm"
      }
    },
    {
      "type": "Feature",
      "geometry": {
        "type": "Point",
        "coordinates": [
          19.8385638,
          45.2504264
        ]
      },
      "properties": {
        "id": "osm-n-11034710293",
        "category": "shop",
        "name": "Shop",
        "wheelchair": null,
        "fee": null,
        "opening_hours": "24/7",
        "source": "osm"
      }
    },
    {
      "type": "Feature",
      "geometry": {
        "type": "Point",
        "coordinates": [
          19.824953,
          45.2438522
        ]
      },
      "properties": {
        "id": "osm-n-11043621776",
        "category": "shop",
        "name": "Mikromarket",
        "wheelchair": "no",
        "fee": null,
        "opening_hours": "24/7",
        "source": "osm"
      }
    },
    {
      "type": "Feature",
      "geometry": {
        "type": "Point",
        "coordinates": [
          19.824783,
          45.2477353
        ]
      },
      "properties": {
        "id": "osm-n-11053520285",
        "category": "cafe",
        "name": "Espresso Clinic",
        "wheelchair": null,
        "fee": null,
        "opening_hours": null,
        "source": "osm"
      }
    },
    {
      "type": "Feature",
      "geometry": {
        "type": "Point",
        "coordinates": [
          19.8407415,
          45.2430982
        ]
      },
      "properties": {
        "id": "osm-n-11068024864",
        "category": "toilet",
        "name": "Toilet",
        "wheelchair": null,
        "fee": "no",
        "opening_hours": null,
        "source": "osm"
      }
    },
    {
      "type": "Feature",
      "geometry": {
        "type": "Point",
        "coordinates": [
          19.8434484,
          45.2454448
        ]
      },
      "properties": {
        "id": "osm-n-11068024865",
        "category": "toilet",
        "name": "Toilet",
        "wheelchair": null,
        "fee": "no",
        "opening_hours": null,
        "source": "osm"
      }
    },
    {
      "type": "Feature",
      "geometry": {
        "type": "Point",
        "coordinates": [
          19.8436623,
          45.2540098
        ]
      },
      "properties": {
        "id": "osm-n-11068061639",
        "category": "toilet",
        "name": "Toilet",
        "wheelchair": null,
        "fee": "no",
        "opening_hours": null,
        "source": "osm"
      }
    },
    {
      "type": "Feature",
      "geometry": {
        "type": "Point",
        "coordinates": [
          19.8431025,
          45.2576943
        ]
      },
      "properties": {
        "id": "osm-n-11071454261",
        "category": "cafe",
        "name": "Radio",
        "wheelchair": "no",
        "fee": null,
        "opening_hours": null,
        "source": "osm"
      }
    },
    {
      "type": "Feature",
      "geometry": {
        "type": "Point",
        "coordinates": [
          19.8492925,
          45.2557838
        ]
      },
      "properties": {
        "id": "osm-n-11091827697",
        "category": "cafe",
        "name": "Le Bol",
        "wheelchair": "yes",
        "fee": null,
        "opening_hours": "08:00-22:00",
        "source": "osm"
      }
    },
    {
      "type": "Feature",
      "geometry": {
        "type": "Point",
        "coordinates": [
          19.8490131,
          45.2671267
        ]
      },
      "properties": {
        "id": "osm-n-11097203593",
        "category": "shop",
        "name": "Shop",
        "wheelchair": null,
        "fee": null,
        "opening_hours": null,
        "source": "osm"
      }
    },
    {
      "type": "Feature",
      "geometry": {
        "type": "Point",
        "coordinates": [
          19.8781685,
          45.2473191
        ]
      },
      "properties": {
        "id": "osm-n-11097220395",
        "category": "shop",
        "name": "IDEA",
        "wheelchair": null,
        "fee": null,
        "opening_hours": "Mo-Sa 07:00-21:00; Su 07:00-15:00",
        "source": "osm"
      }
    },
    {
      "type": "Feature",
      "geometry": {
        "type": "Point",
        "coordinates": [
          19.822508,
          45.2947956
        ]
      },
      "properties": {
        "id": "osm-n-11101825263",
        "category": "shop",
        "name": "Shop",
        "wheelchair": null,
        "fee": null,
        "opening_hours": null,
        "source": "osm"
      }
    },
    {
      "type": "Feature",
      "geometry": {
        "type": "Point",
        "coordinates": [
          19.8246467,
          45.2906972
        ]
      },
      "properties": {
        "id": "osm-n-11101845910",
        "category": "cafe",
        "name": "Cafe",
        "wheelchair": null,
        "fee": null,
        "opening_hours": null,
        "source": "osm"
      }
    },
    {
      "type": "Feature",
      "geometry": {
        "type": "Point",
        "coordinates": [
          19.8322652,
          45.2453196
        ]
      },
      "properties": {
        "id": "osm-n-11104551069",
        "category": "shop",
        "name": "Mikromarket",
        "wheelchair": null,
        "fee": null,
        "opening_hours": "Mo-Su,PH 00:00-00:00",
        "source": "osm"
      }
    },
    {
      "type": "Feature",
      "geometry": {
        "type": "Point",
        "coordinates": [
          19.8309573,
          45.2443583
        ]
      },
      "properties": {
        "id": "osm-n-11104573050",
        "category": "shop",
        "name": "Shop",
        "wheelchair": null,
        "fee": null,
        "opening_hours": null,
        "source": "osm"
      }
    },
    {
      "type": "Feature",
      "geometry": {
        "type": "Point",
        "coordinates": [
          19.8267987,
          45.2416636
        ]
      },
      "properties": {
        "id": "osm-n-11104590506",
        "category": "shop",
        "name": "IDEA",
        "wheelchair": "limited",
        "fee": null,
        "opening_hours": "07:00-22:00",
        "source": "osm"
      }
    },
    {
      "type": "Feature",
      "geometry": {
        "type": "Point",
        "coordinates": [
          19.819707,
          45.245223
        ]
      },
      "properties": {
        "id": "osm-n-11127154631",
        "category": "parking",
        "name": "Parking",
        "wheelchair": null,
        "fee": null,
        "opening_hours": null,
        "source": "osm"
      }
    },
    {
      "type": "Feature",
      "geometry": {
        "type": "Point",
        "coordinates": [
          19.8197121,
          45.2449744
        ]
      },
      "properties": {
        "id": "osm-n-11127154632",
        "category": "parking",
        "name": "Parking",
        "wheelchair": null,
        "fee": null,
        "opening_hours": null,
        "source": "osm"
      }
    },
    {
      "type": "Feature",
      "geometry": {
        "type": "Point",
        "coordinates": [
          19.8318004,
          45.2546021
        ]
      },
      "properties": {
        "id": "osm-n-11169124037",
        "category": "cafe",
        "name": "Panu\u0161a Pala\u010dinkarnica",
        "wheelchair": null,
        "fee": null,
        "opening_hours": "Tu-We 15:00-21:00; Th-Sa 10:00-17:00; Mo 15:00-21:00",
        "source": "osm"
      }
    },
    {
      "type": "Feature",
      "geometry": {
        "type": "Point",
        "coordinates": [
          19.8556366,
          45.2589387
        ]
      },
      "properties": {
        "id": "osm-n-11173051011",
        "category": "toilet",
        "name": "Toilet",
        "wheelchair": "no",
        "fee": "no",
        "opening_hours": null,
        "source": "osm"
      }
    },
    {
      "type": "Feature",
      "geometry": {
        "type": "Point",
        "coordinates": [
          19.8555906,
          45.2591332
        ]
      },
      "properties": {
        "id": "osm-n-11173051012",
        "category": "water",
        "name": "Water",
        "wheelchair": null,
        "fee": null,
        "opening_hours": null,
        "source": "osm"
      }
    },
    {
      "type": "Feature",
      "geometry": {
        "type": "Point",
        "coordinates": [
          19.8510736,
          45.2574408
        ]
      },
      "properties": {
        "id": "osm-n-11173051013",
        "category": "water",
        "name": "Water",
        "wheelchair": null,
        "fee": "no",
        "opening_hours": null,
        "source": "osm"
      }
    },
    {
      "type": "Feature",
      "geometry": {
        "type": "Point",
        "coordinates": [
          19.848387,
          45.2485821
        ]
      },
      "properties": {
        "id": "osm-n-11183167079",
        "category": "parking",
        "name": "Parking",
        "wheelchair": null,
        "fee": null,
        "opening_hours": null,
        "source": "osm"
      }
    },
    {
      "type": "Feature",
      "geometry": {
        "type": "Point",
        "coordinates": [
          19.8482338,
          45.2490039
        ]
      },
      "properties": {
        "id": "osm-n-11183167088",
        "category": "shop",
        "name": "\u0428\u0430\u043a\u0430\u043d",
        "wheelchair": null,
        "fee": null,
        "opening_hours": "06:00-22:00",
        "source": "osm"
      }
    },
    {
      "type": "Feature",
      "geometry": {
        "type": "Point",
        "coordinates": [
          19.8521011,
          45.2614665
        ]
      },
      "properties": {
        "id": "osm-n-11189731023",
        "category": "cafe",
        "name": "Kafetea",
        "wheelchair": "no",
        "fee": null,
        "opening_hours": "Mo-Fr 07:30-20:30; Sa 08:00-20:30; Su 09:00-21:00",
        "source": "osm"
      }
    },
    {
      "type": "Feature",
      "geometry": {
        "type": "Point",
        "coordinates": [
          19.847959,
          45.2418576
        ]
      },
      "properties": {
        "id": "osm-n-11226547592",
        "category": "shop",
        "name": "IDEA",
        "wheelchair": null,
        "fee": null,
        "opening_hours": null,
        "source": "osm"
      }
    },
    {
      "type": "Feature",
      "geometry": {
        "type": "Point",
        "coordinates": [
          19.8288675,
          45.2752436
        ]
      },
      "properties": {
        "id": "osm-n-11228418345",
        "category": "water",
        "name": "Water",
        "wheelchair": null,
        "fee": null,
        "opening_hours": null,
        "source": "osm"
      }
    },
    {
      "type": "Feature",
      "geometry": {
        "type": "Point",
        "coordinates": [
          19.8433717,
          45.2568742
        ]
      },
      "properties": {
        "id": "osm-n-11247766327",
        "category": "cafe",
        "name": "Filipenko Coffee Bar",
        "wheelchair": "no",
        "fee": null,
        "opening_hours": "Mo-Su 09:00-20:00",
        "source": "osm"
      }
    },
    {
      "type": "Feature",
      "geometry": {
        "type": "Point",
        "coordinates": [
          19.8550509,
          45.2571059
        ]
      },
      "properties": {
        "id": "osm-n-11254368393",
        "category": "water",
        "name": "Water",
        "wheelchair": null,
        "fee": null,
        "opening_hours": null,
        "source": "osm"
      }
    },
    {
      "type": "Feature",
      "geometry": {
        "type": "Point",
        "coordinates": [
          19.8359489,
          45.2614077
        ]
      },
      "properties": {
        "id": "osm-n-11270241441",
        "category": "cafe",
        "name": "Jamaica Blue Mountain",
        "wheelchair": null,
        "fee": null,
        "opening_hours": "Mo-Su 07:00-23:00",
        "source": "osm"
      }
    },
    {
      "type": "Feature",
      "geometry": {
        "type": "Point",
        "coordinates": [
          19.8303372,
          45.255048
        ]
      },
      "properties": {
        "id": "osm-n-11327532085",
        "category": "water",
        "name": "Water",
        "wheelchair": "yes",
        "fee": "no",
        "opening_hours": null,
        "source": "osm"
      }
    },
    {
      "type": "Feature",
      "geometry": {
        "type": "Point",
        "coordinates": [
          19.8321643,
          45.2456162
        ]
      },
      "properties": {
        "id": "osm-n-11336513700",
        "category": "shop",
        "name": "IDEA",
        "wheelchair": "no",
        "fee": null,
        "opening_hours": null,
        "source": "osm"
      }
    },
    {
      "type": "Feature",
      "geometry": {
        "type": "Point",
        "coordinates": [
          19.8239246,
          45.2593185
        ]
      },
      "properties": {
        "id": "osm-n-11356151054",
        "category": "shop",
        "name": "PerSu",
        "wheelchair": "yes",
        "fee": null,
        "opening_hours": "Mo-Sa 07:00-22:00, Su 07:00-21:00",
        "source": "osm"
      }
    },
    {
      "type": "Feature",
      "geometry": {
        "type": "Point",
        "coordinates": [
          19.8436171,
          45.2642889
        ]
      },
      "properties": {
        "id": "osm-n-11361630960",
        "category": "shop",
        "name": "IDEA",
        "wheelchair": null,
        "fee": null,
        "opening_hours": "Mo-Su 08:00-22:00",
        "source": "osm"
      }
    },
    {
      "type": "Feature",
      "geometry": {
        "type": "Point",
        "coordinates": [
          19.8389239,
          45.2530041
        ]
      },
      "properties": {
        "id": "osm-n-11371801629",
        "category": "cafe",
        "name": "\u0413\u0440\u0435\u0434\u0430",
        "wheelchair": null,
        "fee": null,
        "opening_hours": null,
        "source": "osm"
      }
    },
    {
      "type": "Feature",
      "geometry": {
        "type": "Point",
        "coordinates": [
          19.8438108,
          45.2555614
        ]
      },
      "properties": {
        "id": "osm-n-11382477598",
        "category": "water",
        "name": "Water",
        "wheelchair": null,
        "fee": null,
        "opening_hours": null,
        "source": "osm"
      }
    },
    {
      "type": "Feature",
      "geometry": {
        "type": "Point",
        "coordinates": [
          19.8390227,
          45.2477119
        ]
      },
      "properties": {
        "id": "osm-n-11382487275",
        "category": "water",
        "name": "Water",
        "wheelchair": null,
        "fee": null,
        "opening_hours": null,
        "source": "osm"
      }
    },
    {
      "type": "Feature",
      "geometry": {
        "type": "Point",
        "coordinates": [
          19.8254285,
          45.2423369
        ]
      },
      "properties": {
        "id": "osm-n-11389726426",
        "category": "cafe",
        "name": "Marosejka",
        "wheelchair": "no",
        "fee": null,
        "opening_hours": "12:00-21:00",
        "source": "osm"
      }
    },
    {
      "type": "Feature",
      "geometry": {
        "type": "Point",
        "coordinates": [
          19.8516667,
          45.2616859
        ]
      },
      "properties": {
        "id": "osm-n-11478634861",
        "category": "cafe",
        "name": "\u0411\u0435\u0442\u0443\u043b\u0430",
        "wheelchair": "no",
        "fee": null,
        "opening_hours": "Mo-Fr 09:00-23:00; Sa-Su off",
        "source": "osm"
      }
    },
    {
      "type": "Feature",
      "geometry": {
        "type": "Point",
        "coordinates": [
          19.8444096,
          45.2545259
        ]
      },
      "properties": {
        "id": "osm-n-11478763570",
        "category": "cafe",
        "name": "\u041a\u0430\u0444\u0435\u0442\u0435\u0440\u0438\u0458\u0430",
        "wheelchair": null,
        "fee": null,
        "opening_hours": null,
        "source": "osm"
      }
    },
    {
      "type": "Feature",
      "geometry": {
        "type": "Point",
        "coordinates": [
          19.8049288,
          45.2541651
        ]
      },
      "properties": {
        "id": "osm-n-11494085814",
        "category": "clinic",
        "name": "Iuventa",
        "wheelchair": null,
        "fee": null,
        "opening_hours": null,
        "source": "osm"
      }
    },
    {
      "type": "Feature",
      "geometry": {
        "type": "Point",
        "coordinates": [
          19.8248412,
          45.2730178
        ]
      },
      "properties": {
        "id": "osm-n-11590226364",
        "category": "cafe",
        "name": "Antico sapore",
        "wheelchair": null,
        "fee": null,
        "opening_hours": "Mo-Sa 09:00-21:00; Su 10:00-18:00",
        "source": "osm"
      }
    },
    {
      "type": "Feature",
      "geometry": {
        "type": "Point",
        "coordinates": [
          19.8433805,
          45.2415794
        ]
      },
      "properties": {
        "id": "osm-n-11606241586",
        "category": "water",
        "name": "Water",
        "wheelchair": null,
        "fee": null,
        "opening_hours": null,
        "source": "osm"
      }
    },
    {
      "type": "Feature",
      "geometry": {
        "type": "Point",
        "coordinates": [
          19.8466845,
          45.2568907
        ]
      },
      "properties": {
        "id": "osm-n-11652433001",
        "category": "cafe",
        "name": "\u041a\u043e\u0442\u0430 84",
        "wheelchair": "limited",
        "fee": null,
        "opening_hours": "Mo-Th 10:00-23:00; Fr-Sa 10:00-01:00, Su 15:00-23:00",
        "source": "osm"
      }
    },
    {
      "type": "Feature",
      "geometry": {
        "type": "Point",
        "coordinates": [
          19.8160225,
          45.2632302
        ]
      },
      "properties": {
        "id": "osm-n-11676175476",
        "category": "cafe",
        "name": "Gilda",
        "wheelchair": null,
        "fee": null,
        "opening_hours": "Sa,Su 14:00-23:00; We-Fr 18:00-23:00",
        "source": "osm"
      }
    },
    {
      "type": "Feature",
      "geometry": {
        "type": "Point",
        "coordinates": [
          19.839886,
          45.2529499
        ]
      },
      "properties": {
        "id": "osm-n-11711388189",
        "category": "cafe",
        "name": "Dragon",
        "wheelchair": "no",
        "fee": null,
        "opening_hours": "11:00-21:00",
        "source": "osm"
      }
    },
    {
      "type": "Feature",
      "geometry": {
        "type": "Point",
        "coordinates": [
          19.8071873,
          45.2582517
        ]
      },
      "properties": {
        "id": "osm-n-11736545956",
        "category": "shop",
        "name": "UniverExport",
        "wheelchair": null,
        "fee": null,
        "opening_hours": "Mo-Su 07:00-22:00",
        "source": "osm"
      }
    },
    {
      "type": "Feature",
      "geometry": {
        "type": "Point",
        "coordinates": [
          19.8341231,
          45.250626
        ]
      },
      "properties": {
        "id": "osm-n-11741766623",
        "category": "shop",
        "name": "IDEA",
        "wheelchair": null,
        "fee": null,
        "opening_hours": null,
        "source": "osm"
      }
    },
    {
      "type": "Feature",
      "geometry": {
        "type": "Point",
        "coordinates": [
          19.8510063,
          45.2538016
        ]
      },
      "properties": {
        "id": "osm-n-11764016645",
        "category": "info",
        "name": "Info",
        "wheelchair": null,
        "fee": null,
        "opening_hours": null,
        "source": "osm"
      }
    },
    {
      "type": "Feature",
      "geometry": {
        "type": "Point",
        "coordinates": [
          19.8392078,
          45.253121
        ]
      },
      "properties": {
        "id": "osm-n-11766035720",
        "category": "cafe",
        "name": "9 \u0408\u0430\u043d\u0443\u0430\u0440",
        "wheelchair": null,
        "fee": null,
        "opening_hours": null,
        "source": "osm"
      }
    },
    {
      "type": "Feature",
      "geometry": {
        "type": "Point",
        "coordinates": [
          19.8390077,
          45.2525554
        ]
      },
      "properties": {
        "id": "osm-n-11804659015",
        "category": "shop",
        "name": "Shop",
        "wheelchair": null,
        "fee": null,
        "opening_hours": null,
        "source": "osm"
      }
    },
    {
      "type": "Feature",
      "geometry": {
        "type": "Point",
        "coordinates": [
          19.8550308,
          45.256635
        ]
      },
      "properties": {
        "id": "osm-n-11804794471",
        "category": "info",
        "name": "Info",
        "wheelchair": null,
        "fee": null,
        "opening_hours": null,
        "source": "osm"
      }
    },
    {
      "type": "Feature",
      "geometry": {
        "type": "Point",
        "coordinates": [
          19.8486267,
          45.2566473
        ]
      },
      "properties": {
        "id": "osm-n-11809084947",
        "category": "cafe",
        "name": "Kofilin",
        "wheelchair": null,
        "fee": null,
        "opening_hours": null,
        "source": "osm"
      }
    },
    {
      "type": "Feature",
      "geometry": {
        "type": "Point",
        "coordinates": [
          19.8550477,
          45.256355
        ]
      },
      "properties": {
        "id": "osm-n-11809093692",
        "category": "info",
        "name": "Info",
        "wheelchair": null,
        "fee": null,
        "opening_hours": null,
        "source": "osm"
      }
    },
    {
      "type": "Feature",
      "geometry": {
        "type": "Point",
        "coordinates": [
          19.8217152,
          45.260235
        ]
      },
      "properties": {
        "id": "osm-n-11812313969",
        "category": "water",
        "name": "Water",
        "wheelchair": null,
        "fee": null,
        "opening_hours": null,
        "source": "osm"
      }
    },
    {
      "type": "Feature",
      "geometry": {
        "type": "Point",
        "coordinates": [
          19.8331488,
          45.2493405
        ]
      },
      "properties": {
        "id": "osm-n-11819629649",
        "category": "shop",
        "name": "Shop",
        "wheelchair": null,
        "fee": null,
        "opening_hours": null,
        "source": "osm"
      }
    },
    {
      "type": "Feature",
      "geometry": {
        "type": "Point",
        "coordinates": [
          19.8369841,
          45.2569165
        ]
      },
      "properties": {
        "id": "osm-n-11821892496",
        "category": "cafe",
        "name": "\u0422\u0438\u0445\u043e \u0438 \u0442\u043e\u043f\u043b\u043e",
        "wheelchair": null,
        "fee": null,
        "opening_hours": "Mo-Fr 09:00-20:00, Sa-Su 10:00-18:00",
        "source": "osm"
      }
    },
    {
      "type": "Feature",
      "geometry": {
        "type": "Point",
        "coordinates": [
          19.8294424,
          45.2594697
        ]
      },
      "properties": {
        "id": "osm-n-11821892497",
        "category": "cafe",
        "name": "Chill Out",
        "wheelchair": null,
        "fee": null,
        "opening_hours": null,
        "source": "osm"
      }
    },
    {
      "type": "Feature",
      "geometry": {
        "type": "Point",
        "coordinates": [
          19.8391671,
          45.251723
        ]
      },
      "properties": {
        "id": "osm-n-11835248976",
        "category": "shop",
        "name": "Gomex",
        "wheelchair": null,
        "fee": null,
        "opening_hours": null,
        "source": "osm"
      }
    },
    {
      "type": "Feature",
      "geometry": {
        "type": "Point",
        "coordinates": [
          19.8392243,
          45.2491444
        ]
      },
      "properties": {
        "id": "osm-n-11849987814",
        "category": "cafe",
        "name": "coffeedream",
        "wheelchair": null,
        "fee": null,
        "opening_hours": "Mo-Sa 07:30-23:00; Su 09:00-23:00",
        "source": "osm"
      }
    },
    {
      "type": "Feature",
      "geometry": {
        "type": "Point",
        "coordinates": [
          19.8500608,
          45.2568095
        ]
      },
      "properties": {
        "id": "osm-n-11851123578",
        "category": "cafe",
        "name": "Martin",
        "wheelchair": null,
        "fee": null,
        "opening_hours": "Mo-Su 09:00-21:00",
        "source": "osm"
      }
    },
    {
      "type": "Feature",
      "geometry": {
        "type": "Point",
        "coordinates": [
          19.8332382,
          45.2485611
        ]
      },
      "properties": {
        "id": "osm-n-11884014443",
        "category": "shop",
        "name": "Goga",
        "wheelchair": null,
        "fee": null,
        "opening_hours": null,
        "source": "osm"
      }
    },
    {
      "type": "Feature",
      "geometry": {
        "type": "Point",
        "coordinates": [
          19.8334837,
          45.2484849
        ]
      },
      "properties": {
        "id": "osm-n-11888447934",
        "category": "cafe",
        "name": "Nolita",
        "wheelchair": "no",
        "fee": null,
        "opening_hours": null,
        "source": "osm"
      }
    },
    {
      "type": "Feature",
      "geometry": {
        "type": "Point",
        "coordinates": [
          19.8393165,
          45.2484847
        ]
      },
      "properties": {
        "id": "osm-n-11888548087",
        "category": "shop",
        "name": "Shop",
        "wheelchair": null,
        "fee": null,
        "opening_hours": null,
        "source": "osm"
      }
    },
    {
      "type": "Feature",
      "geometry": {
        "type": "Point",
        "coordinates": [
          19.8256625,
          45.2765875
        ]
      },
      "properties": {
        "id": "osm-n-11897870731",
        "category": "toilet",
        "name": "Toilet",
        "wheelchair": "yes",
        "fee": "no",
        "opening_hours": null,
        "source": "osm"
      }
    },
    {
      "type": "Feature",
      "geometry": {
        "type": "Point",
        "coordinates": [
          19.8257953,
          45.2753408
        ]
      },
      "properties": {
        "id": "osm-n-11897870732",
        "category": "toilet",
        "name": "Toilet",
        "wheelchair": "yes",
        "fee": "no",
        "opening_hours": null,
        "source": "osm"
      }
    },
    {
      "type": "Feature",
      "geometry": {
        "type": "Point",
        "coordinates": [
          19.8091248,
          45.2528146
        ]
      },
      "properties": {
        "id": "osm-n-11927298204",
        "category": "water",
        "name": "Water",
        "wheelchair": null,
        "fee": null,
        "opening_hours": null,
        "source": "osm"
      }
    },
    {
      "type": "Feature",
      "geometry": {
        "type": "Point",
        "coordinates": [
          19.8393137,
          45.2387376
        ]
      },
      "properties": {
        "id": "osm-n-11940721146",
        "category": "water",
        "name": "Water",
        "wheelchair": null,
        "fee": null,
        "opening_hours": null,
        "source": "osm"
      }
    },
    {
      "type": "Feature",
      "geometry": {
        "type": "Point",
        "coordinates": [
          19.8473456,
          45.2530393
        ]
      },
      "properties": {
        "id": "osm-n-12001729759",
        "category": "aed",
        "name": "Aed",
        "wheelchair": null,
        "fee": null,
        "opening_hours": null,
        "source": "osm"
      }
    },
    {
      "type": "Feature",
      "geometry": {
        "type": "Point",
        "coordinates": [
          19.8394555,
          45.2429385
        ]
      },
      "properties": {
        "id": "osm-n-12010059899",
        "category": "fuel",
        "name": "\u041d\u0418\u0421 \u041f\u0435\u0442\u0440\u043e\u043b",
        "wheelchair": null,
        "fee": null,
        "opening_hours": "24/7",
        "source": "osm"
      }
    },
    {
      "type": "Feature",
      "geometry": {
        "type": "Point",
        "coordinates": [
          19.8603713,
          45.2333052
        ]
      },
      "properties": {
        "id": "osm-n-12010728229",
        "category": "water",
        "name": "Water",
        "wheelchair": null,
        "fee": null,
        "opening_hours": null,
        "source": "osm"
      }
    },
    {
      "type": "Feature",
      "geometry": {
        "type": "Point",
        "coordinates": [
          19.8073927,
          45.2573461
        ]
      },
      "properties": {
        "id": "osm-n-12010728253",
        "category": "water",
        "name": "Water",
        "wheelchair": null,
        "fee": null,
        "opening_hours": null,
        "source": "osm"
      }
    },
    {
      "type": "Feature",
      "geometry": {
        "type": "Point",
        "coordinates": [
          19.8320046,
          45.254985
        ]
      },
      "properties": {
        "id": "osm-n-12049684878",
        "category": "shop",
        "name": "Neto Diskont",
        "wheelchair": null,
        "fee": null,
        "opening_hours": null,
        "source": "osm"
      }
    },
    {
      "type": "Feature",
      "geometry": {
        "type": "Point",
        "coordinates": [
          19.8277858,
          45.2365238
        ]
      },
      "properties": {
        "id": "osm-n-12088942886",
        "category": "shop",
        "name": "Mikromarket",
        "wheelchair": "no",
        "fee": null,
        "opening_hours": "06:00-22:00",
        "source": "osm"
      }
    },
    {
      "type": "Feature",
      "geometry": {
        "type": "Point",
        "coordinates": [
          19.8462884,
          45.2561051
        ]
      },
      "properties": {
        "id": "osm-n-12091382669",
        "category": "cafe",
        "name": "Galija",
        "wheelchair": null,
        "fee": null,
        "opening_hours": null,
        "source": "osm"
      }
    },
    {
      "type": "Feature",
      "geometry": {
        "type": "Point",
        "coordinates": [
          19.867676,
          45.2494487
        ]
      },
      "properties": {
        "id": "osm-n-12103325218",
        "category": "water",
        "name": "Water",
        "wheelchair": null,
        "fee": null,
        "opening_hours": null,
        "source": "osm"
      }
    },
    {
      "type": "Feature",
      "geometry": {
        "type": "Point",
        "coordinates": [
          19.8493766,
          45.2530002
        ]
      },
      "properties": {
        "id": "osm-n-12121398735",
        "category": "aed",
        "name": "Aed",
        "wheelchair": null,
        "fee": null,
        "opening_hours": null,
        "source": "osm"
      }
    },
    {
      "type": "Feature",
      "geometry": {
        "type": "Point",
        "coordinates": [
          19.8493631,
          45.2532772
        ]
      },
      "properties": {
        "id": "osm-n-12121398736",
        "category": "aed",
        "name": "Aed",
        "wheelchair": null,
        "fee": null,
        "opening_hours": null,
        "source": "osm"
      }
    },
    {
      "type": "Feature",
      "geometry": {
        "type": "Point",
        "coordinates": [
          19.8301785,
          45.2649367
        ]
      },
      "properties": {
        "id": "osm-n-12142021235",
        "category": "charging",
        "name": "Charging",
        "wheelchair": null,
        "fee": null,
        "opening_hours": null,
        "source": "osm"
      }
    },
    {
      "type": "Feature",
      "geometry": {
        "type": "Point",
        "coordinates": [
          19.8376702,
          45.2439655
        ]
      },
      "properties": {
        "id": "osm-n-12143168629",
        "category": "cafe",
        "name": "La Barba",
        "wheelchair": null,
        "fee": null,
        "opening_hours": null,
        "source": "osm"
      }
    },
    {
      "type": "Feature",
      "geometry": {
        "type": "Point",
        "coordinates": [
          19.851387,
          45.2577386
        ]
      },
      "properties": {
        "id": "osm-n-12148422896",
        "category": "shop",
        "name": "Shop",
        "wheelchair": null,
        "fee": null,
        "opening_hours": null,
        "source": "osm"
      }
    },
    {
      "type": "Feature",
      "geometry": {
        "type": "Point",
        "coordinates": [
          19.8304384,
          45.2722268
        ]
      },
      "properties": {
        "id": "osm-n-12166703273",
        "category": "fuel",
        "name": "\u041d\u0418\u0421 \u041f\u0435\u0442\u0440\u043e\u043b",
        "wheelchair": null,
        "fee": null,
        "opening_hours": "24/7",
        "source": "osm"
      }
    },
    {
      "type": "Feature",
      "geometry": {
        "type": "Point",
        "coordinates": [
          19.8308963,
          45.2723042
        ]
      },
      "properties": {
        "id": "osm-n-12166703274",
        "category": "fuel",
        "name": "\u041d\u0418\u0421 \u041f\u0435\u0442\u0440\u043e\u043b",
        "wheelchair": null,
        "fee": null,
        "opening_hours": "24/7",
        "source": "osm"
      }
    },
    {
      "type": "Feature",
      "geometry": {
        "type": "Point",
        "coordinates": [
          19.8373698,
          45.2584177
        ]
      },
      "properties": {
        "id": "osm-n-12182037162",
        "category": "cafe",
        "name": "555",
        "wheelchair": null,
        "fee": null,
        "opening_hours": null,
        "source": "osm"
      }
    },
    {
      "type": "Feature",
      "geometry": {
        "type": "Point",
        "coordinates": [
          19.8495364,
          45.2627581
        ]
      },
      "properties": {
        "id": "osm-n-12188408721",
        "category": "cafe",
        "name": "Cafe",
        "wheelchair": null,
        "fee": null,
        "opening_hours": null,
        "source": "osm"
      }
    },
    {
      "type": "Feature",
      "geometry": {
        "type": "Point",
        "coordinates": [
          19.8439026,
          45.2634321
        ]
      },
      "properties": {
        "id": "osm-n-12188408724",
        "category": "cafe",
        "name": "\u041a\u043e\u0434 \u041f\u0435\u0440\u0430",
        "wheelchair": null,
        "fee": null,
        "opening_hours": null,
        "source": "osm"
      }
    },
    {
      "type": "Feature",
      "geometry": {
        "type": "Point",
        "coordinates": [
          19.8406867,
          45.2632411
        ]
      },
      "properties": {
        "id": "osm-n-12188408725",
        "category": "shop",
        "name": "PerSu",
        "wheelchair": null,
        "fee": null,
        "opening_hours": null,
        "source": "osm"
      }
    },
    {
      "type": "Feature",
      "geometry": {
        "type": "Point",
        "coordinates": [
          19.8462833,
          45.258183
        ]
      },
      "properties": {
        "id": "osm-n-12199463057",
        "category": "clinic",
        "name": "\u0415\u0443\u0440\u043e\u043c\u0435\u0434\u0438\u043a",
        "wheelchair": null,
        "fee": null,
        "opening_hours": null,
        "source": "osm"
      }
    },
    {
      "type": "Feature",
      "geometry": {
        "type": "Point",
        "coordinates": [
          19.8423721,
          45.2540625
        ]
      },
      "properties": {
        "id": "osm-n-12209305712",
        "category": "info",
        "name": "Info",
        "wheelchair": null,
        "fee": null,
        "opening_hours": null,
        "source": "osm"
      }
    },
    {
      "type": "Feature",
      "geometry": {
        "type": "Point",
        "coordinates": [
          19.8504865,
          45.254594
        ]
      },
      "properties": {
        "id": "osm-n-12224955890",
        "category": "info",
        "name": "\u041c\u043e\u0447\u0432\u0430\u0440\u043d\u0438 \u0447\u0435\u043c\u043f\u0440\u0435\u0441",
        "wheelchair": null,
        "fee": null,
        "opening_hours": null,
        "source": "osm"
      }
    },
    {
      "type": "Feature",
      "geometry": {
        "type": "Point",
        "coordinates": [
          19.8475355,
          45.240612
        ]
      },
      "properties": {
        "id": "osm-n-12229467803",
        "category": "shop",
        "name": "IDEA",
        "wheelchair": null,
        "fee": null,
        "opening_hours": null,
        "source": "osm"
      }
    },
    {
      "type": "Feature",
      "geometry": {
        "type": "Point",
        "coordinates": [
          19.8468519,
          45.2444765
        ]
      },
      "properties": {
        "id": "osm-n-12229692532",
        "category": "cafe",
        "name": "Green House Coffee Liman",
        "wheelchair": "no",
        "fee": null,
        "opening_hours": "08:00-21:00",
        "source": "osm"
      }
    },
    {
      "type": "Feature",
      "geometry": {
        "type": "Point",
        "coordinates": [
          19.8818932,
          45.2398143
        ]
      },
      "properties": {
        "id": "osm-n-12254778279",
        "category": "shop",
        "name": "Mikromarket",
        "wheelchair": null,
        "fee": null,
        "opening_hours": null,
        "source": "osm"
      }
    },
    {
      "type": "Feature",
      "geometry": {
        "type": "Point",
        "coordinates": [
          19.8520949,
          45.2401336
        ]
      },
      "properties": {
        "id": "osm-n-12258212483",
        "category": "toilet",
        "name": "Toilet",
        "wheelchair": null,
        "fee": "no",
        "opening_hours": null,
        "source": "osm"
      }
    },
    {
      "type": "Feature",
      "geometry": {
        "type": "Point",
        "coordinates": [
          19.8489159,
          45.2515863
        ]
      },
      "properties": {
        "id": "osm-n-12301789701",
        "category": "cafe",
        "name": "\u041b\u0458\u0443\u0431\u0438\u0447\u0438\u0446\u0430",
        "wheelchair": null,
        "fee": null,
        "opening_hours": null,
        "source": "osm"
      }
    },
    {
      "type": "Feature",
      "geometry": {
        "type": "Point",
        "coordinates": [
          19.8388065,
          45.2584705
        ]
      },
      "properties": {
        "id": "osm-n-12307231651",
        "category": "cafe",
        "name": "Intermezzo",
        "wheelchair": null,
        "fee": null,
        "opening_hours": null,
        "source": "osm"
      }
    },
    {
      "type": "Feature",
      "geometry": {
        "type": "Point",
        "coordinates": [
          19.8410785,
          45.2482308
        ]
      },
      "properties": {
        "id": "osm-n-12310486901",
        "category": "cafe",
        "name": "Kofilin",
        "wheelchair": null,
        "fee": null,
        "opening_hours": "Tu-Fr 07:30-22:00; Sa 08:00-22:00; Su 09:00-22:00; Mo 15:00-22:00",
        "source": "osm"
      }
    },
    {
      "type": "Feature",
      "geometry": {
        "type": "Point",
        "coordinates": [
          19.8400164,
          45.2547098
        ]
      },
      "properties": {
        "id": "osm-n-12310494980",
        "category": "cafe",
        "name": "Maybe Coffee?",
        "wheelchair": null,
        "fee": null,
        "opening_hours": "Mo-Fr 08:00-20:00; Sa 09:00-20:00",
        "source": "osm"
      }
    },
    {
      "type": "Feature",
      "geometry": {
        "type": "Point",
        "coordinates": [
          19.8337583,
          45.2488885
        ]
      },
      "properties": {
        "id": "osm-n-12310506917",
        "category": "cafe",
        "name": "Mandarin",
        "wheelchair": null,
        "fee": null,
        "opening_hours": "Mo-Su 10:00-22:00",
        "source": "osm"
      }
    },
    {
      "type": "Feature",
      "geometry": {
        "type": "Point",
        "coordinates": [
          19.8261635,
          45.2690665
        ]
      },
      "properties": {
        "id": "osm-n-12319419197",
        "category": "shop",
        "name": "Shop",
        "wheelchair": null,
        "fee": null,
        "opening_hours": "24/7",
        "source": "osm"
      }
    },
    {
      "type": "Feature",
      "geometry": {
        "type": "Point",
        "coordinates": [
          19.8261531,
          45.2690267
        ]
      },
      "properties": {
        "id": "osm-n-12319419198",
        "category": "fuel",
        "name": "Euro Petrol",
        "wheelchair": null,
        "fee": null,
        "opening_hours": "24/7",
        "source": "osm"
      }
    },
    {
      "type": "Feature",
      "geometry": {
        "type": "Point",
        "coordinates": [
          19.832929,
          45.2486164
        ]
      },
      "properties": {
        "id": "osm-n-12320823379",
        "category": "cafe",
        "name": "Urbano Kafa",
        "wheelchair": null,
        "fee": null,
        "opening_hours": "Mo-Fr 08:00-21:00; Sa-Su 09:00-21:00",
        "source": "osm"
      }
    },
    {
      "type": "Feature",
      "geometry": {
        "type": "Point",
        "coordinates": [
          19.8340255,
          45.250588
        ]
      },
      "properties": {
        "id": "osm-n-12324485091",
        "category": "cafe",
        "name": "CoffeeRide",
        "wheelchair": null,
        "fee": null,
        "opening_hours": "We-Sa 09:00-20:00; Su-Tu 10:00-15:00",
        "source": "osm"
      }
    },
    {
      "type": "Feature",
      "geometry": {
        "type": "Point",
        "coordinates": [
          19.81026,
          45.261027
        ]
      },
      "properties": {
        "id": "osm-n-12324485096",
        "category": "cafe",
        "name": "Raf Cafe",
        "wheelchair": null,
        "fee": null,
        "opening_hours": "Mo-Sa 08:00-20:00",
        "source": "osm"
      }
    },
    {
      "type": "Feature",
      "geometry": {
        "type": "Point",
        "coordinates": [
          19.8256645,
          45.2764875
        ]
      },
      "properties": {
        "id": "osm-n-12336050533",
        "category": "toilet",
        "name": "Toilet",
        "wheelchair": "yes",
        "fee": "no",
        "opening_hours": null,
        "source": "osm"
      }
    },
    {
      "type": "Feature",
      "geometry": {
        "type": "Point",
        "coordinates": [
          19.8334415,
          45.2470542
        ]
      },
      "properties": {
        "id": "osm-n-12358447913",
        "category": "cafe",
        "name": "Tischler tobacco & coffee",
        "wheelchair": null,
        "fee": null,
        "opening_hours": "Mo-Fr 07:30-20:00; Sa 09:00-15:00",
        "source": "osm"
      }
    },
    {
      "type": "Feature",
      "geometry": {
        "type": "Point",
        "coordinates": [
          19.8077447,
          45.2835749
        ]
      },
      "properties": {
        "id": "osm-n-12366082411",
        "category": "info",
        "name": "Info",
        "wheelchair": null,
        "fee": null,
        "opening_hours": null,
        "source": "osm"
      }
    },
    {
      "type": "Feature",
      "geometry": {
        "type": "Point",
        "coordinates": [
          19.8312309,
          45.2545905
        ]
      },
      "properties": {
        "id": "osm-n-12368072205",
        "category": "cafe",
        "name": "Fresh food cafe 021",
        "wheelchair": null,
        "fee": null,
        "opening_hours": "Mo-Fr 09:00-17:00; Sa 08:00-21:00",
        "source": "osm"
      }
    },
    {
      "type": "Feature",
      "geometry": {
        "type": "Point",
        "coordinates": [
          19.8502108,
          45.2626924
        ]
      },
      "properties": {
        "id": "osm-n-12395763077",
        "category": "cafe",
        "name": "Green House Coffee",
        "wheelchair": null,
        "fee": null,
        "opening_hours": "Mo-Fr 08:00-21:00; Sa-Su 09:00-21:00",
        "source": "osm"
      }
    },
    {
      "type": "Feature",
      "geometry": {
        "type": "Point",
        "coordinates": [
          19.8528563,
          45.2545709
        ]
      },
      "properties": {
        "id": "osm-n-12405021845",
        "category": "clinic",
        "name": "\u041d\u041a \u043f\u043e\u043b\u0438\u043a\u043b\u0438\u043d\u0438\u043a\u0430 \u043f\u043b\u0443\u0441",
        "wheelchair": null,
        "fee": null,
        "opening_hours": null,
        "source": "osm"
      }
    },
    {
      "type": "Feature",
      "geometry": {
        "type": "Point",
        "coordinates": [
          19.8261086,
          45.2403257
        ]
      },
      "properties": {
        "id": "osm-n-12444493091",
        "category": "cafe",
        "name": "\u010cika Pala\u010dinka",
        "wheelchair": null,
        "fee": null,
        "opening_hours": "Mo-Sa 14:00-22:00",
        "source": "osm"
      }
    },
    {
      "type": "Feature",
      "geometry": {
        "type": "Point",
        "coordinates": [
          19.8382787,
          45.2475818
        ]
      },
      "properties": {
        "id": "osm-n-12451470580",
        "category": "cafe",
        "name": "Lebac",
        "wheelchair": null,
        "fee": null,
        "opening_hours": "Mo-Fr 07:00-19:00; Sa-Su 07:00-13:00",
        "source": "osm"
      }
    },
    {
      "type": "Feature",
      "geometry": {
        "type": "Point",
        "coordinates": [
          19.8439334,
          45.2450531
        ]
      },
      "properties": {
        "id": "osm-n-12463669299",
        "category": "cafe",
        "name": "Brunch Restaurant",
        "wheelchair": null,
        "fee": null,
        "opening_hours": "08:00-22:00",
        "source": "osm"
      }
    },
    {
      "type": "Feature",
      "geometry": {
        "type": "Point",
        "coordinates": [
          19.843078,
          45.2449414
        ]
      },
      "properties": {
        "id": "osm-n-12463702506",
        "category": "cafe",
        "name": "Loft",
        "wheelchair": null,
        "fee": null,
        "opening_hours": "08:00-23:00",
        "source": "osm"
      }
    },
    {
      "type": "Feature",
      "geometry": {
        "type": "Point",
        "coordinates": [
          19.8273726,
          45.2777571
        ]
      },
      "properties": {
        "id": "osm-n-12463702507",
        "category": "cafe",
        "name": "Brunch Lounge",
        "wheelchair": null,
        "fee": null,
        "opening_hours": "Su-Fr 08:00-22:00; Sa 08:00-23:00",
        "source": "osm"
      }
    },
    {
      "type": "Feature",
      "geometry": {
        "type": "Point",
        "coordinates": [
          19.8418907,
          45.2519501
        ]
      },
      "properties": {
        "id": "osm-n-12487343103",
        "category": "cafe",
        "name": "Martin Kafa",
        "wheelchair": null,
        "fee": null,
        "opening_hours": "Mo-Fr 08:00-21:00; Sa-Su 09:00-21:00",
        "source": "osm"
      }
    },
    {
      "type": "Feature",
      "geometry": {
        "type": "Point",
        "coordinates": [
          19.8487841,
          45.2582223
        ]
      },
      "properties": {
        "id": "osm-n-12506395428",
        "category": "shop",
        "name": "Shop",
        "wheelchair": null,
        "fee": null,
        "opening_hours": null,
        "source": "osm"
      }
    },
    {
      "type": "Feature",
      "geometry": {
        "type": "Point",
        "coordinates": [
          19.8102173,
          45.262975
        ]
      },
      "properties": {
        "id": "osm-n-12551749517",
        "category": "shop",
        "name": "Super DIS",
        "wheelchair": null,
        "fee": null,
        "opening_hours": "Mo-Su 07:00-22:00",
        "source": "osm"
      }
    },
    {
      "type": "Feature",
      "geometry": {
        "type": "Point",
        "coordinates": [
          19.8360262,
          45.2476613
        ]
      },
      "properties": {
        "id": "osm-n-12574967963",
        "category": "shop",
        "name": "\u0410\u0440\u043e\u043c\u0430",
        "wheelchair": null,
        "fee": null,
        "opening_hours": null,
        "source": "osm"
      }
    },
    {
      "type": "Feature",
      "geometry": {
        "type": "Point",
        "coordinates": [
          19.8460316,
          45.258374
        ]
      },
      "properties": {
        "id": "osm-n-12600087622",
        "category": "cafe",
        "name": "Fika",
        "wheelchair": null,
        "fee": null,
        "opening_hours": "Mo-Fr 9:00-20:00; Sa-Su 10:00-20:00",
        "source": "osm"
      }
    },
    {
      "type": "Feature",
      "geometry": {
        "type": "Point",
        "coordinates": [
          19.8482631,
          45.2376947
        ]
      },
      "properties": {
        "id": "osm-n-12663618548",
        "category": "info",
        "name": "Info",
        "wheelchair": null,
        "fee": null,
        "opening_hours": null,
        "source": "osm"
      }
    },
    {
      "type": "Feature",
      "geometry": {
        "type": "Point",
        "coordinates": [
          19.8554752,
          45.2534349
        ]
      },
      "properties": {
        "id": "osm-n-12663618610",
        "category": "info",
        "name": "Dunavska ruta",
        "wheelchair": null,
        "fee": null,
        "opening_hours": null,
        "source": "osm"
      }
    },
    {
      "type": "Feature",
      "geometry": {
        "type": "Point",
        "coordinates": [
          19.8656763,
          45.2533668
        ]
      },
      "properties": {
        "id": "osm-n-12749584702",
        "category": "info",
        "name": "Info",
        "wheelchair": null,
        "fee": null,
        "opening_hours": null,
        "source": "osm"
      }
    },
    {
      "type": "Feature",
      "geometry": {
        "type": "Point",
        "coordinates": [
          19.8226428,
          45.2948255
        ]
      },
      "properties": {
        "id": "osm-n-12752367402",
        "category": "fuel",
        "name": "Naftachem",
        "wheelchair": null,
        "fee": null,
        "opening_hours": "Mo-Su 06:00-22:00",
        "source": "osm"
      }
    },
    {
      "type": "Feature",
      "geometry": {
        "type": "Point",
        "coordinates": [
          19.8524331,
          45.2519727
        ]
      },
      "properties": {
        "id": "osm-n-12758282733",
        "category": "shop",
        "name": "\u041c\u0438\u043a\u0440\u043e\u043c\u0430\u0440\u043a\u0435\u0442",
        "wheelchair": null,
        "fee": null,
        "opening_hours": null,
        "source": "osm"
      }
    },
    {
      "type": "Feature",
      "geometry": {
        "type": "Point",
        "coordinates": [
          19.8490047,
          45.2671669
        ]
      },
      "properties": {
        "id": "osm-n-12770326018",
        "category": "fuel",
        "name": "Lukoil",
        "wheelchair": null,
        "fee": null,
        "opening_hours": "24/7",
        "source": "osm"
      }
    },
    {
      "type": "Feature",
      "geometry": {
        "type": "Point",
        "coordinates": [
          19.8325075,
          45.2673479
        ]
      },
      "properties": {
        "id": "osm-n-12770326019",
        "category": "fuel",
        "name": "Lukoil",
        "wheelchair": null,
        "fee": null,
        "opening_hours": "24/7",
        "source": "osm"
      }
    },
    {
      "type": "Feature",
      "geometry": {
        "type": "Point",
        "coordinates": [
          19.8057869,
          45.2594741
        ]
      },
      "properties": {
        "id": "osm-n-12770326020",
        "category": "fuel",
        "name": "Lukoil",
        "wheelchair": null,
        "fee": null,
        "opening_hours": "24/7",
        "source": "osm"
      }
    },
    {
      "type": "Feature",
      "geometry": {
        "type": "Point",
        "coordinates": [
          19.8493502,
          45.2580818
        ]
      },
      "properties": {
        "id": "osm-n-12778332961",
        "category": "shop",
        "name": "Shop",
        "wheelchair": null,
        "fee": null,
        "opening_hours": null,
        "source": "osm"
      }
    },
    {
      "type": "Feature",
      "geometry": {
        "type": "Point",
        "coordinates": [
          19.8442543,
          45.2701518
        ]
      },
      "properties": {
        "id": "osm-n-12784320817",
        "category": "fuel",
        "name": "\u0415\u041a\u041e \u041f\u0435\u0442\u0440\u043e\u043b",
        "wheelchair": null,
        "fee": null,
        "opening_hours": "24/7",
        "source": "osm"
      }
    },
    {
      "type": "Feature",
      "geometry": {
        "type": "Point",
        "coordinates": [
          19.8456803,
          45.2361082
        ]
      },
      "properties": {
        "id": "osm-n-12790533373",
        "category": "water",
        "name": "Water",
        "wheelchair": null,
        "fee": null,
        "opening_hours": null,
        "source": "osm"
      }
    },
    {
      "type": "Feature",
      "geometry": {
        "type": "Point",
        "coordinates": [
          19.8457319,
          45.2361205
        ]
      },
      "properties": {
        "id": "osm-n-12790533374",
        "category": "water",
        "name": "Water",
        "wheelchair": null,
        "fee": null,
        "opening_hours": null,
        "source": "osm"
      }
    },
    {
      "type": "Feature",
      "geometry": {
        "type": "Point",
        "coordinates": [
          19.845621,
          45.2362026
        ]
      },
      "properties": {
        "id": "osm-n-12790533375",
        "category": "toilet",
        "name": "Toilet",
        "wheelchair": "yes",
        "fee": "no",
        "opening_hours": null,
        "source": "osm"
      }
    },
    {
      "type": "Feature",
      "geometry": {
        "type": "Point",
        "coordinates": [
          19.8456938,
          45.2362198
        ]
      },
      "properties": {
        "id": "osm-n-12790533376",
        "category": "toilet",
        "name": "Toilet",
        "wheelchair": "yes",
        "fee": "no",
        "opening_hours": null,
        "source": "osm"
      }
    },
    {
      "type": "Feature",
      "geometry": {
        "type": "Point",
        "coordinates": [
          19.8283613,
          45.2371879
        ]
      },
      "properties": {
        "id": "osm-n-12800191001",
        "category": "shop",
        "name": "Mikromarket",
        "wheelchair": null,
        "fee": null,
        "opening_hours": null,
        "source": "osm"
      }
    },
    {
      "type": "Feature",
      "geometry": {
        "type": "Point",
        "coordinates": [
          19.8277144,
          45.2841164
        ]
      },
      "properties": {
        "id": "osm-n-12809819283",
        "category": "fuel",
        "name": "ButanGas",
        "wheelchair": null,
        "fee": null,
        "opening_hours": "24/7",
        "source": "osm"
      }
    },
    {
      "type": "Feature",
      "geometry": {
        "type": "Point",
        "coordinates": [
          19.8406664,
          45.2670892
        ]
      },
      "properties": {
        "id": "osm-n-12854222901",
        "category": "shop",
        "name": "Mikromarket",
        "wheelchair": null,
        "fee": null,
        "opening_hours": null,
        "source": "osm"
      }
    },
    {
      "type": "Feature",
      "geometry": {
        "type": "Point",
        "coordinates": [
          19.8033101,
          45.2690041
        ]
      },
      "properties": {
        "id": "osm-n-12860327677",
        "category": "fuel",
        "name": "Bobar petrol",
        "wheelchair": null,
        "fee": null,
        "opening_hours": "24/7",
        "source": "osm"
      }
    },
    {
      "type": "Feature",
      "geometry": {
        "type": "Point",
        "coordinates": [
          19.8210698,
          45.2719881
        ]
      },
      "properties": {
        "id": "osm-n-12860350221",
        "category": "fuel",
        "name": "Ekspres gas",
        "wheelchair": null,
        "fee": null,
        "opening_hours": "24/7",
        "source": "osm"
      }
    },
    {
      "type": "Feature",
      "geometry": {
        "type": "Point",
        "coordinates": [
          19.847742,
          45.267764
        ]
      },
      "properties": {
        "id": "osm-n-12867072349",
        "category": "fuel",
        "name": "MOL",
        "wheelchair": null,
        "fee": null,
        "opening_hours": "24/7",
        "source": "osm"
      }
    },
    {
      "type": "Feature",
      "geometry": {
        "type": "Point",
        "coordinates": [
          19.8187589,
          45.2578247
        ]
      },
      "properties": {
        "id": "osm-n-12867072350",
        "category": "fuel",
        "name": "MOL",
        "wheelchair": "yes",
        "fee": null,
        "opening_hours": "24/7",
        "source": "osm"
      }
    },
    {
      "type": "Feature",
      "geometry": {
        "type": "Point",
        "coordinates": [
          19.8136002,
          45.2482117
        ]
      },
      "properties": {
        "id": "osm-n-12867072351",
        "category": "fuel",
        "name": "MOL",
        "wheelchair": null,
        "fee": null,
        "opening_hours": "24/7",
        "source": "osm"
      }
    },
    {
      "type": "Feature",
      "geometry": {
        "type": "Point",
        "coordinates": [
          19.8500124,
          45.2528472
        ]
      },
      "properties": {
        "id": "osm-n-12874213332",
        "category": "water",
        "name": "Water",
        "wheelchair": null,
        "fee": null,
        "opening_hours": null,
        "source": "osm"
      }
    },
    {
      "type": "Feature",
      "geometry": {
        "type": "Point",
        "coordinates": [
          19.830295,
          45.2433439
        ]
      },
      "properties": {
        "id": "osm-n-12903551770",
        "category": "shop",
        "name": "IDEA",
        "wheelchair": null,
        "fee": null,
        "opening_hours": "07:00-22:00",
        "source": "osm"
      }
    },
    {
      "type": "Feature",
      "geometry": {
        "type": "Point",
        "coordinates": [
          19.827946,
          45.2645713
        ]
      },
      "properties": {
        "id": "osm-n-12914125686",
        "category": "water",
        "name": "Water",
        "wheelchair": null,
        "fee": null,
        "opening_hours": null,
        "source": "osm"
      }
    },
    {
      "type": "Feature",
      "geometry": {
        "type": "Point",
        "coordinates": [
          19.8500528,
          45.2576601
        ]
      },
      "properties": {
        "id": "osm-n-12945303244",
        "category": "cafe",
        "name": "Pastai",
        "wheelchair": null,
        "fee": null,
        "opening_hours": null,
        "source": "osm"
      }
    },
    {
      "type": "Feature",
      "geometry": {
        "type": "Point",
        "coordinates": [
          19.8177949,
          45.2621432
        ]
      },
      "properties": {
        "id": "osm-n-12950111300",
        "category": "cafe",
        "name": "Index \u0160estica",
        "wheelchair": null,
        "fee": null,
        "opening_hours": "24/7",
        "source": "osm"
      }
    },
    {
      "type": "Feature",
      "geometry": {
        "type": "Point",
        "coordinates": [
          19.8238107,
          45.2593869
        ]
      },
      "properties": {
        "id": "osm-n-12950111406",
        "category": "clinic",
        "name": "MediGroup",
        "wheelchair": null,
        "fee": null,
        "opening_hours": "Mo-Fr 07:00-21:00; Sa 08:00-13:00; Su off",
        "source": "osm"
      }
    },
    {
      "type": "Feature",
      "geometry": {
        "type": "Point",
        "coordinates": [
          19.8533836,
          45.2526139
        ]
      },
      "properties": {
        "id": "osm-n-12960363791",
        "category": "shop",
        "name": "\u0417\u0430\u0458\u0435\u0447\u0430\u0440\u0441\u043a\u043e",
        "wheelchair": null,
        "fee": null,
        "opening_hours": "06:30-24:00",
        "source": "osm"
      }
    },
    {
      "type": "Feature",
      "geometry": {
        "type": "Point",
        "coordinates": [
          19.8093359,
          45.2636638
        ]
      },
      "properties": {
        "id": "osm-n-12962323701",
        "category": "shop",
        "name": "Maxi",
        "wheelchair": null,
        "fee": null,
        "opening_hours": "Mo-Su 06:30-22:00",
        "source": "osm"
      }
    },
    {
      "type": "Feature",
      "geometry": {
        "type": "Point",
        "coordinates": [
          19.8482894,
          45.2490514
        ]
      },
      "properties": {
        "id": "osm-n-12986244959",
        "category": "cafe",
        "name": "Cafe",
        "wheelchair": null,
        "fee": null,
        "opening_hours": null,
        "source": "osm"
      }
    },
    {
      "type": "Feature",
      "geometry": {
        "type": "Point",
        "coordinates": [
          19.8468159,
          45.2485557
        ]
      },
      "properties": {
        "id": "osm-n-12986244964",
        "category": "shop",
        "name": "Maxim",
        "wheelchair": null,
        "fee": null,
        "opening_hours": null,
        "source": "osm"
      }
    },
    {
      "type": "Feature",
      "geometry": {
        "type": "Point",
        "coordinates": [
          19.8236597,
          45.2508127
        ]
      },
      "properties": {
        "id": "osm-n-12990217263",
        "category": "info",
        "name": "\u041f\u0443\u0442\u043e\u043a\u0430\u0437",
        "wheelchair": null,
        "fee": null,
        "opening_hours": null,
        "source": "osm"
      }
    },
    {
      "type": "Feature",
      "geometry": {
        "type": "Point",
        "coordinates": [
          19.8471008,
          45.2461233
        ]
      },
      "properties": {
        "id": "osm-n-13008872230",
        "category": "water",
        "name": "Water",
        "wheelchair": null,
        "fee": null,
        "opening_hours": null,
        "source": "osm"
      }
    },
    {
      "type": "Feature",
      "geometry": {
        "type": "Point",
        "coordinates": [
          19.8466555,
          45.2454999
        ]
      },
      "properties": {
        "id": "osm-n-13008872231",
        "category": "water",
        "name": "Water",
        "wheelchair": null,
        "fee": null,
        "opening_hours": null,
        "source": "osm"
      }
    },
    {
      "type": "Feature",
      "geometry": {
        "type": "Point",
        "coordinates": [
          19.852037,
          45.254318
        ]
      },
      "properties": {
        "id": "osm-n-13026981873",
        "category": "info",
        "name": "Info",
        "wheelchair": null,
        "fee": null,
        "opening_hours": null,
        "source": "osm"
      }
    },
    {
      "type": "Feature",
      "geometry": {
        "type": "Point",
        "coordinates": [
          19.8244379,
          45.2491
        ]
      },
      "properties": {
        "id": "osm-n-13045340501",
        "category": "cafe",
        "name": "Jiggie's",
        "wheelchair": null,
        "fee": null,
        "opening_hours": "Mo-Fr 07:30-23:00, Sa,Su 08:30-01:00",
        "source": "osm"
      }
    },
    {
      "type": "Feature",
      "geometry": {
        "type": "Point",
        "coordinates": [
          19.8047755,
          45.2551632
        ]
      },
      "properties": {
        "id": "osm-n-13045340601",
        "category": "cafe",
        "name": "Porch concept",
        "wheelchair": null,
        "fee": null,
        "opening_hours": null,
        "source": "osm"
      }
    },
    {
      "type": "Feature",
      "geometry": {
        "type": "Point",
        "coordinates": [
          19.8471209,
          45.2559075
        ]
      },
      "properties": {
        "id": "osm-n-13045340901",
        "category": "cafe",
        "name": "Absolut",
        "wheelchair": null,
        "fee": null,
        "opening_hours": null,
        "source": "osm"
      }
    },
    {
      "type": "Feature",
      "geometry": {
        "type": "Point",
        "coordinates": [
          19.8337343,
          45.2466708
        ]
      },
      "properties": {
        "id": "osm-n-13050899460",
        "category": "cafe",
        "name": "Coffee Bara",
        "wheelchair": null,
        "fee": null,
        "opening_hours": "Mo-Su 08:00-22:00",
        "source": "osm"
      }
    },
    {
      "type": "Feature",
      "geometry": {
        "type": "Point",
        "coordinates": [
          19.8169666,
          45.2637871
        ]
      },
      "properties": {
        "id": "osm-n-13050899461",
        "category": "cafe",
        "name": "Coffee Bara",
        "wheelchair": null,
        "fee": null,
        "opening_hours": "Mo-Su 09:00-21:00",
        "source": "osm"
      }
    },
    {
      "type": "Feature",
      "geometry": {
        "type": "Point",
        "coordinates": [
          19.8499983,
          45.2574354
        ]
      },
      "properties": {
        "id": "osm-n-13062039624",
        "category": "shop",
        "name": "Prva ruska kuhinja",
        "wheelchair": "no",
        "fee": null,
        "opening_hours": "Mo-Th,Su 09:00-21:00; Fr-Sa 09:00-24:00",
        "source": "osm"
      }
    },
    {
      "type": "Feature",
      "geometry": {
        "type": "Point",
        "coordinates": [
          19.8422447,
          45.2624041
        ]
      },
      "properties": {
        "id": "osm-n-13087945214",
        "category": "parking",
        "name": "Parking",
        "wheelchair": null,
        "fee": null,
        "opening_hours": null,
        "source": "osm"
      }
    },
    {
      "type": "Feature",
      "geometry": {
        "type": "Point",
        "coordinates": [
          19.8554904,
          45.2534368
        ]
      },
      "properties": {
        "id": "osm-n-13110786372",
        "category": "info",
        "name": "Info",
        "wheelchair": null,
        "fee": null,
        "opening_hours": null,
        "source": "osm"
      }
    },
    {
      "type": "Feature",
      "geometry": {
        "type": "Point",
        "coordinates": [
          19.8335912,
          45.2368608
        ]
      },
      "properties": {
        "id": "osm-n-13113094584",
        "category": "info",
        "name": "Info",
        "wheelchair": null,
        "fee": null,
        "opening_hours": null,
        "source": "osm"
      }
    },
    {
      "type": "Feature",
      "geometry": {
        "type": "Point",
        "coordinates": [
          19.8376318,
          45.236558
        ]
      },
      "properties": {
        "id": "osm-n-13116942904",
        "category": "info",
        "name": "Info",
        "wheelchair": null,
        "fee": null,
        "opening_hours": null,
        "source": "osm"
      }
    },
    {
      "type": "Feature",
      "geometry": {
        "type": "Point",
        "coordinates": [
          19.8473722,
          45.2416162
        ]
      },
      "properties": {
        "id": "osm-n-13133872501",
        "category": "shop",
        "name": "Neto Diskont",
        "wheelchair": null,
        "fee": null,
        "opening_hours": "Mo-Sa 07:00-21:00; Su 07:00-14:00",
        "source": "osm"
      }
    },
    {
      "type": "Feature",
      "geometry": {
        "type": "Point",
        "coordinates": [
          19.824868,
          45.2399737
        ]
      },
      "properties": {
        "id": "osm-n-13158584895",
        "category": "clinic",
        "name": "\u041f\u043e\u043b\u0438\u043a\u043b\u0438\u043d\u0438\u043a\u0430 \u0410\u043d\u0452\u0435\u043b\u0438\u045b \u0438 \u0441\u0430\u0440\u0430\u0434\u043d\u0438\u0446\u0438",
        "wheelchair": null,
        "fee": null,
        "opening_hours": "Mo-Tu 14:00-20:00; We-Fr 09:00-16:00; Sa-Su off",
        "source": "osm"
      }
    },
    {
      "type": "Feature",
      "geometry": {
        "type": "Point",
        "coordinates": [
          19.8599919,
          45.2547833
        ]
      },
      "properties": {
        "id": "osm-n-13165639894",
        "category": "info",
        "name": "Info",
        "wheelchair": null,
        "fee": null,
        "opening_hours": null,
        "source": "osm"
      }
    },
    {
      "type": "Feature",
      "geometry": {
        "type": "Point",
        "coordinates": [
          19.8550467,
          45.2544711
        ]
      },
      "properties": {
        "id": "osm-n-13165647480",
        "category": "info",
        "name": "Info",
        "wheelchair": null,
        "fee": null,
        "opening_hours": null,
        "source": "osm"
      }
    },
    {
      "type": "Feature",
      "geometry": {
        "type": "Point",
        "coordinates": [
          19.8550632,
          45.2543624
        ]
      },
      "properties": {
        "id": "osm-n-13165647481",
        "category": "info",
        "name": "Info",
        "wheelchair": null,
        "fee": null,
        "opening_hours": null,
        "source": "osm"
      }
    },
    {
      "type": "Feature",
      "geometry": {
        "type": "Point",
        "coordinates": [
          19.8819557,
          45.2427924
        ]
      },
      "properties": {
        "id": "osm-n-13165682213",
        "category": "info",
        "name": "Info",
        "wheelchair": null,
        "fee": null,
        "opening_hours": null,
        "source": "osm"
      }
    },
    {
      "type": "Feature",
      "geometry": {
        "type": "Point",
        "coordinates": [
          19.8405519,
          45.2670797
        ]
      },
      "properties": {
        "id": "osm-n-13168158797",
        "category": "cafe",
        "name": "Cacao Bean Cafe",
        "wheelchair": null,
        "fee": null,
        "opening_hours": "Mo-Su 08:00-23:00",
        "source": "osm"
      }
    },
    {
      "type": "Feature",
      "geometry": {
        "type": "Point",
        "coordinates": [
          19.8621272,
          45.2524631
        ]
      },
      "properties": {
        "id": "osm-n-13176349855",
        "category": "info",
        "name": "Info",
        "wheelchair": null,
        "fee": null,
        "opening_hours": null,
        "source": "osm"
      }
    },
    {
      "type": "Feature",
      "geometry": {
        "type": "Point",
        "coordinates": [
          19.8505151,
          45.254367
        ]
      },
      "properties": {
        "id": "osm-n-13181756338",
        "category": "info",
        "name": "Info",
        "wheelchair": null,
        "fee": null,
        "opening_hours": null,
        "source": "osm"
      }
    },
    {
      "type": "Feature",
      "geometry": {
        "type": "Point",
        "coordinates": [
          19.8411044,
          45.242622
        ]
      },
      "properties": {
        "id": "osm-n-13183413901",
        "category": "cafe",
        "name": "Drive Cafe",
        "wheelchair": null,
        "fee": null,
        "opening_hours": null,
        "source": "osm"
      }
    },
    {
      "type": "Feature",
      "geometry": {
        "type": "Point",
        "coordinates": [
          19.8405211,
          45.253244
        ]
      },
      "properties": {
        "id": "osm-n-13183965593",
        "category": "info",
        "name": "Info",
        "wheelchair": null,
        "fee": null,
        "opening_hours": null,
        "source": "osm"
      }
    },
    {
      "type": "Feature",
      "geometry": {
        "type": "Point",
        "coordinates": [
          19.8496075,
          45.2423605
        ]
      },
      "properties": {
        "id": "osm-n-13207464721",
        "category": "shop",
        "name": "IDEA",
        "wheelchair": null,
        "fee": null,
        "opening_hours": null,
        "source": "osm"
      }
    },
    {
      "type": "Feature",
      "geometry": {
        "type": "Point",
        "coordinates": [
          19.8241499,
          45.2398386
        ]
      },
      "properties": {
        "id": "osm-n-13208348486",
        "category": "cafe",
        "name": "Milky",
        "wheelchair": null,
        "fee": null,
        "opening_hours": "Mo-Fr 10:00-20:00",
        "source": "osm"
      }
    },
    {
      "type": "Feature",
      "geometry": {
        "type": "Point",
        "coordinates": [
          19.8406713,
          45.2671028
        ]
      },
      "properties": {
        "id": "osm-n-13235388701",
        "category": "shop",
        "name": "\u041c\u0438\u043a\u0440\u043e\u043c\u0430\u0440\u043a\u0435\u0442",
        "wheelchair": null,
        "fee": null,
        "opening_hours": null,
        "source": "osm"
      }
    },
    {
      "type": "Feature",
      "geometry": {
        "type": "Point",
        "coordinates": [
          19.8543167,
          45.2618722
        ]
      },
      "properties": {
        "id": "osm-n-13239178852",
        "category": "shop",
        "name": "Mikromarket PJ 39",
        "wheelchair": "yes",
        "fee": null,
        "opening_hours": "24/7",
        "source": "osm"
      }
    },
    {
      "type": "Feature",
      "geometry": {
        "type": "Point",
        "coordinates": [
          19.8127189,
          45.2563019
        ]
      },
      "properties": {
        "id": "osm-n-13243160101",
        "category": "cafe",
        "name": "Tischler kafi\u0107",
        "wheelchair": null,
        "fee": null,
        "opening_hours": "Mo-Fr 08:00-20:00; Sa-Su 09:00-17:00",
        "source": "osm"
      }
    },
    {
      "type": "Feature",
      "geometry": {
        "type": "Point",
        "coordinates": [
          19.8832347,
          45.241905
        ]
      },
      "properties": {
        "id": "osm-n-13244584615",
        "category": "info",
        "name": "Info",
        "wheelchair": null,
        "fee": null,
        "opening_hours": null,
        "source": "osm"
      }
    },
    {
      "type": "Feature",
      "geometry": {
        "type": "Point",
        "coordinates": [
          19.8496152,
          45.2595736
        ]
      },
      "properties": {
        "id": "osm-n-13248245601",
        "category": "cafe",
        "name": "Drago mi je",
        "wheelchair": "no",
        "fee": null,
        "opening_hours": "Mo-Fr 08:00-19:00; Sa-Su 11:00-19:00",
        "source": "osm"
      }
    },
    {
      "type": "Feature",
      "geometry": {
        "type": "Point",
        "coordinates": [
          19.8469331,
          45.2431895
        ]
      },
      "properties": {
        "id": "osm-n-13254113004",
        "category": "shop",
        "name": "\u041c\u0438\u043a\u0440\u043e\u043c\u0430\u0440\u043a\u0435\u0442",
        "wheelchair": "yes",
        "fee": null,
        "opening_hours": "07:00-23:00",
        "source": "osm"
      }
    },
    {
      "type": "Feature",
      "geometry": {
        "type": "Point",
        "coordinates": [
          19.8474031,
          45.2413973
        ]
      },
      "properties": {
        "id": "osm-n-13254113007",
        "category": "shop",
        "name": "\u041c\u0438\u043a\u0440\u043e\u043c\u0430\u0440\u043a\u0435\u0442",
        "wheelchair": "yes",
        "fee": null,
        "opening_hours": "00:00-24:00",
        "source": "osm"
      }
    },
    {
      "type": "Feature",
      "geometry": {
        "type": "Point",
        "coordinates": [
          19.8483174,
          45.2423198
        ]
      },
      "properties": {
        "id": "osm-n-13254113008",
        "category": "shop",
        "name": "Univerexport",
        "wheelchair": null,
        "fee": null,
        "opening_hours": null,
        "source": "osm"
      }
    },
    {
      "type": "Feature",
      "geometry": {
        "type": "Point",
        "coordinates": [
          19.8446305,
          45.2495109
        ]
      },
      "properties": {
        "id": "osm-n-13256193369",
        "category": "fuel",
        "name": "\u0413\u0430\u0437\u043f\u0440\u043e\u043c",
        "wheelchair": null,
        "fee": null,
        "opening_hours": "24/7",
        "source": "osm"
      }
    },
    {
      "type": "Feature",
      "geometry": {
        "type": "Point",
        "coordinates": [
          19.879985,
          45.2455976
        ]
      },
      "properties": {
        "id": "osm-n-13273497769",
        "category": "shop",
        "name": "\u041c\u0438\u043a\u0440\u043e\u043c\u0430\u0440\u043a\u0435\u0442",
        "wheelchair": null,
        "fee": null,
        "opening_hours": null,
        "source": "osm"
      }
    },
    {
      "type": "Feature",
      "geometry": {
        "type": "Point",
        "coordinates": [
          19.8814682,
          45.2432819
        ]
      },
      "properties": {
        "id": "osm-n-13273521246",
        "category": "cafe",
        "name": "\u0424\u043e\u0440\u0442\u0430\u043b\u0435\u0437\u0430",
        "wheelchair": null,
        "fee": null,
        "opening_hours": null,
        "source": "osm"
      }
    },
    {
      "type": "Feature",
      "geometry": {
        "type": "Point",
        "coordinates": [
          19.8181884,
          45.255201
        ]
      },
      "properties": {
        "id": "osm-n-13273809887",
        "category": "cafe",
        "name": "Negresco",
        "wheelchair": null,
        "fee": null,
        "opening_hours": null,
        "source": "osm"
      }
    },
    {
      "type": "Feature",
      "geometry": {
        "type": "Point",
        "coordinates": [
          19.8379581,
          45.2800713
        ]
      },
      "properties": {
        "id": "osm-n-13308138748",
        "category": "shop",
        "name": "\u0410\u043c\u0430\u043d",
        "wheelchair": null,
        "fee": null,
        "opening_hours": null,
        "source": "osm"
      }
    },
    {
      "type": "Feature",
      "geometry": {
        "type": "Point",
        "coordinates": [
          19.8504869,
          45.2521486
        ]
      },
      "properties": {
        "id": "osm-n-13310872343",
        "category": "cafe",
        "name": "Vrabac Specialty Coffee Shop",
        "wheelchair": null,
        "fee": null,
        "opening_hours": "Mo-Fr 07:00-17:00, Sa 08:00-18:00",
        "source": "osm"
      }
    },
    {
      "type": "Feature",
      "geometry": {
        "type": "Point",
        "coordinates": [
          19.8519077,
          45.2500905
        ]
      },
      "properties": {
        "id": "osm-n-13310872344",
        "category": "cafe",
        "name": "Albysuperstore",
        "wheelchair": null,
        "fee": null,
        "opening_hours": "Mo-Sa 08:00-20:00",
        "source": "osm"
      }
    },
    {
      "type": "Feature",
      "geometry": {
        "type": "Point",
        "coordinates": [
          19.861772,
          45.25475
        ]
      },
      "properties": {
        "id": "osm-n-13310872346",
        "category": "cafe",
        "name": "Martin Kafa",
        "wheelchair": null,
        "fee": null,
        "opening_hours": "Tu-Sa 09:00-18:00",
        "source": "osm"
      }
    },
    {
      "type": "Feature",
      "geometry": {
        "type": "Point",
        "coordinates": [
          19.8257088,
          45.2772486
        ]
      },
      "properties": {
        "id": "osm-n-13317124914",
        "category": "charging",
        "name": "Charging",
        "wheelchair": null,
        "fee": "yes",
        "opening_hours": null,
        "source": "osm"
      }
    },
    {
      "type": "Feature",
      "geometry": {
        "type": "Point",
        "coordinates": [
          19.8666835,
          45.2529872
        ]
      },
      "properties": {
        "id": "osm-n-13390541210",
        "category": "info",
        "name": "Info",
        "wheelchair": null,
        "fee": null,
        "opening_hours": null,
        "source": "osm"
      }
    },
    {
      "type": "Feature",
      "geometry": {
        "type": "Point",
        "coordinates": [
          19.8597321,
          45.2549514
        ]
      },
      "properties": {
        "id": "osm-n-13393347595",
        "category": "info",
        "name": "Info",
        "wheelchair": null,
        "fee": null,
        "opening_hours": null,
        "source": "osm"
      }
    },
    {
      "type": "Feature",
      "geometry": {
        "type": "Point",
        "coordinates": [
          19.8745492,
          45.2504754
        ]
      },
      "properties": {
        "id": "osm-n-13410310140",
        "category": "info",
        "name": "Info",
        "wheelchair": null,
        "fee": null,
        "opening_hours": null,
        "source": "osm"
      }
    },
    {
      "type": "Feature",
      "geometry": {
        "type": "Point",
        "coordinates": [
          19.8784978,
          45.2710438
        ]
      },
      "properties": {
        "id": "osm-n-13452692613",
        "category": "shop",
        "name": "Shop",
        "wheelchair": null,
        "fee": null,
        "opening_hours": null,
        "source": "osm"
      }
    },
    {
      "type": "Feature",
      "geometry": {
        "type": "Point",
        "coordinates": [
          19.8584083,
          45.2635427
        ]
      },
      "properties": {
        "id": "osm-n-13456684045",
        "category": "info",
        "name": "Info",
        "wheelchair": null,
        "fee": null,
        "opening_hours": null,
        "source": "osm"
      }
    },
    {
      "type": "Feature",
      "geometry": {
        "type": "Point",
        "coordinates": [
          19.8484031,
          45.2463512
        ]
      },
      "properties": {
        "id": "osm-n-13460663641",
        "category": "info",
        "name": "Info",
        "wheelchair": null,
        "fee": null,
        "opening_hours": null,
        "source": "osm"
      }
    },
    {
      "type": "Feature",
      "geometry": {
        "type": "Point",
        "coordinates": [
          19.8488515,
          45.2480973
        ]
      },
      "properties": {
        "id": "osm-n-13473065019",
        "category": "cafe",
        "name": "Tamo daleko",
        "wheelchair": "yes",
        "fee": null,
        "opening_hours": null,
        "source": "osm"
      }
    },
    {
      "type": "Feature",
      "geometry": {
        "type": "Point",
        "coordinates": [
          19.845985,
          45.2473857
        ]
      },
      "properties": {
        "id": "osm-n-13475133246",
        "category": "toilet",
        "name": "Toilet",
        "wheelchair": null,
        "fee": "yes",
        "opening_hours": null,
        "source": "osm"
      }
    },
    {
      "type": "Feature",
      "geometry": {
        "type": "Point",
        "coordinates": [
          19.8223227,
          45.2371528
        ]
      },
      "properties": {
        "id": "osm-n-13477000143",
        "category": "clinic",
        "name": "\u0425\u0438\u0440\u0443\u0440\u0448\u043a\u0438 \u0446\u0435\u043d\u0442\u0430\u0440 \u041f\u043e\u043f\u043e\u0432\u0438\u045b",
        "wheelchair": null,
        "fee": null,
        "opening_hours": "Mo,Th 12:00-20:00; Tu,We,Fr 09:00-17:00",
        "source": "osm"
      }
    },
    {
      "type": "Feature",
      "geometry": {
        "type": "Point",
        "coordinates": [
          19.8558648,
          45.2640905
        ]
      },
      "properties": {
        "id": "osm-n-13479532868",
        "category": "info",
        "name": "\u041d\u043e\u0432\u0438 \u0421\u0430\u0434",
        "wheelchair": null,
        "fee": null,
        "opening_hours": null,
        "source": "osm"
      }
    },
    {
      "type": "Feature",
      "geometry": {
        "type": "Point",
        "coordinates": [
          19.8510243,
          45.2616269
        ]
      },
      "properties": {
        "id": "osm-n-13516257772",
        "category": "clinic",
        "name": "Atina",
        "wheelchair": null,
        "fee": null,
        "opening_hours": "Mo-Fr 08:00-21:00; Sa 08:00-13:00; Su off",
        "source": "osm"
      }
    },
    {
      "type": "Feature",
      "geometry": {
        "type": "Point",
        "coordinates": [
          19.8551461,
          45.2597365
        ]
      },
      "properties": {
        "id": "osm-n-13525608442",
        "category": "cafe",
        "name": "Vajb",
        "wheelchair": null,
        "fee": null,
        "opening_hours": null,
        "source": "osm"
      }
    },
    {
      "type": "Feature",
      "geometry": {
        "type": "Point",
        "coordinates": [
          19.8503262,
          45.2454581
        ]
      },
      "properties": {
        "id": "osm-n-13534169497",
        "category": "charging",
        "name": "\u0424\u0430\u043a\u0443\u043b\u0442\u0435\u0442 \u0442\u0435\u0445\u043d\u0438\u0447\u043a\u0438\u0445 \u043d\u0430\u0443\u043a\u0430",
        "wheelchair": null,
        "fee": "no",
        "opening_hours": null,
        "source": "osm"
      }
    },
    {
      "type": "Feature",
      "geometry": {
        "type": "Point",
        "coordinates": [
          19.8497903,
          45.2605977
        ]
      },
      "properties": {
        "id": "osm-n-13564000585",
        "category": "cafe",
        "name": "Industria",
        "wheelchair": "no",
        "fee": null,
        "opening_hours": "Mo-Th 07:30-23:00; Fr-Sa 07:30-01:00; Su 08:00-23:00",
        "source": "osm"
      }
    },
    {
      "type": "Feature",
      "geometry": {
        "type": "Point",
        "coordinates": [
          19.8394088,
          45.2499505
        ]
      },
      "properties": {
        "id": "osm-n-13585764131",
        "category": "cafe",
        "name": "Green House Coffee",
        "wheelchair": null,
        "fee": null,
        "opening_hours": null,
        "source": "osm"
      }
    },
    {
      "type": "Feature",
      "geometry": {
        "type": "Point",
        "coordinates": [
          19.8406944,
          45.2498159
        ]
      },
      "properties": {
        "id": "osm-n-13586278086",
        "category": "shop",
        "name": "Prva ruska kuhinja",
        "wheelchair": "limited",
        "fee": null,
        "opening_hours": "Mo-Su 09:00-24:00",
        "source": "osm"
      }
    },
    {
      "type": "Feature",
      "geometry": {
        "type": "Point",
        "coordinates": [
          19.8253003,
          45.2449725
        ]
      },
      "properties": {
        "id": "osm-n-13586278087",
        "category": "shop",
        "name": "Prva ruska kuhinja",
        "wheelchair": "limited",
        "fee": null,
        "opening_hours": "Mo-Su 09:00-24:00",
        "source": "osm"
      }
    },
    {
      "type": "Feature",
      "geometry": {
        "type": "Point",
        "coordinates": [
          19.8457179,
          45.2642266
        ]
      },
      "properties": {
        "id": "osm-n-13615022885",
        "category": "cafe",
        "name": "Cafe",
        "wheelchair": null,
        "fee": null,
        "opening_hours": null,
        "source": "osm"
      }
    },
    {
      "type": "Feature",
      "geometry": {
        "type": "Point",
        "coordinates": [
          19.8441436,
          45.265031
        ]
      },
      "properties": {
        "id": "osm-n-13615024342",
        "category": "shop",
        "name": "Shop",
        "wheelchair": null,
        "fee": null,
        "opening_hours": null,
        "source": "osm"
      }
    },
    {
      "type": "Feature",
      "geometry": {
        "type": "Point",
        "coordinates": [
          19.8351745,
          45.2527258
        ]
      },
      "properties": {
        "id": "osm-n-13624071197",
        "category": "cafe",
        "name": "Fancy Bakery",
        "wheelchair": null,
        "fee": null,
        "opening_hours": "Mo-Fr 09:00-18:00; Sa 10:00-20:00",
        "source": "osm"
      }
    },
    {
      "type": "Feature",
      "geometry": {
        "type": "Point",
        "coordinates": [
          19.806182,
          45.2711296
        ]
      },
      "properties": {
        "id": "osm-n-13686857680",
        "category": "clinic",
        "name": "New Hospital",
        "wheelchair": null,
        "fee": null,
        "opening_hours": null,
        "source": "osm"
      }
    },
    {
      "type": "Feature",
      "geometry": {
        "type": "Point",
        "coordinates": [
          19.8291282,
          45.2858528
        ]
      },
      "properties": {
        "id": "osm-n-13731153201",
        "category": "shop",
        "name": "IDEA",
        "wheelchair": null,
        "fee": null,
        "opening_hours": "Mo-Su 07:00-21:00",
        "source": "osm"
      }
    },
    {
      "type": "Feature",
      "geometry": {
        "type": "Point",
        "coordinates": [
          19.8499703,
          45.25613
        ]
      },
      "properties": {
        "id": "osm-n-13742075110",
        "category": "cafe",
        "name": "Geo Grill",
        "wheelchair": "no",
        "fee": null,
        "opening_hours": "Mo-Fr 11:00-22:00; Sa-Su 10:00-22:00",
        "source": "osm"
      }
    },
    {
      "type": "Feature",
      "geometry": {
        "type": "Point",
        "coordinates": [
          19.8664599,
          45.2452269
        ]
      },
      "properties": {
        "id": "osm-n-13743618843",
        "category": "info",
        "name": "Info",
        "wheelchair": null,
        "fee": null,
        "opening_hours": null,
        "source": "osm"
      }
    },
    {
      "type": "Feature",
      "geometry": {
        "type": "Point",
        "coordinates": [
          19.8535421,
          45.2442183
        ]
      },
      "properties": {
        "id": "osm-n-13765329021",
        "category": "water",
        "name": "Water",
        "wheelchair": null,
        "fee": null,
        "opening_hours": null,
        "source": "osm"
      }
    },
    {
      "type": "Feature",
      "geometry": {
        "type": "Point",
        "coordinates": [
          19.8413253,
          45.252183
        ]
      },
      "properties": {
        "id": "osm-n-13769573315",
        "category": "cafe",
        "name": "Boardcats",
        "wheelchair": null,
        "fee": null,
        "opening_hours": "Mo 15:00-20:00; Tu-Sa 12:00-20:00",
        "source": "osm"
      }
    },
    {
      "type": "Feature",
      "geometry": {
        "type": "Point",
        "coordinates": [
          19.8499111,
          45.2561658
        ]
      },
      "properties": {
        "id": "osm-n-13774023851",
        "category": "cafe",
        "name": "Ginger",
        "wheelchair": null,
        "fee": null,
        "opening_hours": null,
        "source": "osm"
      }
    },
    {
      "type": "Feature",
      "geometry": {
        "type": "Point",
        "coordinates": [
          19.848064,
          45.2560942
        ]
      },
      "properties": {
        "id": "osm-n-13775847114",
        "category": "cafe",
        "name": "Zvuci Srca",
        "wheelchair": null,
        "fee": null,
        "opening_hours": "Mo-Fr 09:00-20:00",
        "source": "osm"
      }
    },
    {
      "type": "Feature",
      "geometry": {
        "type": "Point",
        "coordinates": [
          19.8109071,
          45.2581774
        ]
      },
      "properties": {
        "id": "osm-n-13776079846",
        "category": "clinic",
        "name": "Galeti\u0107",
        "wheelchair": null,
        "fee": null,
        "opening_hours": "Mo-Fr 08:00-20:00; Sa 08:00-15:00",
        "source": "osm"
      }
    },
    {
      "type": "Feature",
      "geometry": {
        "type": "Point",
        "coordinates": [
          19.8682814,
          45.2519393
        ]
      },
      "properties": {
        "id": "osm-w-32789432",
        "category": "parking",
        "name": "Parking",
        "wheelchair": null,
        "fee": null,
        "opening_hours": null,
        "source": "osm"
      }
    },
    {
      "type": "Feature",
      "geometry": {
        "type": "Point",
        "coordinates": [
          19.8468717,
          45.2531404
        ]
      },
      "properties": {
        "id": "osm-w-37193494",
        "category": "parking",
        "name": "Parking",
        "wheelchair": null,
        "fee": null,
        "opening_hours": null,
        "source": "osm"
      }
    },
    {
      "type": "Feature",
      "geometry": {
        "type": "Point",
        "coordinates": [
          19.8480154,
          45.2379162
        ]
      },
      "properties": {
        "id": "osm-w-43190316",
        "category": "cafe",
        "name": "\u0411\u0435\u0437\u0430",
        "wheelchair": null,
        "fee": null,
        "opening_hours": null,
        "source": "osm"
      }
    },
    {
      "type": "Feature",
      "geometry": {
        "type": "Point",
        "coordinates": [
          19.8219668,
          45.2517417
        ]
      },
      "properties": {
        "id": "osm-w-43320082",
        "category": "hospital",
        "name": "\u0423\u043d\u0438\u0432\u0435\u0440\u0437\u0438\u0442\u0435\u0442\u0441\u043a\u0438 \u043a\u043b\u0438\u043d\u0438\u0447\u043a\u0438 \u0446\u0435\u043d\u0442\u0430\u0440 \u0412\u043e\u0458\u0432\u043e\u0434\u0438\u043d\u0435",
        "wheelchair": "yes",
        "fee": null,
        "opening_hours": null,
        "source": "osm"
      }
    },
    {
      "type": "Feature",
      "geometry": {
        "type": "Point",
        "coordinates": [
          19.823258,
          45.2498065
        ]
      },
      "properties": {
        "id": "osm-w-43320085",
        "category": "clinic",
        "name": "\u041a\u043b\u0438\u043d\u0438\u043a\u0430 \u0437\u0430 \u0430\u0431\u0434\u043e\u043c\u0438\u043d\u0430\u043b\u043d\u0443, \u0435\u043d\u0434\u043e\u043a\u0440\u0438\u043d\u0443 \u0438 \u0442\u0440\u0430\u043d\u0441\u043f\u043b\u0430\u0442\u0430\u0446\u0438\u043e\u043d\u0443 \u0445\u0438\u0440\u0443\u0440\u0433\u0438\u0458\u0443",
        "wheelchair": null,
        "fee": null,
        "opening_hours": null,
        "source": "osm"
      }
    },
    {
      "type": "Feature",
      "geometry": {
        "type": "Point",
        "coordinates": [
          19.8237425,
          45.2502482
        ]
      },
      "properties": {
        "id": "osm-w-43320087",
        "category": "clinic",
        "name": "\u041a\u043b\u0438\u043d\u0438\u043a\u0430 \u0437\u0430 \u0443\u0440\u043e\u043b\u043e\u0433\u0438\u0458\u0443 \u0438 \u043d\u0443\u043a\u043b\u0435\u0430\u0440\u043d\u0443 \u043c\u0435\u0434\u0438\u0446\u0438\u043d\u0443",
        "wheelchair": null,
        "fee": null,
        "opening_hours": "24/7",
        "source": "osm"
      }
    },
    {
      "type": "Feature",
      "geometry": {
        "type": "Point",
        "coordinates": [
          19.8220976,
          45.2504105
        ]
      },
      "properties": {
        "id": "osm-w-43320156",
        "category": "clinic",
        "name": "\u0418\u043d\u0442\u0435\u0440\u043d\u0430 \u043a\u043b\u0438\u043d\u0438\u043a\u0430",
        "wheelchair": null,
        "fee": null,
        "opening_hours": null,
        "source": "osm"
      }
    },
    {
      "type": "Feature",
      "geometry": {
        "type": "Point",
        "coordinates": [
          19.8232558,
          45.2503164
        ]
      },
      "properties": {
        "id": "osm-w-43320279",
        "category": "clinic",
        "name": "\u041a\u043b\u0438\u043d\u0438\u043a\u0430 \u0437\u0430 \u043a\u043e\u0436\u043d\u0435 \u0438 \u0432\u0435\u043d\u0435\u0440\u0438\u0447\u043d\u0435 \u0431\u043e\u043b\u0435\u0441\u0442\u0438",
        "wheelchair": null,
        "fee": null,
        "opening_hours": null,
        "source": "osm"
      }
    },
    {
      "type": "Feature",
      "geometry": {
        "type": "Point",
        "coordinates": [
          19.8227627,
          45.250525
        ]
      },
      "properties": {
        "id": "osm-w-43320286",
        "category": "clinic",
        "name": "\u041a\u043b\u0438\u043d\u0438\u043a\u0430 \u0437\u0430 \u043e\u0440\u0442\u043e\u043f\u0435\u0434\u0438\u0458\u0443 \u0438 \u0442\u0440\u0430\u0443\u043c\u0430\u0442\u043e\u043b\u043e\u0433\u0438\u0458\u0443",
        "wheelchair": null,
        "fee": null,
        "opening_hours": null,
        "source": "osm"
      }
    },
    {
      "type": "Feature",
      "geometry": {
        "type": "Point",
        "coordinates": [
          19.8237199,
          45.2505283
        ]
      },
      "properties": {
        "id": "osm-w-43326932",
        "category": "clinic",
        "name": "\u041e\u0447\u043d\u0430 \u0438 \u041e\u0420\u041b \u043a\u043b\u0438\u043d\u0438\u043a\u0430",
        "wheelchair": null,
        "fee": null,
        "opening_hours": null,
        "source": "osm"
      }
    },
    {
      "type": "Feature",
      "geometry": {
        "type": "Point",
        "coordinates": [
          19.8228778,
          45.2510608
        ]
      },
      "properties": {
        "id": "osm-w-43341956",
        "category": "clinic",
        "name": "\u041f\u043e\u043b\u0438\u043a\u043b\u0438\u043d\u0438\u043a\u0430",
        "wheelchair": "yes",
        "fee": null,
        "opening_hours": null,
        "source": "osm"
      }
    },
    {
      "type": "Feature",
      "geometry": {
        "type": "Point",
        "coordinates": [
          19.823222,
          45.2510539
        ]
      },
      "properties": {
        "id": "osm-w-43341958",
        "category": "clinic",
        "name": "\u041f\u0430\u0441\u0442\u0435\u0440\u043e\u0432 \u0437\u0430\u0432\u043e\u0434",
        "wheelchair": null,
        "fee": null,
        "opening_hours": "Mo-Fr 07:00-15:00",
        "source": "osm"
      }
    },
    {
      "type": "Feature",
      "geometry": {
        "type": "Point",
        "coordinates": [
          19.8237824,
          45.251418
        ]
      },
      "properties": {
        "id": "osm-w-43342378",
        "category": "clinic",
        "name": "\u041a\u043b\u0438\u043d\u0438\u043a\u0430 \u0437\u0430 \u0440\u0430\u0434\u0438\u043e\u043b\u043e\u0433\u0438\u0458\u0443",
        "wheelchair": null,
        "fee": null,
        "opening_hours": null,
        "source": "osm"
      }
    },
    {
      "type": "Feature",
      "geometry": {
        "type": "Point",
        "coordinates": [
          19.823778,
          45.2518706
        ]
      },
      "properties": {
        "id": "osm-w-43342383",
        "category": "clinic",
        "name": "\u0418\u043d\u0441\u0442\u0438\u0442\u0443\u0442 \u0437\u0430 \u0442\u043e\u043a\u0441\u0438\u043a\u043e\u043b\u043e\u0433\u0438\u0458\u0443 \u0438 \u043c\u043e\u043b\u0435\u043a\u0443\u043b\u0430\u0440\u043d\u0443 \u0433\u0435\u043d\u0435\u0442\u0438\u043a\u0443",
        "wheelchair": null,
        "fee": null,
        "opening_hours": null,
        "source": "osm"
      }
    },
    {
      "type": "Feature",
      "geometry": {
        "type": "Point",
        "coordinates": [
          19.8222343,
          45.2529636
        ]
      },
      "properties": {
        "id": "osm-w-43343377",
        "category": "parking",
        "name": "Parking",
        "wheelchair": null,
        "fee": null,
        "opening_hours": null,
        "source": "osm"
      }
    },
    {
      "type": "Feature",
      "geometry": {
        "type": "Point",
        "coordinates": [
          19.8230604,
          45.2535592
        ]
      },
      "properties": {
        "id": "osm-w-43345096",
        "category": "parking",
        "name": "Parking",
        "wheelchair": "yes",
        "fee": "no",
        "opening_hours": null,
        "source": "osm"
      }
    },
    {
      "type": "Feature",
      "geometry": {
        "type": "Point",
        "coordinates": [
          19.820444,
          45.2529159
        ]
      },
      "properties": {
        "id": "osm-w-43345554",
        "category": "clinic",
        "name": "\u041a\u043b\u0438\u043d\u0438\u043a\u0430 \u0437\u0430 \u043f\u0441\u0438\u0445\u0438\u0458\u0430\u0442\u0440\u0438\u0458\u0443 \u0438 \u043d\u0435\u0443\u0440\u043e\u043b\u043e\u0433\u0438\u0458\u0443",
        "wheelchair": null,
        "fee": null,
        "opening_hours": null,
        "source": "osm"
      }
    },
    {
      "type": "Feature",
      "geometry": {
        "type": "Point",
        "coordinates": [
          19.8206839,
          45.2532398
        ]
      },
      "properties": {
        "id": "osm-w-43345723",
        "category": "parking",
        "name": "Parking",
        "wheelchair": null,
        "fee": "no",
        "opening_hours": null,
        "source": "osm"
      }
    },
    {
      "type": "Feature",
      "geometry": {
        "type": "Point",
        "coordinates": [
          19.8212802,
          45.2498748
        ]
      },
      "properties": {
        "id": "osm-w-43345855",
        "category": "parking",
        "name": "Parking",
        "wheelchair": "yes",
        "fee": null,
        "opening_hours": null,
        "source": "osm"
      }
    },
    {
      "type": "Feature",
      "geometry": {
        "type": "Point",
        "coordinates": [
          19.8253553,
          45.2504702
        ]
      },
      "properties": {
        "id": "osm-w-43645340",
        "category": "clinic",
        "name": "\u0418\u043d\u0441\u0442\u0438\u0442\u0443\u0442 \u0437\u0430 \u0437\u0434\u0440\u0430\u0432\u0441\u0442\u0432\u0435\u043d\u0443 \u0437\u0430\u0448\u0442\u0438\u0442\u0443 \u0434\u0435\u0446\u0435 \u0438 \u043e\u043c\u043b\u0430\u0434\u0438\u043d\u0435 \u0412\u043e\u0458\u0432\u043e\u0434\u0438\u043d\u0435",
        "wheelchair": "yes",
        "fee": null,
        "opening_hours": null,
        "source": "osm"
      }
    },
    {
      "type": "Feature",
      "geometry": {
        "type": "Point",
        "coordinates": [
          19.8288223,
          45.2498649
        ]
      },
      "properties": {
        "id": "osm-w-43646607",
        "category": "hospital",
        "name": "\u0421\u043f\u0435\u0446\u0438\u0458\u0430\u043b\u043d\u0430 \u0431\u043e\u043b\u043d\u0438\u0446\u0430 \u0437\u0430 \u0440\u0435\u0443\u043c\u0430\u0442\u0441\u043a\u0435 \u0431\u043e\u043b\u0435\u0441\u0442\u0438",
        "wheelchair": null,
        "fee": null,
        "opening_hours": "Mo-Fr 06:30-20:00",
        "source": "osm"
      }
    },
    {
      "type": "Feature",
      "geometry": {
        "type": "Point",
        "coordinates": [
          19.8390447,
          45.24262
        ]
      },
      "properties": {
        "id": "osm-w-44071936",
        "category": "parking",
        "name": "Parking",
        "wheelchair": null,
        "fee": "yes",
        "opening_hours": null,
        "source": "osm"
      }
    },
    {
      "type": "Feature",
      "geometry": {
        "type": "Point",
        "coordinates": [
          19.8470879,
          45.2476568
        ]
      },
      "properties": {
        "id": "osm-w-44582039",
        "category": "parking",
        "name": "Parking",
        "wheelchair": null,
        "fee": "yes",
        "opening_hours": null,
        "source": "osm"
      }
    },
    {
      "type": "Feature",
      "geometry": {
        "type": "Point",
        "coordinates": [
          19.8240204,
          45.2544705
        ]
      },
      "properties": {
        "id": "osm-w-76644592",
        "category": "parking",
        "name": "Parking",
        "wheelchair": null,
        "fee": "no",
        "opening_hours": null,
        "source": "osm"
      }
    },
    {
      "type": "Feature",
      "geometry": {
        "type": "Point",
        "coordinates": [
          19.8132502,
          45.2545217
        ]
      },
      "properties": {
        "id": "osm-w-76644605",
        "category": "parking",
        "name": "Parking",
        "wheelchair": null,
        "fee": null,
        "opening_hours": null,
        "source": "osm"
      }
    },
    {
      "type": "Feature",
      "geometry": {
        "type": "Point",
        "coordinates": [
          19.8518681,
          45.2516715
        ]
      },
      "properties": {
        "id": "osm-w-104121154",
        "category": "parking",
        "name": "Parking",
        "wheelchair": null,
        "fee": null,
        "opening_hours": null,
        "source": "osm"
      }
    },
    {
      "type": "Feature",
      "geometry": {
        "type": "Point",
        "coordinates": [
          19.8236923,
          45.2389364
        ]
      },
      "properties": {
        "id": "osm-w-124350365",
        "category": "fuel",
        "name": "Euro Gas",
        "wheelchair": null,
        "fee": null,
        "opening_hours": null,
        "source": "osm"
      }
    },
    {
      "type": "Feature",
      "geometry": {
        "type": "Point",
        "coordinates": [
          19.8458235,
          45.2542051
        ]
      },
      "properties": {
        "id": "osm-w-132308972",
        "category": "cafe",
        "name": "RebelRelic",
        "wheelchair": null,
        "fee": null,
        "opening_hours": null,
        "source": "osm"
      }
    },
    {
      "type": "Feature",
      "geometry": {
        "type": "Point",
        "coordinates": [
          19.8430157,
          45.2540444
        ]
      },
      "properties": {
        "id": "osm-w-132682862",
        "category": "parking",
        "name": "Parking",
        "wheelchair": null,
        "fee": null,
        "opening_hours": null,
        "source": "osm"
      }
    },
    {
      "type": "Feature",
      "geometry": {
        "type": "Point",
        "coordinates": [
          19.8424092,
          45.255926
        ]
      },
      "properties": {
        "id": "osm-w-132814406",
        "category": "parking",
        "name": "Parking",
        "wheelchair": null,
        "fee": "yes",
        "opening_hours": null,
        "source": "osm"
      }
    },
    {
      "type": "Feature",
      "geometry": {
        "type": "Point",
        "coordinates": [
          19.8495275,
          45.2574436
        ]
      },
      "properties": {
        "id": "osm-w-138182355",
        "category": "cafe",
        "name": "\u0422\u0440\u0433\u0438\u045b",
        "wheelchair": "no",
        "fee": null,
        "opening_hours": "Mo-Th 08:00-23:00; Fr-Sa 08:00-01:00; Su,PH off",
        "source": "osm"
      }
    },
    {
      "type": "Feature",
      "geometry": {
        "type": "Point",
        "coordinates": [
          19.8474417,
          45.2521376
        ]
      },
      "properties": {
        "id": "osm-w-138367048",
        "category": "parking",
        "name": "Parking",
        "wheelchair": null,
        "fee": "yes",
        "opening_hours": null,
        "source": "osm"
      }
    },
    {
      "type": "Feature",
      "geometry": {
        "type": "Point",
        "coordinates": [
          19.845692,
          45.2536464
        ]
      },
      "properties": {
        "id": "osm-w-138710541",
        "category": "parking",
        "name": "Parking",
        "wheelchair": null,
        "fee": "yes",
        "opening_hours": null,
        "source": "osm"
      }
    },
    {
      "type": "Feature",
      "geometry": {
        "type": "Point",
        "coordinates": [
          19.8280038,
          45.2402911
        ]
      },
      "properties": {
        "id": "osm-w-139939889",
        "category": "clinic",
        "name": "\u041f\u043e\u043b\u0438\u043a\u043b\u0438\u043d\u0438\u043a\u0430 \u041c\u0426",
        "wheelchair": "limited",
        "fee": null,
        "opening_hours": null,
        "source": "osm"
      }
    },
    {
      "type": "Feature",
      "geometry": {
        "type": "Point",
        "coordinates": [
          19.8309722,
          45.2404333
        ]
      },
      "properties": {
        "id": "osm-w-139939892",
        "category": "parking",
        "name": "Parking",
        "wheelchair": null,
        "fee": "no",
        "opening_hours": null,
        "source": "osm"
      }
    },
    {
      "type": "Feature",
      "geometry": {
        "type": "Point",
        "coordinates": [
          19.8312886,
          45.2400417
        ]
      },
      "properties": {
        "id": "osm-w-139939894",
        "category": "parking",
        "name": "Parking",
        "wheelchair": null,
        "fee": "no",
        "opening_hours": null,
        "source": "osm"
      }
    },
    {
      "type": "Feature",
      "geometry": {
        "type": "Point",
        "coordinates": [
          19.8297121,
          45.2403495
        ]
      },
      "properties": {
        "id": "osm-w-139939895",
        "category": "parking",
        "name": "Parking",
        "wheelchair": null,
        "fee": "no",
        "opening_hours": null,
        "source": "osm"
      }
    },
    {
      "type": "Feature",
      "geometry": {
        "type": "Point",
        "coordinates": [
          19.83189,
          45.2390377
        ]
      },
      "properties": {
        "id": "osm-w-139940586",
        "category": "parking",
        "name": "Parking",
        "wheelchair": null,
        "fee": null,
        "opening_hours": null,
        "source": "osm"
      }
    },
    {
      "type": "Feature",
      "geometry": {
        "type": "Point",
        "coordinates": [
          19.8300467,
          45.2378011
        ]
      },
      "properties": {
        "id": "osm-w-139981258",
        "category": "cafe",
        "name": "\u041a\u043e\u0446\u043a\u0430",
        "wheelchair": null,
        "fee": null,
        "opening_hours": null,
        "source": "osm"
      }
    },
    {
      "type": "Feature",
      "geometry": {
        "type": "Point",
        "coordinates": [
          19.8172267,
          45.2648623
        ]
      },
      "properties": {
        "id": "osm-w-140867450",
        "category": "parking",
        "name": "Parking",
        "wheelchair": null,
        "fee": null,
        "opening_hours": null,
        "source": "osm"
      }
    },
    {
      "type": "Feature",
      "geometry": {
        "type": "Point",
        "coordinates": [
          19.8237531,
          45.258544
        ]
      },
      "properties": {
        "id": "osm-w-140872530",
        "category": "parking",
        "name": "Parking",
        "wheelchair": null,
        "fee": "yes",
        "opening_hours": null,
        "source": "osm"
      }
    },
    {
      "type": "Feature",
      "geometry": {
        "type": "Point",
        "coordinates": [
          19.8246603,
          45.2572072
        ]
      },
      "properties": {
        "id": "osm-w-140872531",
        "category": "parking",
        "name": "Parking",
        "wheelchair": null,
        "fee": "yes",
        "opening_hours": null,
        "source": "osm"
      }
    },
    {
      "type": "Feature",
      "geometry": {
        "type": "Point",
        "coordinates": [
          19.8191403,
          45.2721737
        ]
      },
      "properties": {
        "id": "osm-w-141889674",
        "category": "parking",
        "name": "Parking",
        "wheelchair": null,
        "fee": null,
        "opening_hours": null,
        "source": "osm"
      }
    },
    {
      "type": "Feature",
      "geometry": {
        "type": "Point",
        "coordinates": [
          19.8444325,
          45.2739599
        ]
      },
      "properties": {
        "id": "osm-w-142883133",
        "category": "parking",
        "name": "Parking",
        "wheelchair": null,
        "fee": null,
        "opening_hours": null,
        "source": "osm"
      }
    },
    {
      "type": "Feature",
      "geometry": {
        "type": "Point",
        "coordinates": [
          19.8435002,
          45.2729868
        ]
      },
      "properties": {
        "id": "osm-w-142883134",
        "category": "parking",
        "name": "Parking",
        "wheelchair": null,
        "fee": null,
        "opening_hours": null,
        "source": "osm"
      }
    },
    {
      "type": "Feature",
      "geometry": {
        "type": "Point",
        "coordinates": [
          19.8625177,
          45.2517327
        ]
      },
      "properties": {
        "id": "osm-w-144081803",
        "category": "parking",
        "name": "Parking",
        "wheelchair": null,
        "fee": "no",
        "opening_hours": null,
        "source": "osm"
      }
    },
    {
      "type": "Feature",
      "geometry": {
        "type": "Point",
        "coordinates": [
          19.8620796,
          45.25262
        ]
      },
      "properties": {
        "id": "osm-w-144081812",
        "category": "parking",
        "name": "Parking",
        "wheelchair": null,
        "fee": "no",
        "opening_hours": null,
        "source": "osm"
      }
    },
    {
      "type": "Feature",
      "geometry": {
        "type": "Point",
        "coordinates": [
          19.8645299,
          45.2513476
        ]
      },
      "properties": {
        "id": "osm-w-144084193",
        "category": "parking",
        "name": "Parking",
        "wheelchair": null,
        "fee": null,
        "opening_hours": null,
        "source": "osm"
      }
    },
    {
      "type": "Feature",
      "geometry": {
        "type": "Point",
        "coordinates": [
          19.8307146,
          45.265079
        ]
      },
      "properties": {
        "id": "osm-w-144882809",
        "category": "parking",
        "name": "Parking",
        "wheelchair": null,
        "fee": "yes",
        "opening_hours": null,
        "source": "osm"
      }
    },
    {
      "type": "Feature",
      "geometry": {
        "type": "Point",
        "coordinates": [
          19.8282118,
          45.2642278
        ]
      },
      "properties": {
        "id": "osm-w-144882856",
        "category": "parking",
        "name": "Parking",
        "wheelchair": null,
        "fee": null,
        "opening_hours": null,
        "source": "osm"
      }
    },
    {
      "type": "Feature",
      "geometry": {
        "type": "Point",
        "coordinates": [
          19.8442988,
          45.24038
        ]
      },
      "properties": {
        "id": "osm-w-146203501",
        "category": "parking",
        "name": "Parking",
        "wheelchair": null,
        "fee": null,
        "opening_hours": null,
        "source": "osm"
      }
    },
    {
      "type": "Feature",
      "geometry": {
        "type": "Point",
        "coordinates": [
          19.844499,
          45.2396036
        ]
      },
      "properties": {
        "id": "osm-w-146203523",
        "category": "parking",
        "name": "Parking",
        "wheelchair": null,
        "fee": null,
        "opening_hours": null,
        "source": "osm"
      }
    },
    {
      "type": "Feature",
      "geometry": {
        "type": "Point",
        "coordinates": [
          19.8468033,
          45.2405551
        ]
      },
      "properties": {
        "id": "osm-w-146281243",
        "category": "shop",
        "name": "Univerexport",
        "wheelchair": null,
        "fee": null,
        "opening_hours": "Mo-Sa 07:00-21:00; Su 07:00-14:00",
        "source": "osm"
      }
    },
    {
      "type": "Feature",
      "geometry": {
        "type": "Point",
        "coordinates": [
          19.8420688,
          45.242504
        ]
      },
      "properties": {
        "id": "osm-w-146345227",
        "category": "parking",
        "name": "Parking",
        "wheelchair": null,
        "fee": null,
        "opening_hours": null,
        "source": "osm"
      }
    },
    {
      "type": "Feature",
      "geometry": {
        "type": "Point",
        "coordinates": [
          19.8429354,
          45.2427563
        ]
      },
      "properties": {
        "id": "osm-w-146346469",
        "category": "parking",
        "name": "Auto-moto Savez Srbije",
        "wheelchair": null,
        "fee": null,
        "opening_hours": null,
        "source": "osm"
      }
    },
    {
      "type": "Feature",
      "geometry": {
        "type": "Point",
        "coordinates": [
          19.8421209,
          45.2430866
        ]
      },
      "properties": {
        "id": "osm-w-146346875",
        "category": "parking",
        "name": "Parking",
        "wheelchair": "yes",
        "fee": "yes",
        "opening_hours": null,
        "source": "osm"
      }
    },
    {
      "type": "Feature",
      "geometry": {
        "type": "Point",
        "coordinates": [
          19.8426088,
          45.2422014
        ]
      },
      "properties": {
        "id": "osm-w-146346876",
        "category": "parking",
        "name": "Parking",
        "wheelchair": null,
        "fee": "yes",
        "opening_hours": null,
        "source": "osm"
      }
    },
    {
      "type": "Feature",
      "geometry": {
        "type": "Point",
        "coordinates": [
          19.8472953,
          45.2431684
        ]
      },
      "properties": {
        "id": "osm-w-146415706",
        "category": "parking",
        "name": "Parking",
        "wheelchair": null,
        "fee": "no",
        "opening_hours": null,
        "source": "osm"
      }
    },
    {
      "type": "Feature",
      "geometry": {
        "type": "Point",
        "coordinates": [
          19.8460235,
          45.2431471
        ]
      },
      "properties": {
        "id": "osm-w-146415707",
        "category": "parking",
        "name": "Parking",
        "wheelchair": null,
        "fee": null,
        "opening_hours": null,
        "source": "osm"
      }
    },
    {
      "type": "Feature",
      "geometry": {
        "type": "Point",
        "coordinates": [
          19.8451485,
          45.2428652
        ]
      },
      "properties": {
        "id": "osm-w-146415823",
        "category": "parking",
        "name": "Parking",
        "wheelchair": null,
        "fee": null,
        "opening_hours": null,
        "source": "osm"
      }
    },
    {
      "type": "Feature",
      "geometry": {
        "type": "Point",
        "coordinates": [
          19.8446945,
          45.2436658
        ]
      },
      "properties": {
        "id": "osm-w-146415824",
        "category": "parking",
        "name": "Parking",
        "wheelchair": null,
        "fee": null,
        "opening_hours": null,
        "source": "osm"
      }
    },
    {
      "type": "Feature",
      "geometry": {
        "type": "Point",
        "coordinates": [
          19.845382,
          45.2439428
        ]
      },
      "properties": {
        "id": "osm-w-146455664",
        "category": "parking",
        "name": "Parking",
        "wheelchair": null,
        "fee": null,
        "opening_hours": null,
        "source": "osm"
      }
    },
    {
      "type": "Feature",
      "geometry": {
        "type": "Point",
        "coordinates": [
          19.844813,
          45.2441683
        ]
      },
      "properties": {
        "id": "osm-w-146455676",
        "category": "parking",
        "name": "Parking",
        "wheelchair": null,
        "fee": null,
        "opening_hours": null,
        "source": "osm"
      }
    },
    {
      "type": "Feature",
      "geometry": {
        "type": "Point",
        "coordinates": [
          19.8425969,
          45.2436288
        ]
      },
      "properties": {
        "id": "osm-w-146456407",
        "category": "parking",
        "name": "Parking",
        "wheelchair": null,
        "fee": "no",
        "opening_hours": null,
        "source": "osm"
      }
    },
    {
      "type": "Feature",
      "geometry": {
        "type": "Point",
        "coordinates": [
          19.8430641,
          45.2439196
        ]
      },
      "properties": {
        "id": "osm-w-146456408",
        "category": "parking",
        "name": "Parking",
        "wheelchair": null,
        "fee": null,
        "opening_hours": null,
        "source": "osm"
      }
    },
    {
      "type": "Feature",
      "geometry": {
        "type": "Point",
        "coordinates": [
          19.8331437,
          45.2401664
        ]
      },
      "properties": {
        "id": "osm-w-146461576",
        "category": "parking",
        "name": "Parking",
        "wheelchair": null,
        "fee": "no",
        "opening_hours": null,
        "source": "osm"
      }
    },
    {
      "type": "Feature",
      "geometry": {
        "type": "Point",
        "coordinates": [
          19.8321281,
          45.240703
        ]
      },
      "properties": {
        "id": "osm-w-146461577",
        "category": "parking",
        "name": "Parking",
        "wheelchair": null,
        "fee": "no",
        "opening_hours": null,
        "source": "osm"
      }
    },
    {
      "type": "Feature",
      "geometry": {
        "type": "Point",
        "coordinates": [
          19.8330714,
          45.2403027
        ]
      },
      "properties": {
        "id": "osm-w-146461578",
        "category": "parking",
        "name": "Parking",
        "wheelchair": null,
        "fee": "no",
        "opening_hours": null,
        "source": "osm"
      }
    },
    {
      "type": "Feature",
      "geometry": {
        "type": "Point",
        "coordinates": [
          19.8343546,
          45.240111
        ]
      },
      "properties": {
        "id": "osm-w-146461642",
        "category": "parking",
        "name": "Parking",
        "wheelchair": null,
        "fee": null,
        "opening_hours": null,
        "source": "osm"
      }
    },
    {
      "type": "Feature",
      "geometry": {
        "type": "Point",
        "coordinates": [
          19.832891,
          45.2393426
        ]
      },
      "properties": {
        "id": "osm-w-146461643",
        "category": "parking",
        "name": "Parking",
        "wheelchair": null,
        "fee": "no",
        "opening_hours": null,
        "source": "osm"
      }
    },
    {
      "type": "Feature",
      "geometry": {
        "type": "Point",
        "coordinates": [
          19.8337076,
          45.2392076
        ]
      },
      "properties": {
        "id": "osm-w-146467180",
        "category": "parking",
        "name": "Parking",
        "wheelchair": null,
        "fee": "yes",
        "opening_hours": null,
        "source": "osm"
      }
    },
    {
      "type": "Feature",
      "geometry": {
        "type": "Point",
        "coordinates": [
          19.8310811,
          45.2384632
        ]
      },
      "properties": {
        "id": "osm-w-146470709",
        "category": "parking",
        "name": "Parking",
        "wheelchair": null,
        "fee": "no",
        "opening_hours": null,
        "source": "osm"
      }
    },
    {
      "type": "Feature",
      "geometry": {
        "type": "Point",
        "coordinates": [
          19.8301462,
          45.2387632
        ]
      },
      "properties": {
        "id": "osm-w-146470732",
        "category": "parking",
        "name": "Parking",
        "wheelchair": null,
        "fee": "no",
        "opening_hours": null,
        "source": "osm"
      }
    },
    {
      "type": "Feature",
      "geometry": {
        "type": "Point",
        "coordinates": [
          19.8301013,
          45.2409919
        ]
      },
      "properties": {
        "id": "osm-w-146603425",
        "category": "parking",
        "name": "Parking",
        "wheelchair": null,
        "fee": "no",
        "opening_hours": null,
        "source": "osm"
      }
    },
    {
      "type": "Feature",
      "geometry": {
        "type": "Point",
        "coordinates": [
          19.8360109,
          45.2410287
        ]
      },
      "properties": {
        "id": "osm-w-146603426",
        "category": "parking",
        "name": "Parking",
        "wheelchair": null,
        "fee": null,
        "opening_hours": null,
        "source": "osm"
      }
    },
    {
      "type": "Feature",
      "geometry": {
        "type": "Point",
        "coordinates": [
          19.8372081,
          45.240732
        ]
      },
      "properties": {
        "id": "osm-w-146604290",
        "category": "parking",
        "name": "Parking",
        "wheelchair": null,
        "fee": "no",
        "opening_hours": null,
        "source": "osm"
      }
    },
    {
      "type": "Feature",
      "geometry": {
        "type": "Point",
        "coordinates": [
          19.8356342,
          45.240357
        ]
      },
      "properties": {
        "id": "osm-w-146604372",
        "category": "parking",
        "name": "Parking",
        "wheelchair": null,
        "fee": null,
        "opening_hours": null,
        "source": "osm"
      }
    },
    {
      "type": "Feature",
      "geometry": {
        "type": "Point",
        "coordinates": [
          19.8366791,
          45.2416985
        ]
      },
      "properties": {
        "id": "osm-w-146604373",
        "category": "parking",
        "name": "Parking",
        "wheelchair": null,
        "fee": "no",
        "opening_hours": null,
        "source": "osm"
      }
    },
    {
      "type": "Feature",
      "geometry": {
        "type": "Point",
        "coordinates": [
          19.8358329,
          45.2397895
        ]
      },
      "properties": {
        "id": "osm-w-146604461",
        "category": "parking",
        "name": "Parking",
        "wheelchair": null,
        "fee": "yes",
        "opening_hours": null,
        "source": "osm"
      }
    },
    {
      "type": "Feature",
      "geometry": {
        "type": "Point",
        "coordinates": [
          19.8364828,
          45.242233
        ]
      },
      "properties": {
        "id": "osm-w-146708815",
        "category": "cafe",
        "name": "Cafe",
        "wheelchair": null,
        "fee": null,
        "opening_hours": null,
        "source": "osm"
      }
    },
    {
      "type": "Feature",
      "geometry": {
        "type": "Point",
        "coordinates": [
          19.8372076,
          45.2419441
        ]
      },
      "properties": {
        "id": "osm-w-146708864",
        "category": "parking",
        "name": "Parking",
        "wheelchair": null,
        "fee": "no",
        "opening_hours": null,
        "source": "osm"
      }
    },
    {
      "type": "Feature",
      "geometry": {
        "type": "Point",
        "coordinates": [
          19.8376232,
          45.2408945
        ]
      },
      "properties": {
        "id": "osm-w-146709026",
        "category": "parking",
        "name": "Parking",
        "wheelchair": null,
        "fee": "no",
        "opening_hours": null,
        "source": "osm"
      }
    },
    {
      "type": "Feature",
      "geometry": {
        "type": "Point",
        "coordinates": [
          19.8376918,
          45.2410139
        ]
      },
      "properties": {
        "id": "osm-w-146709031",
        "category": "parking",
        "name": "Parking",
        "wheelchair": null,
        "fee": "no",
        "opening_hours": null,
        "source": "osm"
      }
    },
    {
      "type": "Feature",
      "geometry": {
        "type": "Point",
        "coordinates": [
          19.846825,
          45.2440563
        ]
      },
      "properties": {
        "id": "osm-w-146709586",
        "category": "parking",
        "name": "Parking",
        "wheelchair": null,
        "fee": "no",
        "opening_hours": null,
        "source": "osm"
      }
    },
    {
      "type": "Feature",
      "geometry": {
        "type": "Point",
        "coordinates": [
          19.8458928,
          45.2436943
        ]
      },
      "properties": {
        "id": "osm-w-146709803",
        "category": "parking",
        "name": "Parking",
        "wheelchair": null,
        "fee": "no",
        "opening_hours": null,
        "source": "osm"
      }
    },
    {
      "type": "Feature",
      "geometry": {
        "type": "Point",
        "coordinates": [
          19.8385816,
          45.2426356
        ]
      },
      "properties": {
        "id": "osm-w-146712109",
        "category": "parking",
        "name": "Parking",
        "wheelchair": null,
        "fee": null,
        "opening_hours": null,
        "source": "osm"
      }
    },
    {
      "type": "Feature",
      "geometry": {
        "type": "Point",
        "coordinates": [
          19.8377794,
          45.2425992
        ]
      },
      "properties": {
        "id": "osm-w-146712113",
        "category": "parking",
        "name": "Parking",
        "wheelchair": null,
        "fee": "no",
        "opening_hours": null,
        "source": "osm"
      }
    },
    {
      "type": "Feature",
      "geometry": {
        "type": "Point",
        "coordinates": [
          19.8392391,
          45.2423473
        ]
      },
      "properties": {
        "id": "osm-w-146712118",
        "category": "parking",
        "name": "Parking",
        "wheelchair": null,
        "fee": null,
        "opening_hours": null,
        "source": "osm"
      }
    },
    {
      "type": "Feature",
      "geometry": {
        "type": "Point",
        "coordinates": [
          19.839376,
          45.2424908
        ]
      },
      "properties": {
        "id": "osm-w-146712124",
        "category": "parking",
        "name": "Parking",
        "wheelchair": null,
        "fee": null,
        "opening_hours": null,
        "source": "osm"
      }
    },
    {
      "type": "Feature",
      "geometry": {
        "type": "Point",
        "coordinates": [
          19.83874,
          45.2407252
        ]
      },
      "properties": {
        "id": "osm-w-146715403",
        "category": "parking",
        "name": "Parking",
        "wheelchair": null,
        "fee": null,
        "opening_hours": null,
        "source": "osm"
      }
    },
    {
      "type": "Feature",
      "geometry": {
        "type": "Point",
        "coordinates": [
          19.839363,
          45.2407776
        ]
      },
      "properties": {
        "id": "osm-w-146716495",
        "category": "parking",
        "name": "Parking",
        "wheelchair": null,
        "fee": "no",
        "opening_hours": null,
        "source": "osm"
      }
    },
    {
      "type": "Feature",
      "geometry": {
        "type": "Point",
        "coordinates": [
          19.8398104,
          45.2411607
        ]
      },
      "properties": {
        "id": "osm-w-146716505",
        "category": "parking",
        "name": "Parking",
        "wheelchair": null,
        "fee": null,
        "opening_hours": null,
        "source": "osm"
      }
    },
    {
      "type": "Feature",
      "geometry": {
        "type": "Point",
        "coordinates": [
          19.8402441,
          45.2419995
        ]
      },
      "properties": {
        "id": "osm-w-146717174",
        "category": "parking",
        "name": "Parking",
        "wheelchair": null,
        "fee": null,
        "opening_hours": null,
        "source": "osm"
      }
    },
    {
      "type": "Feature",
      "geometry": {
        "type": "Point",
        "coordinates": [
          19.8405622,
          45.2416967
        ]
      },
      "properties": {
        "id": "osm-w-146717179",
        "category": "parking",
        "name": "Parking",
        "wheelchair": null,
        "fee": null,
        "opening_hours": null,
        "source": "osm"
      }
    },
    {
      "type": "Feature",
      "geometry": {
        "type": "Point",
        "coordinates": [
          19.8371362,
          45.2417903
        ]
      },
      "properties": {
        "id": "osm-w-146717288",
        "category": "parking",
        "name": "Parking",
        "wheelchair": null,
        "fee": "no",
        "opening_hours": null,
        "source": "osm"
      }
    },
    {
      "type": "Feature",
      "geometry": {
        "type": "Point",
        "coordinates": [
          19.8378077,
          45.2427643
        ]
      },
      "properties": {
        "id": "osm-w-146717333",
        "category": "parking",
        "name": "Parking",
        "wheelchair": null,
        "fee": "yes",
        "opening_hours": null,
        "source": "osm"
      }
    },
    {
      "type": "Feature",
      "geometry": {
        "type": "Point",
        "coordinates": [
          19.8387771,
          45.243012
        ]
      },
      "properties": {
        "id": "osm-w-146717334",
        "category": "parking",
        "name": "Parking",
        "wheelchair": null,
        "fee": "yes",
        "opening_hours": null,
        "source": "osm"
      }
    },
    {
      "type": "Feature",
      "geometry": {
        "type": "Point",
        "coordinates": [
          19.8280145,
          45.2395696
        ]
      },
      "properties": {
        "id": "osm-w-146830636",
        "category": "parking",
        "name": "Parking",
        "wheelchair": null,
        "fee": null,
        "opening_hours": null,
        "source": "osm"
      }
    },
    {
      "type": "Feature",
      "geometry": {
        "type": "Point",
        "coordinates": [
          19.82937,
          45.2401135
        ]
      },
      "properties": {
        "id": "osm-w-146830637",
        "category": "parking",
        "name": "Parking",
        "wheelchair": null,
        "fee": "no",
        "opening_hours": null,
        "source": "osm"
      }
    },
    {
      "type": "Feature",
      "geometry": {
        "type": "Point",
        "coordinates": [
          19.8294225,
          45.240269
        ]
      },
      "properties": {
        "id": "osm-w-146830638",
        "category": "parking",
        "name": "Parking",
        "wheelchair": null,
        "fee": "no",
        "opening_hours": null,
        "source": "osm"
      }
    },
    {
      "type": "Feature",
      "geometry": {
        "type": "Point",
        "coordinates": [
          19.8285645,
          45.2401342
        ]
      },
      "properties": {
        "id": "osm-w-146830639",
        "category": "parking",
        "name": "Parking",
        "wheelchair": null,
        "fee": null,
        "opening_hours": null,
        "source": "osm"
      }
    },
    {
      "type": "Feature",
      "geometry": {
        "type": "Point",
        "coordinates": [
          19.8276869,
          45.2401767
        ]
      },
      "properties": {
        "id": "osm-w-146830764",
        "category": "parking",
        "name": "Parking",
        "wheelchair": null,
        "fee": null,
        "opening_hours": null,
        "source": "osm"
      }
    },
    {
      "type": "Feature",
      "geometry": {
        "type": "Point",
        "coordinates": [
          19.8282806,
          45.2390486
        ]
      },
      "properties": {
        "id": "osm-w-146830943",
        "category": "parking",
        "name": "Parking",
        "wheelchair": null,
        "fee": null,
        "opening_hours": null,
        "source": "osm"
      }
    },
    {
      "type": "Feature",
      "geometry": {
        "type": "Point",
        "coordinates": [
          19.828022,
          45.2384628
        ]
      },
      "properties": {
        "id": "osm-w-146830977",
        "category": "parking",
        "name": "Parking",
        "wheelchair": null,
        "fee": null,
        "opening_hours": null,
        "source": "osm"
      }
    },
    {
      "type": "Feature",
      "geometry": {
        "type": "Point",
        "coordinates": [
          19.8262745,
          45.2392049
        ]
      },
      "properties": {
        "id": "osm-w-146831126",
        "category": "parking",
        "name": "Parking",
        "wheelchair": null,
        "fee": "no",
        "opening_hours": null,
        "source": "osm"
      }
    },
    {
      "type": "Feature",
      "geometry": {
        "type": "Point",
        "coordinates": [
          19.8262324,
          45.2384285
        ]
      },
      "properties": {
        "id": "osm-w-146831356",
        "category": "parking",
        "name": "Parking",
        "wheelchair": null,
        "fee": null,
        "opening_hours": null,
        "source": "osm"
      }
    },
    {
      "type": "Feature",
      "geometry": {
        "type": "Point",
        "coordinates": [
          19.8270429,
          45.2378916
        ]
      },
      "properties": {
        "id": "osm-w-146831357",
        "category": "parking",
        "name": "Parking",
        "wheelchair": null,
        "fee": null,
        "opening_hours": null,
        "source": "osm"
      }
    },
    {
      "type": "Feature",
      "geometry": {
        "type": "Point",
        "coordinates": [
          19.8286961,
          45.2384344
        ]
      },
      "properties": {
        "id": "osm-w-146832073",
        "category": "parking",
        "name": "Parking",
        "wheelchair": null,
        "fee": null,
        "opening_hours": null,
        "source": "osm"
      }
    },
    {
      "type": "Feature",
      "geometry": {
        "type": "Point",
        "coordinates": [
          19.8281597,
          45.2376511
        ]
      },
      "properties": {
        "id": "osm-w-146832228",
        "category": "parking",
        "name": "Parking",
        "wheelchair": null,
        "fee": "no",
        "opening_hours": null,
        "source": "osm"
      }
    },
    {
      "type": "Feature",
      "geometry": {
        "type": "Point",
        "coordinates": [
          19.829714,
          45.2380839
        ]
      },
      "properties": {
        "id": "osm-w-146832229",
        "category": "parking",
        "name": "Parking",
        "wheelchair": null,
        "fee": "no",
        "opening_hours": null,
        "source": "osm"
      }
    },
    {
      "type": "Feature",
      "geometry": {
        "type": "Point",
        "coordinates": [
          19.8274135,
          45.2367804
        ]
      },
      "properties": {
        "id": "osm-w-146832433",
        "category": "parking",
        "name": "Parking",
        "wheelchair": null,
        "fee": null,
        "opening_hours": null,
        "source": "osm"
      }
    },
    {
      "type": "Feature",
      "geometry": {
        "type": "Point",
        "coordinates": [
          19.8278425,
          45.2360108
        ]
      },
      "properties": {
        "id": "osm-w-146832644",
        "category": "parking",
        "name": "Parking",
        "wheelchair": null,
        "fee": null,
        "opening_hours": null,
        "source": "osm"
      }
    },
    {
      "type": "Feature",
      "geometry": {
        "type": "Point",
        "coordinates": [
          19.8295165,
          45.2367083
        ]
      },
      "properties": {
        "id": "osm-w-147025206",
        "category": "parking",
        "name": "Parking",
        "wheelchair": null,
        "fee": null,
        "opening_hours": null,
        "source": "osm"
      }
    },
    {
      "type": "Feature",
      "geometry": {
        "type": "Point",
        "coordinates": [
          19.8297433,
          45.2364798
        ]
      },
      "properties": {
        "id": "osm-w-147025207",
        "category": "parking",
        "name": "Parking",
        "wheelchair": null,
        "fee": "no",
        "opening_hours": null,
        "source": "osm"
      }
    },
    {
      "type": "Feature",
      "geometry": {
        "type": "Point",
        "coordinates": [
          19.8294296,
          45.2376575
        ]
      },
      "properties": {
        "id": "osm-w-147025278",
        "category": "shop",
        "name": "Maxi",
        "wheelchair": null,
        "fee": null,
        "opening_hours": "Mo-Sa 07:30-21:00; Su 08:00-15:00",
        "source": "osm"
      }
    },
    {
      "type": "Feature",
      "geometry": {
        "type": "Point",
        "coordinates": [
          19.83039,
          45.2375304
        ]
      },
      "properties": {
        "id": "osm-w-147025640",
        "category": "parking",
        "name": "Parking",
        "wheelchair": null,
        "fee": "no",
        "opening_hours": null,
        "source": "osm"
      }
    },
    {
      "type": "Feature",
      "geometry": {
        "type": "Point",
        "coordinates": [
          19.830711,
          45.2379135
        ]
      },
      "properties": {
        "id": "osm-w-147025642",
        "category": "parking",
        "name": "Parking",
        "wheelchair": null,
        "fee": "no",
        "opening_hours": null,
        "source": "osm"
      }
    },
    {
      "type": "Feature",
      "geometry": {
        "type": "Point",
        "coordinates": [
          19.8299786,
          45.23749
        ]
      },
      "properties": {
        "id": "osm-w-147025643",
        "category": "parking",
        "name": "Parking",
        "wheelchair": null,
        "fee": "no",
        "opening_hours": null,
        "source": "osm"
      }
    },
    {
      "type": "Feature",
      "geometry": {
        "type": "Point",
        "coordinates": [
          19.8307617,
          45.2371936
        ]
      },
      "properties": {
        "id": "osm-w-147025782",
        "category": "parking",
        "name": "Parking",
        "wheelchair": null,
        "fee": null,
        "opening_hours": null,
        "source": "osm"
      }
    },
    {
      "type": "Feature",
      "geometry": {
        "type": "Point",
        "coordinates": [
          19.831451,
          45.2368755
        ]
      },
      "properties": {
        "id": "osm-w-147025903",
        "category": "parking",
        "name": "Parking",
        "wheelchair": null,
        "fee": null,
        "opening_hours": null,
        "source": "osm"
      }
    },
    {
      "type": "Feature",
      "geometry": {
        "type": "Point",
        "coordinates": [
          19.830912,
          45.2361995
        ]
      },
      "properties": {
        "id": "osm-w-147025906",
        "category": "parking",
        "name": "Parking",
        "wheelchair": null,
        "fee": "no",
        "opening_hours": null,
        "source": "osm"
      }
    },
    {
      "type": "Feature",
      "geometry": {
        "type": "Point",
        "coordinates": [
          19.8305712,
          45.2372198
        ]
      },
      "properties": {
        "id": "osm-w-147025993",
        "category": "parking",
        "name": "Parking",
        "wheelchair": null,
        "fee": null,
        "opening_hours": null,
        "source": "osm"
      }
    },
    {
      "type": "Feature",
      "geometry": {
        "type": "Point",
        "coordinates": [
          19.8313586,
          45.2378653
        ]
      },
      "properties": {
        "id": "osm-w-147026375",
        "category": "parking",
        "name": "Parking",
        "wheelchair": null,
        "fee": null,
        "opening_hours": null,
        "source": "osm"
      }
    },
    {
      "type": "Feature",
      "geometry": {
        "type": "Point",
        "coordinates": [
          19.8326378,
          45.236649
        ]
      },
      "properties": {
        "id": "osm-w-147026377",
        "category": "parking",
        "name": "Parking",
        "wheelchair": null,
        "fee": null,
        "opening_hours": null,
        "source": "osm"
      }
    },
    {
      "type": "Feature",
      "geometry": {
        "type": "Point",
        "coordinates": [
          19.8322121,
          45.2382749
        ]
      },
      "properties": {
        "id": "osm-w-147026381",
        "category": "parking",
        "name": "Parking",
        "wheelchair": null,
        "fee": "no",
        "opening_hours": null,
        "source": "osm"
      }
    },
    {
      "type": "Feature",
      "geometry": {
        "type": "Point",
        "coordinates": [
          19.8293948,
          45.2357849
        ]
      },
      "properties": {
        "id": "osm-w-147095602",
        "category": "parking",
        "name": "Parking",
        "wheelchair": null,
        "fee": null,
        "opening_hours": null,
        "source": "osm"
      }
    },
    {
      "type": "Feature",
      "geometry": {
        "type": "Point",
        "coordinates": [
          19.8282916,
          45.2354923
        ]
      },
      "properties": {
        "id": "osm-w-147095603",
        "category": "parking",
        "name": "Parking",
        "wheelchair": null,
        "fee": null,
        "opening_hours": null,
        "source": "osm"
      }
    },
    {
      "type": "Feature",
      "geometry": {
        "type": "Point",
        "coordinates": [
          19.8297866,
          45.2378813
        ]
      },
      "properties": {
        "id": "osm-w-147095995",
        "category": "parking",
        "name": "Parking",
        "wheelchair": null,
        "fee": "no",
        "opening_hours": null,
        "source": "osm"
      }
    },
    {
      "type": "Feature",
      "geometry": {
        "type": "Point",
        "coordinates": [
          19.8316811,
          45.2377771
        ]
      },
      "properties": {
        "id": "osm-w-147096112",
        "category": "shop",
        "name": "Shop&Go",
        "wheelchair": null,
        "fee": null,
        "opening_hours": "Mo-Sa 07:30-21:00",
        "source": "osm"
      }
    },
    {
      "type": "Feature",
      "geometry": {
        "type": "Point",
        "coordinates": [
          19.8317496,
          45.2382722
        ]
      },
      "properties": {
        "id": "osm-w-147096304",
        "category": "shop",
        "name": "\u041b\u0438\u043c\u0430\u043d\u0441\u043a\u0438 \u0434\u0440\u0430\u0433\u0441\u0442\u043e\u0440",
        "wheelchair": "limited",
        "fee": null,
        "opening_hours": null,
        "source": "osm"
      }
    },
    {
      "type": "Feature",
      "geometry": {
        "type": "Point",
        "coordinates": [
          19.8334284,
          45.2363202
        ]
      },
      "properties": {
        "id": "osm-w-147097469",
        "category": "parking",
        "name": "Parking",
        "wheelchair": null,
        "fee": null,
        "opening_hours": null,
        "source": "osm"
      }
    },
    {
      "type": "Feature",
      "geometry": {
        "type": "Point",
        "coordinates": [
          19.8325185,
          45.2365237
        ]
      },
      "properties": {
        "id": "osm-w-147097497",
        "category": "parking",
        "name": "Parking",
        "wheelchair": null,
        "fee": null,
        "opening_hours": null,
        "source": "osm"
      }
    },
    {
      "type": "Feature",
      "geometry": {
        "type": "Point",
        "coordinates": [
          19.8320713,
          45.2359642
        ]
      },
      "properties": {
        "id": "osm-w-147097633",
        "category": "parking",
        "name": "Parking",
        "wheelchair": null,
        "fee": null,
        "opening_hours": null,
        "source": "osm"
      }
    },
    {
      "type": "Feature",
      "geometry": {
        "type": "Point",
        "coordinates": [
          19.8347173,
          45.2363159
        ]
      },
      "properties": {
        "id": "osm-w-147098133",
        "category": "parking",
        "name": "Parking",
        "wheelchair": null,
        "fee": null,
        "opening_hours": null,
        "source": "osm"
      }
    },
    {
      "type": "Feature",
      "geometry": {
        "type": "Point",
        "coordinates": [
          19.8358262,
          45.2372988
        ]
      },
      "properties": {
        "id": "osm-w-147098437",
        "category": "parking",
        "name": "Parking",
        "wheelchair": null,
        "fee": null,
        "opening_hours": null,
        "source": "osm"
      }
    },
    {
      "type": "Feature",
      "geometry": {
        "type": "Point",
        "coordinates": [
          19.8358026,
          45.2371723
        ]
      },
      "properties": {
        "id": "osm-w-147098474",
        "category": "parking",
        "name": "Parking",
        "wheelchair": null,
        "fee": null,
        "opening_hours": null,
        "source": "osm"
      }
    },
    {
      "type": "Feature",
      "geometry": {
        "type": "Point",
        "coordinates": [
          19.8337012,
          45.2378765
        ]
      },
      "properties": {
        "id": "osm-w-147142855",
        "category": "parking",
        "name": "Parking",
        "wheelchair": null,
        "fee": null,
        "opening_hours": null,
        "source": "osm"
      }
    },
    {
      "type": "Feature",
      "geometry": {
        "type": "Point",
        "coordinates": [
          19.8343258,
          45.2391508
        ]
      },
      "properties": {
        "id": "osm-w-147143852",
        "category": "parking",
        "name": "Parking",
        "wheelchair": null,
        "fee": "yes",
        "opening_hours": null,
        "source": "osm"
      }
    },
    {
      "type": "Feature",
      "geometry": {
        "type": "Point",
        "coordinates": [
          19.8353625,
          45.2385568
        ]
      },
      "properties": {
        "id": "osm-w-147144725",
        "category": "parking",
        "name": "Parking",
        "wheelchair": null,
        "fee": null,
        "opening_hours": null,
        "source": "osm"
      }
    },
    {
      "type": "Feature",
      "geometry": {
        "type": "Point",
        "coordinates": [
          19.8357377,
          45.2387205
        ]
      },
      "properties": {
        "id": "osm-w-147144728",
        "category": "parking",
        "name": "Parking",
        "wheelchair": null,
        "fee": null,
        "opening_hours": null,
        "source": "osm"
      }
    },
    {
      "type": "Feature",
      "geometry": {
        "type": "Point",
        "coordinates": [
          19.8354645,
          45.2385089
        ]
      },
      "properties": {
        "id": "osm-w-147144729",
        "category": "parking",
        "name": "Parking",
        "wheelchair": null,
        "fee": null,
        "opening_hours": null,
        "source": "osm"
      }
    },
    {
      "type": "Feature",
      "geometry": {
        "type": "Point",
        "coordinates": [
          19.8358342,
          45.2388193
        ]
      },
      "properties": {
        "id": "osm-w-147144730",
        "category": "parking",
        "name": "Parking",
        "wheelchair": null,
        "fee": null,
        "opening_hours": null,
        "source": "osm"
      }
    },
    {
      "type": "Feature",
      "geometry": {
        "type": "Point",
        "coordinates": [
          19.8368106,
          45.237856
        ]
      },
      "properties": {
        "id": "osm-w-147145860",
        "category": "parking",
        "name": "Parking",
        "wheelchair": null,
        "fee": null,
        "opening_hours": null,
        "source": "osm"
      }
    },
    {
      "type": "Feature",
      "geometry": {
        "type": "Point",
        "coordinates": [
          19.8380018,
          45.2390877
        ]
      },
      "properties": {
        "id": "osm-w-147360612",
        "category": "parking",
        "name": "Parking",
        "wheelchair": null,
        "fee": null,
        "opening_hours": null,
        "source": "osm"
      }
    },
    {
      "type": "Feature",
      "geometry": {
        "type": "Point",
        "coordinates": [
          19.836934,
          45.2391154
        ]
      },
      "properties": {
        "id": "osm-w-147360814",
        "category": "parking",
        "name": "Parking",
        "wheelchair": null,
        "fee": null,
        "opening_hours": null,
        "source": "osm"
      }
    },
    {
      "type": "Feature",
      "geometry": {
        "type": "Point",
        "coordinates": [
          19.8388652,
          45.2383369
        ]
      },
      "properties": {
        "id": "osm-w-147361021",
        "category": "parking",
        "name": "Parking",
        "wheelchair": null,
        "fee": "no",
        "opening_hours": null,
        "source": "osm"
      }
    },
    {
      "type": "Feature",
      "geometry": {
        "type": "Point",
        "coordinates": [
          19.8358647,
          45.2395664
        ]
      },
      "properties": {
        "id": "osm-w-147361397",
        "category": "parking",
        "name": "Parking",
        "wheelchair": null,
        "fee": "no",
        "opening_hours": null,
        "source": "osm"
      }
    },
    {
      "type": "Feature",
      "geometry": {
        "type": "Point",
        "coordinates": [
          19.8388329,
          45.2386663
        ]
      },
      "properties": {
        "id": "osm-w-147363093",
        "category": "parking",
        "name": "Parking",
        "wheelchair": null,
        "fee": null,
        "opening_hours": null,
        "source": "osm"
      }
    },
    {
      "type": "Feature",
      "geometry": {
        "type": "Point",
        "coordinates": [
          19.8389061,
          45.2375168
        ]
      },
      "properties": {
        "id": "osm-w-147369350",
        "category": "parking",
        "name": "Parking",
        "wheelchair": null,
        "fee": null,
        "opening_hours": null,
        "source": "osm"
      }
    },
    {
      "type": "Feature",
      "geometry": {
        "type": "Point",
        "coordinates": [
          19.8371251,
          45.2375277
        ]
      },
      "properties": {
        "id": "osm-w-147369358",
        "category": "parking",
        "name": "Parking",
        "wheelchair": null,
        "fee": null,
        "opening_hours": null,
        "source": "osm"
      }
    },
    {
      "type": "Feature",
      "geometry": {
        "type": "Point",
        "coordinates": [
          19.8455529,
          45.2394682
        ]
      },
      "properties": {
        "id": "osm-w-147371988",
        "category": "parking",
        "name": "Parking",
        "wheelchair": null,
        "fee": null,
        "opening_hours": null,
        "source": "osm"
      }
    },
    {
      "type": "Feature",
      "geometry": {
        "type": "Point",
        "coordinates": [
          19.8451643,
          45.2392251
        ]
      },
      "properties": {
        "id": "osm-w-147371989",
        "category": "parking",
        "name": "Parking",
        "wheelchair": null,
        "fee": null,
        "opening_hours": null,
        "source": "osm"
      }
    },
    {
      "type": "Feature",
      "geometry": {
        "type": "Point",
        "coordinates": [
          19.8445048,
          45.2400291
        ]
      },
      "properties": {
        "id": "osm-w-147372390",
        "category": "parking",
        "name": "Parking",
        "wheelchair": null,
        "fee": null,
        "opening_hours": null,
        "source": "osm"
      }
    },
    {
      "type": "Feature",
      "geometry": {
        "type": "Point",
        "coordinates": [
          19.845753,
          45.239973
        ]
      },
      "properties": {
        "id": "osm-w-147372411",
        "category": "parking",
        "name": "Parking",
        "wheelchair": null,
        "fee": "no",
        "opening_hours": null,
        "source": "osm"
      }
    },
    {
      "type": "Feature",
      "geometry": {
        "type": "Point",
        "coordinates": [
          19.8449364,
          45.2402411
        ]
      },
      "properties": {
        "id": "osm-w-147372707",
        "category": "parking",
        "name": "Parking",
        "wheelchair": null,
        "fee": null,
        "opening_hours": null,
        "source": "osm"
      }
    },
    {
      "type": "Feature",
      "geometry": {
        "type": "Point",
        "coordinates": [
          19.8454098,
          45.2403677
        ]
      },
      "properties": {
        "id": "osm-w-147372708",
        "category": "parking",
        "name": "Parking",
        "wheelchair": null,
        "fee": null,
        "opening_hours": null,
        "source": "osm"
      }
    },
    {
      "type": "Feature",
      "geometry": {
        "type": "Point",
        "coordinates": [
          19.8453235,
          45.2407595
        ]
      },
      "properties": {
        "id": "osm-w-147372709",
        "category": "parking",
        "name": "Parking",
        "wheelchair": null,
        "fee": null,
        "opening_hours": null,
        "source": "osm"
      }
    },
    {
      "type": "Feature",
      "geometry": {
        "type": "Point",
        "coordinates": [
          19.8439399,
          45.2410661
        ]
      },
      "properties": {
        "id": "osm-w-147372954",
        "category": "parking",
        "name": "Parking",
        "wheelchair": null,
        "fee": null,
        "opening_hours": null,
        "source": "osm"
      }
    },
    {
      "type": "Feature",
      "geometry": {
        "type": "Point",
        "coordinates": [
          19.8445853,
          45.2412712
        ]
      },
      "properties": {
        "id": "osm-w-147372986",
        "category": "parking",
        "name": "Parking",
        "wheelchair": null,
        "fee": null,
        "opening_hours": null,
        "source": "osm"
      }
    },
    {
      "type": "Feature",
      "geometry": {
        "type": "Point",
        "coordinates": [
          19.8449041,
          45.2417571
        ]
      },
      "properties": {
        "id": "osm-w-147373364",
        "category": "parking",
        "name": "Parking",
        "wheelchair": null,
        "fee": null,
        "opening_hours": null,
        "source": "osm"
      }
    },
    {
      "type": "Feature",
      "geometry": {
        "type": "Point",
        "coordinates": [
          19.8455264,
          45.2406265
        ]
      },
      "properties": {
        "id": "osm-w-147373789",
        "category": "parking",
        "name": "Parking",
        "wheelchair": null,
        "fee": null,
        "opening_hours": null,
        "source": "osm"
      }
    },
    {
      "type": "Feature",
      "geometry": {
        "type": "Point",
        "coordinates": [
          19.8452183,
          45.2411836
        ]
      },
      "properties": {
        "id": "osm-w-147373792",
        "category": "parking",
        "name": "Parking",
        "wheelchair": null,
        "fee": null,
        "opening_hours": null,
        "source": "osm"
      }
    },
    {
      "type": "Feature",
      "geometry": {
        "type": "Point",
        "coordinates": [
          19.8435207,
          45.2423741
        ]
      },
      "properties": {
        "id": "osm-w-147374106",
        "category": "parking",
        "name": "Parking",
        "wheelchair": null,
        "fee": "yes",
        "opening_hours": null,
        "source": "osm"
      }
    },
    {
      "type": "Feature",
      "geometry": {
        "type": "Point",
        "coordinates": [
          19.8432188,
          45.2429029
        ]
      },
      "properties": {
        "id": "osm-w-147374111",
        "category": "parking",
        "name": "Parking",
        "wheelchair": null,
        "fee": null,
        "opening_hours": null,
        "source": "osm"
      }
    },
    {
      "type": "Feature",
      "geometry": {
        "type": "Point",
        "coordinates": [
          19.8437483,
          45.2421865
        ]
      },
      "properties": {
        "id": "osm-w-147374116",
        "category": "parking",
        "name": "Parking",
        "wheelchair": null,
        "fee": null,
        "opening_hours": null,
        "source": "osm"
      }
    },
    {
      "type": "Feature",
      "geometry": {
        "type": "Point",
        "coordinates": [
          19.8471501,
          45.2403829
        ]
      },
      "properties": {
        "id": "osm-w-147398398",
        "category": "parking",
        "name": "Parking",
        "wheelchair": null,
        "fee": null,
        "opening_hours": null,
        "source": "osm"
      }
    },
    {
      "type": "Feature",
      "geometry": {
        "type": "Point",
        "coordinates": [
          19.8475798,
          45.2413815
        ]
      },
      "properties": {
        "id": "osm-w-147398399",
        "category": "parking",
        "name": "Parking",
        "wheelchair": null,
        "fee": null,
        "opening_hours": null,
        "source": "osm"
      }
    },
    {
      "type": "Feature",
      "geometry": {
        "type": "Point",
        "coordinates": [
          19.8462448,
          45.2393529
        ]
      },
      "properties": {
        "id": "osm-w-147398400",
        "category": "parking",
        "name": "Parking",
        "wheelchair": null,
        "fee": null,
        "opening_hours": null,
        "source": "osm"
      }
    },
    {
      "type": "Feature",
      "geometry": {
        "type": "Point",
        "coordinates": [
          19.8471086,
          45.2404598
        ]
      },
      "properties": {
        "id": "osm-w-147398401",
        "category": "parking",
        "name": "Parking",
        "wheelchair": null,
        "fee": null,
        "opening_hours": null,
        "source": "osm"
      }
    },
    {
      "type": "Feature",
      "geometry": {
        "type": "Point",
        "coordinates": [
          19.8478263,
          45.2397937
        ]
      },
      "properties": {
        "id": "osm-w-147398402",
        "category": "parking",
        "name": "Parking",
        "wheelchair": null,
        "fee": "yes",
        "opening_hours": null,
        "source": "osm"
      }
    },
    {
      "type": "Feature",
      "geometry": {
        "type": "Point",
        "coordinates": [
          19.8459816,
          45.2398329
        ]
      },
      "properties": {
        "id": "osm-w-147398405",
        "category": "parking",
        "name": "Parking",
        "wheelchair": null,
        "fee": null,
        "opening_hours": null,
        "source": "osm"
      }
    },
    {
      "type": "Feature",
      "geometry": {
        "type": "Point",
        "coordinates": [
          19.8462641,
          45.2402621
        ]
      },
      "properties": {
        "id": "osm-w-147398407",
        "category": "parking",
        "name": "Parking",
        "wheelchair": null,
        "fee": null,
        "opening_hours": null,
        "source": "osm"
      }
    },
    {
      "type": "Feature",
      "geometry": {
        "type": "Point",
        "coordinates": [
          19.8464737,
          45.2411841
        ]
      },
      "properties": {
        "id": "osm-w-147398731",
        "category": "parking",
        "name": "Parking",
        "wheelchair": null,
        "fee": null,
        "opening_hours": null,
        "source": "osm"
      }
    },
    {
      "type": "Feature",
      "geometry": {
        "type": "Point",
        "coordinates": [
          19.8465505,
          45.240681
        ]
      },
      "properties": {
        "id": "osm-w-147398735",
        "category": "parking",
        "name": "Parking",
        "wheelchair": null,
        "fee": null,
        "opening_hours": null,
        "source": "osm"
      }
    },
    {
      "type": "Feature",
      "geometry": {
        "type": "Point",
        "coordinates": [
          19.8463724,
          45.2418472
        ]
      },
      "properties": {
        "id": "osm-w-147398737",
        "category": "parking",
        "name": "Parking",
        "wheelchair": null,
        "fee": null,
        "opening_hours": null,
        "source": "osm"
      }
    },
    {
      "type": "Feature",
      "geometry": {
        "type": "Point",
        "coordinates": [
          19.8466588,
          45.2389271
        ]
      },
      "properties": {
        "id": "osm-w-147420965",
        "category": "parking",
        "name": "Parking",
        "wheelchair": null,
        "fee": "no",
        "opening_hours": null,
        "source": "osm"
      }
    },
    {
      "type": "Feature",
      "geometry": {
        "type": "Point",
        "coordinates": [
          19.8450619,
          45.2376223
        ]
      },
      "properties": {
        "id": "osm-w-147427092",
        "category": "parking",
        "name": "Parking",
        "wheelchair": null,
        "fee": null,
        "opening_hours": null,
        "source": "osm"
      }
    },
    {
      "type": "Feature",
      "geometry": {
        "type": "Point",
        "coordinates": [
          19.8480486,
          45.2422265
        ]
      },
      "properties": {
        "id": "osm-w-147487203",
        "category": "parking",
        "name": "Parking",
        "wheelchair": null,
        "fee": "no",
        "opening_hours": null,
        "source": "osm"
      }
    },
    {
      "type": "Feature",
      "geometry": {
        "type": "Point",
        "coordinates": [
          19.8484076,
          45.2411434
        ]
      },
      "properties": {
        "id": "osm-w-147487821",
        "category": "parking",
        "name": "Parking",
        "wheelchair": null,
        "fee": null,
        "opening_hours": null,
        "source": "osm"
      }
    },
    {
      "type": "Feature",
      "geometry": {
        "type": "Point",
        "coordinates": [
          19.849132,
          45.2406795
        ]
      },
      "properties": {
        "id": "osm-w-147487822",
        "category": "parking",
        "name": "Parking",
        "wheelchair": null,
        "fee": null,
        "opening_hours": null,
        "source": "osm"
      }
    },
    {
      "type": "Feature",
      "geometry": {
        "type": "Point",
        "coordinates": [
          19.8495531,
          45.241078
        ]
      },
      "properties": {
        "id": "osm-w-147488156",
        "category": "parking",
        "name": "Parking",
        "wheelchair": null,
        "fee": "no",
        "opening_hours": null,
        "source": "osm"
      }
    },
    {
      "type": "Feature",
      "geometry": {
        "type": "Point",
        "coordinates": [
          19.8500069,
          45.240952
        ]
      },
      "properties": {
        "id": "osm-w-147488355",
        "category": "parking",
        "name": "Parking",
        "wheelchair": null,
        "fee": "no",
        "opening_hours": null,
        "source": "osm"
      }
    },
    {
      "type": "Feature",
      "geometry": {
        "type": "Point",
        "coordinates": [
          19.8494109,
          45.2421109
        ]
      },
      "properties": {
        "id": "osm-w-147488356",
        "category": "parking",
        "name": "Parking",
        "wheelchair": null,
        "fee": "no",
        "opening_hours": null,
        "source": "osm"
      }
    },
    {
      "type": "Feature",
      "geometry": {
        "type": "Point",
        "coordinates": [
          19.8500779,
          45.2418904
        ]
      },
      "properties": {
        "id": "osm-w-147488358",
        "category": "parking",
        "name": "Parking",
        "wheelchair": null,
        "fee": "no",
        "opening_hours": null,
        "source": "osm"
      }
    },
    {
      "type": "Feature",
      "geometry": {
        "type": "Point",
        "coordinates": [
          19.8482081,
          45.2424664
        ]
      },
      "properties": {
        "id": "osm-w-147488561",
        "category": "parking",
        "name": "Parking",
        "wheelchair": null,
        "fee": "no",
        "opening_hours": null,
        "source": "osm"
      }
    },
    {
      "type": "Feature",
      "geometry": {
        "type": "Point",
        "coordinates": [
          19.8485654,
          45.2399948
        ]
      },
      "properties": {
        "id": "osm-w-148433146",
        "category": "parking",
        "name": "Parking",
        "wheelchair": null,
        "fee": null,
        "opening_hours": null,
        "source": "osm"
      }
    },
    {
      "type": "Feature",
      "geometry": {
        "type": "Point",
        "coordinates": [
          19.8488463,
          45.2405181
        ]
      },
      "properties": {
        "id": "osm-w-148433313",
        "category": "parking",
        "name": "Parking",
        "wheelchair": null,
        "fee": null,
        "opening_hours": null,
        "source": "osm"
      }
    },
    {
      "type": "Feature",
      "geometry": {
        "type": "Point",
        "coordinates": [
          19.8495049,
          45.2398041
        ]
      },
      "properties": {
        "id": "osm-w-148433317",
        "category": "parking",
        "name": "Parking",
        "wheelchair": null,
        "fee": null,
        "opening_hours": null,
        "source": "osm"
      }
    },
    {
      "type": "Feature",
      "geometry": {
        "type": "Point",
        "coordinates": [
          19.8492402,
          45.2403838
        ]
      },
      "properties": {
        "id": "osm-w-148433318",
        "category": "parking",
        "name": "Parking",
        "wheelchair": null,
        "fee": "no",
        "opening_hours": null,
        "source": "osm"
      }
    },
    {
      "type": "Feature",
      "geometry": {
        "type": "Point",
        "coordinates": [
          19.8490409,
          45.2396181
        ]
      },
      "properties": {
        "id": "osm-w-148434497",
        "category": "parking",
        "name": "Parking",
        "wheelchair": null,
        "fee": "yes",
        "opening_hours": null,
        "source": "osm"
      }
    },
    {
      "type": "Feature",
      "geometry": {
        "type": "Point",
        "coordinates": [
          19.8512245,
          45.2399065
        ]
      },
      "properties": {
        "id": "osm-w-148438388",
        "category": "parking",
        "name": "Parking",
        "wheelchair": null,
        "fee": null,
        "opening_hours": null,
        "source": "osm"
      }
    },
    {
      "type": "Feature",
      "geometry": {
        "type": "Point",
        "coordinates": [
          19.8494699,
          45.2399684
        ]
      },
      "properties": {
        "id": "osm-w-148438399",
        "category": "parking",
        "name": "Parking",
        "wheelchair": null,
        "fee": null,
        "opening_hours": null,
        "source": "osm"
      }
    },
    {
      "type": "Feature",
      "geometry": {
        "type": "Point",
        "coordinates": [
          19.8508559,
          45.2404237
        ]
      },
      "properties": {
        "id": "osm-w-148438415",
        "category": "parking",
        "name": "Parking",
        "wheelchair": null,
        "fee": null,
        "opening_hours": null,
        "source": "osm"
      }
    },
    {
      "type": "Feature",
      "geometry": {
        "type": "Point",
        "coordinates": [
          19.8498514,
          45.240832
        ]
      },
      "properties": {
        "id": "osm-w-148441112",
        "category": "parking",
        "name": "Parking",
        "wheelchair": null,
        "fee": "no",
        "opening_hours": null,
        "source": "osm"
      }
    },
    {
      "type": "Feature",
      "geometry": {
        "type": "Point",
        "coordinates": [
          19.8509598,
          45.2409305
        ]
      },
      "properties": {
        "id": "osm-w-148583791",
        "category": "parking",
        "name": "Parking",
        "wheelchair": null,
        "fee": null,
        "opening_hours": null,
        "source": "osm"
      }
    },
    {
      "type": "Feature",
      "geometry": {
        "type": "Point",
        "coordinates": [
          19.8510596,
          45.2421727
        ]
      },
      "properties": {
        "id": "osm-w-148670167",
        "category": "parking",
        "name": "Parking",
        "wheelchair": null,
        "fee": null,
        "opening_hours": null,
        "source": "osm"
      }
    },
    {
      "type": "Feature",
      "geometry": {
        "type": "Point",
        "coordinates": [
          19.8517494,
          45.2427986
        ]
      },
      "properties": {
        "id": "osm-w-148670168",
        "category": "parking",
        "name": "Parking",
        "wheelchair": null,
        "fee": null,
        "opening_hours": null,
        "source": "osm"
      }
    },
    {
      "type": "Feature",
      "geometry": {
        "type": "Point",
        "coordinates": [
          19.8533353,
          45.2428721
        ]
      },
      "properties": {
        "id": "osm-w-148671729",
        "category": "parking",
        "name": "Parking",
        "wheelchair": null,
        "fee": null,
        "opening_hours": null,
        "source": "osm"
      }
    },
    {
      "type": "Feature",
      "geometry": {
        "type": "Point",
        "coordinates": [
          19.8529335,
          45.2502059
        ]
      },
      "properties": {
        "id": "osm-w-148807310",
        "category": "parking",
        "name": "Parking",
        "wheelchair": null,
        "fee": "yes",
        "opening_hours": null,
        "source": "osm"
      }
    },
    {
      "type": "Feature",
      "geometry": {
        "type": "Point",
        "coordinates": [
          19.8442046,
          45.2390035
        ]
      },
      "properties": {
        "id": "osm-w-150050778",
        "category": "parking",
        "name": "Parking",
        "wheelchair": null,
        "fee": "yes",
        "opening_hours": null,
        "source": "osm"
      }
    },
    {
      "type": "Feature",
      "geometry": {
        "type": "Point",
        "coordinates": [
          19.8482292,
          45.2425776
        ]
      },
      "properties": {
        "id": "osm-w-150697835",
        "category": "parking",
        "name": "Parking",
        "wheelchair": null,
        "fee": "no",
        "opening_hours": null,
        "source": "osm"
      }
    },
    {
      "type": "Feature",
      "geometry": {
        "type": "Point",
        "coordinates": [
          19.8312157,
          45.2725786
        ]
      },
      "properties": {
        "id": "osm-w-188033809",
        "category": "parking",
        "name": "Parking",
        "wheelchair": null,
        "fee": "no",
        "opening_hours": null,
        "source": "osm"
      }
    },
    {
      "type": "Feature",
      "geometry": {
        "type": "Point",
        "coordinates": [
          19.8437409,
          45.2537959
        ]
      },
      "properties": {
        "id": "osm-w-190197670",
        "category": "cafe",
        "name": "\u0422\u0440\u0447\u0438\u043a\u0430",
        "wheelchair": "no",
        "fee": null,
        "opening_hours": null,
        "source": "osm"
      }
    },
    {
      "type": "Feature",
      "geometry": {
        "type": "Point",
        "coordinates": [
          19.8085541,
          45.2653909
        ]
      },
      "properties": {
        "id": "osm-w-191317836",
        "category": "parking",
        "name": "Parking",
        "wheelchair": null,
        "fee": "no",
        "opening_hours": null,
        "source": "osm"
      }
    },
    {
      "type": "Feature",
      "geometry": {
        "type": "Point",
        "coordinates": [
          19.8456606,
          45.2541347
        ]
      },
      "properties": {
        "id": "osm-w-192590383",
        "category": "cafe",
        "name": "The End",
        "wheelchair": null,
        "fee": null,
        "opening_hours": null,
        "source": "osm"
      }
    },
    {
      "type": "Feature",
      "geometry": {
        "type": "Point",
        "coordinates": [
          19.8265866,
          45.2535474
        ]
      },
      "properties": {
        "id": "osm-w-217845060",
        "category": "parking",
        "name": "Parking",
        "wheelchair": "yes",
        "fee": "no",
        "opening_hours": null,
        "source": "osm"
      }
    },
    {
      "type": "Feature",
      "geometry": {
        "type": "Point",
        "coordinates": [
          19.855454,
          45.2508981
        ]
      },
      "properties": {
        "id": "osm-w-219583997",
        "category": "parking",
        "name": "Parking",
        "wheelchair": null,
        "fee": null,
        "opening_hours": null,
        "source": "osm"
      }
    },
    {
      "type": "Feature",
      "geometry": {
        "type": "Point",
        "coordinates": [
          19.8443068,
          45.2495383
        ]
      },
      "properties": {
        "id": "osm-w-220678213",
        "category": "parking",
        "name": "Parking",
        "wheelchair": null,
        "fee": "yes",
        "opening_hours": null,
        "source": "osm"
      }
    },
    {
      "type": "Feature",
      "geometry": {
        "type": "Point",
        "coordinates": [
          19.855532,
          45.2529929
        ]
      },
      "properties": {
        "id": "osm-w-221266315",
        "category": "parking",
        "name": "Parking",
        "wheelchair": null,
        "fee": null,
        "opening_hours": null,
        "source": "osm"
      }
    },
    {
      "type": "Feature",
      "geometry": {
        "type": "Point",
        "coordinates": [
          19.8553315,
          45.2529404
        ]
      },
      "properties": {
        "id": "osm-w-221266388",
        "category": "parking",
        "name": "Parking",
        "wheelchair": null,
        "fee": null,
        "opening_hours": null,
        "source": "osm"
      }
    },
    {
      "type": "Feature",
      "geometry": {
        "type": "Point",
        "coordinates": [
          19.8523266,
          45.254505
        ]
      },
      "properties": {
        "id": "osm-w-221266605",
        "category": "clinic",
        "name": "\u0414\u043e\u043c \u0437\u0434\u0440\u0430\u0432\u0459\u0430 \u201e\u0411\u0443\u043b\u0435\u0432\u0430\u0440\u201d",
        "wheelchair": null,
        "fee": null,
        "opening_hours": "Mo-Fr 07:00-20:00",
        "source": "osm"
      }
    },
    {
      "type": "Feature",
      "geometry": {
        "type": "Point",
        "coordinates": [
          19.8455662,
          45.2528472
        ]
      },
      "properties": {
        "id": "osm-w-221412275",
        "category": "parking",
        "name": "Parking",
        "wheelchair": null,
        "fee": "yes",
        "opening_hours": null,
        "source": "osm"
      }
    },
    {
      "type": "Feature",
      "geometry": {
        "type": "Point",
        "coordinates": [
          19.844976,
          45.2526765
        ]
      },
      "properties": {
        "id": "osm-w-221412669",
        "category": "parking",
        "name": "Parking",
        "wheelchair": null,
        "fee": "yes",
        "opening_hours": null,
        "source": "osm"
      }
    },
    {
      "type": "Feature",
      "geometry": {
        "type": "Point",
        "coordinates": [
          19.8420742,
          45.2489536
        ]
      },
      "properties": {
        "id": "osm-w-221662150",
        "category": "parking",
        "name": "Parking",
        "wheelchair": null,
        "fee": "yes",
        "opening_hours": null,
        "source": "osm"
      }
    },
    {
      "type": "Feature",
      "geometry": {
        "type": "Point",
        "coordinates": [
          19.8422618,
          45.248367
        ]
      },
      "properties": {
        "id": "osm-w-221662152",
        "category": "parking",
        "name": "Parking",
        "wheelchair": null,
        "fee": "no",
        "opening_hours": null,
        "source": "osm"
      }
    },
    {
      "type": "Feature",
      "geometry": {
        "type": "Point",
        "coordinates": [
          19.8430287,
          45.2530567
        ]
      },
      "properties": {
        "id": "osm-w-221666526",
        "category": "parking",
        "name": "Parking",
        "wheelchair": null,
        "fee": "yes",
        "opening_hours": null,
        "source": "osm"
      }
    },
    {
      "type": "Feature",
      "geometry": {
        "type": "Point",
        "coordinates": [
          19.8441494,
          45.2490506
        ]
      },
      "properties": {
        "id": "osm-w-221670519",
        "category": "parking",
        "name": "Parking",
        "wheelchair": null,
        "fee": "no",
        "opening_hours": null,
        "source": "osm"
      }
    },
    {
      "type": "Feature",
      "geometry": {
        "type": "Point",
        "coordinates": [
          19.8453156,
          45.2485504
        ]
      },
      "properties": {
        "id": "osm-w-221671097",
        "category": "parking",
        "name": "Parking",
        "wheelchair": null,
        "fee": null,
        "opening_hours": null,
        "source": "osm"
      }
    },
    {
      "type": "Feature",
      "geometry": {
        "type": "Point",
        "coordinates": [
          19.8432114,
          45.2477653
        ]
      },
      "properties": {
        "id": "osm-w-222225067",
        "category": "parking",
        "name": "Parking",
        "wheelchair": null,
        "fee": "yes",
        "opening_hours": null,
        "source": "osm"
      }
    },
    {
      "type": "Feature",
      "geometry": {
        "type": "Point",
        "coordinates": [
          19.8456678,
          45.2534137
        ]
      },
      "properties": {
        "id": "osm-w-222579040",
        "category": "parking",
        "name": "Parking",
        "wheelchair": null,
        "fee": "yes",
        "opening_hours": null,
        "source": "osm"
      }
    },
    {
      "type": "Feature",
      "geometry": {
        "type": "Point",
        "coordinates": [
          19.8377468,
          45.2509647
        ]
      },
      "properties": {
        "id": "osm-w-222613781",
        "category": "parking",
        "name": "Parking",
        "wheelchair": null,
        "fee": "yes",
        "opening_hours": null,
        "source": "osm"
      }
    },
    {
      "type": "Feature",
      "geometry": {
        "type": "Point",
        "coordinates": [
          19.8322764,
          45.259042
        ]
      },
      "properties": {
        "id": "osm-w-222745567",
        "category": "parking",
        "name": "Parking",
        "wheelchair": null,
        "fee": "yes",
        "opening_hours": null,
        "source": "osm"
      }
    },
    {
      "type": "Feature",
      "geometry": {
        "type": "Point",
        "coordinates": [
          19.8312782,
          45.258811
        ]
      },
      "properties": {
        "id": "osm-w-222745568",
        "category": "parking",
        "name": "Parking",
        "wheelchair": null,
        "fee": "yes",
        "opening_hours": null,
        "source": "osm"
      }
    },
    {
      "type": "Feature",
      "geometry": {
        "type": "Point",
        "coordinates": [
          19.8316988,
          45.2573241
        ]
      },
      "properties": {
        "id": "osm-w-222745569",
        "category": "parking",
        "name": "Parking",
        "wheelchair": null,
        "fee": "yes",
        "opening_hours": null,
        "source": "osm"
      }
    },
    {
      "type": "Feature",
      "geometry": {
        "type": "Point",
        "coordinates": [
          19.8318172,
          45.2587008
        ]
      },
      "properties": {
        "id": "osm-w-222745572",
        "category": "parking",
        "name": "Parking",
        "wheelchair": null,
        "fee": "yes",
        "opening_hours": null,
        "source": "osm"
      }
    },
    {
      "type": "Feature",
      "geometry": {
        "type": "Point",
        "coordinates": [
          19.8291454,
          45.258142
        ]
      },
      "properties": {
        "id": "osm-w-222747724",
        "category": "hospital",
        "name": "\u041f\u043e\u0440\u043e\u0434\u0438\u043b\u0438\u0448\u0442\u0435 \u201e\u0411\u0435\u0442\u0430\u043d\u0438\u0458\u0430\u201d",
        "wheelchair": "yes",
        "fee": null,
        "opening_hours": null,
        "source": "osm"
      }
    },
    {
      "type": "Feature",
      "geometry": {
        "type": "Point",
        "coordinates": [
          19.8291378,
          45.2588255
        ]
      },
      "properties": {
        "id": "osm-w-222748001",
        "category": "clinic",
        "name": "\u041f\u043e\u043b\u0438\u043a\u043b\u0438\u043d\u0438\u043a\u0430 \u0437\u0430 \u043f\u043b\u0443\u045b\u043d\u0435 \u0431\u043e\u043b\u0435\u0441\u0442\u0438 - \u0434\u0438\u0441\u043f\u0430\u043d\u0437\u0435\u0440",
        "wheelchair": null,
        "fee": null,
        "opening_hours": "Mo-Fr 07:00-15:00",
        "source": "osm"
      }
    },
    {
      "type": "Feature",
      "geometry": {
        "type": "Point",
        "coordinates": [
          19.8493789,
          45.2431754
        ]
      },
      "properties": {
        "id": "osm-w-222832774",
        "category": "parking",
        "name": "Parking",
        "wheelchair": null,
        "fee": null,
        "opening_hours": null,
        "source": "osm"
      }
    },
    {
      "type": "Feature",
      "geometry": {
        "type": "Point",
        "coordinates": [
          19.850335,
          45.243185
        ]
      },
      "properties": {
        "id": "osm-w-222832777",
        "category": "parking",
        "name": "Parking",
        "wheelchair": null,
        "fee": null,
        "opening_hours": null,
        "source": "osm"
      }
    },
    {
      "type": "Feature",
      "geometry": {
        "type": "Point",
        "coordinates": [
          19.8512481,
          45.2481536
        ]
      },
      "properties": {
        "id": "osm-w-222832781",
        "category": "parking",
        "name": "Parking",
        "wheelchair": null,
        "fee": null,
        "opening_hours": null,
        "source": "osm"
      }
    },
    {
      "type": "Feature",
      "geometry": {
        "type": "Point",
        "coordinates": [
          19.8545724,
          45.2460667
        ]
      },
      "properties": {
        "id": "osm-w-222834702",
        "category": "parking",
        "name": "Parking",
        "wheelchair": null,
        "fee": null,
        "opening_hours": null,
        "source": "osm"
      }
    },
    {
      "type": "Feature",
      "geometry": {
        "type": "Point",
        "coordinates": [
          19.8531775,
          45.248109
        ]
      },
      "properties": {
        "id": "osm-w-222834703",
        "category": "parking",
        "name": "Parking",
        "wheelchair": null,
        "fee": null,
        "opening_hours": null,
        "source": "osm"
      }
    },
    {
      "type": "Feature",
      "geometry": {
        "type": "Point",
        "coordinates": [
          19.8540031,
          45.2465542
        ]
      },
      "properties": {
        "id": "osm-w-222834704",
        "category": "parking",
        "name": "Parking",
        "wheelchair": null,
        "fee": "no",
        "opening_hours": null,
        "source": "osm"
      }
    },
    {
      "type": "Feature",
      "geometry": {
        "type": "Point",
        "coordinates": [
          19.8530828,
          45.2479847
        ]
      },
      "properties": {
        "id": "osm-w-222834705",
        "category": "parking",
        "name": "Parking",
        "wheelchair": null,
        "fee": "no",
        "opening_hours": null,
        "source": "osm"
      }
    },
    {
      "type": "Feature",
      "geometry": {
        "type": "Point",
        "coordinates": [
          19.8532833,
          45.2476662
        ]
      },
      "properties": {
        "id": "osm-w-222834706",
        "category": "parking",
        "name": "Parking",
        "wheelchair": null,
        "fee": "no",
        "opening_hours": null,
        "source": "osm"
      }
    },
    {
      "type": "Feature",
      "geometry": {
        "type": "Point",
        "coordinates": [
          19.8528348,
          45.2483659
        ]
      },
      "properties": {
        "id": "osm-w-222834708",
        "category": "parking",
        "name": "Parking",
        "wheelchair": null,
        "fee": "no",
        "opening_hours": null,
        "source": "osm"
      }
    },
    {
      "type": "Feature",
      "geometry": {
        "type": "Point",
        "coordinates": [
          19.8541563,
          45.2465778
        ]
      },
      "properties": {
        "id": "osm-w-222834710",
        "category": "parking",
        "name": "Parking",
        "wheelchair": null,
        "fee": null,
        "opening_hours": null,
        "source": "osm"
      }
    },
    {
      "type": "Feature",
      "geometry": {
        "type": "Point",
        "coordinates": [
          19.8513145,
          45.2449058
        ]
      },
      "properties": {
        "id": "osm-w-222862818",
        "category": "parking",
        "name": "Parking",
        "wheelchair": null,
        "fee": null,
        "opening_hours": null,
        "source": "osm"
      }
    },
    {
      "type": "Feature",
      "geometry": {
        "type": "Point",
        "coordinates": [
          19.8514197,
          45.2442437
        ]
      },
      "properties": {
        "id": "osm-w-222863807",
        "category": "parking",
        "name": "Parking",
        "wheelchair": null,
        "fee": "no",
        "opening_hours": null,
        "source": "osm"
      }
    },
    {
      "type": "Feature",
      "geometry": {
        "type": "Point",
        "coordinates": [
          19.8513289,
          45.2443292
        ]
      },
      "properties": {
        "id": "osm-w-222863812",
        "category": "parking",
        "name": "Parking",
        "wheelchair": null,
        "fee": "no",
        "opening_hours": null,
        "source": "osm"
      }
    },
    {
      "type": "Feature",
      "geometry": {
        "type": "Point",
        "coordinates": [
          19.8511716,
          45.2437051
        ]
      },
      "properties": {
        "id": "osm-w-222863814",
        "category": "parking",
        "name": "Parking",
        "wheelchair": null,
        "fee": "no",
        "opening_hours": null,
        "source": "osm"
      }
    },
    {
      "type": "Feature",
      "geometry": {
        "type": "Point",
        "coordinates": [
          19.8520869,
          45.2432461
        ]
      },
      "properties": {
        "id": "osm-w-222864408",
        "category": "parking",
        "name": "Parking",
        "wheelchair": null,
        "fee": null,
        "opening_hours": null,
        "source": "osm"
      }
    },
    {
      "type": "Feature",
      "geometry": {
        "type": "Point",
        "coordinates": [
          19.8525951,
          45.2447271
        ]
      },
      "properties": {
        "id": "osm-w-222868278",
        "category": "parking",
        "name": "Parking",
        "wheelchair": null,
        "fee": null,
        "opening_hours": null,
        "source": "osm"
      }
    },
    {
      "type": "Feature",
      "geometry": {
        "type": "Point",
        "coordinates": [
          19.8491549,
          45.2466225
        ]
      },
      "properties": {
        "id": "osm-w-222875552",
        "category": "parking",
        "name": "Parking",
        "wheelchair": null,
        "fee": "no",
        "opening_hours": null,
        "source": "osm"
      }
    },
    {
      "type": "Feature",
      "geometry": {
        "type": "Point",
        "coordinates": [
          19.8493743,
          45.2465471
        ]
      },
      "properties": {
        "id": "osm-w-222875553",
        "category": "parking",
        "name": "Parking",
        "wheelchair": null,
        "fee": "no",
        "opening_hours": null,
        "source": "osm"
      }
    },
    {
      "type": "Feature",
      "geometry": {
        "type": "Point",
        "coordinates": [
          19.8493264,
          45.2463515
        ]
      },
      "properties": {
        "id": "osm-w-222875554",
        "category": "parking",
        "name": "Parking",
        "wheelchair": null,
        "fee": "no",
        "opening_hours": null,
        "source": "osm"
      }
    },
    {
      "type": "Feature",
      "geometry": {
        "type": "Point",
        "coordinates": [
          19.849546,
          45.2466857
        ]
      },
      "properties": {
        "id": "osm-w-222875555",
        "category": "parking",
        "name": "Parking",
        "wheelchair": null,
        "fee": null,
        "opening_hours": null,
        "source": "osm"
      }
    },
    {
      "type": "Feature",
      "geometry": {
        "type": "Point",
        "coordinates": [
          19.8497549,
          45.2459484
        ]
      },
      "properties": {
        "id": "osm-w-222875735",
        "category": "parking",
        "name": "Parking",
        "wheelchair": null,
        "fee": "no",
        "opening_hours": null,
        "source": "osm"
      }
    },
    {
      "type": "Feature",
      "geometry": {
        "type": "Point",
        "coordinates": [
          19.8499219,
          45.2454072
        ]
      },
      "properties": {
        "id": "osm-w-222875800",
        "category": "parking",
        "name": "Parking",
        "wheelchair": null,
        "fee": "no",
        "opening_hours": null,
        "source": "osm"
      }
    },
    {
      "type": "Feature",
      "geometry": {
        "type": "Point",
        "coordinates": [
          19.8489487,
          45.2384455
        ]
      },
      "properties": {
        "id": "osm-w-222952695",
        "category": "parking",
        "name": "Parking",
        "wheelchair": "yes",
        "fee": "yes",
        "opening_hours": null,
        "source": "osm"
      }
    },
    {
      "type": "Feature",
      "geometry": {
        "type": "Point",
        "coordinates": [
          19.8549096,
          45.2567148
        ]
      },
      "properties": {
        "id": "osm-w-222955104",
        "category": "parking",
        "name": "Parking",
        "wheelchair": null,
        "fee": null,
        "opening_hours": null,
        "source": "osm"
      }
    },
    {
      "type": "Feature",
      "geometry": {
        "type": "Point",
        "coordinates": [
          19.8558629,
          45.2604324
        ]
      },
      "properties": {
        "id": "osm-w-222957330",
        "category": "parking",
        "name": "Parking",
        "wheelchair": null,
        "fee": "yes",
        "opening_hours": null,
        "source": "osm"
      }
    },
    {
      "type": "Feature",
      "geometry": {
        "type": "Point",
        "coordinates": [
          19.8550259,
          45.2583737
        ]
      },
      "properties": {
        "id": "osm-w-222957331",
        "category": "parking",
        "name": "Parking",
        "wheelchair": null,
        "fee": "yes",
        "opening_hours": null,
        "source": "osm"
      }
    },
    {
      "type": "Feature",
      "geometry": {
        "type": "Point",
        "coordinates": [
          19.837066,
          45.2478325
        ]
      },
      "properties": {
        "id": "osm-w-223071389",
        "category": "parking",
        "name": "Parking",
        "wheelchair": null,
        "fee": "yes",
        "opening_hours": null,
        "source": "osm"
      }
    },
    {
      "type": "Feature",
      "geometry": {
        "type": "Point",
        "coordinates": [
          19.8378904,
          45.2478425
        ]
      },
      "properties": {
        "id": "osm-w-223071390",
        "category": "parking",
        "name": "Parking",
        "wheelchair": null,
        "fee": "yes",
        "opening_hours": null,
        "source": "osm"
      }
    },
    {
      "type": "Feature",
      "geometry": {
        "type": "Point",
        "coordinates": [
          19.8369551,
          45.2503004
        ]
      },
      "properties": {
        "id": "osm-w-223072897",
        "category": "parking",
        "name": "Parking",
        "wheelchair": null,
        "fee": null,
        "opening_hours": null,
        "source": "osm"
      }
    },
    {
      "type": "Feature",
      "geometry": {
        "type": "Point",
        "coordinates": [
          19.8364956,
          45.2498439
        ]
      },
      "properties": {
        "id": "osm-w-223072898",
        "category": "parking",
        "name": "Parking",
        "wheelchair": null,
        "fee": null,
        "opening_hours": null,
        "source": "osm"
      }
    },
    {
      "type": "Feature",
      "geometry": {
        "type": "Point",
        "coordinates": [
          19.8364023,
          45.2502116
        ]
      },
      "properties": {
        "id": "osm-w-223072899",
        "category": "parking",
        "name": "Parking",
        "wheelchair": null,
        "fee": null,
        "opening_hours": null,
        "source": "osm"
      }
    },
    {
      "type": "Feature",
      "geometry": {
        "type": "Point",
        "coordinates": [
          19.8325915,
          45.249087
        ]
      },
      "properties": {
        "id": "osm-w-223073302",
        "category": "fuel",
        "name": "\u041d\u0418\u0421 \u041f\u0435\u0442\u0440\u043e\u043b",
        "wheelchair": null,
        "fee": null,
        "opening_hours": "24/7",
        "source": "osm"
      }
    },
    {
      "type": "Feature",
      "geometry": {
        "type": "Point",
        "coordinates": [
          19.8378724,
          45.2500213
        ]
      },
      "properties": {
        "id": "osm-w-223074670",
        "category": "parking",
        "name": "Parking",
        "wheelchair": null,
        "fee": "yes",
        "opening_hours": null,
        "source": "osm"
      }
    },
    {
      "type": "Feature",
      "geometry": {
        "type": "Point",
        "coordinates": [
          19.8374494,
          45.2507863
        ]
      },
      "properties": {
        "id": "osm-w-223074671",
        "category": "parking",
        "name": "Parking",
        "wheelchair": null,
        "fee": "yes",
        "opening_hours": null,
        "source": "osm"
      }
    },
    {
      "type": "Feature",
      "geometry": {
        "type": "Point",
        "coordinates": [
          19.8332306,
          45.2495751
        ]
      },
      "properties": {
        "id": "osm-w-223129684",
        "category": "cafe",
        "name": "Foxtrot",
        "wheelchair": null,
        "fee": null,
        "opening_hours": null,
        "source": "osm"
      }
    },
    {
      "type": "Feature",
      "geometry": {
        "type": "Point",
        "coordinates": [
          19.8180119,
          45.2483259
        ]
      },
      "properties": {
        "id": "osm-w-223132660",
        "category": "clinic",
        "name": "\u0418\u043d\u0441\u0442\u0438\u0442\u0443\u0442 \u0437\u0430 \u0458\u0430\u0432\u043d\u043e \u0437\u0434\u0440\u0430\u0432\u0459\u0435 \u0412\u043e\u0458\u0432\u043e\u0434\u0438\u043d\u0435",
        "wheelchair": null,
        "fee": null,
        "opening_hours": "Mo-Fr 06:30-20:00",
        "source": "osm"
      }
    },
    {
      "type": "Feature",
      "geometry": {
        "type": "Point",
        "coordinates": [
          19.8221421,
          45.2407824
        ]
      },
      "properties": {
        "id": "osm-w-223135356",
        "category": "parking",
        "name": "Parking",
        "wheelchair": null,
        "fee": "no",
        "opening_hours": null,
        "source": "osm"
      }
    },
    {
      "type": "Feature",
      "geometry": {
        "type": "Point",
        "coordinates": [
          19.8550435,
          45.2945381
        ]
      },
      "properties": {
        "id": "osm-w-223864511",
        "category": "parking",
        "name": "Parking",
        "wheelchair": null,
        "fee": null,
        "opening_hours": null,
        "source": "osm"
      }
    },
    {
      "type": "Feature",
      "geometry": {
        "type": "Point",
        "coordinates": [
          19.8547435,
          45.2944941
        ]
      },
      "properties": {
        "id": "osm-w-223864512",
        "category": "parking",
        "name": "Parking",
        "wheelchair": null,
        "fee": null,
        "opening_hours": null,
        "source": "osm"
      }
    },
    {
      "type": "Feature",
      "geometry": {
        "type": "Point",
        "coordinates": [
          19.8549352,
          45.2945065
        ]
      },
      "properties": {
        "id": "osm-w-223864513",
        "category": "parking",
        "name": "Parking",
        "wheelchair": null,
        "fee": null,
        "opening_hours": null,
        "source": "osm"
      }
    },
    {
      "type": "Feature",
      "geometry": {
        "type": "Point",
        "coordinates": [
          19.8553883,
          45.2951793
        ]
      },
      "properties": {
        "id": "osm-w-223864514",
        "category": "parking",
        "name": "Parking",
        "wheelchair": null,
        "fee": null,
        "opening_hours": null,
        "source": "osm"
      }
    },
    {
      "type": "Feature",
      "geometry": {
        "type": "Point",
        "coordinates": [
          19.855952,
          45.2946143
        ]
      },
      "properties": {
        "id": "osm-w-223864515",
        "category": "parking",
        "name": "Parking",
        "wheelchair": null,
        "fee": null,
        "opening_hours": null,
        "source": "osm"
      }
    },
    {
      "type": "Feature",
      "geometry": {
        "type": "Point",
        "coordinates": [
          19.855909,
          45.2948824
        ]
      },
      "properties": {
        "id": "osm-w-223864516",
        "category": "parking",
        "name": "Parking",
        "wheelchair": null,
        "fee": null,
        "opening_hours": null,
        "source": "osm"
      }
    },
    {
      "type": "Feature",
      "geometry": {
        "type": "Point",
        "coordinates": [
          19.8553457,
          45.2942774
        ]
      },
      "properties": {
        "id": "osm-w-223864517",
        "category": "parking",
        "name": "Parking",
        "wheelchair": null,
        "fee": null,
        "opening_hours": null,
        "source": "osm"
      }
    },
    {
      "type": "Feature",
      "geometry": {
        "type": "Point",
        "coordinates": [
          19.8550375,
          45.2949857
        ]
      },
      "properties": {
        "id": "osm-w-223864518",
        "category": "parking",
        "name": "Parking",
        "wheelchair": null,
        "fee": null,
        "opening_hours": null,
        "source": "osm"
      }
    },
    {
      "type": "Feature",
      "geometry": {
        "type": "Point",
        "coordinates": [
          19.8548078,
          45.2948764
        ]
      },
      "properties": {
        "id": "osm-w-223864519",
        "category": "parking",
        "name": "Parking",
        "wheelchair": null,
        "fee": null,
        "opening_hours": null,
        "source": "osm"
      }
    },
    {
      "type": "Feature",
      "geometry": {
        "type": "Point",
        "coordinates": [
          19.8549289,
          45.295741
        ]
      },
      "properties": {
        "id": "osm-w-223864520",
        "category": "parking",
        "name": "Parking",
        "wheelchair": null,
        "fee": null,
        "opening_hours": null,
        "source": "osm"
      }
    },
    {
      "type": "Feature",
      "geometry": {
        "type": "Point",
        "coordinates": [
          19.8557689,
          45.2949594
        ]
      },
      "properties": {
        "id": "osm-w-223864521",
        "category": "parking",
        "name": "Parking",
        "wheelchair": null,
        "fee": null,
        "opening_hours": null,
        "source": "osm"
      }
    },
    {
      "type": "Feature",
      "geometry": {
        "type": "Point",
        "coordinates": [
          19.8545252,
          45.2947214
        ]
      },
      "properties": {
        "id": "osm-w-223864523",
        "category": "parking",
        "name": "Parking",
        "wheelchair": null,
        "fee": null,
        "opening_hours": null,
        "source": "osm"
      }
    },
    {
      "type": "Feature",
      "geometry": {
        "type": "Point",
        "coordinates": [
          19.8560974,
          45.2949865
        ]
      },
      "properties": {
        "id": "osm-w-223864524",
        "category": "parking",
        "name": "Parking",
        "wheelchair": null,
        "fee": null,
        "opening_hours": null,
        "source": "osm"
      }
    },
    {
      "type": "Feature",
      "geometry": {
        "type": "Point",
        "coordinates": [
          19.855307,
          45.295068
        ]
      },
      "properties": {
        "id": "osm-w-223864526",
        "category": "parking",
        "name": "Parking",
        "wheelchair": null,
        "fee": null,
        "opening_hours": null,
        "source": "osm"
      }
    },
    {
      "type": "Feature",
      "geometry": {
        "type": "Point",
        "coordinates": [
          19.8560668,
          45.2945006
        ]
      },
      "properties": {
        "id": "osm-w-223864527",
        "category": "parking",
        "name": "Parking",
        "wheelchair": null,
        "fee": null,
        "opening_hours": null,
        "source": "osm"
      }
    },
    {
      "type": "Feature",
      "geometry": {
        "type": "Point",
        "coordinates": [
          19.8549717,
          45.2948911
        ]
      },
      "properties": {
        "id": "osm-w-223864528",
        "category": "parking",
        "name": "Parking",
        "wheelchair": null,
        "fee": null,
        "opening_hours": null,
        "source": "osm"
      }
    },
    {
      "type": "Feature",
      "geometry": {
        "type": "Point",
        "coordinates": [
          19.8560933,
          45.2948196
        ]
      },
      "properties": {
        "id": "osm-w-223864529",
        "category": "parking",
        "name": "Parking",
        "wheelchair": null,
        "fee": null,
        "opening_hours": null,
        "source": "osm"
      }
    },
    {
      "type": "Feature",
      "geometry": {
        "type": "Point",
        "coordinates": [
          19.8555872,
          45.2941944
        ]
      },
      "properties": {
        "id": "osm-w-223864530",
        "category": "parking",
        "name": "Parking",
        "wheelchair": null,
        "fee": null,
        "opening_hours": null,
        "source": "osm"
      }
    },
    {
      "type": "Feature",
      "geometry": {
        "type": "Point",
        "coordinates": [
          19.8216384,
          45.2890512
        ]
      },
      "properties": {
        "id": "osm-w-224344433",
        "category": "parking",
        "name": "Parking",
        "wheelchair": null,
        "fee": null,
        "opening_hours": null,
        "source": "osm"
      }
    },
    {
      "type": "Feature",
      "geometry": {
        "type": "Point",
        "coordinates": [
          19.8406534,
          45.246546
        ]
      },
      "properties": {
        "id": "osm-w-226252287",
        "category": "parking",
        "name": "Parking",
        "wheelchair": null,
        "fee": null,
        "opening_hours": null,
        "source": "osm"
      }
    },
    {
      "type": "Feature",
      "geometry": {
        "type": "Point",
        "coordinates": [
          19.8407228,
          45.2464084
        ]
      },
      "properties": {
        "id": "osm-w-226252288",
        "category": "parking",
        "name": "Parking",
        "wheelchair": null,
        "fee": null,
        "opening_hours": null,
        "source": "osm"
      }
    },
    {
      "type": "Feature",
      "geometry": {
        "type": "Point",
        "coordinates": [
          19.8367972,
          45.23962
        ]
      },
      "properties": {
        "id": "osm-w-226696144",
        "category": "shop",
        "name": "Maxi",
        "wheelchair": "limited",
        "fee": null,
        "opening_hours": "Mo-Sa 07:30-21:00; Su 08:00-15:00",
        "source": "osm"
      }
    },
    {
      "type": "Feature",
      "geometry": {
        "type": "Point",
        "coordinates": [
          19.8147985,
          45.2409741
        ]
      },
      "properties": {
        "id": "osm-w-229380990",
        "category": "parking",
        "name": "Parking",
        "wheelchair": null,
        "fee": "no",
        "opening_hours": null,
        "source": "osm"
      }
    },
    {
      "type": "Feature",
      "geometry": {
        "type": "Point",
        "coordinates": [
          19.8503205,
          45.2512062
        ]
      },
      "properties": {
        "id": "osm-w-230239919",
        "category": "parking",
        "name": "Parking Servis",
        "wheelchair": null,
        "fee": "35 RSD/h",
        "opening_hours": null,
        "source": "osm"
      }
    },
    {
      "type": "Feature",
      "geometry": {
        "type": "Point",
        "coordinates": [
          19.8495485,
          45.2610127
        ]
      },
      "properties": {
        "id": "osm-w-241984524",
        "category": "parking",
        "name": "Parking",
        "wheelchair": null,
        "fee": null,
        "opening_hours": null,
        "source": "osm"
      }
    },
    {
      "type": "Feature",
      "geometry": {
        "type": "Point",
        "coordinates": [
          19.8511833,
          45.2628921
        ]
      },
      "properties": {
        "id": "osm-w-241984982",
        "category": "parking",
        "name": "Parking",
        "wheelchair": null,
        "fee": null,
        "opening_hours": null,
        "source": "osm"
      }
    },
    {
      "type": "Feature",
      "geometry": {
        "type": "Point",
        "coordinates": [
          19.8280915,
          45.2485339
        ]
      },
      "properties": {
        "id": "osm-w-262198295",
        "category": "parking",
        "name": "Parking",
        "wheelchair": null,
        "fee": "yes",
        "opening_hours": null,
        "source": "osm"
      }
    },
    {
      "type": "Feature",
      "geometry": {
        "type": "Point",
        "coordinates": [
          19.833821,
          45.2487433
        ]
      },
      "properties": {
        "id": "osm-w-262667097",
        "category": "parking",
        "name": "Parking",
        "wheelchair": null,
        "fee": "yes",
        "opening_hours": null,
        "source": "osm"
      }
    },
    {
      "type": "Feature",
      "geometry": {
        "type": "Point",
        "coordinates": [
          19.8341121,
          45.2486003
        ]
      },
      "properties": {
        "id": "osm-w-262667278",
        "category": "parking",
        "name": "Parking",
        "wheelchair": null,
        "fee": "yes",
        "opening_hours": null,
        "source": "osm"
      }
    },
    {
      "type": "Feature",
      "geometry": {
        "type": "Point",
        "coordinates": [
          19.834478,
          45.2484211
        ]
      },
      "properties": {
        "id": "osm-w-262667295",
        "category": "parking",
        "name": "Parking",
        "wheelchair": null,
        "fee": "yes",
        "opening_hours": null,
        "source": "osm"
      }
    },
    {
      "type": "Feature",
      "geometry": {
        "type": "Point",
        "coordinates": [
          19.8340147,
          45.2484556
        ]
      },
      "properties": {
        "id": "osm-w-262667355",
        "category": "parking",
        "name": "Parking",
        "wheelchair": null,
        "fee": "yes",
        "opening_hours": null,
        "source": "osm"
      }
    },
    {
      "type": "Feature",
      "geometry": {
        "type": "Point",
        "coordinates": [
          19.8331101,
          45.2490014
        ]
      },
      "properties": {
        "id": "osm-w-262667390",
        "category": "parking",
        "name": "Parking",
        "wheelchair": null,
        "fee": "yes",
        "opening_hours": null,
        "source": "osm"
      }
    },
    {
      "type": "Feature",
      "geometry": {
        "type": "Point",
        "coordinates": [
          19.829972,
          45.2487802
        ]
      },
      "properties": {
        "id": "osm-w-262670001",
        "category": "parking",
        "name": "Parking",
        "wheelchair": null,
        "fee": "no",
        "opening_hours": null,
        "source": "osm"
      }
    },
    {
      "type": "Feature",
      "geometry": {
        "type": "Point",
        "coordinates": [
          19.8297317,
          45.2487809
        ]
      },
      "properties": {
        "id": "osm-w-262670060",
        "category": "parking",
        "name": "Parking",
        "wheelchair": null,
        "fee": "no",
        "opening_hours": null,
        "source": "osm"
      }
    },
    {
      "type": "Feature",
      "geometry": {
        "type": "Point",
        "coordinates": [
          19.8347349,
          45.2498675
        ]
      },
      "properties": {
        "id": "osm-w-268183176",
        "category": "parking",
        "name": "Parking",
        "wheelchair": null,
        "fee": null,
        "opening_hours": null,
        "source": "osm"
      }
    },
    {
      "type": "Feature",
      "geometry": {
        "type": "Point",
        "coordinates": [
          19.8346297,
          45.2519109
        ]
      },
      "properties": {
        "id": "osm-w-268191850",
        "category": "parking",
        "name": "Parking",
        "wheelchair": null,
        "fee": null,
        "opening_hours": null,
        "source": "osm"
      }
    },
    {
      "type": "Feature",
      "geometry": {
        "type": "Point",
        "coordinates": [
          19.8384979,
          45.2569961
        ]
      },
      "properties": {
        "id": "osm-w-270298525",
        "category": "parking",
        "name": "Parking",
        "wheelchair": null,
        "fee": null,
        "opening_hours": null,
        "source": "osm"
      }
    },
    {
      "type": "Feature",
      "geometry": {
        "type": "Point",
        "coordinates": [
          19.8289061,
          45.2645797
        ]
      },
      "properties": {
        "id": "osm-w-270661865",
        "category": "parking",
        "name": "Parking",
        "wheelchair": "limited",
        "fee": null,
        "opening_hours": null,
        "source": "osm"
      }
    },
    {
      "type": "Feature",
      "geometry": {
        "type": "Point",
        "coordinates": [
          19.8441478,
          45.2570015
        ]
      },
      "properties": {
        "id": "osm-w-272967717",
        "category": "parking",
        "name": "Parking",
        "wheelchair": null,
        "fee": "yes",
        "opening_hours": null,
        "source": "osm"
      }
    },
    {
      "type": "Feature",
      "geometry": {
        "type": "Point",
        "coordinates": [
          19.8314154,
          45.2486514
        ]
      },
      "properties": {
        "id": "osm-w-274235155",
        "category": "parking",
        "name": "Parking",
        "wheelchair": null,
        "fee": "no",
        "opening_hours": null,
        "source": "osm"
      }
    },
    {
      "type": "Feature",
      "geometry": {
        "type": "Point",
        "coordinates": [
          19.8318804,
          45.2489523
        ]
      },
      "properties": {
        "id": "osm-w-274241694",
        "category": "parking",
        "name": "Parking",
        "wheelchair": null,
        "fee": "yes",
        "opening_hours": null,
        "source": "osm"
      }
    },
    {
      "type": "Feature",
      "geometry": {
        "type": "Point",
        "coordinates": [
          19.8315256,
          45.249015
        ]
      },
      "properties": {
        "id": "osm-w-274241695",
        "category": "parking",
        "name": "Parking",
        "wheelchair": null,
        "fee": "yes",
        "opening_hours": null,
        "source": "osm"
      }
    },
    {
      "type": "Feature",
      "geometry": {
        "type": "Point",
        "coordinates": [
          19.8325684,
          45.2488116
        ]
      },
      "properties": {
        "id": "osm-w-274243803",
        "category": "parking",
        "name": "Parking",
        "wheelchair": null,
        "fee": "yes",
        "opening_hours": null,
        "source": "osm"
      }
    },
    {
      "type": "Feature",
      "geometry": {
        "type": "Point",
        "coordinates": [
          19.8045709,
          45.2514192
        ]
      },
      "properties": {
        "id": "osm-w-286675886",
        "category": "parking",
        "name": "Parking",
        "wheelchair": null,
        "fee": null,
        "opening_hours": null,
        "source": "osm"
      }
    },
    {
      "type": "Feature",
      "geometry": {
        "type": "Point",
        "coordinates": [
          19.8258087,
          45.262247
        ]
      },
      "properties": {
        "id": "osm-w-286721397",
        "category": "parking",
        "name": "Parking",
        "wheelchair": null,
        "fee": null,
        "opening_hours": null,
        "source": "osm"
      }
    },
    {
      "type": "Feature",
      "geometry": {
        "type": "Point",
        "coordinates": [
          19.8677529,
          45.2528707
        ]
      },
      "properties": {
        "id": "osm-w-287395887",
        "category": "parking",
        "name": "Parking",
        "wheelchair": null,
        "fee": null,
        "opening_hours": null,
        "source": "osm"
      }
    },
    {
      "type": "Feature",
      "geometry": {
        "type": "Point",
        "coordinates": [
          19.8727128,
          45.2518568
        ]
      },
      "properties": {
        "id": "osm-w-287395889",
        "category": "parking",
        "name": "Parking",
        "wheelchair": null,
        "fee": null,
        "opening_hours": null,
        "source": "osm"
      }
    },
    {
      "type": "Feature",
      "geometry": {
        "type": "Point",
        "coordinates": [
          19.8302471,
          45.2422127
        ]
      },
      "properties": {
        "id": "osm-w-289383119",
        "category": "cafe",
        "name": "\u0425\u043e\u0433\u0430\u0440",
        "wheelchair": null,
        "fee": null,
        "opening_hours": null,
        "source": "osm"
      }
    },
    {
      "type": "Feature",
      "geometry": {
        "type": "Point",
        "coordinates": [
          19.8261648,
          45.2588318
        ]
      },
      "properties": {
        "id": "osm-w-293677565",
        "category": "parking",
        "name": "Parking",
        "wheelchair": null,
        "fee": "yes",
        "opening_hours": null,
        "source": "osm"
      }
    },
    {
      "type": "Feature",
      "geometry": {
        "type": "Point",
        "coordinates": [
          19.8249594,
          45.2615285
        ]
      },
      "properties": {
        "id": "osm-w-293699442",
        "category": "parking",
        "name": "Parking",
        "wheelchair": null,
        "fee": "yes",
        "opening_hours": null,
        "source": "osm"
      }
    },
    {
      "type": "Feature",
      "geometry": {
        "type": "Point",
        "coordinates": [
          19.8251374,
          45.260559
        ]
      },
      "properties": {
        "id": "osm-w-293699443",
        "category": "parking",
        "name": "Parking",
        "wheelchair": null,
        "fee": "yes",
        "opening_hours": null,
        "source": "osm"
      }
    },
    {
      "type": "Feature",
      "geometry": {
        "type": "Point",
        "coordinates": [
          19.8282139,
          45.2578051
        ]
      },
      "properties": {
        "id": "osm-w-293727965",
        "category": "parking",
        "name": "Parking",
        "wheelchair": null,
        "fee": null,
        "opening_hours": null,
        "source": "osm"
      }
    },
    {
      "type": "Feature",
      "geometry": {
        "type": "Point",
        "coordinates": [
          19.8248501,
          45.2517605
        ]
      },
      "properties": {
        "id": "osm-w-294033862",
        "category": "cafe",
        "name": "Scenario",
        "wheelchair": "yes",
        "fee": null,
        "opening_hours": "Mo-Fr 07:00-23:00, Sa,Su 07:00-01:00",
        "source": "osm"
      }
    },
    {
      "type": "Feature",
      "geometry": {
        "type": "Point",
        "coordinates": [
          19.8351178,
          45.2653862
        ]
      },
      "properties": {
        "id": "osm-w-294300774",
        "category": "parking",
        "name": "Parking",
        "wheelchair": null,
        "fee": null,
        "opening_hours": null,
        "source": "osm"
      }
    },
    {
      "type": "Feature",
      "geometry": {
        "type": "Point",
        "coordinates": [
          19.8375559,
          45.2622188
        ]
      },
      "properties": {
        "id": "osm-w-294338953",
        "category": "parking",
        "name": "Parking",
        "wheelchair": null,
        "fee": null,
        "opening_hours": null,
        "source": "osm"
      }
    },
    {
      "type": "Feature",
      "geometry": {
        "type": "Point",
        "coordinates": [
          19.837972,
          45.2619813
        ]
      },
      "properties": {
        "id": "osm-w-294338954",
        "category": "parking",
        "name": "Parking",
        "wheelchair": "yes",
        "fee": null,
        "opening_hours": null,
        "source": "osm"
      }
    },
    {
      "type": "Feature",
      "geometry": {
        "type": "Point",
        "coordinates": [
          19.8368618,
          45.2618019
        ]
      },
      "properties": {
        "id": "osm-w-294338955",
        "category": "parking",
        "name": "Parking",
        "wheelchair": "yes",
        "fee": null,
        "opening_hours": null,
        "source": "osm"
      }
    },
    {
      "type": "Feature",
      "geometry": {
        "type": "Point",
        "coordinates": [
          19.8370476,
          45.2622789
        ]
      },
      "properties": {
        "id": "osm-w-294338956",
        "category": "parking",
        "name": "Parking",
        "wheelchair": null,
        "fee": null,
        "opening_hours": null,
        "source": "osm"
      }
    },
    {
      "type": "Feature",
      "geometry": {
        "type": "Point",
        "coordinates": [
          19.8383145,
          45.2622096
        ]
      },
      "properties": {
        "id": "osm-w-294338957",
        "category": "parking",
        "name": "Parking",
        "wheelchair": null,
        "fee": null,
        "opening_hours": null,
        "source": "osm"
      }
    },
    {
      "type": "Feature",
      "geometry": {
        "type": "Point",
        "coordinates": [
          19.834953,
          45.261848
        ]
      },
      "properties": {
        "id": "osm-w-294345890",
        "category": "parking",
        "name": "Parking",
        "wheelchair": "no",
        "fee": "yes",
        "opening_hours": null,
        "source": "osm"
      }
    },
    {
      "type": "Feature",
      "geometry": {
        "type": "Point",
        "coordinates": [
          19.8351729,
          45.2451285
        ]
      },
      "properties": {
        "id": "osm-w-294852527",
        "category": "parking",
        "name": "Parking",
        "wheelchair": null,
        "fee": null,
        "opening_hours": null,
        "source": "osm"
      }
    },
    {
      "type": "Feature",
      "geometry": {
        "type": "Point",
        "coordinates": [
          19.8364829,
          45.2439735
        ]
      },
      "properties": {
        "id": "osm-w-294936171",
        "category": "parking",
        "name": "Parking",
        "wheelchair": null,
        "fee": null,
        "opening_hours": null,
        "source": "osm"
      }
    },
    {
      "type": "Feature",
      "geometry": {
        "type": "Point",
        "coordinates": [
          19.8366331,
          45.2462125
        ]
      },
      "properties": {
        "id": "osm-w-294942850",
        "category": "parking",
        "name": "Parking",
        "wheelchair": null,
        "fee": null,
        "opening_hours": null,
        "source": "osm"
      }
    },
    {
      "type": "Feature",
      "geometry": {
        "type": "Point",
        "coordinates": [
          19.8363669,
          45.2527562
        ]
      },
      "properties": {
        "id": "osm-w-295216498",
        "category": "parking",
        "name": "Parking",
        "wheelchair": null,
        "fee": "yes",
        "opening_hours": null,
        "source": "osm"
      }
    },
    {
      "type": "Feature",
      "geometry": {
        "type": "Point",
        "coordinates": [
          19.8362125,
          45.253733
        ]
      },
      "properties": {
        "id": "osm-w-295216501",
        "category": "parking",
        "name": "Parking",
        "wheelchair": null,
        "fee": "yes",
        "opening_hours": null,
        "source": "osm"
      }
    },
    {
      "type": "Feature",
      "geometry": {
        "type": "Point",
        "coordinates": [
          19.8304226,
          45.27169
        ]
      },
      "properties": {
        "id": "osm-w-295690346",
        "category": "parking",
        "name": "Parking",
        "wheelchair": null,
        "fee": null,
        "opening_hours": null,
        "source": "osm"
      }
    },
    {
      "type": "Feature",
      "geometry": {
        "type": "Point",
        "coordinates": [
          19.8408243,
          45.2704045
        ]
      },
      "properties": {
        "id": "osm-w-295759714",
        "category": "parking",
        "name": "Parking",
        "wheelchair": null,
        "fee": null,
        "opening_hours": null,
        "source": "osm"
      }
    },
    {
      "type": "Feature",
      "geometry": {
        "type": "Point",
        "coordinates": [
          19.841456,
          45.2711167
        ]
      },
      "properties": {
        "id": "osm-w-295759749",
        "category": "parking",
        "name": "Parking",
        "wheelchair": null,
        "fee": null,
        "opening_hours": null,
        "source": "osm"
      }
    },
    {
      "type": "Feature",
      "geometry": {
        "type": "Point",
        "coordinates": [
          19.8357961,
          45.2724772
        ]
      },
      "properties": {
        "id": "osm-w-295837651",
        "category": "parking",
        "name": "Parking",
        "wheelchair": null,
        "fee": null,
        "opening_hours": null,
        "source": "osm"
      }
    },
    {
      "type": "Feature",
      "geometry": {
        "type": "Point",
        "coordinates": [
          19.8317185,
          45.2713945
        ]
      },
      "properties": {
        "id": "osm-w-296167071",
        "category": "parking",
        "name": "Parking",
        "wheelchair": null,
        "fee": null,
        "opening_hours": null,
        "source": "osm"
      }
    },
    {
      "type": "Feature",
      "geometry": {
        "type": "Point",
        "coordinates": [
          19.8316363,
          45.271204
        ]
      },
      "properties": {
        "id": "osm-w-296167072",
        "category": "parking",
        "name": "Parking",
        "wheelchair": null,
        "fee": null,
        "opening_hours": null,
        "source": "osm"
      }
    },
    {
      "type": "Feature",
      "geometry": {
        "type": "Point",
        "coordinates": [
          19.8320888,
          45.2732663
        ]
      },
      "properties": {
        "id": "osm-w-296168922",
        "category": "parking",
        "name": "Parking",
        "wheelchair": null,
        "fee": null,
        "opening_hours": null,
        "source": "osm"
      }
    },
    {
      "type": "Feature",
      "geometry": {
        "type": "Point",
        "coordinates": [
          19.8487839,
          45.2611622
        ]
      },
      "properties": {
        "id": "osm-w-297170174",
        "category": "parking",
        "name": "Parking",
        "wheelchair": null,
        "fee": null,
        "opening_hours": null,
        "source": "osm"
      }
    },
    {
      "type": "Feature",
      "geometry": {
        "type": "Point",
        "coordinates": [
          19.8470689,
          45.263434
        ]
      },
      "properties": {
        "id": "osm-w-297756752",
        "category": "parking",
        "name": "Parking",
        "wheelchair": null,
        "fee": null,
        "opening_hours": null,
        "source": "osm"
      }
    },
    {
      "type": "Feature",
      "geometry": {
        "type": "Point",
        "coordinates": [
          19.8487959,
          45.2593105
        ]
      },
      "properties": {
        "id": "osm-w-297828572",
        "category": "clinic",
        "name": "\u0421\u043f\u0435\u0446\u0438\u0458\u0430\u043b\u043d\u0430 \u0431\u043e\u043b\u043d\u0438\u0446\u0430 \u0412\u0438\u0442\u0430",
        "wheelchair": null,
        "fee": null,
        "opening_hours": "Mo-Fr 08:00-20:00; Sa-Su 09:00-15:00",
        "source": "osm"
      }
    },
    {
      "type": "Feature",
      "geometry": {
        "type": "Point",
        "coordinates": [
          19.8146513,
          45.2442846
        ]
      },
      "properties": {
        "id": "osm-w-298219615",
        "category": "shop",
        "name": "\u041c\u0438\u043a\u0440\u043e\u043c\u0430\u0440\u043a\u0435\u0442",
        "wheelchair": "limited",
        "fee": null,
        "opening_hours": "24/7",
        "source": "osm"
      }
    },
    {
      "type": "Feature",
      "geometry": {
        "type": "Point",
        "coordinates": [
          19.8149594,
          45.2437707
        ]
      },
      "properties": {
        "id": "osm-w-298430849",
        "category": "clinic",
        "name": "\u041f\u0430\u0440\u043a\u0441",
        "wheelchair": null,
        "fee": null,
        "opening_hours": "Mo-Fr 08:00-20:00; Sa 08:00-14:00",
        "source": "osm"
      }
    },
    {
      "type": "Feature",
      "geometry": {
        "type": "Point",
        "coordinates": [
          19.8217613,
          45.2402972
        ]
      },
      "properties": {
        "id": "osm-w-298503044",
        "category": "clinic",
        "name": "Dr Nikoli\u0107",
        "wheelchair": null,
        "fee": null,
        "opening_hours": "Mo-Fr 08:00-20:00; Sa 08:00-13:00; Su off",
        "source": "osm"
      }
    },
    {
      "type": "Feature",
      "geometry": {
        "type": "Point",
        "coordinates": [
          19.8249617,
          45.2905144
        ]
      },
      "properties": {
        "id": "osm-w-301781342",
        "category": "parking",
        "name": "Parking",
        "wheelchair": null,
        "fee": null,
        "opening_hours": null,
        "source": "osm"
      }
    },
    {
      "type": "Feature",
      "geometry": {
        "type": "Point",
        "coordinates": [
          19.8321983,
          45.2628548
        ]
      },
      "properties": {
        "id": "osm-w-304797372",
        "category": "parking",
        "name": "Parking",
        "wheelchair": null,
        "fee": "no",
        "opening_hours": null,
        "source": "osm"
      }
    },
    {
      "type": "Feature",
      "geometry": {
        "type": "Point",
        "coordinates": [
          19.8506641,
          45.244501
        ]
      },
      "properties": {
        "id": "osm-w-305354039",
        "category": "parking",
        "name": "Parking",
        "wheelchair": null,
        "fee": "yes",
        "opening_hours": null,
        "source": "osm"
      }
    },
    {
      "type": "Feature",
      "geometry": {
        "type": "Point",
        "coordinates": [
          19.8499395,
          45.2489246
        ]
      },
      "properties": {
        "id": "osm-w-305354966",
        "category": "parking",
        "name": "Parking",
        "wheelchair": null,
        "fee": "yes",
        "opening_hours": null,
        "source": "osm"
      }
    },
    {
      "type": "Feature",
      "geometry": {
        "type": "Point",
        "coordinates": [
          19.8364471,
          45.2809296
        ]
      },
      "properties": {
        "id": "osm-w-308868615",
        "category": "shop",
        "name": "Mikromarket PJ 54",
        "wheelchair": null,
        "fee": null,
        "opening_hours": "Mo-Su 06:00-22:00",
        "source": "osm"
      }
    },
    {
      "type": "Feature",
      "geometry": {
        "type": "Point",
        "coordinates": [
          19.8323247,
          45.2620802
        ]
      },
      "properties": {
        "id": "osm-w-308895860",
        "category": "parking",
        "name": "Parking",
        "wheelchair": null,
        "fee": "no",
        "opening_hours": null,
        "source": "osm"
      }
    },
    {
      "type": "Feature",
      "geometry": {
        "type": "Point",
        "coordinates": [
          19.8407093,
          45.2359492
        ]
      },
      "properties": {
        "id": "osm-w-311396172",
        "category": "parking",
        "name": "Parking",
        "wheelchair": null,
        "fee": null,
        "opening_hours": null,
        "source": "osm"
      }
    },
    {
      "type": "Feature",
      "geometry": {
        "type": "Point",
        "coordinates": [
          19.8399484,
          45.2370052
        ]
      },
      "properties": {
        "id": "osm-w-311396173",
        "category": "parking",
        "name": "Parking",
        "wheelchair": null,
        "fee": "no",
        "opening_hours": null,
        "source": "osm"
      }
    },
    {
      "type": "Feature",
      "geometry": {
        "type": "Point",
        "coordinates": [
          19.8387101,
          45.2367966
        ]
      },
      "properties": {
        "id": "osm-w-311396174",
        "category": "parking",
        "name": "Parking",
        "wheelchair": null,
        "fee": "no",
        "opening_hours": null,
        "source": "osm"
      }
    },
    {
      "type": "Feature",
      "geometry": {
        "type": "Point",
        "coordinates": [
          19.8395754,
          45.2364527
        ]
      },
      "properties": {
        "id": "osm-w-311396175",
        "category": "parking",
        "name": "Parking",
        "wheelchair": null,
        "fee": "no",
        "opening_hours": null,
        "source": "osm"
      }
    },
    {
      "type": "Feature",
      "geometry": {
        "type": "Point",
        "coordinates": [
          19.8582506,
          45.2643402
        ]
      },
      "properties": {
        "id": "osm-w-311834180",
        "category": "fuel",
        "name": "\u041a\u043d\u0435\u0437 \u041f\u0435\u0442\u0440\u043e\u043b",
        "wheelchair": null,
        "fee": null,
        "opening_hours": "24/7",
        "source": "osm"
      }
    },
    {
      "type": "Feature",
      "geometry": {
        "type": "Point",
        "coordinates": [
          19.8543609,
          45.2697065
        ]
      },
      "properties": {
        "id": "osm-w-311834191",
        "category": "fuel",
        "name": "Fuel",
        "wheelchair": null,
        "fee": null,
        "opening_hours": null,
        "source": "osm"
      }
    },
    {
      "type": "Feature",
      "geometry": {
        "type": "Point",
        "coordinates": [
          19.8534257,
          45.2697221
        ]
      },
      "properties": {
        "id": "osm-w-311834234",
        "category": "parking",
        "name": "Parking",
        "wheelchair": null,
        "fee": null,
        "opening_hours": null,
        "source": "osm"
      }
    },
    {
      "type": "Feature",
      "geometry": {
        "type": "Point",
        "coordinates": [
          19.8544405,
          45.2693683
        ]
      },
      "properties": {
        "id": "osm-w-311834236",
        "category": "parking",
        "name": "Parking",
        "wheelchair": null,
        "fee": null,
        "opening_hours": null,
        "source": "osm"
      }
    },
    {
      "type": "Feature",
      "geometry": {
        "type": "Point",
        "coordinates": [
          19.8564534,
          45.2684492
        ]
      },
      "properties": {
        "id": "osm-w-311834245",
        "category": "parking",
        "name": "Parking",
        "wheelchair": null,
        "fee": null,
        "opening_hours": null,
        "source": "osm"
      }
    },
    {
      "type": "Feature",
      "geometry": {
        "type": "Point",
        "coordinates": [
          19.8410727,
          45.2332126
        ]
      },
      "properties": {
        "id": "osm-w-311968995",
        "category": "parking",
        "name": "Parking",
        "wheelchair": null,
        "fee": null,
        "opening_hours": null,
        "source": "osm"
      }
    },
    {
      "type": "Feature",
      "geometry": {
        "type": "Point",
        "coordinates": [
          19.8025254,
          45.252367
        ]
      },
      "properties": {
        "id": "osm-w-313596000",
        "category": "parking",
        "name": "Parking",
        "wheelchair": null,
        "fee": null,
        "opening_hours": null,
        "source": "osm"
      }
    },
    {
      "type": "Feature",
      "geometry": {
        "type": "Point",
        "coordinates": [
          19.874419,
          45.2492538
        ]
      },
      "properties": {
        "id": "osm-w-314023938",
        "category": "hospital",
        "name": "\u0414\u043e\u043c \u0437\u0434\u0440\u0430\u0432\u0459\u0430 \u041f\u0435\u0442\u0440\u043e\u0432\u0430\u0440\u0430\u0434\u0438\u043d",
        "wheelchair": null,
        "fee": null,
        "opening_hours": null,
        "source": "osm"
      }
    },
    {
      "type": "Feature",
      "geometry": {
        "type": "Point",
        "coordinates": [
          19.8029995,
          45.2535077
        ]
      },
      "properties": {
        "id": "osm-w-319555458",
        "category": "parking",
        "name": "Parking",
        "wheelchair": null,
        "fee": null,
        "opening_hours": null,
        "source": "osm"
      }
    },
    {
      "type": "Feature",
      "geometry": {
        "type": "Point",
        "coordinates": [
          19.8795832,
          45.2397422
        ]
      },
      "properties": {
        "id": "osm-w-331352979",
        "category": "parking",
        "name": "Parking",
        "wheelchair": null,
        "fee": null,
        "opening_hours": null,
        "source": "osm"
      }
    },
    {
      "type": "Feature",
      "geometry": {
        "type": "Point",
        "coordinates": [
          19.8743587,
          45.2526445
        ]
      },
      "properties": {
        "id": "osm-w-331923939",
        "category": "parking",
        "name": "Parking",
        "wheelchair": null,
        "fee": null,
        "opening_hours": null,
        "source": "osm"
      }
    },
    {
      "type": "Feature",
      "geometry": {
        "type": "Point",
        "coordinates": [
          19.8493608,
          45.2578486
        ]
      },
      "properties": {
        "id": "osm-w-337778860",
        "category": "parking",
        "name": "JKP \"Parking servis\"",
        "wheelchair": null,
        "fee": "yes",
        "opening_hours": null,
        "source": "osm"
      }
    },
    {
      "type": "Feature",
      "geometry": {
        "type": "Point",
        "coordinates": [
          19.8195098,
          45.2827568
        ]
      },
      "properties": {
        "id": "osm-w-355168949",
        "category": "parking",
        "name": "Parking",
        "wheelchair": null,
        "fee": null,
        "opening_hours": null,
        "source": "osm"
      }
    },
    {
      "type": "Feature",
      "geometry": {
        "type": "Point",
        "coordinates": [
          19.8301155,
          45.2978627
        ]
      },
      "properties": {
        "id": "osm-w-355457381",
        "category": "parking",
        "name": "Parking",
        "wheelchair": null,
        "fee": null,
        "opening_hours": null,
        "source": "osm"
      }
    },
    {
      "type": "Feature",
      "geometry": {
        "type": "Point",
        "coordinates": [
          19.8303255,
          45.2988209
        ]
      },
      "properties": {
        "id": "osm-w-355457382",
        "category": "parking",
        "name": "Parking",
        "wheelchair": null,
        "fee": null,
        "opening_hours": null,
        "source": "osm"
      }
    },
    {
      "type": "Feature",
      "geometry": {
        "type": "Point",
        "coordinates": [
          19.8304052,
          45.2950362
        ]
      },
      "properties": {
        "id": "osm-w-355566459",
        "category": "parking",
        "name": "Parking",
        "wheelchair": null,
        "fee": null,
        "opening_hours": null,
        "source": "osm"
      }
    },
    {
      "type": "Feature",
      "geometry": {
        "type": "Point",
        "coordinates": [
          19.8315944,
          45.2941757
        ]
      },
      "properties": {
        "id": "osm-w-355573178",
        "category": "parking",
        "name": "Parking",
        "wheelchair": null,
        "fee": null,
        "opening_hours": null,
        "source": "osm"
      }
    },
    {
      "type": "Feature",
      "geometry": {
        "type": "Point",
        "coordinates": [
          19.8301778,
          45.2907241
        ]
      },
      "properties": {
        "id": "osm-w-355672133",
        "category": "parking",
        "name": "Parking",
        "wheelchair": null,
        "fee": null,
        "opening_hours": null,
        "source": "osm"
      }
    },
    {
      "type": "Feature",
      "geometry": {
        "type": "Point",
        "coordinates": [
          19.8304075,
          45.2921901
        ]
      },
      "properties": {
        "id": "osm-w-355683625",
        "category": "parking",
        "name": "Parking",
        "wheelchair": null,
        "fee": null,
        "opening_hours": null,
        "source": "osm"
      }
    },
    {
      "type": "Feature",
      "geometry": {
        "type": "Point",
        "coordinates": [
          19.8347358,
          45.2853124
        ]
      },
      "properties": {
        "id": "osm-w-356115388",
        "category": "parking",
        "name": "Parking",
        "wheelchair": null,
        "fee": null,
        "opening_hours": null,
        "source": "osm"
      }
    },
    {
      "type": "Feature",
      "geometry": {
        "type": "Point",
        "coordinates": [
          19.8292347,
          45.2840763
        ]
      },
      "properties": {
        "id": "osm-w-356120582",
        "category": "parking",
        "name": "Parking",
        "wheelchair": null,
        "fee": null,
        "opening_hours": null,
        "source": "osm"
      }
    },
    {
      "type": "Feature",
      "geometry": {
        "type": "Point",
        "coordinates": [
          19.8304781,
          45.2843115
        ]
      },
      "properties": {
        "id": "osm-w-356120583",
        "category": "parking",
        "name": "Parking",
        "wheelchair": null,
        "fee": null,
        "opening_hours": null,
        "source": "osm"
      }
    },
    {
      "type": "Feature",
      "geometry": {
        "type": "Point",
        "coordinates": [
          19.8319268,
          45.2845809
        ]
      },
      "properties": {
        "id": "osm-w-356120584",
        "category": "parking",
        "name": "Parking",
        "wheelchair": null,
        "fee": null,
        "opening_hours": null,
        "source": "osm"
      }
    },
    {
      "type": "Feature",
      "geometry": {
        "type": "Point",
        "coordinates": [
          19.8249304,
          45.2859107
        ]
      },
      "properties": {
        "id": "osm-w-358497783",
        "category": "shop",
        "name": "Mikromarket PJ 34",
        "wheelchair": null,
        "fee": null,
        "opening_hours": "Mo-Su 06:00-22:00",
        "source": "osm"
      }
    },
    {
      "type": "Feature",
      "geometry": {
        "type": "Point",
        "coordinates": [
          19.830081,
          45.2832473
        ]
      },
      "properties": {
        "id": "osm-w-359347110",
        "category": "parking",
        "name": "Parking",
        "wheelchair": null,
        "fee": null,
        "opening_hours": null,
        "source": "osm"
      }
    },
    {
      "type": "Feature",
      "geometry": {
        "type": "Point",
        "coordinates": [
          19.8431764,
          45.2842538
        ]
      },
      "properties": {
        "id": "osm-w-359442235",
        "category": "shop",
        "name": "Mikromarket PJ 26",
        "wheelchair": null,
        "fee": null,
        "opening_hours": "Mo-Su 06:00-22:00",
        "source": "osm"
      }
    },
    {
      "type": "Feature",
      "geometry": {
        "type": "Point",
        "coordinates": [
          19.874494,
          45.2817077
        ]
      },
      "properties": {
        "id": "osm-w-359529075",
        "category": "parking",
        "name": "Parking",
        "wheelchair": null,
        "fee": null,
        "opening_hours": null,
        "source": "osm"
      }
    },
    {
      "type": "Feature",
      "geometry": {
        "type": "Point",
        "coordinates": [
          19.8604767,
          45.2798492
        ]
      },
      "properties": {
        "id": "osm-w-359529076",
        "category": "parking",
        "name": "Parking",
        "wheelchair": null,
        "fee": null,
        "opening_hours": null,
        "source": "osm"
      }
    },
    {
      "type": "Feature",
      "geometry": {
        "type": "Point",
        "coordinates": [
          19.8233357,
          45.2685164
        ]
      },
      "properties": {
        "id": "osm-w-360123612",
        "category": "parking",
        "name": "Parking",
        "wheelchair": null,
        "fee": null,
        "opening_hours": null,
        "source": "osm"
      }
    },
    {
      "type": "Feature",
      "geometry": {
        "type": "Point",
        "coordinates": [
          19.8197546,
          45.2658555
        ]
      },
      "properties": {
        "id": "osm-w-360123613",
        "category": "parking",
        "name": "Parking",
        "wheelchair": null,
        "fee": "no",
        "opening_hours": null,
        "source": "osm"
      }
    },
    {
      "type": "Feature",
      "geometry": {
        "type": "Point",
        "coordinates": [
          19.8091805,
          45.2691832
        ]
      },
      "properties": {
        "id": "osm-w-360616246",
        "category": "parking",
        "name": "Parking",
        "wheelchair": null,
        "fee": "no",
        "opening_hours": null,
        "source": "osm"
      }
    },
    {
      "type": "Feature",
      "geometry": {
        "type": "Point",
        "coordinates": [
          19.8064528,
          45.2647729
        ]
      },
      "properties": {
        "id": "osm-w-360617277",
        "category": "parking",
        "name": "Parking",
        "wheelchair": null,
        "fee": "no",
        "opening_hours": null,
        "source": "osm"
      }
    },
    {
      "type": "Feature",
      "geometry": {
        "type": "Point",
        "coordinates": [
          19.8116121,
          45.2616934
        ]
      },
      "properties": {
        "id": "osm-w-360620670",
        "category": "parking",
        "name": "Parking",
        "wheelchair": null,
        "fee": null,
        "opening_hours": null,
        "source": "osm"
      }
    },
    {
      "type": "Feature",
      "geometry": {
        "type": "Point",
        "coordinates": [
          19.8097632,
          45.2613702
        ]
      },
      "properties": {
        "id": "osm-w-360620673",
        "category": "parking",
        "name": "Parking",
        "wheelchair": null,
        "fee": null,
        "opening_hours": null,
        "source": "osm"
      }
    },
    {
      "type": "Feature",
      "geometry": {
        "type": "Point",
        "coordinates": [
          19.8131642,
          45.2625471
        ]
      },
      "properties": {
        "id": "osm-w-360620675",
        "category": "parking",
        "name": "Parking",
        "wheelchair": null,
        "fee": "no",
        "opening_hours": null,
        "source": "osm"
      }
    },
    {
      "type": "Feature",
      "geometry": {
        "type": "Point",
        "coordinates": [
          19.8294242,
          45.2617723
        ]
      },
      "properties": {
        "id": "osm-w-360737283",
        "category": "parking",
        "name": "Parking",
        "wheelchair": null,
        "fee": "yes",
        "opening_hours": null,
        "source": "osm"
      }
    },
    {
      "type": "Feature",
      "geometry": {
        "type": "Point",
        "coordinates": [
          19.8290985,
          45.259607
        ]
      },
      "properties": {
        "id": "osm-w-360737284",
        "category": "parking",
        "name": "Parking",
        "wheelchair": null,
        "fee": "no",
        "opening_hours": null,
        "source": "osm"
      }
    },
    {
      "type": "Feature",
      "geometry": {
        "type": "Point",
        "coordinates": [
          19.8293259,
          45.2630159
        ]
      },
      "properties": {
        "id": "osm-w-360737285",
        "category": "parking",
        "name": "Parking",
        "wheelchair": null,
        "fee": "yes",
        "opening_hours": null,
        "source": "osm"
      }
    },
    {
      "type": "Feature",
      "geometry": {
        "type": "Point",
        "coordinates": [
          19.8305843,
          45.2599239
        ]
      },
      "properties": {
        "id": "osm-w-360737286",
        "category": "parking",
        "name": "Parking",
        "wheelchair": null,
        "fee": "no",
        "opening_hours": null,
        "source": "osm"
      }
    },
    {
      "type": "Feature",
      "geometry": {
        "type": "Point",
        "coordinates": [
          19.8250143,
          45.2597432
        ]
      },
      "properties": {
        "id": "osm-w-360737287",
        "category": "parking",
        "name": "Parking",
        "wheelchair": null,
        "fee": "no",
        "opening_hours": null,
        "source": "osm"
      }
    },
    {
      "type": "Feature",
      "geometry": {
        "type": "Point",
        "coordinates": [
          19.8313641,
          45.2596607
        ]
      },
      "properties": {
        "id": "osm-w-360737288",
        "category": "parking",
        "name": "Parking",
        "wheelchair": null,
        "fee": "no",
        "opening_hours": null,
        "source": "osm"
      }
    },
    {
      "type": "Feature",
      "geometry": {
        "type": "Point",
        "coordinates": [
          19.828322,
          45.263083
        ]
      },
      "properties": {
        "id": "osm-w-360737289",
        "category": "parking",
        "name": "Parking",
        "wheelchair": null,
        "fee": "yes",
        "opening_hours": null,
        "source": "osm"
      }
    },
    {
      "type": "Feature",
      "geometry": {
        "type": "Point",
        "coordinates": [
          19.8291463,
          45.2610447
        ]
      },
      "properties": {
        "id": "osm-w-360737290",
        "category": "parking",
        "name": "Parking",
        "wheelchair": null,
        "fee": "yes",
        "opening_hours": null,
        "source": "osm"
      }
    },
    {
      "type": "Feature",
      "geometry": {
        "type": "Point",
        "coordinates": [
          19.8289755,
          45.261185
        ]
      },
      "properties": {
        "id": "osm-w-360737291",
        "category": "parking",
        "name": "Parking",
        "wheelchair": null,
        "fee": "yes",
        "opening_hours": null,
        "source": "osm"
      }
    },
    {
      "type": "Feature",
      "geometry": {
        "type": "Point",
        "coordinates": [
          19.8237837,
          45.2608084
        ]
      },
      "properties": {
        "id": "osm-w-360737292",
        "category": "parking",
        "name": "Parking",
        "wheelchair": null,
        "fee": "no",
        "opening_hours": null,
        "source": "osm"
      }
    },
    {
      "type": "Feature",
      "geometry": {
        "type": "Point",
        "coordinates": [
          19.8293341,
          45.2625234
        ]
      },
      "properties": {
        "id": "osm-w-360737293",
        "category": "parking",
        "name": "Parking",
        "wheelchair": null,
        "fee": "yes",
        "opening_hours": null,
        "source": "osm"
      }
    },
    {
      "type": "Feature",
      "geometry": {
        "type": "Point",
        "coordinates": [
          19.8288158,
          45.2620974
        ]
      },
      "properties": {
        "id": "osm-w-360737294",
        "category": "parking",
        "name": "Parking",
        "wheelchair": null,
        "fee": "yes",
        "opening_hours": null,
        "source": "osm"
      }
    },
    {
      "type": "Feature",
      "geometry": {
        "type": "Point",
        "coordinates": [
          19.8339876,
          45.265034
        ]
      },
      "properties": {
        "id": "osm-w-360738839",
        "category": "parking",
        "name": "Parking",
        "wheelchair": null,
        "fee": "yes",
        "opening_hours": null,
        "source": "osm"
      }
    },
    {
      "type": "Feature",
      "geometry": {
        "type": "Point",
        "coordinates": [
          19.8338162,
          45.2649007
        ]
      },
      "properties": {
        "id": "osm-w-360738840",
        "category": "parking",
        "name": "Parking",
        "wheelchair": null,
        "fee": "yes",
        "opening_hours": null,
        "source": "osm"
      }
    },
    {
      "type": "Feature",
      "geometry": {
        "type": "Point",
        "coordinates": [
          19.8318894,
          45.2643596
        ]
      },
      "properties": {
        "id": "osm-w-360738842",
        "category": "parking",
        "name": "Parking",
        "wheelchair": null,
        "fee": null,
        "opening_hours": null,
        "source": "osm"
      }
    },
    {
      "type": "Feature",
      "geometry": {
        "type": "Point",
        "coordinates": [
          19.8318667,
          45.2637236
        ]
      },
      "properties": {
        "id": "osm-w-360738843",
        "category": "parking",
        "name": "Parking",
        "wheelchair": null,
        "fee": null,
        "opening_hours": null,
        "source": "osm"
      }
    },
    {
      "type": "Feature",
      "geometry": {
        "type": "Point",
        "coordinates": [
          19.8333687,
          45.2644078
        ]
      },
      "properties": {
        "id": "osm-w-360738845",
        "category": "parking",
        "name": "Parking",
        "wheelchair": null,
        "fee": "yes",
        "opening_hours": null,
        "source": "osm"
      }
    },
    {
      "type": "Feature",
      "geometry": {
        "type": "Point",
        "coordinates": [
          19.8326559,
          45.2644305
        ]
      },
      "properties": {
        "id": "osm-w-360738847",
        "category": "parking",
        "name": "Parking",
        "wheelchair": null,
        "fee": "yes",
        "opening_hours": null,
        "source": "osm"
      }
    },
    {
      "type": "Feature",
      "geometry": {
        "type": "Point",
        "coordinates": [
          19.8351421,
          45.2588526
        ]
      },
      "properties": {
        "id": "osm-w-360741736",
        "category": "parking",
        "name": "Parking",
        "wheelchair": null,
        "fee": "yes",
        "opening_hours": null,
        "source": "osm"
      }
    },
    {
      "type": "Feature",
      "geometry": {
        "type": "Point",
        "coordinates": [
          19.833538,
          45.2598728
        ]
      },
      "properties": {
        "id": "osm-w-360741737",
        "category": "parking",
        "name": "Parking",
        "wheelchair": null,
        "fee": "yes",
        "opening_hours": null,
        "source": "osm"
      }
    },
    {
      "type": "Feature",
      "geometry": {
        "type": "Point",
        "coordinates": [
          19.8344405,
          45.2595719
        ]
      },
      "properties": {
        "id": "osm-w-360741738",
        "category": "parking",
        "name": "Parking",
        "wheelchair": null,
        "fee": "yes",
        "opening_hours": null,
        "source": "osm"
      }
    },
    {
      "type": "Feature",
      "geometry": {
        "type": "Point",
        "coordinates": [
          19.8339587,
          45.2672518
        ]
      },
      "properties": {
        "id": "osm-w-360746020",
        "category": "parking",
        "name": "Parking",
        "wheelchair": null,
        "fee": null,
        "opening_hours": null,
        "source": "osm"
      }
    },
    {
      "type": "Feature",
      "geometry": {
        "type": "Point",
        "coordinates": [
          19.8382561,
          45.2584749
        ]
      },
      "properties": {
        "id": "osm-w-360763254",
        "category": "parking",
        "name": "Parking",
        "wheelchair": "yes",
        "fee": "yes",
        "opening_hours": null,
        "source": "osm"
      }
    },
    {
      "type": "Feature",
      "geometry": {
        "type": "Point",
        "coordinates": [
          19.8420516,
          45.2562099
        ]
      },
      "properties": {
        "id": "osm-w-360763255",
        "category": "parking",
        "name": "Parking",
        "wheelchair": null,
        "fee": "yes",
        "opening_hours": null,
        "source": "osm"
      }
    },
    {
      "type": "Feature",
      "geometry": {
        "type": "Point",
        "coordinates": [
          19.8348283,
          45.2576509
        ]
      },
      "properties": {
        "id": "osm-w-360763256",
        "category": "parking",
        "name": "Parking",
        "wheelchair": null,
        "fee": "no",
        "opening_hours": null,
        "source": "osm"
      }
    },
    {
      "type": "Feature",
      "geometry": {
        "type": "Point",
        "coordinates": [
          19.8368838,
          45.2587073
        ]
      },
      "properties": {
        "id": "osm-w-360763257",
        "category": "parking",
        "name": "Parking",
        "wheelchair": "no",
        "fee": "yes",
        "opening_hours": null,
        "source": "osm"
      }
    },
    {
      "type": "Feature",
      "geometry": {
        "type": "Point",
        "coordinates": [
          19.8351557,
          45.2584015
        ]
      },
      "properties": {
        "id": "osm-w-360763258",
        "category": "parking",
        "name": "Parking",
        "wheelchair": null,
        "fee": "yes",
        "opening_hours": null,
        "source": "osm"
      }
    },
    {
      "type": "Feature",
      "geometry": {
        "type": "Point",
        "coordinates": [
          19.8577618,
          45.2665222
        ]
      },
      "properties": {
        "id": "osm-w-360764612",
        "category": "parking",
        "name": "Parking",
        "wheelchair": null,
        "fee": null,
        "opening_hours": null,
        "source": "osm"
      }
    },
    {
      "type": "Feature",
      "geometry": {
        "type": "Point",
        "coordinates": [
          19.8494526,
          45.2540209
        ]
      },
      "properties": {
        "id": "osm-w-360768205",
        "category": "parking",
        "name": "Parking",
        "wheelchair": null,
        "fee": "yes",
        "opening_hours": null,
        "source": "osm"
      }
    },
    {
      "type": "Feature",
      "geometry": {
        "type": "Point",
        "coordinates": [
          19.850904,
          45.2643188
        ]
      },
      "properties": {
        "id": "osm-w-365822352",
        "category": "parking",
        "name": "Parking",
        "wheelchair": null,
        "fee": null,
        "opening_hours": null,
        "source": "osm"
      }
    },
    {
      "type": "Feature",
      "geometry": {
        "type": "Point",
        "coordinates": [
          19.8806237,
          45.2682898
        ]
      },
      "properties": {
        "id": "osm-w-366750431",
        "category": "parking",
        "name": "Parking",
        "wheelchair": null,
        "fee": null,
        "opening_hours": null,
        "source": "osm"
      }
    },
    {
      "type": "Feature",
      "geometry": {
        "type": "Point",
        "coordinates": [
          19.8828817,
          45.2417684
        ]
      },
      "properties": {
        "id": "osm-w-366808577",
        "category": "parking",
        "name": "Parking",
        "wheelchair": null,
        "fee": null,
        "opening_hours": null,
        "source": "osm"
      }
    },
    {
      "type": "Feature",
      "geometry": {
        "type": "Point",
        "coordinates": [
          19.8836402,
          45.241808
        ]
      },
      "properties": {
        "id": "osm-w-366808656",
        "category": "parking",
        "name": "Parking",
        "wheelchair": null,
        "fee": null,
        "opening_hours": null,
        "source": "osm"
      }
    },
    {
      "type": "Feature",
      "geometry": {
        "type": "Point",
        "coordinates": [
          19.8595368,
          45.255111
        ]
      },
      "properties": {
        "id": "osm-w-366809929",
        "category": "parking",
        "name": "Parking",
        "wheelchair": null,
        "fee": null,
        "opening_hours": null,
        "source": "osm"
      }
    },
    {
      "type": "Feature",
      "geometry": {
        "type": "Point",
        "coordinates": [
          19.8356908,
          45.2538031
        ]
      },
      "properties": {
        "id": "osm-w-366814243",
        "category": "parking",
        "name": "Parking",
        "wheelchair": null,
        "fee": "yes",
        "opening_hours": null,
        "source": "osm"
      }
    },
    {
      "type": "Feature",
      "geometry": {
        "type": "Point",
        "coordinates": [
          19.8455268,
          45.2371359
        ]
      },
      "properties": {
        "id": "osm-w-367991239",
        "category": "parking",
        "name": "Parking",
        "wheelchair": null,
        "fee": null,
        "opening_hours": null,
        "source": "osm"
      }
    },
    {
      "type": "Feature",
      "geometry": {
        "type": "Point",
        "coordinates": [
          19.8829594,
          45.2414059
        ]
      },
      "properties": {
        "id": "osm-w-368728668",
        "category": "parking",
        "name": "Parking",
        "wheelchair": null,
        "fee": null,
        "opening_hours": null,
        "source": "osm"
      }
    },
    {
      "type": "Feature",
      "geometry": {
        "type": "Point",
        "coordinates": [
          19.8833647,
          45.2412661
        ]
      },
      "properties": {
        "id": "osm-w-368728670",
        "category": "parking",
        "name": "Parking",
        "wheelchair": null,
        "fee": null,
        "opening_hours": null,
        "source": "osm"
      }
    },
    {
      "type": "Feature",
      "geometry": {
        "type": "Point",
        "coordinates": [
          19.8275725,
          45.2761939
        ]
      },
      "properties": {
        "id": "osm-w-369009851",
        "category": "parking",
        "name": "Parking",
        "wheelchair": null,
        "fee": "no",
        "opening_hours": null,
        "source": "osm"
      }
    },
    {
      "type": "Feature",
      "geometry": {
        "type": "Point",
        "coordinates": [
          19.8282199,
          45.2749717
        ]
      },
      "properties": {
        "id": "osm-w-369009852",
        "category": "parking",
        "name": "Parking",
        "wheelchair": null,
        "fee": null,
        "opening_hours": null,
        "source": "osm"
      }
    },
    {
      "type": "Feature",
      "geometry": {
        "type": "Point",
        "coordinates": [
          19.8271863,
          45.2747937
        ]
      },
      "properties": {
        "id": "osm-w-369009853",
        "category": "parking",
        "name": "Parking",
        "wheelchair": null,
        "fee": null,
        "opening_hours": null,
        "source": "osm"
      }
    },
    {
      "type": "Feature",
      "geometry": {
        "type": "Point",
        "coordinates": [
          19.8272705,
          45.2772762
        ]
      },
      "properties": {
        "id": "osm-w-369009854",
        "category": "parking",
        "name": "Parking",
        "wheelchair": null,
        "fee": null,
        "opening_hours": null,
        "source": "osm"
      }
    },
    {
      "type": "Feature",
      "geometry": {
        "type": "Point",
        "coordinates": [
          19.8265917,
          45.2766406
        ]
      },
      "properties": {
        "id": "osm-w-369009855",
        "category": "parking",
        "name": "Parking",
        "wheelchair": null,
        "fee": null,
        "opening_hours": null,
        "source": "osm"
      }
    },
    {
      "type": "Feature",
      "geometry": {
        "type": "Point",
        "coordinates": [
          19.8268356,
          45.2747332
        ]
      },
      "properties": {
        "id": "osm-w-369009856",
        "category": "parking",
        "name": "Parking",
        "wheelchair": null,
        "fee": null,
        "opening_hours": null,
        "source": "osm"
      }
    },
    {
      "type": "Feature",
      "geometry": {
        "type": "Point",
        "coordinates": [
          19.8264098,
          45.2758002
        ]
      },
      "properties": {
        "id": "osm-w-369009857",
        "category": "parking",
        "name": "Parking",
        "wheelchair": null,
        "fee": null,
        "opening_hours": null,
        "source": "osm"
      }
    },
    {
      "type": "Feature",
      "geometry": {
        "type": "Point",
        "coordinates": [
          19.8274779,
          45.2774704
        ]
      },
      "properties": {
        "id": "osm-w-369009858",
        "category": "parking",
        "name": "Parking",
        "wheelchair": null,
        "fee": null,
        "opening_hours": null,
        "source": "osm"
      }
    },
    {
      "type": "Feature",
      "geometry": {
        "type": "Point",
        "coordinates": [
          19.8263926,
          45.2761809
        ]
      },
      "properties": {
        "id": "osm-w-369009859",
        "category": "parking",
        "name": "Parking",
        "wheelchair": null,
        "fee": null,
        "opening_hours": null,
        "source": "osm"
      }
    },
    {
      "type": "Feature",
      "geometry": {
        "type": "Point",
        "coordinates": [
          19.8264469,
          45.2749766
        ]
      },
      "properties": {
        "id": "osm-w-369009860",
        "category": "parking",
        "name": "Parking",
        "wheelchair": null,
        "fee": null,
        "opening_hours": null,
        "source": "osm"
      }
    },
    {
      "type": "Feature",
      "geometry": {
        "type": "Point",
        "coordinates": [
          19.8267638,
          45.2768018
        ]
      },
      "properties": {
        "id": "osm-w-369009861",
        "category": "parking",
        "name": "Parking",
        "wheelchair": null,
        "fee": null,
        "opening_hours": null,
        "source": "osm"
      }
    },
    {
      "type": "Feature",
      "geometry": {
        "type": "Point",
        "coordinates": [
          19.8270933,
          45.2771103
        ]
      },
      "properties": {
        "id": "osm-w-369009862",
        "category": "parking",
        "name": "Parking",
        "wheelchair": null,
        "fee": null,
        "opening_hours": null,
        "source": "osm"
      }
    },
    {
      "type": "Feature",
      "geometry": {
        "type": "Point",
        "coordinates": [
          19.8264318,
          45.2753113
        ]
      },
      "properties": {
        "id": "osm-w-369009863",
        "category": "parking",
        "name": "Parking",
        "wheelchair": null,
        "fee": null,
        "opening_hours": null,
        "source": "osm"
      }
    },
    {
      "type": "Feature",
      "geometry": {
        "type": "Point",
        "coordinates": [
          19.8277194,
          45.2748854
        ]
      },
      "properties": {
        "id": "osm-w-369009864",
        "category": "parking",
        "name": "Parking",
        "wheelchair": null,
        "fee": null,
        "opening_hours": null,
        "source": "osm"
      }
    },
    {
      "type": "Feature",
      "geometry": {
        "type": "Point",
        "coordinates": [
          19.8537364,
          45.2572888
        ]
      },
      "properties": {
        "id": "osm-w-369839101",
        "category": "parking",
        "name": "Parking",
        "wheelchair": null,
        "fee": null,
        "opening_hours": null,
        "source": "osm"
      }
    },
    {
      "type": "Feature",
      "geometry": {
        "type": "Point",
        "coordinates": [
          19.852694,
          45.257443
        ]
      },
      "properties": {
        "id": "osm-w-369839102",
        "category": "parking",
        "name": "Parking",
        "wheelchair": null,
        "fee": null,
        "opening_hours": null,
        "source": "osm"
      }
    },
    {
      "type": "Feature",
      "geometry": {
        "type": "Point",
        "coordinates": [
          19.8164491,
          45.2397117
        ]
      },
      "properties": {
        "id": "osm-w-374932583",
        "category": "parking",
        "name": "Parking",
        "wheelchair": null,
        "fee": null,
        "opening_hours": null,
        "source": "osm"
      }
    },
    {
      "type": "Feature",
      "geometry": {
        "type": "Point",
        "coordinates": [
          19.832603,
          45.2377582
        ]
      },
      "properties": {
        "id": "osm-w-376496439",
        "category": "parking",
        "name": "Parking",
        "wheelchair": null,
        "fee": null,
        "opening_hours": null,
        "source": "osm"
      }
    },
    {
      "type": "Feature",
      "geometry": {
        "type": "Point",
        "coordinates": [
          19.8489341,
          45.2430763
        ]
      },
      "properties": {
        "id": "osm-w-377130128",
        "category": "parking",
        "name": "Parking",
        "wheelchair": null,
        "fee": null,
        "opening_hours": null,
        "source": "osm"
      }
    },
    {
      "type": "Feature",
      "geometry": {
        "type": "Point",
        "coordinates": [
          19.8486445,
          45.2436145
        ]
      },
      "properties": {
        "id": "osm-w-377130129",
        "category": "parking",
        "name": "Parking",
        "wheelchair": null,
        "fee": null,
        "opening_hours": null,
        "source": "osm"
      }
    },
    {
      "type": "Feature",
      "geometry": {
        "type": "Point",
        "coordinates": [
          19.8489627,
          45.2463647
        ]
      },
      "properties": {
        "id": "osm-w-377135793",
        "category": "parking",
        "name": "Parking",
        "wheelchair": null,
        "fee": null,
        "opening_hours": null,
        "source": "osm"
      }
    },
    {
      "type": "Feature",
      "geometry": {
        "type": "Point",
        "coordinates": [
          19.8509325,
          45.2479554
        ]
      },
      "properties": {
        "id": "osm-w-377139761",
        "category": "parking",
        "name": "Parking",
        "wheelchair": null,
        "fee": null,
        "opening_hours": null,
        "source": "osm"
      }
    },
    {
      "type": "Feature",
      "geometry": {
        "type": "Point",
        "coordinates": [
          19.8520363,
          45.2484525
        ]
      },
      "properties": {
        "id": "osm-w-377139764",
        "category": "parking",
        "name": "Parking",
        "wheelchair": null,
        "fee": null,
        "opening_hours": null,
        "source": "osm"
      }
    },
    {
      "type": "Feature",
      "geometry": {
        "type": "Point",
        "coordinates": [
          19.8404498,
          45.2475102
        ]
      },
      "properties": {
        "id": "osm-w-377450899",
        "category": "parking",
        "name": "Parking",
        "wheelchair": null,
        "fee": "yes",
        "opening_hours": null,
        "source": "osm"
      }
    },
    {
      "type": "Feature",
      "geometry": {
        "type": "Point",
        "coordinates": [
          19.8409161,
          45.2480093
        ]
      },
      "properties": {
        "id": "osm-w-377450901",
        "category": "parking",
        "name": "Parking",
        "wheelchair": null,
        "fee": null,
        "opening_hours": null,
        "source": "osm"
      }
    },
    {
      "type": "Feature",
      "geometry": {
        "type": "Point",
        "coordinates": [
          19.8417521,
          45.2474959
        ]
      },
      "properties": {
        "id": "osm-w-377450902",
        "category": "parking",
        "name": "Parking",
        "wheelchair": null,
        "fee": "yes",
        "opening_hours": null,
        "source": "osm"
      }
    },
    {
      "type": "Feature",
      "geometry": {
        "type": "Point",
        "coordinates": [
          19.8418006,
          45.2479629
        ]
      },
      "properties": {
        "id": "osm-w-377450903",
        "category": "parking",
        "name": "Parking",
        "wheelchair": null,
        "fee": null,
        "opening_hours": null,
        "source": "osm"
      }
    },
    {
      "type": "Feature",
      "geometry": {
        "type": "Point",
        "coordinates": [
          19.8404222,
          45.2469947
        ]
      },
      "properties": {
        "id": "osm-w-377450904",
        "category": "parking",
        "name": "Parking",
        "wheelchair": null,
        "fee": "yes",
        "opening_hours": null,
        "source": "osm"
      }
    },
    {
      "type": "Feature",
      "geometry": {
        "type": "Point",
        "coordinates": [
          19.8482148,
          45.2476631
        ]
      },
      "properties": {
        "id": "osm-w-377454963",
        "category": "parking",
        "name": "Parking",
        "wheelchair": null,
        "fee": "yes",
        "opening_hours": null,
        "source": "osm"
      }
    },
    {
      "type": "Feature",
      "geometry": {
        "type": "Point",
        "coordinates": [
          19.8505345,
          45.2501827
        ]
      },
      "properties": {
        "id": "osm-w-377984638",
        "category": "parking",
        "name": "Parking",
        "wheelchair": null,
        "fee": null,
        "opening_hours": null,
        "source": "osm"
      }
    },
    {
      "type": "Feature",
      "geometry": {
        "type": "Point",
        "coordinates": [
          19.8512635,
          45.249124
        ]
      },
      "properties": {
        "id": "osm-w-377984642",
        "category": "parking",
        "name": "Parking",
        "wheelchair": null,
        "fee": null,
        "opening_hours": null,
        "source": "osm"
      }
    },
    {
      "type": "Feature",
      "geometry": {
        "type": "Point",
        "coordinates": [
          19.8498321,
          45.254651
        ]
      },
      "properties": {
        "id": "osm-w-378273985",
        "category": "parking",
        "name": "Parking",
        "wheelchair": null,
        "fee": "yes",
        "opening_hours": null,
        "source": "osm"
      }
    },
    {
      "type": "Feature",
      "geometry": {
        "type": "Point",
        "coordinates": [
          19.8504105,
          45.2527134
        ]
      },
      "properties": {
        "id": "osm-w-378274443",
        "category": "parking",
        "name": "Parking",
        "wheelchair": null,
        "fee": "yes",
        "opening_hours": null,
        "source": "osm"
      }
    },
    {
      "type": "Feature",
      "geometry": {
        "type": "Point",
        "coordinates": [
          19.8424967,
          45.250359
        ]
      },
      "properties": {
        "id": "osm-w-378277987",
        "category": "parking",
        "name": "Parking",
        "wheelchair": null,
        "fee": "yes",
        "opening_hours": null,
        "source": "osm"
      }
    },
    {
      "type": "Feature",
      "geometry": {
        "type": "Point",
        "coordinates": [
          19.8431379,
          45.2510256
        ]
      },
      "properties": {
        "id": "osm-w-378281269",
        "category": "parking",
        "name": "Parking",
        "wheelchair": null,
        "fee": "yes",
        "opening_hours": null,
        "source": "osm"
      }
    },
    {
      "type": "Feature",
      "geometry": {
        "type": "Point",
        "coordinates": [
          19.8411749,
          45.2541876
        ]
      },
      "properties": {
        "id": "osm-w-378302606",
        "category": "parking",
        "name": "Parking",
        "wheelchair": null,
        "fee": null,
        "opening_hours": null,
        "source": "osm"
      }
    },
    {
      "type": "Feature",
      "geometry": {
        "type": "Point",
        "coordinates": [
          19.8542734,
          45.2606265
        ]
      },
      "properties": {
        "id": "osm-w-379527877",
        "category": "parking",
        "name": "Parking",
        "wheelchair": null,
        "fee": "no",
        "opening_hours": null,
        "source": "osm"
      }
    },
    {
      "type": "Feature",
      "geometry": {
        "type": "Point",
        "coordinates": [
          19.8516597,
          45.2585489
        ]
      },
      "properties": {
        "id": "osm-w-379721144",
        "category": "parking",
        "name": "Parking",
        "wheelchair": null,
        "fee": null,
        "opening_hours": null,
        "source": "osm"
      }
    },
    {
      "type": "Feature",
      "geometry": {
        "type": "Point",
        "coordinates": [
          19.8503101,
          45.2631039
        ]
      },
      "properties": {
        "id": "osm-w-379894915",
        "category": "parking",
        "name": "Parking",
        "wheelchair": null,
        "fee": null,
        "opening_hours": null,
        "source": "osm"
      }
    },
    {
      "type": "Feature",
      "geometry": {
        "type": "Point",
        "coordinates": [
          19.8586976,
          45.2644958
        ]
      },
      "properties": {
        "id": "osm-w-380137129",
        "category": "parking",
        "name": "Parking",
        "wheelchair": null,
        "fee": null,
        "opening_hours": null,
        "source": "osm"
      }
    },
    {
      "type": "Feature",
      "geometry": {
        "type": "Point",
        "coordinates": [
          19.8572336,
          45.2670374
        ]
      },
      "properties": {
        "id": "osm-w-380137130",
        "category": "parking",
        "name": "Parking",
        "wheelchair": null,
        "fee": null,
        "opening_hours": null,
        "source": "osm"
      }
    },
    {
      "type": "Feature",
      "geometry": {
        "type": "Point",
        "coordinates": [
          19.8462134,
          45.2630669
        ]
      },
      "properties": {
        "id": "osm-w-380202327",
        "category": "parking",
        "name": "Parking",
        "wheelchair": null,
        "fee": null,
        "opening_hours": null,
        "source": "osm"
      }
    },
    {
      "type": "Feature",
      "geometry": {
        "type": "Point",
        "coordinates": [
          19.8445785,
          45.2583952
        ]
      },
      "properties": {
        "id": "osm-w-380278800",
        "category": "parking",
        "name": "Parking",
        "wheelchair": null,
        "fee": null,
        "opening_hours": null,
        "source": "osm"
      }
    },
    {
      "type": "Feature",
      "geometry": {
        "type": "Point",
        "coordinates": [
          19.844035,
          45.256393
        ]
      },
      "properties": {
        "id": "osm-w-380278801",
        "category": "parking",
        "name": "Parking",
        "wheelchair": null,
        "fee": "yes",
        "opening_hours": null,
        "source": "osm"
      }
    },
    {
      "type": "Feature",
      "geometry": {
        "type": "Point",
        "coordinates": [
          19.8352734,
          45.2576166
        ]
      },
      "properties": {
        "id": "osm-w-380954131",
        "category": "parking",
        "name": "Parking",
        "wheelchair": null,
        "fee": "no",
        "opening_hours": null,
        "source": "osm"
      }
    },
    {
      "type": "Feature",
      "geometry": {
        "type": "Point",
        "coordinates": [
          19.8368521,
          45.2579983
        ]
      },
      "properties": {
        "id": "osm-w-381205932",
        "category": "parking",
        "name": "Parking",
        "wheelchair": null,
        "fee": null,
        "opening_hours": null,
        "source": "osm"
      }
    },
    {
      "type": "Feature",
      "geometry": {
        "type": "Point",
        "coordinates": [
          19.8364721,
          45.265271
        ]
      },
      "properties": {
        "id": "osm-w-382416943",
        "category": "parking",
        "name": "Parking",
        "wheelchair": null,
        "fee": null,
        "opening_hours": null,
        "source": "osm"
      }
    },
    {
      "type": "Feature",
      "geometry": {
        "type": "Point",
        "coordinates": [
          19.8228685,
          45.2730929
        ]
      },
      "properties": {
        "id": "osm-w-383059822",
        "category": "parking",
        "name": "Schneider Electric",
        "wheelchair": null,
        "fee": null,
        "opening_hours": null,
        "source": "osm"
      }
    },
    {
      "type": "Feature",
      "geometry": {
        "type": "Point",
        "coordinates": [
          19.8247831,
          45.2719318
        ]
      },
      "properties": {
        "id": "osm-w-383064681",
        "category": "parking",
        "name": "Parking",
        "wheelchair": null,
        "fee": "no",
        "opening_hours": null,
        "source": "osm"
      }
    },
    {
      "type": "Feature",
      "geometry": {
        "type": "Point",
        "coordinates": [
          19.8150514,
          45.2742747
        ]
      },
      "properties": {
        "id": "osm-w-383068071",
        "category": "parking",
        "name": "Parking",
        "wheelchair": null,
        "fee": null,
        "opening_hours": null,
        "source": "osm"
      }
    },
    {
      "type": "Feature",
      "geometry": {
        "type": "Point",
        "coordinates": [
          19.8096777,
          45.2771681
        ]
      },
      "properties": {
        "id": "osm-w-383077454",
        "category": "parking",
        "name": "Parking",
        "wheelchair": null,
        "fee": null,
        "opening_hours": null,
        "source": "osm"
      }
    },
    {
      "type": "Feature",
      "geometry": {
        "type": "Point",
        "coordinates": [
          19.8151269,
          45.2791367
        ]
      },
      "properties": {
        "id": "osm-w-383088210",
        "category": "parking",
        "name": "Parking",
        "wheelchair": null,
        "fee": null,
        "opening_hours": null,
        "source": "osm"
      }
    },
    {
      "type": "Feature",
      "geometry": {
        "type": "Point",
        "coordinates": [
          19.8360088,
          45.242796
        ]
      },
      "properties": {
        "id": "osm-w-383181413",
        "category": "parking",
        "name": "Parking",
        "wheelchair": null,
        "fee": null,
        "opening_hours": null,
        "source": "osm"
      }
    },
    {
      "type": "Feature",
      "geometry": {
        "type": "Point",
        "coordinates": [
          19.8397272,
          45.2458114
        ]
      },
      "properties": {
        "id": "osm-w-383188607",
        "category": "parking",
        "name": "Parking",
        "wheelchair": null,
        "fee": null,
        "opening_hours": null,
        "source": "osm"
      }
    },
    {
      "type": "Feature",
      "geometry": {
        "type": "Point",
        "coordinates": [
          19.8379463,
          45.2444104
        ]
      },
      "properties": {
        "id": "osm-w-383188608",
        "category": "parking",
        "name": "Parking",
        "wheelchair": null,
        "fee": null,
        "opening_hours": null,
        "source": "osm"
      }
    },
    {
      "type": "Feature",
      "geometry": {
        "type": "Point",
        "coordinates": [
          19.8407686,
          45.2443062
        ]
      },
      "properties": {
        "id": "osm-w-383188609",
        "category": "parking",
        "name": "Parking",
        "wheelchair": null,
        "fee": null,
        "opening_hours": null,
        "source": "osm"
      }
    },
    {
      "type": "Feature",
      "geometry": {
        "type": "Point",
        "coordinates": [
          19.8392542,
          45.2465605
        ]
      },
      "properties": {
        "id": "osm-w-383198958",
        "category": "parking",
        "name": "Parking",
        "wheelchair": null,
        "fee": null,
        "opening_hours": null,
        "source": "osm"
      }
    },
    {
      "type": "Feature",
      "geometry": {
        "type": "Point",
        "coordinates": [
          19.838344,
          45.243939
        ]
      },
      "properties": {
        "id": "osm-w-383198962",
        "category": "parking",
        "name": "Parking",
        "wheelchair": null,
        "fee": null,
        "opening_hours": null,
        "source": "osm"
      }
    },
    {
      "type": "Feature",
      "geometry": {
        "type": "Point",
        "coordinates": [
          19.8372611,
          45.2442103
        ]
      },
      "properties": {
        "id": "osm-w-383198963",
        "category": "parking",
        "name": "Parking",
        "wheelchair": null,
        "fee": null,
        "opening_hours": null,
        "source": "osm"
      }
    },
    {
      "type": "Feature",
      "geometry": {
        "type": "Point",
        "coordinates": [
          19.8383914,
          45.2454939
        ]
      },
      "properties": {
        "id": "osm-w-383198964",
        "category": "parking",
        "name": "Parking",
        "wheelchair": null,
        "fee": null,
        "opening_hours": null,
        "source": "osm"
      }
    },
    {
      "type": "Feature",
      "geometry": {
        "type": "Point",
        "coordinates": [
          19.8343675,
          45.2425759
        ]
      },
      "properties": {
        "id": "osm-w-383748720",
        "category": "parking",
        "name": "Parking",
        "wheelchair": null,
        "fee": null,
        "opening_hours": null,
        "source": "osm"
      }
    },
    {
      "type": "Feature",
      "geometry": {
        "type": "Point",
        "coordinates": [
          19.8358347,
          45.243694
        ]
      },
      "properties": {
        "id": "osm-w-383750451",
        "category": "parking",
        "name": "Parking",
        "wheelchair": null,
        "fee": null,
        "opening_hours": null,
        "source": "osm"
      }
    },
    {
      "type": "Feature",
      "geometry": {
        "type": "Point",
        "coordinates": [
          19.8363941,
          45.2430834
        ]
      },
      "properties": {
        "id": "osm-w-383750454",
        "category": "parking",
        "name": "Parking",
        "wheelchair": null,
        "fee": null,
        "opening_hours": null,
        "source": "osm"
      }
    },
    {
      "type": "Feature",
      "geometry": {
        "type": "Point",
        "coordinates": [
          19.8359924,
          45.2439707
        ]
      },
      "properties": {
        "id": "osm-w-383750455",
        "category": "parking",
        "name": "Parking",
        "wheelchair": null,
        "fee": null,
        "opening_hours": null,
        "source": "osm"
      }
    },
    {
      "type": "Feature",
      "geometry": {
        "type": "Point",
        "coordinates": [
          19.8344956,
          45.2443783
        ]
      },
      "properties": {
        "id": "osm-w-383751733",
        "category": "parking",
        "name": "Parking",
        "wheelchair": null,
        "fee": null,
        "opening_hours": null,
        "source": "osm"
      }
    },
    {
      "type": "Feature",
      "geometry": {
        "type": "Point",
        "coordinates": [
          19.8348017,
          45.2452058
        ]
      },
      "properties": {
        "id": "osm-w-383753080",
        "category": "parking",
        "name": "Parking",
        "wheelchair": null,
        "fee": null,
        "opening_hours": null,
        "source": "osm"
      }
    },
    {
      "type": "Feature",
      "geometry": {
        "type": "Point",
        "coordinates": [
          19.8315146,
          45.2458016
        ]
      },
      "properties": {
        "id": "osm-w-383753081",
        "category": "parking",
        "name": "Parking",
        "wheelchair": null,
        "fee": null,
        "opening_hours": null,
        "source": "osm"
      }
    },
    {
      "type": "Feature",
      "geometry": {
        "type": "Point",
        "coordinates": [
          19.8341983,
          45.2454603
        ]
      },
      "properties": {
        "id": "osm-w-383753082",
        "category": "parking",
        "name": "Parking",
        "wheelchair": null,
        "fee": null,
        "opening_hours": null,
        "source": "osm"
      }
    },
    {
      "type": "Feature",
      "geometry": {
        "type": "Point",
        "coordinates": [
          19.8329257,
          45.2451344
        ]
      },
      "properties": {
        "id": "osm-w-383753083",
        "category": "parking",
        "name": "Parking",
        "wheelchair": null,
        "fee": null,
        "opening_hours": null,
        "source": "osm"
      }
    },
    {
      "type": "Feature",
      "geometry": {
        "type": "Point",
        "coordinates": [
          19.8317318,
          45.2485586
        ]
      },
      "properties": {
        "id": "osm-w-383944142",
        "category": "parking",
        "name": "Parking",
        "wheelchair": null,
        "fee": null,
        "opening_hours": null,
        "source": "osm"
      }
    },
    {
      "type": "Feature",
      "geometry": {
        "type": "Point",
        "coordinates": [
          19.8377294,
          45.2477224
        ]
      },
      "properties": {
        "id": "osm-w-383944144",
        "category": "parking",
        "name": "Parking",
        "wheelchair": null,
        "fee": null,
        "opening_hours": null,
        "source": "osm"
      }
    },
    {
      "type": "Feature",
      "geometry": {
        "type": "Point",
        "coordinates": [
          19.8353387,
          45.2476887
        ]
      },
      "properties": {
        "id": "osm-w-383944145",
        "category": "parking",
        "name": "Parking",
        "wheelchair": null,
        "fee": null,
        "opening_hours": null,
        "source": "osm"
      }
    },
    {
      "type": "Feature",
      "geometry": {
        "type": "Point",
        "coordinates": [
          19.829921,
          45.2464309
        ]
      },
      "properties": {
        "id": "osm-w-383950679",
        "category": "parking",
        "name": "Parking",
        "wheelchair": null,
        "fee": null,
        "opening_hours": null,
        "source": "osm"
      }
    },
    {
      "type": "Feature",
      "geometry": {
        "type": "Point",
        "coordinates": [
          19.8302452,
          45.2464016
        ]
      },
      "properties": {
        "id": "osm-w-383950680",
        "category": "parking",
        "name": "Parking",
        "wheelchair": null,
        "fee": null,
        "opening_hours": null,
        "source": "osm"
      }
    },
    {
      "type": "Feature",
      "geometry": {
        "type": "Point",
        "coordinates": [
          19.8364927,
          45.2491604
        ]
      },
      "properties": {
        "id": "osm-w-383961992",
        "category": "parking",
        "name": "Parking",
        "wheelchair": null,
        "fee": null,
        "opening_hours": null,
        "source": "osm"
      }
    },
    {
      "type": "Feature",
      "geometry": {
        "type": "Point",
        "coordinates": [
          19.8371497,
          45.2488702
        ]
      },
      "properties": {
        "id": "osm-w-383961997",
        "category": "parking",
        "name": "Parking",
        "wheelchair": null,
        "fee": null,
        "opening_hours": null,
        "source": "osm"
      }
    },
    {
      "type": "Feature",
      "geometry": {
        "type": "Point",
        "coordinates": [
          19.8340913,
          45.2474113
        ]
      },
      "properties": {
        "id": "osm-w-383963364",
        "category": "parking",
        "name": "Parking",
        "wheelchair": null,
        "fee": null,
        "opening_hours": null,
        "source": "osm"
      }
    },
    {
      "type": "Feature",
      "geometry": {
        "type": "Point",
        "coordinates": [
          19.8328445,
          45.2460709
        ]
      },
      "properties": {
        "id": "osm-w-383963365",
        "category": "parking",
        "name": "Parking",
        "wheelchair": null,
        "fee": "no",
        "opening_hours": null,
        "source": "osm"
      }
    },
    {
      "type": "Feature",
      "geometry": {
        "type": "Point",
        "coordinates": [
          19.8334376,
          45.2457656
        ]
      },
      "properties": {
        "id": "osm-w-383965929",
        "category": "parking",
        "name": "Parking",
        "wheelchair": null,
        "fee": null,
        "opening_hours": null,
        "source": "osm"
      }
    },
    {
      "type": "Feature",
      "geometry": {
        "type": "Point",
        "coordinates": [
          19.8331617,
          45.2478381
        ]
      },
      "properties": {
        "id": "osm-w-383970138",
        "category": "parking",
        "name": "Parking",
        "wheelchair": null,
        "fee": null,
        "opening_hours": null,
        "source": "osm"
      }
    },
    {
      "type": "Feature",
      "geometry": {
        "type": "Point",
        "coordinates": [
          19.8314499,
          45.2468174
        ]
      },
      "properties": {
        "id": "osm-w-383970143",
        "category": "parking",
        "name": "Parking",
        "wheelchair": null,
        "fee": null,
        "opening_hours": null,
        "source": "osm"
      }
    },
    {
      "type": "Feature",
      "geometry": {
        "type": "Point",
        "coordinates": [
          19.8325843,
          45.248016
        ]
      },
      "properties": {
        "id": "osm-w-383970146",
        "category": "parking",
        "name": "Parking",
        "wheelchair": null,
        "fee": null,
        "opening_hours": null,
        "source": "osm"
      }
    },
    {
      "type": "Feature",
      "geometry": {
        "type": "Point",
        "coordinates": [
          19.8304648,
          45.2452615
        ]
      },
      "properties": {
        "id": "osm-w-383977060",
        "category": "parking",
        "name": "Parking",
        "wheelchair": null,
        "fee": null,
        "opening_hours": null,
        "source": "osm"
      }
    },
    {
      "type": "Feature",
      "geometry": {
        "type": "Point",
        "coordinates": [
          19.8306761,
          45.24554
        ]
      },
      "properties": {
        "id": "osm-w-383977061",
        "category": "parking",
        "name": "Parking",
        "wheelchair": null,
        "fee": null,
        "opening_hours": null,
        "source": "osm"
      }
    },
    {
      "type": "Feature",
      "geometry": {
        "type": "Point",
        "coordinates": [
          19.8305048,
          45.2458183
        ]
      },
      "properties": {
        "id": "osm-w-383980219",
        "category": "parking",
        "name": "Parking",
        "wheelchair": null,
        "fee": null,
        "opening_hours": null,
        "source": "osm"
      }
    },
    {
      "type": "Feature",
      "geometry": {
        "type": "Point",
        "coordinates": [
          19.8315683,
          45.2426331
        ]
      },
      "properties": {
        "id": "osm-w-384156182",
        "category": "parking",
        "name": "Parking",
        "wheelchair": null,
        "fee": null,
        "opening_hours": null,
        "source": "osm"
      }
    },
    {
      "type": "Feature",
      "geometry": {
        "type": "Point",
        "coordinates": [
          19.8317483,
          45.24261
        ]
      },
      "properties": {
        "id": "osm-w-384156183",
        "category": "parking",
        "name": "Parking",
        "wheelchair": null,
        "fee": null,
        "opening_hours": null,
        "source": "osm"
      }
    },
    {
      "type": "Feature",
      "geometry": {
        "type": "Point",
        "coordinates": [
          19.8313193,
          45.2420318
        ]
      },
      "properties": {
        "id": "osm-w-384156184",
        "category": "parking",
        "name": "Parking",
        "wheelchair": null,
        "fee": null,
        "opening_hours": null,
        "source": "osm"
      }
    },
    {
      "type": "Feature",
      "geometry": {
        "type": "Point",
        "coordinates": [
          19.8266215,
          45.2432338
        ]
      },
      "properties": {
        "id": "osm-w-384156185",
        "category": "parking",
        "name": "Parking",
        "wheelchair": null,
        "fee": null,
        "opening_hours": null,
        "source": "osm"
      }
    },
    {
      "type": "Feature",
      "geometry": {
        "type": "Point",
        "coordinates": [
          19.8268206,
          45.2430753
        ]
      },
      "properties": {
        "id": "osm-w-384156187",
        "category": "parking",
        "name": "Parking",
        "wheelchair": null,
        "fee": null,
        "opening_hours": null,
        "source": "osm"
      }
    },
    {
      "type": "Feature",
      "geometry": {
        "type": "Point",
        "coordinates": [
          19.8332839,
          45.2444739
        ]
      },
      "properties": {
        "id": "osm-w-384156188",
        "category": "parking",
        "name": "Parking",
        "wheelchair": null,
        "fee": null,
        "opening_hours": null,
        "source": "osm"
      }
    },
    {
      "type": "Feature",
      "geometry": {
        "type": "Point",
        "coordinates": [
          19.829009,
          45.2425436
        ]
      },
      "properties": {
        "id": "osm-w-384156189",
        "category": "parking",
        "name": "Parking",
        "wheelchair": null,
        "fee": null,
        "opening_hours": null,
        "source": "osm"
      }
    },
    {
      "type": "Feature",
      "geometry": {
        "type": "Point",
        "coordinates": [
          19.8298903,
          45.2431573
        ]
      },
      "properties": {
        "id": "osm-w-384156190",
        "category": "parking",
        "name": "Parking",
        "wheelchair": null,
        "fee": null,
        "opening_hours": null,
        "source": "osm"
      }
    },
    {
      "type": "Feature",
      "geometry": {
        "type": "Point",
        "coordinates": [
          19.828311,
          45.2424676
        ]
      },
      "properties": {
        "id": "osm-w-384156191",
        "category": "parking",
        "name": "Parking",
        "wheelchair": null,
        "fee": null,
        "opening_hours": null,
        "source": "osm"
      }
    },
    {
      "type": "Feature",
      "geometry": {
        "type": "Point",
        "coordinates": [
          19.8275974,
          45.243206
        ]
      },
      "properties": {
        "id": "osm-w-384156192",
        "category": "parking",
        "name": "Parking",
        "wheelchair": null,
        "fee": null,
        "opening_hours": null,
        "source": "osm"
      }
    },
    {
      "type": "Feature",
      "geometry": {
        "type": "Point",
        "coordinates": [
          19.8310226,
          45.2421427
        ]
      },
      "properties": {
        "id": "osm-w-384156193",
        "category": "parking",
        "name": "Parking",
        "wheelchair": null,
        "fee": null,
        "opening_hours": null,
        "source": "osm"
      }
    },
    {
      "type": "Feature",
      "geometry": {
        "type": "Point",
        "coordinates": [
          19.8311893,
          45.2444131
        ]
      },
      "properties": {
        "id": "osm-w-384156194",
        "category": "parking",
        "name": "Parking",
        "wheelchair": null,
        "fee": null,
        "opening_hours": null,
        "source": "osm"
      }
    },
    {
      "type": "Feature",
      "geometry": {
        "type": "Point",
        "coordinates": [
          19.8299143,
          45.2437209
        ]
      },
      "properties": {
        "id": "osm-w-384156196",
        "category": "parking",
        "name": "Parking",
        "wheelchair": null,
        "fee": null,
        "opening_hours": null,
        "source": "osm"
      }
    },
    {
      "type": "Feature",
      "geometry": {
        "type": "Point",
        "coordinates": [
          19.8302616,
          45.2420159
        ]
      },
      "properties": {
        "id": "osm-w-384156197",
        "category": "parking",
        "name": "Parking",
        "wheelchair": null,
        "fee": null,
        "opening_hours": null,
        "source": "osm"
      }
    },
    {
      "type": "Feature",
      "geometry": {
        "type": "Point",
        "coordinates": [
          19.8281318,
          45.2427852
        ]
      },
      "properties": {
        "id": "osm-w-384156198",
        "category": "parking",
        "name": "Parking",
        "wheelchair": null,
        "fee": null,
        "opening_hours": null,
        "source": "osm"
      }
    },
    {
      "type": "Feature",
      "geometry": {
        "type": "Point",
        "coordinates": [
          19.8326723,
          45.2514073
        ]
      },
      "properties": {
        "id": "osm-w-384965834",
        "category": "parking",
        "name": "Parking",
        "wheelchair": null,
        "fee": null,
        "opening_hours": null,
        "source": "osm"
      }
    },
    {
      "type": "Feature",
      "geometry": {
        "type": "Point",
        "coordinates": [
          19.8361206,
          45.2528588
        ]
      },
      "properties": {
        "id": "osm-w-385296502",
        "category": "parking",
        "name": "Parking",
        "wheelchair": null,
        "fee": null,
        "opening_hours": null,
        "source": "osm"
      }
    },
    {
      "type": "Feature",
      "geometry": {
        "type": "Point",
        "coordinates": [
          19.8324071,
          45.2522686
        ]
      },
      "properties": {
        "id": "osm-w-385302423",
        "category": "parking",
        "name": "Parking",
        "wheelchair": null,
        "fee": null,
        "opening_hours": null,
        "source": "osm"
      }
    },
    {
      "type": "Feature",
      "geometry": {
        "type": "Point",
        "coordinates": [
          19.8336574,
          45.2511534
        ]
      },
      "properties": {
        "id": "osm-w-385302424",
        "category": "parking",
        "name": "Parking",
        "wheelchair": null,
        "fee": null,
        "opening_hours": null,
        "source": "osm"
      }
    },
    {
      "type": "Feature",
      "geometry": {
        "type": "Point",
        "coordinates": [
          19.832583,
          45.2525402
        ]
      },
      "properties": {
        "id": "osm-w-385302425",
        "category": "parking",
        "name": "Parking",
        "wheelchair": null,
        "fee": "yes",
        "opening_hours": null,
        "source": "osm"
      }
    },
    {
      "type": "Feature",
      "geometry": {
        "type": "Point",
        "coordinates": [
          19.8308265,
          45.2538939
        ]
      },
      "properties": {
        "id": "osm-w-385302426",
        "category": "parking",
        "name": "Parking",
        "wheelchair": null,
        "fee": "yes",
        "opening_hours": null,
        "source": "osm"
      }
    },
    {
      "type": "Feature",
      "geometry": {
        "type": "Point",
        "coordinates": [
          19.8343293,
          45.2527544
        ]
      },
      "properties": {
        "id": "osm-w-385302427",
        "category": "parking",
        "name": "Parking",
        "wheelchair": null,
        "fee": "yes",
        "opening_hours": null,
        "source": "osm"
      }
    },
    {
      "type": "Feature",
      "geometry": {
        "type": "Point",
        "coordinates": [
          19.8353266,
          45.2528903
        ]
      },
      "properties": {
        "id": "osm-w-385302428",
        "category": "parking",
        "name": "Parking",
        "wheelchair": null,
        "fee": "yes",
        "opening_hours": null,
        "source": "osm"
      }
    },
    {
      "type": "Feature",
      "geometry": {
        "type": "Point",
        "coordinates": [
          19.8311676,
          45.2528181
        ]
      },
      "properties": {
        "id": "osm-w-385302429",
        "category": "parking",
        "name": "Parking",
        "wheelchair": null,
        "fee": "yes",
        "opening_hours": null,
        "source": "osm"
      }
    },
    {
      "type": "Feature",
      "geometry": {
        "type": "Point",
        "coordinates": [
          19.8341369,
          45.2549927
        ]
      },
      "properties": {
        "id": "osm-w-385815046",
        "category": "parking",
        "name": "Parking",
        "wheelchair": "no",
        "fee": "yes",
        "opening_hours": null,
        "source": "osm"
      }
    },
    {
      "type": "Feature",
      "geometry": {
        "type": "Point",
        "coordinates": [
          19.8329777,
          45.2550211
        ]
      },
      "properties": {
        "id": "osm-w-385815047",
        "category": "parking",
        "name": "Parking",
        "wheelchair": "yes",
        "fee": null,
        "opening_hours": null,
        "source": "osm"
      }
    },
    {
      "type": "Feature",
      "geometry": {
        "type": "Point",
        "coordinates": [
          19.8254185,
          45.2541136
        ]
      },
      "properties": {
        "id": "osm-w-385815048",
        "category": "parking",
        "name": "Parking",
        "wheelchair": "no",
        "fee": "no",
        "opening_hours": null,
        "source": "osm"
      }
    },
    {
      "type": "Feature",
      "geometry": {
        "type": "Point",
        "coordinates": [
          19.8265272,
          45.2542401
        ]
      },
      "properties": {
        "id": "osm-w-385815049",
        "category": "parking",
        "name": "Parking",
        "wheelchair": "no",
        "fee": "no",
        "opening_hours": null,
        "source": "osm"
      }
    },
    {
      "type": "Feature",
      "geometry": {
        "type": "Point",
        "coordinates": [
          19.8318354,
          45.2549071
        ]
      },
      "properties": {
        "id": "osm-w-385815050",
        "category": "parking",
        "name": "Parking",
        "wheelchair": null,
        "fee": "yes",
        "opening_hours": null,
        "source": "osm"
      }
    },
    {
      "type": "Feature",
      "geometry": {
        "type": "Point",
        "coordinates": [
          19.8277765,
          45.2543596
        ]
      },
      "properties": {
        "id": "osm-w-385815051",
        "category": "parking",
        "name": "Parking",
        "wheelchair": "no",
        "fee": "yes",
        "opening_hours": null,
        "source": "osm"
      }
    },
    {
      "type": "Feature",
      "geometry": {
        "type": "Point",
        "coordinates": [
          19.8280215,
          45.2545281
        ]
      },
      "properties": {
        "id": "osm-w-385815052",
        "category": "parking",
        "name": "Parking",
        "wheelchair": "no",
        "fee": "yes",
        "opening_hours": null,
        "source": "osm"
      }
    },
    {
      "type": "Feature",
      "geometry": {
        "type": "Point",
        "coordinates": [
          19.8294734,
          45.254686
        ]
      },
      "properties": {
        "id": "osm-w-385815053",
        "category": "parking",
        "name": "Parking",
        "wheelchair": null,
        "fee": "yes",
        "opening_hours": null,
        "source": "osm"
      }
    },
    {
      "type": "Feature",
      "geometry": {
        "type": "Point",
        "coordinates": [
          19.8309336,
          45.2548234
        ]
      },
      "properties": {
        "id": "osm-w-385815054",
        "category": "parking",
        "name": "Parking",
        "wheelchair": "no",
        "fee": "yes",
        "opening_hours": null,
        "source": "osm"
      }
    },
    {
      "type": "Feature",
      "geometry": {
        "type": "Point",
        "coordinates": [
          19.8257772,
          45.2543038
        ]
      },
      "properties": {
        "id": "osm-w-385815055",
        "category": "parking",
        "name": "Parking",
        "wheelchair": "no",
        "fee": "no",
        "opening_hours": null,
        "source": "osm"
      }
    },
    {
      "type": "Feature",
      "geometry": {
        "type": "Point",
        "coordinates": [
          19.8329054,
          45.2548799
        ]
      },
      "properties": {
        "id": "osm-w-385815056",
        "category": "parking",
        "name": "Parking",
        "wheelchair": "no",
        "fee": null,
        "opening_hours": null,
        "source": "osm"
      }
    },
    {
      "type": "Feature",
      "geometry": {
        "type": "Point",
        "coordinates": [
          19.8320606,
          45.2547945
        ]
      },
      "properties": {
        "id": "osm-w-385815057",
        "category": "parking",
        "name": "Parking",
        "wheelchair": "no",
        "fee": "no",
        "opening_hours": null,
        "source": "osm"
      }
    },
    {
      "type": "Feature",
      "geometry": {
        "type": "Point",
        "coordinates": [
          19.8310779,
          45.2546837
        ]
      },
      "properties": {
        "id": "osm-w-385815058",
        "category": "parking",
        "name": "Parking",
        "wheelchair": "no",
        "fee": "yes",
        "opening_hours": null,
        "source": "osm"
      }
    },
    {
      "type": "Feature",
      "geometry": {
        "type": "Point",
        "coordinates": [
          19.8296525,
          45.2545397
        ]
      },
      "properties": {
        "id": "osm-w-385815059",
        "category": "parking",
        "name": "Parking",
        "wheelchair": "no",
        "fee": "yes",
        "opening_hours": null,
        "source": "osm"
      }
    },
    {
      "type": "Feature",
      "geometry": {
        "type": "Point",
        "coordinates": [
          19.8337311,
          45.255517
        ]
      },
      "properties": {
        "id": "osm-w-385815060",
        "category": "parking",
        "name": "Parking",
        "wheelchair": null,
        "fee": "yes",
        "opening_hours": null,
        "source": "osm"
      }
    },
    {
      "type": "Feature",
      "geometry": {
        "type": "Point",
        "coordinates": [
          19.8319798,
          45.2555198
        ]
      },
      "properties": {
        "id": "osm-w-385823148",
        "category": "parking",
        "name": "Parking",
        "wheelchair": null,
        "fee": "yes",
        "opening_hours": null,
        "source": "osm"
      }
    },
    {
      "type": "Feature",
      "geometry": {
        "type": "Point",
        "coordinates": [
          19.8342862,
          45.254201
        ]
      },
      "properties": {
        "id": "osm-w-385823149",
        "category": "parking",
        "name": "Parking",
        "wheelchair": null,
        "fee": "no",
        "opening_hours": null,
        "source": "osm"
      }
    },
    {
      "type": "Feature",
      "geometry": {
        "type": "Point",
        "coordinates": [
          19.8337604,
          45.2530917
        ]
      },
      "properties": {
        "id": "osm-w-385823150",
        "category": "parking",
        "name": "Parking",
        "wheelchair": null,
        "fee": "yes",
        "opening_hours": null,
        "source": "osm"
      }
    },
    {
      "type": "Feature",
      "geometry": {
        "type": "Point",
        "coordinates": [
          19.8318288,
          45.253996
        ]
      },
      "properties": {
        "id": "osm-w-385823410",
        "category": "parking",
        "name": "Parking",
        "wheelchair": null,
        "fee": "yes",
        "opening_hours": null,
        "source": "osm"
      }
    },
    {
      "type": "Feature",
      "geometry": {
        "type": "Point",
        "coordinates": [
          19.8330659,
          45.2569608
        ]
      },
      "properties": {
        "id": "osm-w-386138036",
        "category": "parking",
        "name": "Parking",
        "wheelchair": null,
        "fee": null,
        "opening_hours": null,
        "source": "osm"
      }
    },
    {
      "type": "Feature",
      "geometry": {
        "type": "Point",
        "coordinates": [
          19.8334241,
          45.2570238
        ]
      },
      "properties": {
        "id": "osm-w-386138037",
        "category": "parking",
        "name": "Parking",
        "wheelchair": null,
        "fee": null,
        "opening_hours": null,
        "source": "osm"
      }
    },
    {
      "type": "Feature",
      "geometry": {
        "type": "Point",
        "coordinates": [
          19.8322151,
          45.2560289
        ]
      },
      "properties": {
        "id": "osm-w-386138038",
        "category": "parking",
        "name": "Parking",
        "wheelchair": null,
        "fee": "yes",
        "opening_hours": null,
        "source": "osm"
      }
    },
    {
      "type": "Feature",
      "geometry": {
        "type": "Point",
        "coordinates": [
          19.8318235,
          45.257019
        ]
      },
      "properties": {
        "id": "osm-w-386138039",
        "category": "parking",
        "name": "Parking",
        "wheelchair": null,
        "fee": null,
        "opening_hours": null,
        "source": "osm"
      }
    },
    {
      "type": "Feature",
      "geometry": {
        "type": "Point",
        "coordinates": [
          19.8301122,
          45.2590444
        ]
      },
      "properties": {
        "id": "osm-w-386146733",
        "category": "parking",
        "name": "Parking",
        "wheelchair": null,
        "fee": null,
        "opening_hours": null,
        "source": "osm"
      }
    },
    {
      "type": "Feature",
      "geometry": {
        "type": "Point",
        "coordinates": [
          19.8287179,
          45.258907
        ]
      },
      "properties": {
        "id": "osm-w-386146735",
        "category": "parking",
        "name": "Parking",
        "wheelchair": null,
        "fee": "no",
        "opening_hours": null,
        "source": "osm"
      }
    },
    {
      "type": "Feature",
      "geometry": {
        "type": "Point",
        "coordinates": [
          19.8310844,
          45.257287
        ]
      },
      "properties": {
        "id": "osm-w-386146736",
        "category": "parking",
        "name": "Parking",
        "wheelchair": null,
        "fee": null,
        "opening_hours": null,
        "source": "osm"
      }
    },
    {
      "type": "Feature",
      "geometry": {
        "type": "Point",
        "coordinates": [
          19.8308704,
          45.2579312
        ]
      },
      "properties": {
        "id": "osm-w-386146737",
        "category": "parking",
        "name": "Parking",
        "wheelchair": null,
        "fee": "yes",
        "opening_hours": null,
        "source": "osm"
      }
    },
    {
      "type": "Feature",
      "geometry": {
        "type": "Point",
        "coordinates": [
          19.8312058,
          45.2558932
        ]
      },
      "properties": {
        "id": "osm-w-386146738",
        "category": "parking",
        "name": "Parking",
        "wheelchair": null,
        "fee": "yes",
        "opening_hours": null,
        "source": "osm"
      }
    },
    {
      "type": "Feature",
      "geometry": {
        "type": "Point",
        "coordinates": [
          19.8261709,
          45.2556006
        ]
      },
      "properties": {
        "id": "osm-w-386161835",
        "category": "parking",
        "name": "\u0408\u041a\u041f \u041f\u0430\u0440\u043a\u0438\u043d\u0433 \u0441\u0435\u0440\u0432\u0438\u0441",
        "wheelchair": null,
        "fee": "yes",
        "opening_hours": null,
        "source": "osm"
      }
    },
    {
      "type": "Feature",
      "geometry": {
        "type": "Point",
        "coordinates": [
          19.8243209,
          45.2585607
        ]
      },
      "properties": {
        "id": "osm-w-386161836",
        "category": "parking",
        "name": "Parking",
        "wheelchair": null,
        "fee": "yes",
        "opening_hours": null,
        "source": "osm"
      }
    },
    {
      "type": "Feature",
      "geometry": {
        "type": "Point",
        "coordinates": [
          19.8222017,
          45.2539575
        ]
      },
      "properties": {
        "id": "osm-w-386163337",
        "category": "parking",
        "name": "Parking",
        "wheelchair": null,
        "fee": null,
        "opening_hours": null,
        "source": "osm"
      }
    },
    {
      "type": "Feature",
      "geometry": {
        "type": "Point",
        "coordinates": [
          19.8278829,
          45.2591537
        ]
      },
      "properties": {
        "id": "osm-w-386165536",
        "category": "parking",
        "name": "Parking",
        "wheelchair": null,
        "fee": null,
        "opening_hours": null,
        "source": "osm"
      }
    },
    {
      "type": "Feature",
      "geometry": {
        "type": "Point",
        "coordinates": [
          19.8253955,
          45.2587339
        ]
      },
      "properties": {
        "id": "osm-w-386165537",
        "category": "parking",
        "name": "Parking",
        "wheelchair": null,
        "fee": null,
        "opening_hours": null,
        "source": "osm"
      }
    },
    {
      "type": "Feature",
      "geometry": {
        "type": "Point",
        "coordinates": [
          19.8282771,
          45.2589791
        ]
      },
      "properties": {
        "id": "osm-w-386165538",
        "category": "parking",
        "name": "Parking",
        "wheelchair": null,
        "fee": null,
        "opening_hours": null,
        "source": "osm"
      }
    },
    {
      "type": "Feature",
      "geometry": {
        "type": "Point",
        "coordinates": [
          19.8277515,
          45.2589513
        ]
      },
      "properties": {
        "id": "osm-w-386165539",
        "category": "parking",
        "name": "Parking",
        "wheelchair": null,
        "fee": null,
        "opening_hours": null,
        "source": "osm"
      }
    },
    {
      "type": "Feature",
      "geometry": {
        "type": "Point",
        "coordinates": [
          19.8270184,
          45.2589047
        ]
      },
      "properties": {
        "id": "osm-w-386165540",
        "category": "parking",
        "name": "Parking",
        "wheelchair": null,
        "fee": null,
        "opening_hours": null,
        "source": "osm"
      }
    },
    {
      "type": "Feature",
      "geometry": {
        "type": "Point",
        "coordinates": [
          19.8254465,
          45.2571431
        ]
      },
      "properties": {
        "id": "osm-w-386185463",
        "category": "parking",
        "name": "Parking",
        "wheelchair": null,
        "fee": null,
        "opening_hours": null,
        "source": "osm"
      }
    },
    {
      "type": "Feature",
      "geometry": {
        "type": "Point",
        "coordinates": [
          19.8285165,
          45.2547525
        ]
      },
      "properties": {
        "id": "osm-w-386185464",
        "category": "parking",
        "name": "Parking",
        "wheelchair": null,
        "fee": null,
        "opening_hours": null,
        "source": "osm"
      }
    },
    {
      "type": "Feature",
      "geometry": {
        "type": "Point",
        "coordinates": [
          19.827286,
          45.255313
        ]
      },
      "properties": {
        "id": "osm-w-386185465",
        "category": "parking",
        "name": "Parking",
        "wheelchair": null,
        "fee": "yes",
        "opening_hours": null,
        "source": "osm"
      }
    },
    {
      "type": "Feature",
      "geometry": {
        "type": "Point",
        "coordinates": [
          19.8277365,
          45.2554035
        ]
      },
      "properties": {
        "id": "osm-w-386185466",
        "category": "parking",
        "name": "Parking",
        "wheelchair": null,
        "fee": "yes",
        "opening_hours": null,
        "source": "osm"
      }
    },
    {
      "type": "Feature",
      "geometry": {
        "type": "Point",
        "coordinates": [
          19.8247968,
          45.2579511
        ]
      },
      "properties": {
        "id": "osm-w-386185467",
        "category": "parking",
        "name": "Parking",
        "wheelchair": null,
        "fee": "yes",
        "opening_hours": null,
        "source": "osm"
      }
    },
    {
      "type": "Feature",
      "geometry": {
        "type": "Point",
        "coordinates": [
          19.8253122,
          45.2575478
        ]
      },
      "properties": {
        "id": "osm-w-386185469",
        "category": "parking",
        "name": "Parking",
        "wheelchair": null,
        "fee": "yes",
        "opening_hours": null,
        "source": "osm"
      }
    },
    {
      "type": "Feature",
      "geometry": {
        "type": "Point",
        "coordinates": [
          19.8312869,
          45.2625209
        ]
      },
      "properties": {
        "id": "osm-w-386186790",
        "category": "parking",
        "name": "Parking",
        "wheelchair": null,
        "fee": null,
        "opening_hours": null,
        "source": "osm"
      }
    },
    {
      "type": "Feature",
      "geometry": {
        "type": "Point",
        "coordinates": [
          19.832681,
          45.2599963
        ]
      },
      "properties": {
        "id": "osm-w-386186791",
        "category": "parking",
        "name": "Parking",
        "wheelchair": null,
        "fee": "yes",
        "opening_hours": null,
        "source": "osm"
      }
    },
    {
      "type": "Feature",
      "geometry": {
        "type": "Point",
        "coordinates": [
          19.8348343,
          45.2562133
        ]
      },
      "properties": {
        "id": "osm-w-386186792",
        "category": "parking",
        "name": "Parking",
        "wheelchair": null,
        "fee": "yes",
        "opening_hours": null,
        "source": "osm"
      }
    },
    {
      "type": "Feature",
      "geometry": {
        "type": "Point",
        "coordinates": [
          19.8336335,
          45.2582722
        ]
      },
      "properties": {
        "id": "osm-w-386186793",
        "category": "parking",
        "name": "Parking",
        "wheelchair": null,
        "fee": "yes",
        "opening_hours": null,
        "source": "osm"
      }
    },
    {
      "type": "Feature",
      "geometry": {
        "type": "Point",
        "coordinates": [
          19.8325983,
          45.2596157
        ]
      },
      "properties": {
        "id": "osm-w-386186794",
        "category": "parking",
        "name": "Parking",
        "wheelchair": null,
        "fee": "yes",
        "opening_hours": null,
        "source": "osm"
      }
    },
    {
      "type": "Feature",
      "geometry": {
        "type": "Point",
        "coordinates": [
          19.833874,
          45.2573261
        ]
      },
      "properties": {
        "id": "osm-w-386186795",
        "category": "parking",
        "name": "Parking",
        "wheelchair": null,
        "fee": "yes",
        "opening_hours": null,
        "source": "osm"
      }
    },
    {
      "type": "Feature",
      "geometry": {
        "type": "Point",
        "coordinates": [
          19.8310173,
          45.2624476
        ]
      },
      "properties": {
        "id": "osm-w-386186796",
        "category": "parking",
        "name": "Parking",
        "wheelchair": null,
        "fee": null,
        "opening_hours": null,
        "source": "osm"
      }
    },
    {
      "type": "Feature",
      "geometry": {
        "type": "Point",
        "coordinates": [
          19.8309452,
          45.261231
        ]
      },
      "properties": {
        "id": "osm-w-386186797",
        "category": "parking",
        "name": "Parking",
        "wheelchair": null,
        "fee": null,
        "opening_hours": null,
        "source": "osm"
      }
    },
    {
      "type": "Feature",
      "geometry": {
        "type": "Point",
        "coordinates": [
          19.8232821,
          45.2629515
        ]
      },
      "properties": {
        "id": "osm-w-386189870",
        "category": "parking",
        "name": "Parking",
        "wheelchair": null,
        "fee": null,
        "opening_hours": null,
        "source": "osm"
      }
    },
    {
      "type": "Feature",
      "geometry": {
        "type": "Point",
        "coordinates": [
          19.8226958,
          45.262972
        ]
      },
      "properties": {
        "id": "osm-w-386189871",
        "category": "parking",
        "name": "Parking",
        "wheelchair": null,
        "fee": "yes",
        "opening_hours": null,
        "source": "osm"
      }
    },
    {
      "type": "Feature",
      "geometry": {
        "type": "Point",
        "coordinates": [
          19.8261467,
          45.2627756
        ]
      },
      "properties": {
        "id": "osm-w-386189872",
        "category": "parking",
        "name": "Parking",
        "wheelchair": null,
        "fee": null,
        "opening_hours": null,
        "source": "osm"
      }
    },
    {
      "type": "Feature",
      "geometry": {
        "type": "Point",
        "coordinates": [
          19.8255682,
          45.2628816
        ]
      },
      "properties": {
        "id": "osm-w-386189873",
        "category": "parking",
        "name": "Parking",
        "wheelchair": null,
        "fee": null,
        "opening_hours": null,
        "source": "osm"
      }
    },
    {
      "type": "Feature",
      "geometry": {
        "type": "Point",
        "coordinates": [
          19.8245638,
          45.263087
        ]
      },
      "properties": {
        "id": "osm-w-386189874",
        "category": "parking",
        "name": "Parking",
        "wheelchair": null,
        "fee": null,
        "opening_hours": null,
        "source": "osm"
      }
    },
    {
      "type": "Feature",
      "geometry": {
        "type": "Point",
        "coordinates": [
          19.8287571,
          45.2633572
        ]
      },
      "properties": {
        "id": "osm-w-386189875",
        "category": "parking",
        "name": "Parking",
        "wheelchair": null,
        "fee": null,
        "opening_hours": null,
        "source": "osm"
      }
    },
    {
      "type": "Feature",
      "geometry": {
        "type": "Point",
        "coordinates": [
          19.829119,
          45.2636662
        ]
      },
      "properties": {
        "id": "osm-w-386189876",
        "category": "parking",
        "name": "Parking",
        "wheelchair": null,
        "fee": null,
        "opening_hours": null,
        "source": "osm"
      }
    },
    {
      "type": "Feature",
      "geometry": {
        "type": "Point",
        "coordinates": [
          19.827405,
          45.2627483
        ]
      },
      "properties": {
        "id": "osm-w-386189877",
        "category": "parking",
        "name": "Parking",
        "wheelchair": null,
        "fee": null,
        "opening_hours": null,
        "source": "osm"
      }
    },
    {
      "type": "Feature",
      "geometry": {
        "type": "Point",
        "coordinates": [
          19.824032,
          45.2631547
        ]
      },
      "properties": {
        "id": "osm-w-386333799",
        "category": "parking",
        "name": "Parking",
        "wheelchair": null,
        "fee": "no",
        "opening_hours": null,
        "source": "osm"
      }
    },
    {
      "type": "Feature",
      "geometry": {
        "type": "Point",
        "coordinates": [
          19.8240925,
          45.2603111
        ]
      },
      "properties": {
        "id": "osm-w-386333801",
        "category": "parking",
        "name": "Parking",
        "wheelchair": null,
        "fee": "no",
        "opening_hours": null,
        "source": "osm"
      }
    },
    {
      "type": "Feature",
      "geometry": {
        "type": "Point",
        "coordinates": [
          19.8232708,
          45.2596019
        ]
      },
      "properties": {
        "id": "osm-w-386333802",
        "category": "parking",
        "name": "Parking",
        "wheelchair": null,
        "fee": "no",
        "opening_hours": null,
        "source": "osm"
      }
    },
    {
      "type": "Feature",
      "geometry": {
        "type": "Point",
        "coordinates": [
          19.8240545,
          45.261848
        ]
      },
      "properties": {
        "id": "osm-w-386333803",
        "category": "parking",
        "name": "Parking",
        "wheelchair": null,
        "fee": "no",
        "opening_hours": null,
        "source": "osm"
      }
    },
    {
      "type": "Feature",
      "geometry": {
        "type": "Point",
        "coordinates": [
          19.8197863,
          45.2629048
        ]
      },
      "properties": {
        "id": "osm-w-386343203",
        "category": "parking",
        "name": "Parking",
        "wheelchair": null,
        "fee": null,
        "opening_hours": null,
        "source": "osm"
      }
    },
    {
      "type": "Feature",
      "geometry": {
        "type": "Point",
        "coordinates": [
          19.8195174,
          45.2645739
        ]
      },
      "properties": {
        "id": "osm-w-386343205",
        "category": "parking",
        "name": "Parking",
        "wheelchair": null,
        "fee": null,
        "opening_hours": null,
        "source": "osm"
      }
    },
    {
      "type": "Feature",
      "geometry": {
        "type": "Point",
        "coordinates": [
          19.8246661,
          45.2620718
        ]
      },
      "properties": {
        "id": "osm-w-386343206",
        "category": "parking",
        "name": "Parking",
        "wheelchair": null,
        "fee": null,
        "opening_hours": null,
        "source": "osm"
      }
    },
    {
      "type": "Feature",
      "geometry": {
        "type": "Point",
        "coordinates": [
          19.818594,
          45.2638235
        ]
      },
      "properties": {
        "id": "osm-w-386343208",
        "category": "parking",
        "name": "Parking",
        "wheelchair": null,
        "fee": null,
        "opening_hours": null,
        "source": "osm"
      }
    },
    {
      "type": "Feature",
      "geometry": {
        "type": "Point",
        "coordinates": [
          19.8227785,
          45.2600656
        ]
      },
      "properties": {
        "id": "osm-w-386343209",
        "category": "parking",
        "name": "Parking",
        "wheelchair": null,
        "fee": "no",
        "opening_hours": null,
        "source": "osm"
      }
    },
    {
      "type": "Feature",
      "geometry": {
        "type": "Point",
        "coordinates": [
          19.8234403,
          45.2635086
        ]
      },
      "properties": {
        "id": "osm-w-386343211",
        "category": "parking",
        "name": "Parking",
        "wheelchair": null,
        "fee": "no",
        "opening_hours": null,
        "source": "osm"
      }
    },
    {
      "type": "Feature",
      "geometry": {
        "type": "Point",
        "coordinates": [
          19.8223709,
          45.2603577
        ]
      },
      "properties": {
        "id": "osm-w-386343213",
        "category": "parking",
        "name": "Parking",
        "wheelchair": null,
        "fee": "no",
        "opening_hours": null,
        "source": "osm"
      }
    },
    {
      "type": "Feature",
      "geometry": {
        "type": "Point",
        "coordinates": [
          19.8211559,
          45.2636626
        ]
      },
      "properties": {
        "id": "osm-w-386343215",
        "category": "parking",
        "name": "Parking",
        "wheelchair": null,
        "fee": null,
        "opening_hours": null,
        "source": "osm"
      }
    },
    {
      "type": "Feature",
      "geometry": {
        "type": "Point",
        "coordinates": [
          19.8229902,
          45.2604186
        ]
      },
      "properties": {
        "id": "osm-w-386343217",
        "category": "parking",
        "name": "Parking",
        "wheelchair": null,
        "fee": "no",
        "opening_hours": null,
        "source": "osm"
      }
    },
    {
      "type": "Feature",
      "geometry": {
        "type": "Point",
        "coordinates": [
          19.8221616,
          45.2605547
        ]
      },
      "properties": {
        "id": "osm-w-386343219",
        "category": "parking",
        "name": "Parking",
        "wheelchair": null,
        "fee": "no",
        "opening_hours": null,
        "source": "osm"
      }
    },
    {
      "type": "Feature",
      "geometry": {
        "type": "Point",
        "coordinates": [
          19.8254031,
          45.2633069
        ]
      },
      "properties": {
        "id": "osm-w-386347747",
        "category": "parking",
        "name": "Parking",
        "wheelchair": null,
        "fee": null,
        "opening_hours": null,
        "source": "osm"
      }
    },
    {
      "type": "Feature",
      "geometry": {
        "type": "Point",
        "coordinates": [
          19.8224618,
          45.2637326
        ]
      },
      "properties": {
        "id": "osm-w-386347748",
        "category": "parking",
        "name": "Parking",
        "wheelchair": null,
        "fee": "yes",
        "opening_hours": null,
        "source": "osm"
      }
    },
    {
      "type": "Feature",
      "geometry": {
        "type": "Point",
        "coordinates": [
          19.8220511,
          45.2633891
        ]
      },
      "properties": {
        "id": "osm-w-386347749",
        "category": "parking",
        "name": "Parking",
        "wheelchair": null,
        "fee": null,
        "opening_hours": null,
        "source": "osm"
      }
    },
    {
      "type": "Feature",
      "geometry": {
        "type": "Point",
        "coordinates": [
          19.8143394,
          45.2664894
        ]
      },
      "properties": {
        "id": "osm-w-386988751",
        "category": "parking",
        "name": "Parking",
        "wheelchair": null,
        "fee": null,
        "opening_hours": null,
        "source": "osm"
      }
    },
    {
      "type": "Feature",
      "geometry": {
        "type": "Point",
        "coordinates": [
          19.8060576,
          45.2711918
        ]
      },
      "properties": {
        "id": "osm-w-387000549",
        "category": "parking",
        "name": "Parking",
        "wheelchair": null,
        "fee": null,
        "opening_hours": null,
        "source": "osm"
      }
    },
    {
      "type": "Feature",
      "geometry": {
        "type": "Point",
        "coordinates": [
          19.8064458,
          45.271728
        ]
      },
      "properties": {
        "id": "osm-w-387000550",
        "category": "parking",
        "name": "Parking",
        "wheelchair": null,
        "fee": null,
        "opening_hours": null,
        "source": "osm"
      }
    },
    {
      "type": "Feature",
      "geometry": {
        "type": "Point",
        "coordinates": [
          19.8052996,
          45.2700856
        ]
      },
      "properties": {
        "id": "osm-w-387000552",
        "category": "parking",
        "name": "Parking",
        "wheelchair": null,
        "fee": null,
        "opening_hours": null,
        "source": "osm"
      }
    },
    {
      "type": "Feature",
      "geometry": {
        "type": "Point",
        "coordinates": [
          19.8067526,
          45.2713207
        ]
      },
      "properties": {
        "id": "osm-w-387000553",
        "category": "parking",
        "name": "Parking",
        "wheelchair": null,
        "fee": null,
        "opening_hours": null,
        "source": "osm"
      }
    },
    {
      "type": "Feature",
      "geometry": {
        "type": "Point",
        "coordinates": [
          19.8048905,
          45.2694071
        ]
      },
      "properties": {
        "id": "osm-w-387000906",
        "category": "parking",
        "name": "Parking",
        "wheelchair": null,
        "fee": null,
        "opening_hours": null,
        "source": "osm"
      }
    },
    {
      "type": "Feature",
      "geometry": {
        "type": "Point",
        "coordinates": [
          19.8043492,
          45.2694291
        ]
      },
      "properties": {
        "id": "osm-w-387000908",
        "category": "parking",
        "name": "Parking",
        "wheelchair": null,
        "fee": null,
        "opening_hours": null,
        "source": "osm"
      }
    },
    {
      "type": "Feature",
      "geometry": {
        "type": "Point",
        "coordinates": [
          19.8060651,
          45.270134
        ]
      },
      "properties": {
        "id": "osm-w-387004408",
        "category": "parking",
        "name": "Parking",
        "wheelchair": null,
        "fee": null,
        "opening_hours": null,
        "source": "osm"
      }
    },
    {
      "type": "Feature",
      "geometry": {
        "type": "Point",
        "coordinates": [
          19.8054071,
          45.2696572
        ]
      },
      "properties": {
        "id": "osm-w-387004409",
        "category": "parking",
        "name": "Parking",
        "wheelchair": null,
        "fee": null,
        "opening_hours": null,
        "source": "osm"
      }
    },
    {
      "type": "Feature",
      "geometry": {
        "type": "Point",
        "coordinates": [
          19.8066046,
          45.2707426
        ]
      },
      "properties": {
        "id": "osm-w-387005898",
        "category": "parking",
        "name": "Parking",
        "wheelchair": null,
        "fee": null,
        "opening_hours": null,
        "source": "osm"
      }
    },
    {
      "type": "Feature",
      "geometry": {
        "type": "Point",
        "coordinates": [
          19.8073096,
          45.2661846
        ]
      },
      "properties": {
        "id": "osm-w-387360769",
        "category": "parking",
        "name": "Parking",
        "wheelchair": null,
        "fee": "no",
        "opening_hours": null,
        "source": "osm"
      }
    },
    {
      "type": "Feature",
      "geometry": {
        "type": "Point",
        "coordinates": [
          19.8059546,
          45.265726
        ]
      },
      "properties": {
        "id": "osm-w-387360770",
        "category": "parking",
        "name": "Parking",
        "wheelchair": null,
        "fee": "no",
        "opening_hours": null,
        "source": "osm"
      }
    },
    {
      "type": "Feature",
      "geometry": {
        "type": "Point",
        "coordinates": [
          19.805977,
          45.2665384
        ]
      },
      "properties": {
        "id": "osm-w-387360771",
        "category": "parking",
        "name": "Parking",
        "wheelchair": null,
        "fee": null,
        "opening_hours": null,
        "source": "osm"
      }
    },
    {
      "type": "Feature",
      "geometry": {
        "type": "Point",
        "coordinates": [
          19.8105039,
          45.2680663
        ]
      },
      "properties": {
        "id": "osm-w-387425502",
        "category": "parking",
        "name": "Parking",
        "wheelchair": null,
        "fee": null,
        "opening_hours": null,
        "source": "osm"
      }
    },
    {
      "type": "Feature",
      "geometry": {
        "type": "Point",
        "coordinates": [
          19.8117948,
          45.2675315
        ]
      },
      "properties": {
        "id": "osm-w-387425503",
        "category": "parking",
        "name": "Parking",
        "wheelchair": null,
        "fee": null,
        "opening_hours": null,
        "source": "osm"
      }
    },
    {
      "type": "Feature",
      "geometry": {
        "type": "Point",
        "coordinates": [
          19.8102491,
          45.2686446
        ]
      },
      "properties": {
        "id": "osm-w-387425504",
        "category": "parking",
        "name": "Parking",
        "wheelchair": null,
        "fee": null,
        "opening_hours": null,
        "source": "osm"
      }
    },
    {
      "type": "Feature",
      "geometry": {
        "type": "Point",
        "coordinates": [
          19.8114354,
          45.2681034
        ]
      },
      "properties": {
        "id": "osm-w-387425505",
        "category": "parking",
        "name": "Parking",
        "wheelchair": null,
        "fee": null,
        "opening_hours": null,
        "source": "osm"
      }
    },
    {
      "type": "Feature",
      "geometry": {
        "type": "Point",
        "coordinates": [
          19.8093267,
          45.2611732
        ]
      },
      "properties": {
        "id": "osm-w-387560743",
        "category": "parking",
        "name": "Parking",
        "wheelchair": null,
        "fee": null,
        "opening_hours": null,
        "source": "osm"
      }
    },
    {
      "type": "Feature",
      "geometry": {
        "type": "Point",
        "coordinates": [
          19.8070352,
          45.2636396
        ]
      },
      "properties": {
        "id": "osm-w-387560745",
        "category": "parking",
        "name": "Parking",
        "wheelchair": null,
        "fee": null,
        "opening_hours": null,
        "source": "osm"
      }
    },
    {
      "type": "Feature",
      "geometry": {
        "type": "Point",
        "coordinates": [
          19.8099832,
          45.2617891
        ]
      },
      "properties": {
        "id": "osm-w-387560747",
        "category": "parking",
        "name": "Parking",
        "wheelchair": null,
        "fee": null,
        "opening_hours": null,
        "source": "osm"
      }
    },
    {
      "type": "Feature",
      "geometry": {
        "type": "Point",
        "coordinates": [
          19.8091942,
          45.2618528
        ]
      },
      "properties": {
        "id": "osm-w-387564624",
        "category": "parking",
        "name": "Parking",
        "wheelchair": null,
        "fee": null,
        "opening_hours": null,
        "source": "osm"
      }
    },
    {
      "type": "Feature",
      "geometry": {
        "type": "Point",
        "coordinates": [
          19.8076543,
          45.2648837
        ]
      },
      "properties": {
        "id": "osm-w-387564625",
        "category": "parking",
        "name": "Parking",
        "wheelchair": null,
        "fee": "no",
        "opening_hours": null,
        "source": "osm"
      }
    },
    {
      "type": "Feature",
      "geometry": {
        "type": "Point",
        "coordinates": [
          19.8075969,
          45.2649751
        ]
      },
      "properties": {
        "id": "osm-w-387564626",
        "category": "parking",
        "name": "Parking",
        "wheelchair": null,
        "fee": "no",
        "opening_hours": null,
        "source": "osm"
      }
    },
    {
      "type": "Feature",
      "geometry": {
        "type": "Point",
        "coordinates": [
          19.8081088,
          45.2640267
        ]
      },
      "properties": {
        "id": "osm-w-387564628",
        "category": "parking",
        "name": "Parking",
        "wheelchair": null,
        "fee": "no",
        "opening_hours": null,
        "source": "osm"
      }
    },
    {
      "type": "Feature",
      "geometry": {
        "type": "Point",
        "coordinates": [
          19.8098441,
          45.2640069
        ]
      },
      "properties": {
        "id": "osm-w-387565594",
        "category": "parking",
        "name": "Parking",
        "wheelchair": null,
        "fee": "no",
        "opening_hours": null,
        "source": "osm"
      }
    },
    {
      "type": "Feature",
      "geometry": {
        "type": "Point",
        "coordinates": [
          19.8092046,
          45.2649496
        ]
      },
      "properties": {
        "id": "osm-w-387565595",
        "category": "parking",
        "name": "Parking",
        "wheelchair": null,
        "fee": "no",
        "opening_hours": null,
        "source": "osm"
      }
    },
    {
      "type": "Feature",
      "geometry": {
        "type": "Point",
        "coordinates": [
          19.8105987,
          45.2635156
        ]
      },
      "properties": {
        "id": "osm-w-387566042",
        "category": "parking",
        "name": "Parking",
        "wheelchair": null,
        "fee": "no",
        "opening_hours": null,
        "source": "osm"
      }
    },
    {
      "type": "Feature",
      "geometry": {
        "type": "Point",
        "coordinates": [
          19.8097354,
          45.2634463
        ]
      },
      "properties": {
        "id": "osm-w-387566044",
        "category": "parking",
        "name": "Parking",
        "wheelchair": null,
        "fee": "no",
        "opening_hours": null,
        "source": "osm"
      }
    },
    {
      "type": "Feature",
      "geometry": {
        "type": "Point",
        "coordinates": [
          19.8104845,
          45.264624
        ]
      },
      "properties": {
        "id": "osm-w-387572686",
        "category": "parking",
        "name": "Parking",
        "wheelchair": null,
        "fee": "no",
        "opening_hours": null,
        "source": "osm"
      }
    },
    {
      "type": "Feature",
      "geometry": {
        "type": "Point",
        "coordinates": [
          19.8109844,
          45.2632785
        ]
      },
      "properties": {
        "id": "osm-w-387574354",
        "category": "parking",
        "name": "Parking",
        "wheelchair": null,
        "fee": "no",
        "opening_hours": null,
        "source": "osm"
      }
    },
    {
      "type": "Feature",
      "geometry": {
        "type": "Point",
        "coordinates": [
          19.8101402,
          45.2623856
        ]
      },
      "properties": {
        "id": "osm-w-387577551",
        "category": "parking",
        "name": "Parking",
        "wheelchair": null,
        "fee": "no",
        "opening_hours": null,
        "source": "osm"
      }
    },
    {
      "type": "Feature",
      "geometry": {
        "type": "Point",
        "coordinates": [
          19.810933,
          45.2624195
        ]
      },
      "properties": {
        "id": "osm-w-387578054",
        "category": "parking",
        "name": "Parking",
        "wheelchair": null,
        "fee": "no",
        "opening_hours": null,
        "source": "osm"
      }
    },
    {
      "type": "Feature",
      "geometry": {
        "type": "Point",
        "coordinates": [
          19.8118437,
          45.2631418
        ]
      },
      "properties": {
        "id": "osm-w-387579645",
        "category": "parking",
        "name": "Parking",
        "wheelchair": null,
        "fee": "no",
        "opening_hours": null,
        "source": "osm"
      }
    },
    {
      "type": "Feature",
      "geometry": {
        "type": "Point",
        "coordinates": [
          19.8106068,
          45.2648676
        ]
      },
      "properties": {
        "id": "osm-w-387579646",
        "category": "parking",
        "name": "Parking",
        "wheelchair": null,
        "fee": "no",
        "opening_hours": null,
        "source": "osm"
      }
    },
    {
      "type": "Feature",
      "geometry": {
        "type": "Point",
        "coordinates": [
          19.8121951,
          45.2650879
        ]
      },
      "properties": {
        "id": "osm-w-387651675",
        "category": "parking",
        "name": "Parking",
        "wheelchair": null,
        "fee": "no",
        "opening_hours": null,
        "source": "osm"
      }
    },
    {
      "type": "Feature",
      "geometry": {
        "type": "Point",
        "coordinates": [
          19.8119483,
          45.2645571
        ]
      },
      "properties": {
        "id": "osm-w-387651676",
        "category": "parking",
        "name": "Parking",
        "wheelchair": null,
        "fee": "no",
        "opening_hours": null,
        "source": "osm"
      }
    },
    {
      "type": "Feature",
      "geometry": {
        "type": "Point",
        "coordinates": [
          19.811827,
          45.263974
        ]
      },
      "properties": {
        "id": "osm-w-387651677",
        "category": "parking",
        "name": "Parking",
        "wheelchair": null,
        "fee": "no",
        "opening_hours": null,
        "source": "osm"
      }
    },
    {
      "type": "Feature",
      "geometry": {
        "type": "Point",
        "coordinates": [
          19.8113447,
          45.2650734
        ]
      },
      "properties": {
        "id": "osm-w-387651678",
        "category": "parking",
        "name": "Parking",
        "wheelchair": null,
        "fee": "no",
        "opening_hours": null,
        "source": "osm"
      }
    },
    {
      "type": "Feature",
      "geometry": {
        "type": "Point",
        "coordinates": [
          19.8108984,
          45.2657375
        ]
      },
      "properties": {
        "id": "osm-w-387651679",
        "category": "parking",
        "name": "Parking",
        "wheelchair": null,
        "fee": "no",
        "opening_hours": null,
        "source": "osm"
      }
    },
    {
      "type": "Feature",
      "geometry": {
        "type": "Point",
        "coordinates": [
          19.812032,
          45.2655341
        ]
      },
      "properties": {
        "id": "osm-w-387651680",
        "category": "parking",
        "name": "Parking",
        "wheelchair": null,
        "fee": "no",
        "opening_hours": null,
        "source": "osm"
      }
    },
    {
      "type": "Feature",
      "geometry": {
        "type": "Point",
        "coordinates": [
          19.8103814,
          45.2663077
        ]
      },
      "properties": {
        "id": "osm-w-387651681",
        "category": "parking",
        "name": "Parking",
        "wheelchair": null,
        "fee": null,
        "opening_hours": null,
        "source": "osm"
      }
    },
    {
      "type": "Feature",
      "geometry": {
        "type": "Point",
        "coordinates": [
          19.810794,
          45.2652002
        ]
      },
      "properties": {
        "id": "osm-w-387652629",
        "category": "parking",
        "name": "Parking",
        "wheelchair": null,
        "fee": "no",
        "opening_hours": null,
        "source": "osm"
      }
    },
    {
      "type": "Feature",
      "geometry": {
        "type": "Point",
        "coordinates": [
          19.8115772,
          45.2652578
        ]
      },
      "properties": {
        "id": "osm-w-387652630",
        "category": "parking",
        "name": "Parking",
        "wheelchair": null,
        "fee": "no",
        "opening_hours": null,
        "source": "osm"
      }
    },
    {
      "type": "Feature",
      "geometry": {
        "type": "Point",
        "coordinates": [
          19.8114635,
          45.2656631
        ]
      },
      "properties": {
        "id": "osm-w-387652631",
        "category": "parking",
        "name": "Parking",
        "wheelchair": null,
        "fee": "no",
        "opening_hours": null,
        "source": "osm"
      }
    },
    {
      "type": "Feature",
      "geometry": {
        "type": "Point",
        "coordinates": [
          19.8124217,
          45.266691
        ]
      },
      "properties": {
        "id": "osm-w-387654299",
        "category": "parking",
        "name": "Parking",
        "wheelchair": null,
        "fee": null,
        "opening_hours": null,
        "source": "osm"
      }
    },
    {
      "type": "Feature",
      "geometry": {
        "type": "Point",
        "coordinates": [
          19.8131109,
          45.2666175
        ]
      },
      "properties": {
        "id": "osm-w-387654300",
        "category": "parking",
        "name": "Parking",
        "wheelchair": null,
        "fee": "no",
        "opening_hours": null,
        "source": "osm"
      }
    },
    {
      "type": "Feature",
      "geometry": {
        "type": "Point",
        "coordinates": [
          19.8128058,
          45.2646518
        ]
      },
      "properties": {
        "id": "osm-w-387663719",
        "category": "parking",
        "name": "Parking",
        "wheelchair": null,
        "fee": "no",
        "opening_hours": null,
        "source": "osm"
      }
    },
    {
      "type": "Feature",
      "geometry": {
        "type": "Point",
        "coordinates": [
          19.814245,
          45.2657653
        ]
      },
      "properties": {
        "id": "osm-w-387663720",
        "category": "parking",
        "name": "Parking",
        "wheelchair": null,
        "fee": "no",
        "opening_hours": null,
        "source": "osm"
      }
    },
    {
      "type": "Feature",
      "geometry": {
        "type": "Point",
        "coordinates": [
          19.8124762,
          45.2648868
        ]
      },
      "properties": {
        "id": "osm-w-387663721",
        "category": "parking",
        "name": "Parking",
        "wheelchair": null,
        "fee": "no",
        "opening_hours": null,
        "source": "osm"
      }
    },
    {
      "type": "Feature",
      "geometry": {
        "type": "Point",
        "coordinates": [
          19.8133751,
          45.2653075
        ]
      },
      "properties": {
        "id": "osm-w-387663722",
        "category": "parking",
        "name": "Parking",
        "wheelchair": null,
        "fee": "no",
        "opening_hours": null,
        "source": "osm"
      }
    },
    {
      "type": "Feature",
      "geometry": {
        "type": "Point",
        "coordinates": [
          19.8148719,
          45.265134
        ]
      },
      "properties": {
        "id": "osm-w-387663723",
        "category": "parking",
        "name": "Parking",
        "wheelchair": null,
        "fee": "no",
        "opening_hours": null,
        "source": "osm"
      }
    },
    {
      "type": "Feature",
      "geometry": {
        "type": "Point",
        "coordinates": [
          19.8131207,
          45.2630853
        ]
      },
      "properties": {
        "id": "osm-w-387671182",
        "category": "parking",
        "name": "Parking",
        "wheelchair": null,
        "fee": "no",
        "opening_hours": null,
        "source": "osm"
      }
    },
    {
      "type": "Feature",
      "geometry": {
        "type": "Point",
        "coordinates": [
          19.8141923,
          45.263761
        ]
      },
      "properties": {
        "id": "osm-w-387671183",
        "category": "parking",
        "name": "Parking",
        "wheelchair": null,
        "fee": null,
        "opening_hours": null,
        "source": "osm"
      }
    },
    {
      "type": "Feature",
      "geometry": {
        "type": "Point",
        "coordinates": [
          19.8132668,
          45.2632626
        ]
      },
      "properties": {
        "id": "osm-w-387671184",
        "category": "parking",
        "name": "Parking",
        "wheelchair": null,
        "fee": "no",
        "opening_hours": null,
        "source": "osm"
      }
    },
    {
      "type": "Feature",
      "geometry": {
        "type": "Point",
        "coordinates": [
          19.8136309,
          45.263962
        ]
      },
      "properties": {
        "id": "osm-w-387671186",
        "category": "parking",
        "name": "Parking",
        "wheelchair": null,
        "fee": null,
        "opening_hours": null,
        "source": "osm"
      }
    },
    {
      "type": "Feature",
      "geometry": {
        "type": "Point",
        "coordinates": [
          19.8151709,
          45.2640705
        ]
      },
      "properties": {
        "id": "osm-w-387674481",
        "category": "parking",
        "name": "Parking",
        "wheelchair": null,
        "fee": "no",
        "opening_hours": null,
        "source": "osm"
      }
    },
    {
      "type": "Feature",
      "geometry": {
        "type": "Point",
        "coordinates": [
          19.8148537,
          45.2635698
        ]
      },
      "properties": {
        "id": "osm-w-387674483",
        "category": "parking",
        "name": "Parking",
        "wheelchair": null,
        "fee": "no",
        "opening_hours": null,
        "source": "osm"
      }
    },
    {
      "type": "Feature",
      "geometry": {
        "type": "Point",
        "coordinates": [
          19.8156744,
          45.2643722
        ]
      },
      "properties": {
        "id": "osm-w-387674486",
        "category": "parking",
        "name": "Parking",
        "wheelchair": null,
        "fee": "no",
        "opening_hours": null,
        "source": "osm"
      }
    },
    {
      "type": "Feature",
      "geometry": {
        "type": "Point",
        "coordinates": [
          19.8138911,
          45.2630625
        ]
      },
      "properties": {
        "id": "osm-w-387674488",
        "category": "parking",
        "name": "Parking",
        "wheelchair": null,
        "fee": "no",
        "opening_hours": null,
        "source": "osm"
      }
    },
    {
      "type": "Feature",
      "geometry": {
        "type": "Point",
        "coordinates": [
          19.8203875,
          45.2585869
        ]
      },
      "properties": {
        "id": "osm-w-387796981",
        "category": "parking",
        "name": "Parking",
        "wheelchair": "yes",
        "fee": null,
        "opening_hours": null,
        "source": "osm"
      }
    },
    {
      "type": "Feature",
      "geometry": {
        "type": "Point",
        "coordinates": [
          19.8203026,
          45.2586785
        ]
      },
      "properties": {
        "id": "osm-w-387796982",
        "category": "parking",
        "name": "Parking",
        "wheelchair": null,
        "fee": null,
        "opening_hours": null,
        "source": "osm"
      }
    },
    {
      "type": "Feature",
      "geometry": {
        "type": "Point",
        "coordinates": [
          19.8201998,
          45.2571743
        ]
      },
      "properties": {
        "id": "osm-w-387796983",
        "category": "parking",
        "name": "Parking",
        "wheelchair": null,
        "fee": null,
        "opening_hours": null,
        "source": "osm"
      }
    },
    {
      "type": "Feature",
      "geometry": {
        "type": "Point",
        "coordinates": [
          19.8132414,
          45.256162
        ]
      },
      "properties": {
        "id": "osm-w-387796984",
        "category": "parking",
        "name": "Parking",
        "wheelchair": "yes",
        "fee": null,
        "opening_hours": null,
        "source": "osm"
      }
    },
    {
      "type": "Feature",
      "geometry": {
        "type": "Point",
        "coordinates": [
          19.8144378,
          45.2560001
        ]
      },
      "properties": {
        "id": "osm-w-387796985",
        "category": "parking",
        "name": "Parking",
        "wheelchair": null,
        "fee": null,
        "opening_hours": null,
        "source": "osm"
      }
    },
    {
      "type": "Feature",
      "geometry": {
        "type": "Point",
        "coordinates": [
          19.8167367,
          45.2573811
        ]
      },
      "properties": {
        "id": "osm-w-387796986",
        "category": "parking",
        "name": "Parking",
        "wheelchair": null,
        "fee": null,
        "opening_hours": null,
        "source": "osm"
      }
    },
    {
      "type": "Feature",
      "geometry": {
        "type": "Point",
        "coordinates": [
          19.8150375,
          45.2567916
        ]
      },
      "properties": {
        "id": "osm-w-387796987",
        "category": "parking",
        "name": "Parking",
        "wheelchair": null,
        "fee": null,
        "opening_hours": null,
        "source": "osm"
      }
    },
    {
      "type": "Feature",
      "geometry": {
        "type": "Point",
        "coordinates": [
          19.8131563,
          45.2562802
        ]
      },
      "properties": {
        "id": "osm-w-387796988",
        "category": "parking",
        "name": "Parking",
        "wheelchair": null,
        "fee": null,
        "opening_hours": null,
        "source": "osm"
      }
    },
    {
      "type": "Feature",
      "geometry": {
        "type": "Point",
        "coordinates": [
          19.8183841,
          45.2556114
        ]
      },
      "properties": {
        "id": "osm-w-387796989",
        "category": "parking",
        "name": "Parking",
        "wheelchair": null,
        "fee": null,
        "opening_hours": null,
        "source": "osm"
      }
    },
    {
      "type": "Feature",
      "geometry": {
        "type": "Point",
        "coordinates": [
          19.8161975,
          45.2541671
        ]
      },
      "properties": {
        "id": "osm-w-387796992",
        "category": "parking",
        "name": "Parking",
        "wheelchair": null,
        "fee": null,
        "opening_hours": null,
        "source": "osm"
      }
    },
    {
      "type": "Feature",
      "geometry": {
        "type": "Point",
        "coordinates": [
          19.8184958,
          45.2570195
        ]
      },
      "properties": {
        "id": "osm-w-387799337",
        "category": "parking",
        "name": "Parking",
        "wheelchair": null,
        "fee": null,
        "opening_hours": null,
        "source": "osm"
      }
    },
    {
      "type": "Feature",
      "geometry": {
        "type": "Point",
        "coordinates": [
          19.8162302,
          45.256659
        ]
      },
      "properties": {
        "id": "osm-w-387799338",
        "category": "parking",
        "name": "Parking",
        "wheelchair": null,
        "fee": null,
        "opening_hours": null,
        "source": "osm"
      }
    },
    {
      "type": "Feature",
      "geometry": {
        "type": "Point",
        "coordinates": [
          19.8289668,
          45.2542582
        ]
      },
      "properties": {
        "id": "osm-w-387799636",
        "category": "shop",
        "name": "Hungarikum Centar",
        "wheelchair": "no",
        "fee": null,
        "opening_hours": "Mo-Fr 08:00-20:00; Sa 08:00-14:00; Su off",
        "source": "osm"
      }
    },
    {
      "type": "Feature",
      "geometry": {
        "type": "Point",
        "coordinates": [
          19.8112719,
          45.2574542
        ]
      },
      "properties": {
        "id": "osm-w-388628299",
        "category": "parking",
        "name": "Parking",
        "wheelchair": null,
        "fee": null,
        "opening_hours": null,
        "source": "osm"
      }
    },
    {
      "type": "Feature",
      "geometry": {
        "type": "Point",
        "coordinates": [
          19.8178149,
          45.2633699
        ]
      },
      "properties": {
        "id": "osm-w-388628300",
        "category": "parking",
        "name": "Parking",
        "wheelchair": null,
        "fee": "no",
        "opening_hours": null,
        "source": "osm"
      }
    },
    {
      "type": "Feature",
      "geometry": {
        "type": "Point",
        "coordinates": [
          19.8097722,
          45.2596388
        ]
      },
      "properties": {
        "id": "osm-w-388628301",
        "category": "parking",
        "name": "Parking",
        "wheelchair": null,
        "fee": "no",
        "opening_hours": null,
        "source": "osm"
      }
    },
    {
      "type": "Feature",
      "geometry": {
        "type": "Point",
        "coordinates": [
          19.8185497,
          45.2581274
        ]
      },
      "properties": {
        "id": "osm-w-389358089",
        "category": "parking",
        "name": "Parking",
        "wheelchair": null,
        "fee": null,
        "opening_hours": null,
        "source": "osm"
      }
    },
    {
      "type": "Feature",
      "geometry": {
        "type": "Point",
        "coordinates": [
          19.8196678,
          45.2617367
        ]
      },
      "properties": {
        "id": "osm-w-389358090",
        "category": "parking",
        "name": "Parking",
        "wheelchair": null,
        "fee": "no",
        "opening_hours": null,
        "source": "osm"
      }
    },
    {
      "type": "Feature",
      "geometry": {
        "type": "Point",
        "coordinates": [
          19.8215171,
          45.2601095
        ]
      },
      "properties": {
        "id": "osm-w-389358091",
        "category": "parking",
        "name": "Parking",
        "wheelchair": null,
        "fee": null,
        "opening_hours": null,
        "source": "osm"
      }
    },
    {
      "type": "Feature",
      "geometry": {
        "type": "Point",
        "coordinates": [
          19.8191079,
          45.2581854
        ]
      },
      "properties": {
        "id": "osm-w-389358092",
        "category": "parking",
        "name": "Parking",
        "wheelchair": "no",
        "fee": null,
        "opening_hours": null,
        "source": "osm"
      }
    },
    {
      "type": "Feature",
      "geometry": {
        "type": "Point",
        "coordinates": [
          19.8209373,
          45.2597108
        ]
      },
      "properties": {
        "id": "osm-w-389358093",
        "category": "parking",
        "name": "Parking",
        "wheelchair": null,
        "fee": "no",
        "opening_hours": null,
        "source": "osm"
      }
    },
    {
      "type": "Feature",
      "geometry": {
        "type": "Point",
        "coordinates": [
          19.818874,
          45.2599266
        ]
      },
      "properties": {
        "id": "osm-w-389358094",
        "category": "parking",
        "name": "Parking",
        "wheelchair": null,
        "fee": "no",
        "opening_hours": null,
        "source": "osm"
      }
    },
    {
      "type": "Feature",
      "geometry": {
        "type": "Point",
        "coordinates": [
          19.8198229,
          45.259243
        ]
      },
      "properties": {
        "id": "osm-w-389358095",
        "category": "parking",
        "name": "Parking",
        "wheelchair": null,
        "fee": "no",
        "opening_hours": null,
        "source": "osm"
      }
    },
    {
      "type": "Feature",
      "geometry": {
        "type": "Point",
        "coordinates": [
          19.8181138,
          45.2607081
        ]
      },
      "properties": {
        "id": "osm-w-389358997",
        "category": "parking",
        "name": "Parking",
        "wheelchair": null,
        "fee": "no",
        "opening_hours": null,
        "source": "osm"
      }
    },
    {
      "type": "Feature",
      "geometry": {
        "type": "Point",
        "coordinates": [
          19.817531,
          45.2601782
        ]
      },
      "properties": {
        "id": "osm-w-389358998",
        "category": "parking",
        "name": "Parking",
        "wheelchair": null,
        "fee": "no",
        "opening_hours": null,
        "source": "osm"
      }
    },
    {
      "type": "Feature",
      "geometry": {
        "type": "Point",
        "coordinates": [
          19.8189628,
          45.2607579
        ]
      },
      "properties": {
        "id": "osm-w-389362120",
        "category": "parking",
        "name": "Parking",
        "wheelchair": null,
        "fee": "no",
        "opening_hours": null,
        "source": "osm"
      }
    },
    {
      "type": "Feature",
      "geometry": {
        "type": "Point",
        "coordinates": [
          19.81902,
          45.2611735
        ]
      },
      "properties": {
        "id": "osm-w-389362121",
        "category": "parking",
        "name": "Parking",
        "wheelchair": null,
        "fee": "no",
        "opening_hours": null,
        "source": "osm"
      }
    },
    {
      "type": "Feature",
      "geometry": {
        "type": "Point",
        "coordinates": [
          19.8192633,
          45.260958
        ]
      },
      "properties": {
        "id": "osm-w-389362122",
        "category": "parking",
        "name": "Parking",
        "wheelchair": null,
        "fee": "no",
        "opening_hours": null,
        "source": "osm"
      }
    },
    {
      "type": "Feature",
      "geometry": {
        "type": "Point",
        "coordinates": [
          19.8188054,
          45.261451
        ]
      },
      "properties": {
        "id": "osm-w-389362123",
        "category": "parking",
        "name": "Parking",
        "wheelchair": null,
        "fee": "no",
        "opening_hours": null,
        "source": "osm"
      }
    },
    {
      "type": "Feature",
      "geometry": {
        "type": "Point",
        "coordinates": [
          19.8176141,
          45.26224
        ]
      },
      "properties": {
        "id": "osm-w-389363348",
        "category": "parking",
        "name": "Parking",
        "wheelchair": null,
        "fee": "no",
        "opening_hours": null,
        "source": "osm"
      }
    },
    {
      "type": "Feature",
      "geometry": {
        "type": "Point",
        "coordinates": [
          19.816266,
          45.262522
        ]
      },
      "properties": {
        "id": "osm-w-389363772",
        "category": "parking",
        "name": "Parking",
        "wheelchair": null,
        "fee": "no",
        "opening_hours": null,
        "source": "osm"
      }
    },
    {
      "type": "Feature",
      "geometry": {
        "type": "Point",
        "coordinates": [
          19.8149957,
          45.2607794
        ]
      },
      "properties": {
        "id": "osm-w-389364995",
        "category": "parking",
        "name": "Parking",
        "wheelchair": null,
        "fee": null,
        "opening_hours": null,
        "source": "osm"
      }
    },
    {
      "type": "Feature",
      "geometry": {
        "type": "Point",
        "coordinates": [
          19.814798,
          45.2616489
        ]
      },
      "properties": {
        "id": "osm-w-389365001",
        "category": "parking",
        "name": "Parking",
        "wheelchair": null,
        "fee": "no",
        "opening_hours": null,
        "source": "osm"
      }
    },
    {
      "type": "Feature",
      "geometry": {
        "type": "Point",
        "coordinates": [
          19.816194,
          45.2614655
        ]
      },
      "properties": {
        "id": "osm-w-389365002",
        "category": "parking",
        "name": "Parking",
        "wheelchair": null,
        "fee": "no",
        "opening_hours": null,
        "source": "osm"
      }
    },
    {
      "type": "Feature",
      "geometry": {
        "type": "Point",
        "coordinates": [
          19.8133567,
          45.2608333
        ]
      },
      "properties": {
        "id": "osm-w-389365643",
        "category": "parking",
        "name": "Parking",
        "wheelchair": null,
        "fee": "no",
        "opening_hours": null,
        "source": "osm"
      }
    },
    {
      "type": "Feature",
      "geometry": {
        "type": "Point",
        "coordinates": [
          19.8158823,
          45.2591934
        ]
      },
      "properties": {
        "id": "osm-w-389519797",
        "category": "parking",
        "name": "Parking",
        "wheelchair": null,
        "fee": "no",
        "opening_hours": null,
        "source": "osm"
      }
    },
    {
      "type": "Feature",
      "geometry": {
        "type": "Point",
        "coordinates": [
          19.8141961,
          45.2602775
        ]
      },
      "properties": {
        "id": "osm-w-389519798",
        "category": "parking",
        "name": "Parking",
        "wheelchair": null,
        "fee": "no",
        "opening_hours": null,
        "source": "osm"
      }
    },
    {
      "type": "Feature",
      "geometry": {
        "type": "Point",
        "coordinates": [
          19.8152491,
          45.2569956
        ]
      },
      "properties": {
        "id": "osm-w-389519799",
        "category": "parking",
        "name": "Parking",
        "wheelchair": null,
        "fee": null,
        "opening_hours": null,
        "source": "osm"
      }
    },
    {
      "type": "Feature",
      "geometry": {
        "type": "Point",
        "coordinates": [
          19.8164621,
          45.2574063
        ]
      },
      "properties": {
        "id": "osm-w-389519800",
        "category": "parking",
        "name": "Parking",
        "wheelchair": null,
        "fee": null,
        "opening_hours": null,
        "source": "osm"
      }
    },
    {
      "type": "Feature",
      "geometry": {
        "type": "Point",
        "coordinates": [
          19.811882,
          45.2581565
        ]
      },
      "properties": {
        "id": "osm-w-389519801",
        "category": "parking",
        "name": "Parking",
        "wheelchair": null,
        "fee": null,
        "opening_hours": null,
        "source": "osm"
      }
    },
    {
      "type": "Feature",
      "geometry": {
        "type": "Point",
        "coordinates": [
          19.8124078,
          45.2590066
        ]
      },
      "properties": {
        "id": "osm-w-389519802",
        "category": "parking",
        "name": "Parking",
        "wheelchair": null,
        "fee": "no",
        "opening_hours": null,
        "source": "osm"
      }
    },
    {
      "type": "Feature",
      "geometry": {
        "type": "Point",
        "coordinates": [
          19.8130717,
          45.2580267
        ]
      },
      "properties": {
        "id": "osm-w-389519803",
        "category": "parking",
        "name": "Parking",
        "wheelchair": null,
        "fee": null,
        "opening_hours": null,
        "source": "osm"
      }
    },
    {
      "type": "Feature",
      "geometry": {
        "type": "Point",
        "coordinates": [
          19.8125248,
          45.2572426
        ]
      },
      "properties": {
        "id": "osm-w-389519804",
        "category": "parking",
        "name": "Parking",
        "wheelchair": null,
        "fee": null,
        "opening_hours": null,
        "source": "osm"
      }
    },
    {
      "type": "Feature",
      "geometry": {
        "type": "Point",
        "coordinates": [
          19.8115609,
          45.2602612
        ]
      },
      "properties": {
        "id": "osm-w-389519805",
        "category": "parking",
        "name": "Parking",
        "wheelchair": null,
        "fee": "no",
        "opening_hours": null,
        "source": "osm"
      }
    },
    {
      "type": "Feature",
      "geometry": {
        "type": "Point",
        "coordinates": [
          19.8140528,
          45.2597948
        ]
      },
      "properties": {
        "id": "osm-w-389519806",
        "category": "parking",
        "name": "Parking",
        "wheelchair": null,
        "fee": "no",
        "opening_hours": null,
        "source": "osm"
      }
    },
    {
      "type": "Feature",
      "geometry": {
        "type": "Point",
        "coordinates": [
          19.8136946,
          45.2571202
        ]
      },
      "properties": {
        "id": "osm-w-389519807",
        "category": "parking",
        "name": "Parking",
        "wheelchair": null,
        "fee": null,
        "opening_hours": null,
        "source": "osm"
      }
    },
    {
      "type": "Feature",
      "geometry": {
        "type": "Point",
        "coordinates": [
          19.8129323,
          45.2598253
        ]
      },
      "properties": {
        "id": "osm-w-389519808",
        "category": "parking",
        "name": "Parking",
        "wheelchair": null,
        "fee": "no",
        "opening_hours": null,
        "source": "osm"
      }
    },
    {
      "type": "Feature",
      "geometry": {
        "type": "Point",
        "coordinates": [
          19.8143057,
          45.2578557
        ]
      },
      "properties": {
        "id": "osm-w-389519809",
        "category": "parking",
        "name": "Parking",
        "wheelchair": null,
        "fee": null,
        "opening_hours": null,
        "source": "osm"
      }
    },
    {
      "type": "Feature",
      "geometry": {
        "type": "Point",
        "coordinates": [
          19.8111452,
          45.2592147
        ]
      },
      "properties": {
        "id": "osm-w-389519810",
        "category": "parking",
        "name": "Parking",
        "wheelchair": null,
        "fee": "no",
        "opening_hours": null,
        "source": "osm"
      }
    },
    {
      "type": "Feature",
      "geometry": {
        "type": "Point",
        "coordinates": [
          19.8136922,
          45.2587451
        ]
      },
      "properties": {
        "id": "osm-w-389519811",
        "category": "parking",
        "name": "Parking",
        "wheelchair": null,
        "fee": null,
        "opening_hours": null,
        "source": "osm"
      }
    },
    {
      "type": "Feature",
      "geometry": {
        "type": "Point",
        "coordinates": [
          19.815503,
          45.2576813
        ]
      },
      "properties": {
        "id": "osm-w-389519812",
        "category": "parking",
        "name": "Parking",
        "wheelchair": null,
        "fee": null,
        "opening_hours": null,
        "source": "osm"
      }
    },
    {
      "type": "Feature",
      "geometry": {
        "type": "Point",
        "coordinates": [
          19.8147596,
          45.2587926
        ]
      },
      "properties": {
        "id": "osm-w-389519813",
        "category": "parking",
        "name": "Parking",
        "wheelchair": null,
        "fee": null,
        "opening_hours": null,
        "source": "osm"
      }
    },
    {
      "type": "Feature",
      "geometry": {
        "type": "Point",
        "coordinates": [
          19.8496328,
          45.2576864
        ]
      },
      "properties": {
        "id": "osm-w-389667579",
        "category": "parking",
        "name": "Parking",
        "wheelchair": null,
        "fee": null,
        "opening_hours": null,
        "source": "osm"
      }
    },
    {
      "type": "Feature",
      "geometry": {
        "type": "Point",
        "coordinates": [
          19.8492795,
          45.257767
        ]
      },
      "properties": {
        "id": "osm-w-389667580",
        "category": "parking",
        "name": "Parking",
        "wheelchair": null,
        "fee": "yes",
        "opening_hours": null,
        "source": "osm"
      }
    },
    {
      "type": "Feature",
      "geometry": {
        "type": "Point",
        "coordinates": [
          19.8489293,
          45.2578465
        ]
      },
      "properties": {
        "id": "osm-w-389667581",
        "category": "parking",
        "name": "Parking",
        "wheelchair": null,
        "fee": "yes",
        "opening_hours": null,
        "source": "osm"
      }
    },
    {
      "type": "Feature",
      "geometry": {
        "type": "Point",
        "coordinates": [
          19.81812,
          45.2486056
        ]
      },
      "properties": {
        "id": "osm-w-391342581",
        "category": "parking",
        "name": "Parking",
        "wheelchair": null,
        "fee": null,
        "opening_hours": null,
        "source": "osm"
      }
    },
    {
      "type": "Feature",
      "geometry": {
        "type": "Point",
        "coordinates": [
          19.8244278,
          45.2473172
        ]
      },
      "properties": {
        "id": "osm-w-391346992",
        "category": "parking",
        "name": "Parking",
        "wheelchair": null,
        "fee": null,
        "opening_hours": null,
        "source": "osm"
      }
    },
    {
      "type": "Feature",
      "geometry": {
        "type": "Point",
        "coordinates": [
          19.8244396,
          45.2451054
        ]
      },
      "properties": {
        "id": "osm-w-391346993",
        "category": "parking",
        "name": "Parking",
        "wheelchair": null,
        "fee": null,
        "opening_hours": null,
        "source": "osm"
      }
    },
    {
      "type": "Feature",
      "geometry": {
        "type": "Point",
        "coordinates": [
          19.823958,
          45.2477959
        ]
      },
      "properties": {
        "id": "osm-w-391346994",
        "category": "parking",
        "name": "Parking",
        "wheelchair": null,
        "fee": null,
        "opening_hours": null,
        "source": "osm"
      }
    },
    {
      "type": "Feature",
      "geometry": {
        "type": "Point",
        "coordinates": [
          19.8244403,
          45.2464335
        ]
      },
      "properties": {
        "id": "osm-w-391346995",
        "category": "parking",
        "name": "Parking",
        "wheelchair": null,
        "fee": null,
        "opening_hours": null,
        "source": "osm"
      }
    },
    {
      "type": "Feature",
      "geometry": {
        "type": "Point",
        "coordinates": [
          19.8243183,
          45.2409508
        ]
      },
      "properties": {
        "id": "osm-w-391349455",
        "category": "parking",
        "name": "Parking",
        "wheelchair": null,
        "fee": null,
        "opening_hours": null,
        "source": "osm"
      }
    },
    {
      "type": "Feature",
      "geometry": {
        "type": "Point",
        "coordinates": [
          19.8212868,
          45.2436237
        ]
      },
      "properties": {
        "id": "osm-w-391373584",
        "category": "parking",
        "name": "Parking",
        "wheelchair": null,
        "fee": null,
        "opening_hours": null,
        "source": "osm"
      }
    },
    {
      "type": "Feature",
      "geometry": {
        "type": "Point",
        "coordinates": [
          19.8238257,
          45.24044
        ]
      },
      "properties": {
        "id": "osm-w-392065613",
        "category": "parking",
        "name": "Parking",
        "wheelchair": null,
        "fee": null,
        "opening_hours": null,
        "source": "osm"
      }
    },
    {
      "type": "Feature",
      "geometry": {
        "type": "Point",
        "coordinates": [
          19.8227288,
          45.2409044
        ]
      },
      "properties": {
        "id": "osm-w-392065615",
        "category": "parking",
        "name": "Parking",
        "wheelchair": null,
        "fee": null,
        "opening_hours": null,
        "source": "osm"
      }
    },
    {
      "type": "Feature",
      "geometry": {
        "type": "Point",
        "coordinates": [
          19.8198741,
          45.2420851
        ]
      },
      "properties": {
        "id": "osm-w-392070424",
        "category": "parking",
        "name": "Parking",
        "wheelchair": null,
        "fee": null,
        "opening_hours": null,
        "source": "osm"
      }
    },
    {
      "type": "Feature",
      "geometry": {
        "type": "Point",
        "coordinates": [
          19.8202371,
          45.2419936
        ]
      },
      "properties": {
        "id": "osm-w-392070425",
        "category": "parking",
        "name": "Parking",
        "wheelchair": null,
        "fee": null,
        "opening_hours": null,
        "source": "osm"
      }
    },
    {
      "type": "Feature",
      "geometry": {
        "type": "Point",
        "coordinates": [
          19.8207228,
          45.2413574
        ]
      },
      "properties": {
        "id": "osm-w-392070426",
        "category": "parking",
        "name": "Parking",
        "wheelchair": null,
        "fee": null,
        "opening_hours": null,
        "source": "osm"
      }
    },
    {
      "type": "Feature",
      "geometry": {
        "type": "Point",
        "coordinates": [
          19.8202441,
          45.2430454
        ]
      },
      "properties": {
        "id": "osm-w-392074340",
        "category": "parking",
        "name": "Parking",
        "wheelchair": null,
        "fee": null,
        "opening_hours": null,
        "source": "osm"
      }
    },
    {
      "type": "Feature",
      "geometry": {
        "type": "Point",
        "coordinates": [
          19.8188977,
          45.2398448
        ]
      },
      "properties": {
        "id": "osm-w-392074341",
        "category": "parking",
        "name": "Parking",
        "wheelchair": null,
        "fee": null,
        "opening_hours": null,
        "source": "osm"
      }
    },
    {
      "type": "Feature",
      "geometry": {
        "type": "Point",
        "coordinates": [
          19.8210086,
          45.2419244
        ]
      },
      "properties": {
        "id": "osm-w-392074342",
        "category": "parking",
        "name": "Parking",
        "wheelchair": null,
        "fee": null,
        "opening_hours": null,
        "source": "osm"
      }
    },
    {
      "type": "Feature",
      "geometry": {
        "type": "Point",
        "coordinates": [
          19.8180554,
          45.2401437
        ]
      },
      "properties": {
        "id": "osm-w-392074343",
        "category": "parking",
        "name": "Parking",
        "wheelchair": null,
        "fee": null,
        "opening_hours": null,
        "source": "osm"
      }
    },
    {
      "type": "Feature",
      "geometry": {
        "type": "Point",
        "coordinates": [
          19.8210852,
          45.2409478
        ]
      },
      "properties": {
        "id": "osm-w-392074344",
        "category": "parking",
        "name": "Parking",
        "wheelchair": null,
        "fee": null,
        "opening_hours": null,
        "source": "osm"
      }
    },
    {
      "type": "Feature",
      "geometry": {
        "type": "Point",
        "coordinates": [
          19.8200649,
          45.2424937
        ]
      },
      "properties": {
        "id": "osm-w-392079154",
        "category": "parking",
        "name": "Parking",
        "wheelchair": null,
        "fee": null,
        "opening_hours": null,
        "source": "osm"
      }
    },
    {
      "type": "Feature",
      "geometry": {
        "type": "Point",
        "coordinates": [
          19.819525,
          45.2428234
        ]
      },
      "properties": {
        "id": "osm-w-392079155",
        "category": "parking",
        "name": "Parking",
        "wheelchair": null,
        "fee": null,
        "opening_hours": null,
        "source": "osm"
      }
    },
    {
      "type": "Feature",
      "geometry": {
        "type": "Point",
        "coordinates": [
          19.8191074,
          45.2447016
        ]
      },
      "properties": {
        "id": "osm-w-392082710",
        "category": "parking",
        "name": "Parking",
        "wheelchair": null,
        "fee": null,
        "opening_hours": null,
        "source": "osm"
      }
    },
    {
      "type": "Feature",
      "geometry": {
        "type": "Point",
        "coordinates": [
          19.8164966,
          45.2477272
        ]
      },
      "properties": {
        "id": "osm-w-392101397",
        "category": "parking",
        "name": "Parking",
        "wheelchair": null,
        "fee": null,
        "opening_hours": null,
        "source": "osm"
      }
    },
    {
      "type": "Feature",
      "geometry": {
        "type": "Point",
        "coordinates": [
          19.8169811,
          45.2478298
        ]
      },
      "properties": {
        "id": "osm-w-392101398",
        "category": "parking",
        "name": "Parking",
        "wheelchair": null,
        "fee": null,
        "opening_hours": null,
        "source": "osm"
      }
    },
    {
      "type": "Feature",
      "geometry": {
        "type": "Point",
        "coordinates": [
          19.8188562,
          45.2447082
        ]
      },
      "properties": {
        "id": "osm-w-392524957",
        "category": "parking",
        "name": "Parking",
        "wheelchair": null,
        "fee": null,
        "opening_hours": null,
        "source": "osm"
      }
    },
    {
      "type": "Feature",
      "geometry": {
        "type": "Point",
        "coordinates": [
          19.8145535,
          45.2402754
        ]
      },
      "properties": {
        "id": "osm-w-394219582",
        "category": "parking",
        "name": "Parking",
        "wheelchair": null,
        "fee": null,
        "opening_hours": null,
        "source": "osm"
      }
    },
    {
      "type": "Feature",
      "geometry": {
        "type": "Point",
        "coordinates": [
          19.8148326,
          45.240454
        ]
      },
      "properties": {
        "id": "osm-w-394219587",
        "category": "parking",
        "name": "Parking",
        "wheelchair": null,
        "fee": null,
        "opening_hours": null,
        "source": "osm"
      }
    },
    {
      "type": "Feature",
      "geometry": {
        "type": "Point",
        "coordinates": [
          19.8558225,
          45.2798633
        ]
      },
      "properties": {
        "id": "osm-w-394513935",
        "category": "parking",
        "name": "Parking",
        "wheelchair": null,
        "fee": null,
        "opening_hours": null,
        "source": "osm"
      }
    },
    {
      "type": "Feature",
      "geometry": {
        "type": "Point",
        "coordinates": [
          19.8575937,
          45.2819061
        ]
      },
      "properties": {
        "id": "osm-w-394515091",
        "category": "parking",
        "name": "Parking",
        "wheelchair": null,
        "fee": null,
        "opening_hours": null,
        "source": "osm"
      }
    },
    {
      "type": "Feature",
      "geometry": {
        "type": "Point",
        "coordinates": [
          19.8103151,
          45.2454215
        ]
      },
      "properties": {
        "id": "osm-w-394536248",
        "category": "parking",
        "name": "Parking",
        "wheelchair": null,
        "fee": null,
        "opening_hours": null,
        "source": "osm"
      }
    },
    {
      "type": "Feature",
      "geometry": {
        "type": "Point",
        "coordinates": [
          19.8083865,
          45.2464297
        ]
      },
      "properties": {
        "id": "osm-w-394536250",
        "category": "parking",
        "name": "Parking",
        "wheelchair": null,
        "fee": null,
        "opening_hours": null,
        "source": "osm"
      }
    },
    {
      "type": "Feature",
      "geometry": {
        "type": "Point",
        "coordinates": [
          19.8075117,
          45.2523143
        ]
      },
      "properties": {
        "id": "osm-w-396094052",
        "category": "parking",
        "name": "Parking",
        "wheelchair": null,
        "fee": null,
        "opening_hours": null,
        "source": "osm"
      }
    },
    {
      "type": "Feature",
      "geometry": {
        "type": "Point",
        "coordinates": [
          19.8065555,
          45.2522887
        ]
      },
      "properties": {
        "id": "osm-w-396094053",
        "category": "parking",
        "name": "Parking",
        "wheelchair": null,
        "fee": null,
        "opening_hours": null,
        "source": "osm"
      }
    },
    {
      "type": "Feature",
      "geometry": {
        "type": "Point",
        "coordinates": [
          19.8076267,
          45.2519106
        ]
      },
      "properties": {
        "id": "osm-w-396094054",
        "category": "parking",
        "name": "Parking",
        "wheelchair": null,
        "fee": null,
        "opening_hours": null,
        "source": "osm"
      }
    },
    {
      "type": "Feature",
      "geometry": {
        "type": "Point",
        "coordinates": [
          19.8059594,
          45.2518597
        ]
      },
      "properties": {
        "id": "osm-w-396094055",
        "category": "parking",
        "name": "Parking",
        "wheelchair": null,
        "fee": null,
        "opening_hours": null,
        "source": "osm"
      }
    },
    {
      "type": "Feature",
      "geometry": {
        "type": "Point",
        "coordinates": [
          19.800484,
          45.2603371
        ]
      },
      "properties": {
        "id": "osm-w-396136644",
        "category": "parking",
        "name": "Parking",
        "wheelchair": null,
        "fee": null,
        "opening_hours": null,
        "source": "osm"
      }
    },
    {
      "type": "Feature",
      "geometry": {
        "type": "Point",
        "coordinates": [
          19.8002348,
          45.2598474
        ]
      },
      "properties": {
        "id": "osm-w-396136645",
        "category": "parking",
        "name": "Parking",
        "wheelchair": null,
        "fee": null,
        "opening_hours": null,
        "source": "osm"
      }
    },
    {
      "type": "Feature",
      "geometry": {
        "type": "Point",
        "coordinates": [
          19.7993381,
          45.2603517
        ]
      },
      "properties": {
        "id": "osm-w-396136646",
        "category": "parking",
        "name": "Parking",
        "wheelchair": null,
        "fee": null,
        "opening_hours": null,
        "source": "osm"
      }
    },
    {
      "type": "Feature",
      "geometry": {
        "type": "Point",
        "coordinates": [
          19.8030679,
          45.2586944
        ]
      },
      "properties": {
        "id": "osm-w-396136922",
        "category": "parking",
        "name": "Parking",
        "wheelchair": null,
        "fee": null,
        "opening_hours": null,
        "source": "osm"
      }
    },
    {
      "type": "Feature",
      "geometry": {
        "type": "Point",
        "coordinates": [
          19.8018853,
          45.258078
        ]
      },
      "properties": {
        "id": "osm-w-396136923",
        "category": "parking",
        "name": "Parking",
        "wheelchair": null,
        "fee": null,
        "opening_hours": null,
        "source": "osm"
      }
    },
    {
      "type": "Feature",
      "geometry": {
        "type": "Point",
        "coordinates": [
          19.8032615,
          45.2593586
        ]
      },
      "properties": {
        "id": "osm-w-396137317",
        "category": "parking",
        "name": "Parking",
        "wheelchair": null,
        "fee": null,
        "opening_hours": null,
        "source": "osm"
      }
    },
    {
      "type": "Feature",
      "geometry": {
        "type": "Point",
        "coordinates": [
          19.8047575,
          45.2596359
        ]
      },
      "properties": {
        "id": "osm-w-396137318",
        "category": "parking",
        "name": "Parking",
        "wheelchair": null,
        "fee": null,
        "opening_hours": null,
        "source": "osm"
      }
    },
    {
      "type": "Feature",
      "geometry": {
        "type": "Point",
        "coordinates": [
          19.8039616,
          45.2596367
        ]
      },
      "properties": {
        "id": "osm-w-396137319",
        "category": "parking",
        "name": "Parking",
        "wheelchair": null,
        "fee": null,
        "opening_hours": null,
        "source": "osm"
      }
    },
    {
      "type": "Feature",
      "geometry": {
        "type": "Point",
        "coordinates": [
          19.8010035,
          45.2582725
        ]
      },
      "properties": {
        "id": "osm-w-396143644",
        "category": "parking",
        "name": "Parking",
        "wheelchair": null,
        "fee": null,
        "opening_hours": null,
        "source": "osm"
      }
    },
    {
      "type": "Feature",
      "geometry": {
        "type": "Point",
        "coordinates": [
          19.7996142,
          45.2575236
        ]
      },
      "properties": {
        "id": "osm-w-396143649",
        "category": "parking",
        "name": "Parking",
        "wheelchair": null,
        "fee": null,
        "opening_hours": null,
        "source": "osm"
      }
    },
    {
      "type": "Feature",
      "geometry": {
        "type": "Point",
        "coordinates": [
          19.8729813,
          45.2744199
        ]
      },
      "properties": {
        "id": "osm-w-396644628",
        "category": "parking",
        "name": "Parking",
        "wheelchair": null,
        "fee": null,
        "opening_hours": null,
        "source": "osm"
      }
    },
    {
      "type": "Feature",
      "geometry": {
        "type": "Point",
        "coordinates": [
          19.8747574,
          45.2820792
        ]
      },
      "properties": {
        "id": "osm-w-397083736",
        "category": "parking",
        "name": "Parking",
        "wheelchair": null,
        "fee": null,
        "opening_hours": null,
        "source": "osm"
      }
    },
    {
      "type": "Feature",
      "geometry": {
        "type": "Point",
        "coordinates": [
          19.8752382,
          45.2807085
        ]
      },
      "properties": {
        "id": "osm-w-397083763",
        "category": "parking",
        "name": "Parking",
        "wheelchair": null,
        "fee": null,
        "opening_hours": null,
        "source": "osm"
      }
    },
    {
      "type": "Feature",
      "geometry": {
        "type": "Point",
        "coordinates": [
          19.8760497,
          45.2822286
        ]
      },
      "properties": {
        "id": "osm-w-397083764",
        "category": "parking",
        "name": "Parking",
        "wheelchair": null,
        "fee": null,
        "opening_hours": null,
        "source": "osm"
      }
    },
    {
      "type": "Feature",
      "geometry": {
        "type": "Point",
        "coordinates": [
          19.8711566,
          45.2797569
        ]
      },
      "properties": {
        "id": "osm-w-397146720",
        "category": "parking",
        "name": "Parking",
        "wheelchair": null,
        "fee": null,
        "opening_hours": null,
        "source": "osm"
      }
    },
    {
      "type": "Feature",
      "geometry": {
        "type": "Point",
        "coordinates": [
          19.801337,
          45.2566329
        ]
      },
      "properties": {
        "id": "osm-w-398365526",
        "category": "parking",
        "name": "Parking",
        "wheelchair": null,
        "fee": null,
        "opening_hours": null,
        "source": "osm"
      }
    },
    {
      "type": "Feature",
      "geometry": {
        "type": "Point",
        "coordinates": [
          19.7992088,
          45.2553385
        ]
      },
      "properties": {
        "id": "osm-w-398368031",
        "category": "parking",
        "name": "Parking",
        "wheelchair": null,
        "fee": null,
        "opening_hours": null,
        "source": "osm"
      }
    },
    {
      "type": "Feature",
      "geometry": {
        "type": "Point",
        "coordinates": [
          19.802379,
          45.2550729
        ]
      },
      "properties": {
        "id": "osm-w-399231874",
        "category": "parking",
        "name": "Parking",
        "wheelchair": null,
        "fee": null,
        "opening_hours": null,
        "source": "osm"
      }
    },
    {
      "type": "Feature",
      "geometry": {
        "type": "Point",
        "coordinates": [
          19.8024396,
          45.2537531
        ]
      },
      "properties": {
        "id": "osm-w-399259491",
        "category": "parking",
        "name": "Parking",
        "wheelchair": null,
        "fee": null,
        "opening_hours": null,
        "source": "osm"
      }
    },
    {
      "type": "Feature",
      "geometry": {
        "type": "Point",
        "coordinates": [
          19.8031582,
          45.2549442
        ]
      },
      "properties": {
        "id": "osm-w-399598486",
        "category": "parking",
        "name": "Parking",
        "wheelchair": null,
        "fee": null,
        "opening_hours": null,
        "source": "osm"
      }
    },
    {
      "type": "Feature",
      "geometry": {
        "type": "Point",
        "coordinates": [
          19.8019005,
          45.256834
        ]
      },
      "properties": {
        "id": "osm-w-399598490",
        "category": "parking",
        "name": "Parking",
        "wheelchair": null,
        "fee": null,
        "opening_hours": null,
        "source": "osm"
      }
    },
    {
      "type": "Feature",
      "geometry": {
        "type": "Point",
        "coordinates": [
          19.8059046,
          45.258176
        ]
      },
      "properties": {
        "id": "osm-w-399600047",
        "category": "parking",
        "name": "Parking",
        "wheelchair": null,
        "fee": null,
        "opening_hours": null,
        "source": "osm"
      }
    },
    {
      "type": "Feature",
      "geometry": {
        "type": "Point",
        "coordinates": [
          19.8037367,
          45.2580347
        ]
      },
      "properties": {
        "id": "osm-w-399600048",
        "category": "parking",
        "name": "Parking",
        "wheelchair": null,
        "fee": null,
        "opening_hours": null,
        "source": "osm"
      }
    },
    {
      "type": "Feature",
      "geometry": {
        "type": "Point",
        "coordinates": [
          19.8054889,
          45.2574132
        ]
      },
      "properties": {
        "id": "osm-w-399600049",
        "category": "parking",
        "name": "Parking",
        "wheelchair": null,
        "fee": null,
        "opening_hours": null,
        "source": "osm"
      }
    },
    {
      "type": "Feature",
      "geometry": {
        "type": "Point",
        "coordinates": [
          19.8044462,
          45.2576485
        ]
      },
      "properties": {
        "id": "osm-w-399601780",
        "category": "parking",
        "name": "Parking",
        "wheelchair": null,
        "fee": null,
        "opening_hours": null,
        "source": "osm"
      }
    },
    {
      "type": "Feature",
      "geometry": {
        "type": "Point",
        "coordinates": [
          19.8057783,
          45.2556801
        ]
      },
      "properties": {
        "id": "osm-w-399871691",
        "category": "parking",
        "name": "Parking",
        "wheelchair": null,
        "fee": null,
        "opening_hours": null,
        "source": "osm"
      }
    },
    {
      "type": "Feature",
      "geometry": {
        "type": "Point",
        "coordinates": [
          19.8044523,
          45.2556356
        ]
      },
      "properties": {
        "id": "osm-w-399871692",
        "category": "parking",
        "name": "Parking",
        "wheelchair": null,
        "fee": null,
        "opening_hours": null,
        "source": "osm"
      }
    },
    {
      "type": "Feature",
      "geometry": {
        "type": "Point",
        "coordinates": [
          19.804362,
          45.2543869
        ]
      },
      "properties": {
        "id": "osm-w-399871693",
        "category": "parking",
        "name": "Parking",
        "wheelchair": null,
        "fee": null,
        "opening_hours": null,
        "source": "osm"
      }
    },
    {
      "type": "Feature",
      "geometry": {
        "type": "Point",
        "coordinates": [
          19.8047061,
          45.2549979
        ]
      },
      "properties": {
        "id": "osm-w-399871694",
        "category": "parking",
        "name": "Parking",
        "wheelchair": null,
        "fee": null,
        "opening_hours": null,
        "source": "osm"
      }
    },
    {
      "type": "Feature",
      "geometry": {
        "type": "Point",
        "coordinates": [
          19.8038333,
          45.2562864
        ]
      },
      "properties": {
        "id": "osm-w-399871695",
        "category": "parking",
        "name": "Parking",
        "wheelchair": null,
        "fee": null,
        "opening_hours": null,
        "source": "osm"
      }
    },
    {
      "type": "Feature",
      "geometry": {
        "type": "Point",
        "coordinates": [
          19.8056109,
          45.2547983
        ]
      },
      "properties": {
        "id": "osm-w-399871696",
        "category": "parking",
        "name": "Parking",
        "wheelchair": null,
        "fee": null,
        "opening_hours": null,
        "source": "osm"
      }
    },
    {
      "type": "Feature",
      "geometry": {
        "type": "Point",
        "coordinates": [
          19.8053042,
          45.2541865
        ]
      },
      "properties": {
        "id": "osm-w-399871697",
        "category": "parking",
        "name": "Parking",
        "wheelchair": null,
        "fee": null,
        "opening_hours": null,
        "source": "osm"
      }
    },
    {
      "type": "Feature",
      "geometry": {
        "type": "Point",
        "coordinates": [
          19.8035445,
          45.2567633
        ]
      },
      "properties": {
        "id": "osm-w-399871698",
        "category": "parking",
        "name": "Parking",
        "wheelchair": null,
        "fee": null,
        "opening_hours": null,
        "source": "osm"
      }
    },
    {
      "type": "Feature",
      "geometry": {
        "type": "Point",
        "coordinates": [
          19.808866,
          45.2537863
        ]
      },
      "properties": {
        "id": "osm-w-399875586",
        "category": "parking",
        "name": "Parking",
        "wheelchair": null,
        "fee": null,
        "opening_hours": null,
        "source": "osm"
      }
    },
    {
      "type": "Feature",
      "geometry": {
        "type": "Point",
        "coordinates": [
          19.8069877,
          45.2528051
        ]
      },
      "properties": {
        "id": "osm-w-399875587",
        "category": "parking",
        "name": "Parking",
        "wheelchair": null,
        "fee": null,
        "opening_hours": null,
        "source": "osm"
      }
    },
    {
      "type": "Feature",
      "geometry": {
        "type": "Point",
        "coordinates": [
          19.8057473,
          45.2523771
        ]
      },
      "properties": {
        "id": "osm-w-399875588",
        "category": "parking",
        "name": "Parking",
        "wheelchair": null,
        "fee": null,
        "opening_hours": null,
        "source": "osm"
      }
    },
    {
      "type": "Feature",
      "geometry": {
        "type": "Point",
        "coordinates": [
          19.8080552,
          45.2529536
        ]
      },
      "properties": {
        "id": "osm-w-399875589",
        "category": "parking",
        "name": "Parking",
        "wheelchair": null,
        "fee": null,
        "opening_hours": null,
        "source": "osm"
      }
    },
    {
      "type": "Feature",
      "geometry": {
        "type": "Point",
        "coordinates": [
          19.8060311,
          45.2530682
        ]
      },
      "properties": {
        "id": "osm-w-399875590",
        "category": "parking",
        "name": "Parking",
        "wheelchair": null,
        "fee": null,
        "opening_hours": null,
        "source": "osm"
      }
    },
    {
      "type": "Feature",
      "geometry": {
        "type": "Point",
        "coordinates": [
          19.8072767,
          45.2535385
        ]
      },
      "properties": {
        "id": "osm-w-399875591",
        "category": "parking",
        "name": "Parking",
        "wheelchair": null,
        "fee": null,
        "opening_hours": null,
        "source": "osm"
      }
    },
    {
      "type": "Feature",
      "geometry": {
        "type": "Point",
        "coordinates": [
          19.8042146,
          45.2518373
        ]
      },
      "properties": {
        "id": "osm-w-400740204",
        "category": "parking",
        "name": "Parking",
        "wheelchair": null,
        "fee": null,
        "opening_hours": null,
        "source": "osm"
      }
    },
    {
      "type": "Feature",
      "geometry": {
        "type": "Point",
        "coordinates": [
          19.8043071,
          45.2520952
        ]
      },
      "properties": {
        "id": "osm-w-400740207",
        "category": "parking",
        "name": "Parking",
        "wheelchair": null,
        "fee": null,
        "opening_hours": null,
        "source": "osm"
      }
    },
    {
      "type": "Feature",
      "geometry": {
        "type": "Point",
        "coordinates": [
          19.803308,
          45.2515596
        ]
      },
      "properties": {
        "id": "osm-w-400740209",
        "category": "parking",
        "name": "Parking",
        "wheelchair": null,
        "fee": null,
        "opening_hours": null,
        "source": "osm"
      }
    },
    {
      "type": "Feature",
      "geometry": {
        "type": "Point",
        "coordinates": [
          19.8034934,
          45.2519789
        ]
      },
      "properties": {
        "id": "osm-w-400740211",
        "category": "parking",
        "name": "Parking",
        "wheelchair": null,
        "fee": null,
        "opening_hours": null,
        "source": "osm"
      }
    },
    {
      "type": "Feature",
      "geometry": {
        "type": "Point",
        "coordinates": [
          19.805896,
          45.2477477
        ]
      },
      "properties": {
        "id": "osm-w-400748482",
        "category": "parking",
        "name": "Parking",
        "wheelchair": null,
        "fee": null,
        "opening_hours": null,
        "source": "osm"
      }
    },
    {
      "type": "Feature",
      "geometry": {
        "type": "Point",
        "coordinates": [
          19.8378533,
          45.2483968
        ]
      },
      "properties": {
        "id": "osm-w-447155540",
        "category": "parking",
        "name": "Parking",
        "wheelchair": null,
        "fee": null,
        "opening_hours": null,
        "source": "osm"
      }
    },
    {
      "type": "Feature",
      "geometry": {
        "type": "Point",
        "coordinates": [
          19.8404581,
          45.258746
        ]
      },
      "properties": {
        "id": "osm-w-447296197",
        "category": "parking",
        "name": "Parking",
        "wheelchair": null,
        "fee": null,
        "opening_hours": null,
        "source": "osm"
      }
    },
    {
      "type": "Feature",
      "geometry": {
        "type": "Point",
        "coordinates": [
          19.8194407,
          45.2437216
        ]
      },
      "properties": {
        "id": "osm-w-469052423",
        "category": "parking",
        "name": "Parking",
        "wheelchair": null,
        "fee": null,
        "opening_hours": null,
        "source": "osm"
      }
    },
    {
      "type": "Feature",
      "geometry": {
        "type": "Point",
        "coordinates": [
          19.8038362,
          45.2548318
        ]
      },
      "properties": {
        "id": "osm-w-480729303",
        "category": "parking",
        "name": "Parking",
        "wheelchair": null,
        "fee": null,
        "opening_hours": null,
        "source": "osm"
      }
    },
    {
      "type": "Feature",
      "geometry": {
        "type": "Point",
        "coordinates": [
          19.804392,
          45.2539027
        ]
      },
      "properties": {
        "id": "osm-w-480729689",
        "category": "parking",
        "name": "Parking",
        "wheelchair": null,
        "fee": null,
        "opening_hours": null,
        "source": "osm"
      }
    },
    {
      "type": "Feature",
      "geometry": {
        "type": "Point",
        "coordinates": [
          19.8046174,
          45.2541614
        ]
      },
      "properties": {
        "id": "osm-w-480729799",
        "category": "parking",
        "name": "Parking",
        "wheelchair": null,
        "fee": null,
        "opening_hours": null,
        "source": "osm"
      }
    },
    {
      "type": "Feature",
      "geometry": {
        "type": "Point",
        "coordinates": [
          19.8381678,
          45.2383157
        ]
      },
      "properties": {
        "id": "osm-w-480732803",
        "category": "parking",
        "name": "Parking",
        "wheelchair": null,
        "fee": null,
        "opening_hours": null,
        "source": "osm"
      }
    },
    {
      "type": "Feature",
      "geometry": {
        "type": "Point",
        "coordinates": [
          19.8351804,
          45.2410405
        ]
      },
      "properties": {
        "id": "osm-w-507934040",
        "category": "parking",
        "name": "Parking",
        "wheelchair": null,
        "fee": null,
        "opening_hours": null,
        "source": "osm"
      }
    },
    {
      "type": "Feature",
      "geometry": {
        "type": "Point",
        "coordinates": [
          19.8338148,
          45.2409765
        ]
      },
      "properties": {
        "id": "osm-w-507934043",
        "category": "parking",
        "name": "Parking",
        "wheelchair": null,
        "fee": "no",
        "opening_hours": null,
        "source": "osm"
      }
    },
    {
      "type": "Feature",
      "geometry": {
        "type": "Point",
        "coordinates": [
          19.8348843,
          45.2412605
        ]
      },
      "properties": {
        "id": "osm-w-507934044",
        "category": "parking",
        "name": "Parking",
        "wheelchair": null,
        "fee": null,
        "opening_hours": null,
        "source": "osm"
      }
    },
    {
      "type": "Feature",
      "geometry": {
        "type": "Point",
        "coordinates": [
          19.8342641,
          45.2415722
        ]
      },
      "properties": {
        "id": "osm-w-507934047",
        "category": "parking",
        "name": "Parking",
        "wheelchair": null,
        "fee": null,
        "opening_hours": null,
        "source": "osm"
      }
    },
    {
      "type": "Feature",
      "geometry": {
        "type": "Point",
        "coordinates": [
          19.8340832,
          45.2417878
        ]
      },
      "properties": {
        "id": "osm-w-507934049",
        "category": "parking",
        "name": "Parking",
        "wheelchair": null,
        "fee": null,
        "opening_hours": null,
        "source": "osm"
      }
    },
    {
      "type": "Feature",
      "geometry": {
        "type": "Point",
        "coordinates": [
          19.8336556,
          45.2416936
        ]
      },
      "properties": {
        "id": "osm-w-507934052",
        "category": "parking",
        "name": "Parking",
        "wheelchair": null,
        "fee": null,
        "opening_hours": null,
        "source": "osm"
      }
    },
    {
      "type": "Feature",
      "geometry": {
        "type": "Point",
        "coordinates": [
          19.8729185,
          45.245871
        ]
      },
      "properties": {
        "id": "osm-w-596503318",
        "category": "parking",
        "name": "Parking",
        "wheelchair": null,
        "fee": null,
        "opening_hours": null,
        "source": "osm"
      }
    },
    {
      "type": "Feature",
      "geometry": {
        "type": "Point",
        "coordinates": [
          19.8725921,
          45.2457123
        ]
      },
      "properties": {
        "id": "osm-w-596503319",
        "category": "parking",
        "name": "Parking",
        "wheelchair": null,
        "fee": null,
        "opening_hours": null,
        "source": "osm"
      }
    },
    {
      "type": "Feature",
      "geometry": {
        "type": "Point",
        "coordinates": [
          19.8596911,
          45.2544148
        ]
      },
      "properties": {
        "id": "osm-w-597350114",
        "category": "parking",
        "name": "Parking",
        "wheelchair": null,
        "fee": null,
        "opening_hours": null,
        "source": "osm"
      }
    },
    {
      "type": "Feature",
      "geometry": {
        "type": "Point",
        "coordinates": [
          19.8605535,
          45.2546679
        ]
      },
      "properties": {
        "id": "osm-w-597350115",
        "category": "parking",
        "name": "Parking",
        "wheelchair": null,
        "fee": "no",
        "opening_hours": null,
        "source": "osm"
      }
    },
    {
      "type": "Feature",
      "geometry": {
        "type": "Point",
        "coordinates": [
          19.8604478,
          45.2551766
        ]
      },
      "properties": {
        "id": "osm-w-597350117",
        "category": "parking",
        "name": "Parking",
        "wheelchair": null,
        "fee": "no",
        "opening_hours": null,
        "source": "osm"
      }
    },
    {
      "type": "Feature",
      "geometry": {
        "type": "Point",
        "coordinates": [
          19.8786189,
          45.2477878
        ]
      },
      "properties": {
        "id": "osm-w-598019098",
        "category": "parking",
        "name": "Parking",
        "wheelchair": null,
        "fee": null,
        "opening_hours": null,
        "source": "osm"
      }
    },
    {
      "type": "Feature",
      "geometry": {
        "type": "Point",
        "coordinates": [
          19.8769864,
          45.2477975
        ]
      },
      "properties": {
        "id": "osm-w-598075171",
        "category": "parking",
        "name": "Parking",
        "wheelchair": null,
        "fee": null,
        "opening_hours": null,
        "source": "osm"
      }
    },
    {
      "type": "Feature",
      "geometry": {
        "type": "Point",
        "coordinates": [
          19.8804492,
          45.2537615
        ]
      },
      "properties": {
        "id": "osm-w-599227361",
        "category": "parking",
        "name": "Parking",
        "wheelchair": null,
        "fee": null,
        "opening_hours": null,
        "source": "osm"
      }
    },
    {
      "type": "Feature",
      "geometry": {
        "type": "Point",
        "coordinates": [
          19.8851612,
          45.2418005
        ]
      },
      "properties": {
        "id": "osm-w-600337141",
        "category": "parking",
        "name": "Parking",
        "wheelchair": null,
        "fee": null,
        "opening_hours": null,
        "source": "osm"
      }
    },
    {
      "type": "Feature",
      "geometry": {
        "type": "Point",
        "coordinates": [
          19.8406152,
          45.2458064
        ]
      },
      "properties": {
        "id": "osm-w-643313337",
        "category": "parking",
        "name": "Parking",
        "wheelchair": null,
        "fee": null,
        "opening_hours": null,
        "source": "osm"
      }
    },
    {
      "type": "Feature",
      "geometry": {
        "type": "Point",
        "coordinates": [
          19.8182815,
          45.2542864
        ]
      },
      "properties": {
        "id": "osm-w-667509249",
        "category": "parking",
        "name": "Parking",
        "wheelchair": null,
        "fee": null,
        "opening_hours": null,
        "source": "osm"
      }
    },
    {
      "type": "Feature",
      "geometry": {
        "type": "Point",
        "coordinates": [
          19.8187974,
          45.2551776
        ]
      },
      "properties": {
        "id": "osm-w-667509250",
        "category": "parking",
        "name": "Parking",
        "wheelchair": null,
        "fee": null,
        "opening_hours": null,
        "source": "osm"
      }
    },
    {
      "type": "Feature",
      "geometry": {
        "type": "Point",
        "coordinates": [
          19.8179246,
          45.2545701
        ]
      },
      "properties": {
        "id": "osm-w-667509252",
        "category": "parking",
        "name": "Parking",
        "wheelchair": null,
        "fee": null,
        "opening_hours": null,
        "source": "osm"
      }
    },
    {
      "type": "Feature",
      "geometry": {
        "type": "Point",
        "coordinates": [
          19.8044946,
          45.2512376
        ]
      },
      "properties": {
        "id": "osm-w-696107253",
        "category": "parking",
        "name": "Parking",
        "wheelchair": null,
        "fee": null,
        "opening_hours": null,
        "source": "osm"
      }
    },
    {
      "type": "Feature",
      "geometry": {
        "type": "Point",
        "coordinates": [
          19.804972,
          45.2513935
        ]
      },
      "properties": {
        "id": "osm-w-696107254",
        "category": "parking",
        "name": "Parking",
        "wheelchair": null,
        "fee": null,
        "opening_hours": null,
        "source": "osm"
      }
    },
    {
      "type": "Feature",
      "geometry": {
        "type": "Point",
        "coordinates": [
          19.8039617,
          45.2513799
        ]
      },
      "properties": {
        "id": "osm-w-696128284",
        "category": "parking",
        "name": "Parking",
        "wheelchair": null,
        "fee": null,
        "opening_hours": null,
        "source": "osm"
      }
    },
    {
      "type": "Feature",
      "geometry": {
        "type": "Point",
        "coordinates": [
          19.8241171,
          45.250276
        ]
      },
      "properties": {
        "id": "osm-w-696431878",
        "category": "clinic",
        "name": "\u041a\u043b\u0438\u043d\u0438\u043a\u0430 \u0437\u0430 \u043f\u043b\u0430\u0441\u0442\u0438\u0446\u043d\u0443 \u0438 \u0440\u0435\u043a\u043e\u043d\u0441\u0442\u0440\u0443\u043a\u0446\u0438\u043e\u043d\u0443 \u0445\u0438\u0440\u0443\u0440\u0433\u0438\u0458\u0443",
        "wheelchair": null,
        "fee": null,
        "opening_hours": "24/7",
        "source": "osm"
      }
    },
    {
      "type": "Feature",
      "geometry": {
        "type": "Point",
        "coordinates": [
          19.7993783,
          45.2611227
        ]
      },
      "properties": {
        "id": "osm-w-716716886",
        "category": "parking",
        "name": "Parking",
        "wheelchair": null,
        "fee": null,
        "opening_hours": null,
        "source": "osm"
      }
    },
    {
      "type": "Feature",
      "geometry": {
        "type": "Point",
        "coordinates": [
          19.8000549,
          45.2609643
        ]
      },
      "properties": {
        "id": "osm-w-716716887",
        "category": "parking",
        "name": "Parking",
        "wheelchair": null,
        "fee": null,
        "opening_hours": null,
        "source": "osm"
      }
    },
    {
      "type": "Feature",
      "geometry": {
        "type": "Point",
        "coordinates": [
          19.7996634,
          45.260674
        ]
      },
      "properties": {
        "id": "osm-w-716716888",
        "category": "parking",
        "name": "Parking",
        "wheelchair": null,
        "fee": null,
        "opening_hours": null,
        "source": "osm"
      }
    },
    {
      "type": "Feature",
      "geometry": {
        "type": "Point",
        "coordinates": [
          19.7999031,
          45.2603206
        ]
      },
      "properties": {
        "id": "osm-w-716716889",
        "category": "parking",
        "name": "Parking",
        "wheelchair": null,
        "fee": null,
        "opening_hours": null,
        "source": "osm"
      }
    },
    {
      "type": "Feature",
      "geometry": {
        "type": "Point",
        "coordinates": [
          19.8540275,
          45.2594488
        ]
      },
      "properties": {
        "id": "osm-w-734000611",
        "category": "parking",
        "name": "Parking",
        "wheelchair": null,
        "fee": "no",
        "opening_hours": null,
        "source": "osm"
      }
    },
    {
      "type": "Feature",
      "geometry": {
        "type": "Point",
        "coordinates": [
          19.8548113,
          45.2599854
        ]
      },
      "properties": {
        "id": "osm-w-734000966",
        "category": "parking",
        "name": "Parking",
        "wheelchair": null,
        "fee": "no",
        "opening_hours": null,
        "source": "osm"
      }
    },
    {
      "type": "Feature",
      "geometry": {
        "type": "Point",
        "coordinates": [
          19.8065149,
          45.2605992
        ]
      },
      "properties": {
        "id": "osm-w-738218589",
        "category": "parking",
        "name": "Parking",
        "wheelchair": null,
        "fee": "no",
        "opening_hours": null,
        "source": "osm"
      }
    },
    {
      "type": "Feature",
      "geometry": {
        "type": "Point",
        "coordinates": [
          19.8025043,
          45.2558966
        ]
      },
      "properties": {
        "id": "osm-w-739509498",
        "category": "parking",
        "name": "Parking",
        "wheelchair": null,
        "fee": null,
        "opening_hours": null,
        "source": "osm"
      }
    },
    {
      "type": "Feature",
      "geometry": {
        "type": "Point",
        "coordinates": [
          19.8003282,
          45.2568582
        ]
      },
      "properties": {
        "id": "osm-w-740551441",
        "category": "parking",
        "name": "Parking",
        "wheelchair": null,
        "fee": null,
        "opening_hours": null,
        "source": "osm"
      }
    },
    {
      "type": "Feature",
      "geometry": {
        "type": "Point",
        "coordinates": [
          19.8209491,
          45.2643286
        ]
      },
      "properties": {
        "id": "osm-w-750723928",
        "category": "parking",
        "name": "Parking",
        "wheelchair": null,
        "fee": "no",
        "opening_hours": null,
        "source": "osm"
      }
    },
    {
      "type": "Feature",
      "geometry": {
        "type": "Point",
        "coordinates": [
          19.8450833,
          45.2797106
        ]
      },
      "properties": {
        "id": "osm-w-752330886",
        "category": "parking",
        "name": "Parking",
        "wheelchair": null,
        "fee": null,
        "opening_hours": null,
        "source": "osm"
      }
    },
    {
      "type": "Feature",
      "geometry": {
        "type": "Point",
        "coordinates": [
          19.8590255,
          45.2989038
        ]
      },
      "properties": {
        "id": "osm-w-752543002",
        "category": "parking",
        "name": "Parking",
        "wheelchair": null,
        "fee": null,
        "opening_hours": null,
        "source": "osm"
      }
    },
    {
      "type": "Feature",
      "geometry": {
        "type": "Point",
        "coordinates": [
          19.8595514,
          45.2974233
        ]
      },
      "properties": {
        "id": "osm-w-752543003",
        "category": "parking",
        "name": "Parking",
        "wheelchair": null,
        "fee": null,
        "opening_hours": null,
        "source": "osm"
      }
    },
    {
      "type": "Feature",
      "geometry": {
        "type": "Point",
        "coordinates": [
          19.8104235,
          45.2479904
        ]
      },
      "properties": {
        "id": "osm-w-752988114",
        "category": "parking",
        "name": "Parking",
        "wheelchair": null,
        "fee": null,
        "opening_hours": null,
        "source": "osm"
      }
    },
    {
      "type": "Feature",
      "geometry": {
        "type": "Point",
        "coordinates": [
          19.8081432,
          45.2489665
        ]
      },
      "properties": {
        "id": "osm-w-753587228",
        "category": "parking",
        "name": "Parking",
        "wheelchair": null,
        "fee": null,
        "opening_hours": null,
        "source": "osm"
      }
    },
    {
      "type": "Feature",
      "geometry": {
        "type": "Point",
        "coordinates": [
          19.8093544,
          45.2878217
        ]
      },
      "properties": {
        "id": "osm-w-753932107",
        "category": "parking",
        "name": "Parking",
        "wheelchair": null,
        "fee": null,
        "opening_hours": null,
        "source": "osm"
      }
    },
    {
      "type": "Feature",
      "geometry": {
        "type": "Point",
        "coordinates": [
          19.8162034,
          45.2838802
        ]
      },
      "properties": {
        "id": "osm-w-753932118",
        "category": "parking",
        "name": "Parking",
        "wheelchair": null,
        "fee": null,
        "opening_hours": null,
        "source": "osm"
      }
    },
    {
      "type": "Feature",
      "geometry": {
        "type": "Point",
        "coordinates": [
          19.8112822,
          45.2773855
        ]
      },
      "properties": {
        "id": "osm-w-753932124",
        "category": "parking",
        "name": "Parking",
        "wheelchair": null,
        "fee": null,
        "opening_hours": null,
        "source": "osm"
      }
    },
    {
      "type": "Feature",
      "geometry": {
        "type": "Point",
        "coordinates": [
          19.8298329,
          45.2698992
        ]
      },
      "properties": {
        "id": "osm-w-755118709",
        "category": "parking",
        "name": "Parking",
        "wheelchair": null,
        "fee": null,
        "opening_hours": null,
        "source": "osm"
      }
    },
    {
      "type": "Feature",
      "geometry": {
        "type": "Point",
        "coordinates": [
          19.8315744,
          45.2382293
        ]
      },
      "properties": {
        "id": "osm-w-760716625",
        "category": "shop",
        "name": "\u041b\u0443\u0447\u0430\u0440",
        "wheelchair": "no",
        "fee": null,
        "opening_hours": "7:30-21:30",
        "source": "osm"
      }
    },
    {
      "type": "Feature",
      "geometry": {
        "type": "Point",
        "coordinates": [
          19.8509342,
          45.2431562
        ]
      },
      "properties": {
        "id": "osm-w-776263149",
        "category": "parking",
        "name": "Parking",
        "wheelchair": null,
        "fee": null,
        "opening_hours": null,
        "source": "osm"
      }
    },
    {
      "type": "Feature",
      "geometry": {
        "type": "Point",
        "coordinates": [
          19.8477452,
          45.2440974
        ]
      },
      "properties": {
        "id": "osm-w-776263158",
        "category": "parking",
        "name": "Parking",
        "wheelchair": null,
        "fee": "no",
        "opening_hours": null,
        "source": "osm"
      }
    },
    {
      "type": "Feature",
      "geometry": {
        "type": "Point",
        "coordinates": [
          19.8482309,
          45.2449525
        ]
      },
      "properties": {
        "id": "osm-w-776263160",
        "category": "parking",
        "name": "Parking",
        "wheelchair": null,
        "fee": null,
        "opening_hours": null,
        "source": "osm"
      }
    },
    {
      "type": "Feature",
      "geometry": {
        "type": "Point",
        "coordinates": [
          19.8242317,
          45.2912108
        ]
      },
      "properties": {
        "id": "osm-w-780482747",
        "category": "parking",
        "name": "Parking",
        "wheelchair": null,
        "fee": null,
        "opening_hours": null,
        "source": "osm"
      }
    },
    {
      "type": "Feature",
      "geometry": {
        "type": "Point",
        "coordinates": [
          19.8424897,
          45.2352451
        ]
      },
      "properties": {
        "id": "osm-w-780589678",
        "category": "cafe",
        "name": "Cafe",
        "wheelchair": null,
        "fee": null,
        "opening_hours": null,
        "source": "osm"
      }
    },
    {
      "type": "Feature",
      "geometry": {
        "type": "Point",
        "coordinates": [
          19.8639535,
          45.2495027
        ]
      },
      "properties": {
        "id": "osm-w-792609771",
        "category": "parking",
        "name": "Parking",
        "wheelchair": null,
        "fee": "yes",
        "opening_hours": null,
        "source": "osm"
      }
    },
    {
      "type": "Feature",
      "geometry": {
        "type": "Point",
        "coordinates": [
          19.8625543,
          45.2514207
        ]
      },
      "properties": {
        "id": "osm-w-792635256",
        "category": "parking",
        "name": "Parking",
        "wheelchair": null,
        "fee": "no",
        "opening_hours": null,
        "source": "osm"
      }
    },
    {
      "type": "Feature",
      "geometry": {
        "type": "Point",
        "coordinates": [
          19.8533164,
          45.2908163
        ]
      },
      "properties": {
        "id": "osm-w-802961172",
        "category": "parking",
        "name": "Parking",
        "wheelchair": null,
        "fee": null,
        "opening_hours": null,
        "source": "osm"
      }
    },
    {
      "type": "Feature",
      "geometry": {
        "type": "Point",
        "coordinates": [
          19.8445208,
          45.2444862
        ]
      },
      "properties": {
        "id": "osm-w-813083359",
        "category": "parking",
        "name": "Parking",
        "wheelchair": null,
        "fee": "no",
        "opening_hours": null,
        "source": "osm"
      }
    },
    {
      "type": "Feature",
      "geometry": {
        "type": "Point",
        "coordinates": [
          19.8290177,
          45.2394246
        ]
      },
      "properties": {
        "id": "osm-w-813104043",
        "category": "parking",
        "name": "Parking",
        "wheelchair": null,
        "fee": null,
        "opening_hours": null,
        "source": "osm"
      }
    },
    {
      "type": "Feature",
      "geometry": {
        "type": "Point",
        "coordinates": [
          19.8455964,
          45.2489754
        ]
      },
      "properties": {
        "id": "osm-w-814228485",
        "category": "parking",
        "name": "Parking",
        "wheelchair": null,
        "fee": "yes",
        "opening_hours": null,
        "source": "osm"
      }
    },
    {
      "type": "Feature",
      "geometry": {
        "type": "Point",
        "coordinates": [
          19.8614032,
          45.2558643
        ]
      },
      "properties": {
        "id": "osm-w-814255528",
        "category": "hospital",
        "name": "\u0412\u043e\u0458\u043d\u043e\u043c\u0435\u0434\u0438\u0446\u0438\u043d\u0441\u043a\u0438 \u0446\u0435\u043d\u0442\u0430\u0440 \u041d\u043e\u0432\u0438 \u0421\u0430\u0434",
        "wheelchair": null,
        "fee": null,
        "opening_hours": null,
        "source": "osm"
      }
    },
    {
      "type": "Feature",
      "geometry": {
        "type": "Point",
        "coordinates": [
          19.8457774,
          45.2350065
        ]
      },
      "properties": {
        "id": "osm-w-814792432",
        "category": "cafe",
        "name": "\u0411\u0440\u0438\u045f \u0411\u0430\u0440",
        "wheelchair": null,
        "fee": null,
        "opening_hours": null,
        "source": "osm"
      }
    },
    {
      "type": "Feature",
      "geometry": {
        "type": "Point",
        "coordinates": [
          19.8554656,
          45.2614255
        ]
      },
      "properties": {
        "id": "osm-w-858061616",
        "category": "parking",
        "name": "Parking",
        "wheelchair": null,
        "fee": null,
        "opening_hours": null,
        "source": "osm"
      }
    },
    {
      "type": "Feature",
      "geometry": {
        "type": "Point",
        "coordinates": [
          19.8542708,
          45.2590967
        ]
      },
      "properties": {
        "id": "osm-w-902140340",
        "category": "parking",
        "name": "Parking",
        "wheelchair": null,
        "fee": "no",
        "opening_hours": null,
        "source": "osm"
      }
    },
    {
      "type": "Feature",
      "geometry": {
        "type": "Point",
        "coordinates": [
          19.8546549,
          45.2590196
        ]
      },
      "properties": {
        "id": "osm-w-902140341",
        "category": "parking",
        "name": "Parking",
        "wheelchair": null,
        "fee": "no",
        "opening_hours": null,
        "source": "osm"
      }
    },
    {
      "type": "Feature",
      "geometry": {
        "type": "Point",
        "coordinates": [
          19.8261745,
          45.2778141
        ]
      },
      "properties": {
        "id": "osm-w-926154070",
        "category": "parking",
        "name": "Parking",
        "wheelchair": null,
        "fee": "no",
        "opening_hours": null,
        "source": "osm"
      }
    },
    {
      "type": "Feature",
      "geometry": {
        "type": "Point",
        "coordinates": [
          19.8106274,
          45.2575413
        ]
      },
      "properties": {
        "id": "osm-w-930378211",
        "category": "parking",
        "name": "Parking",
        "wheelchair": null,
        "fee": "no",
        "opening_hours": null,
        "source": "osm"
      }
    },
    {
      "type": "Feature",
      "geometry": {
        "type": "Point",
        "coordinates": [
          19.8126823,
          45.2545097
        ]
      },
      "properties": {
        "id": "osm-w-930378212",
        "category": "parking",
        "name": "Parking",
        "wheelchair": null,
        "fee": "no",
        "opening_hours": null,
        "source": "osm"
      }
    },
    {
      "type": "Feature",
      "geometry": {
        "type": "Point",
        "coordinates": [
          19.815121,
          45.2509843
        ]
      },
      "properties": {
        "id": "osm-w-930378213",
        "category": "parking",
        "name": "Parking",
        "wheelchair": null,
        "fee": "no",
        "opening_hours": null,
        "source": "osm"
      }
    },
    {
      "type": "Feature",
      "geometry": {
        "type": "Point",
        "coordinates": [
          19.7992847,
          45.2616261
        ]
      },
      "properties": {
        "id": "osm-w-933840869",
        "category": "parking",
        "name": "Parking",
        "wheelchair": null,
        "fee": null,
        "opening_hours": null,
        "source": "osm"
      }
    },
    {
      "type": "Feature",
      "geometry": {
        "type": "Point",
        "coordinates": [
          19.8590896,
          45.2950784
        ]
      },
      "properties": {
        "id": "osm-w-969776704",
        "category": "parking",
        "name": "Parking",
        "wheelchair": null,
        "fee": null,
        "opening_hours": null,
        "source": "osm"
      }
    },
    {
      "type": "Feature",
      "geometry": {
        "type": "Point",
        "coordinates": [
          19.8563502,
          45.2973088
        ]
      },
      "properties": {
        "id": "osm-w-969776707",
        "category": "parking",
        "name": "Parking",
        "wheelchair": null,
        "fee": null,
        "opening_hours": null,
        "source": "osm"
      }
    },
    {
      "type": "Feature",
      "geometry": {
        "type": "Point",
        "coordinates": [
          19.8091718,
          45.2560521
        ]
      },
      "properties": {
        "id": "osm-w-985741411",
        "category": "parking",
        "name": "Parking",
        "wheelchair": null,
        "fee": null,
        "opening_hours": null,
        "source": "osm"
      }
    },
    {
      "type": "Feature",
      "geometry": {
        "type": "Point",
        "coordinates": [
          19.8090722,
          45.2560192
        ]
      },
      "properties": {
        "id": "osm-w-985741412",
        "category": "parking",
        "name": "Parking",
        "wheelchair": null,
        "fee": null,
        "opening_hours": null,
        "source": "osm"
      }
    },
    {
      "type": "Feature",
      "geometry": {
        "type": "Point",
        "coordinates": [
          19.8202409,
          45.2642529
        ]
      },
      "properties": {
        "id": "osm-w-995659517",
        "category": "parking",
        "name": "Parking",
        "wheelchair": null,
        "fee": "no",
        "opening_hours": null,
        "source": "osm"
      }
    },
    {
      "type": "Feature",
      "geometry": {
        "type": "Point",
        "coordinates": [
          19.8218176,
          45.2587893
        ]
      },
      "properties": {
        "id": "osm-w-995659536",
        "category": "parking",
        "name": "Parking",
        "wheelchair": null,
        "fee": null,
        "opening_hours": null,
        "source": "osm"
      }
    },
    {
      "type": "Feature",
      "geometry": {
        "type": "Point",
        "coordinates": [
          19.8716169,
          45.2445987
        ]
      },
      "properties": {
        "id": "osm-w-996309613",
        "category": "parking",
        "name": "Parking",
        "wheelchair": null,
        "fee": null,
        "opening_hours": null,
        "source": "osm"
      }
    },
    {
      "type": "Feature",
      "geometry": {
        "type": "Point",
        "coordinates": [
          19.8302468,
          45.2365597
        ]
      },
      "properties": {
        "id": "osm-w-1009936698",
        "category": "parking",
        "name": "Parking",
        "wheelchair": null,
        "fee": "no",
        "opening_hours": null,
        "source": "osm"
      }
    },
    {
      "type": "Feature",
      "geometry": {
        "type": "Point",
        "coordinates": [
          19.8431256,
          45.2711969
        ]
      },
      "properties": {
        "id": "osm-w-1015065863",
        "category": "parking",
        "name": "Parking",
        "wheelchair": null,
        "fee": null,
        "opening_hours": null,
        "source": "osm"
      }
    },
    {
      "type": "Feature",
      "geometry": {
        "type": "Point",
        "coordinates": [
          19.8401497,
          45.2722018
        ]
      },
      "properties": {
        "id": "osm-w-1015065870",
        "category": "parking",
        "name": "Parking",
        "wheelchair": null,
        "fee": null,
        "opening_hours": null,
        "source": "osm"
      }
    },
    {
      "type": "Feature",
      "geometry": {
        "type": "Point",
        "coordinates": [
          19.8013886,
          45.2615394
        ]
      },
      "properties": {
        "id": "osm-w-1021889079",
        "category": "parking",
        "name": "Parking",
        "wheelchair": null,
        "fee": null,
        "opening_hours": null,
        "source": "osm"
      }
    },
    {
      "type": "Feature",
      "geometry": {
        "type": "Point",
        "coordinates": [
          19.8001005,
          45.2612104
        ]
      },
      "properties": {
        "id": "osm-w-1021889080",
        "category": "parking",
        "name": "Parking",
        "wheelchair": null,
        "fee": null,
        "opening_hours": null,
        "source": "osm"
      }
    },
    {
      "type": "Feature",
      "geometry": {
        "type": "Point",
        "coordinates": [
          19.8013954,
          45.2603852
        ]
      },
      "properties": {
        "id": "osm-w-1021889081",
        "category": "parking",
        "name": "Parking",
        "wheelchair": null,
        "fee": null,
        "opening_hours": null,
        "source": "osm"
      }
    },
    {
      "type": "Feature",
      "geometry": {
        "type": "Point",
        "coordinates": [
          19.8000628,
          45.2623405
        ]
      },
      "properties": {
        "id": "osm-w-1021889082",
        "category": "parking",
        "name": "Parking",
        "wheelchair": null,
        "fee": null,
        "opening_hours": null,
        "source": "osm"
      }
    },
    {
      "type": "Feature",
      "geometry": {
        "type": "Point",
        "coordinates": [
          19.7999327,
          45.2625015
        ]
      },
      "properties": {
        "id": "osm-w-1021889088",
        "category": "parking",
        "name": "Parking",
        "wheelchair": null,
        "fee": null,
        "opening_hours": null,
        "source": "osm"
      }
    },
    {
      "type": "Feature",
      "geometry": {
        "type": "Point",
        "coordinates": [
          19.8016141,
          45.2628645
        ]
      },
      "properties": {
        "id": "osm-w-1021889090",
        "category": "parking",
        "name": "Parking",
        "wheelchair": null,
        "fee": null,
        "opening_hours": null,
        "source": "osm"
      }
    },
    {
      "type": "Feature",
      "geometry": {
        "type": "Point",
        "coordinates": [
          19.8029095,
          45.2620527
        ]
      },
      "properties": {
        "id": "osm-w-1021889091",
        "category": "parking",
        "name": "Parking",
        "wheelchair": null,
        "fee": null,
        "opening_hours": null,
        "source": "osm"
      }
    },
    {
      "type": "Feature",
      "geometry": {
        "type": "Point",
        "coordinates": [
          19.8016998,
          45.261713
        ]
      },
      "properties": {
        "id": "osm-w-1021889092",
        "category": "parking",
        "name": "Parking",
        "wheelchair": null,
        "fee": null,
        "opening_hours": null,
        "source": "osm"
      }
    },
    {
      "type": "Feature",
      "geometry": {
        "type": "Point",
        "coordinates": [
          19.8029773,
          45.2609436
        ]
      },
      "properties": {
        "id": "osm-w-1021889093",
        "category": "parking",
        "name": "Parking",
        "wheelchair": null,
        "fee": null,
        "opening_hours": null,
        "source": "osm"
      }
    },
    {
      "type": "Feature",
      "geometry": {
        "type": "Point",
        "coordinates": [
          19.8195872,
          45.2551579
        ]
      },
      "properties": {
        "id": "osm-w-1026007455",
        "category": "parking",
        "name": "Parking",
        "wheelchair": null,
        "fee": null,
        "opening_hours": null,
        "source": "osm"
      }
    },
    {
      "type": "Feature",
      "geometry": {
        "type": "Point",
        "coordinates": [
          19.8400039,
          45.231542
        ]
      },
      "properties": {
        "id": "osm-w-1029083597",
        "category": "cafe",
        "name": "\u0421\u043a\u0438-\u0431\u0430\u0440",
        "wheelchair": null,
        "fee": null,
        "opening_hours": null,
        "source": "osm"
      }
    },
    {
      "type": "Feature",
      "geometry": {
        "type": "Point",
        "coordinates": [
          19.8318141,
          45.2357199
        ]
      },
      "properties": {
        "id": "osm-w-1031357489",
        "category": "parking",
        "name": "Parking",
        "wheelchair": null,
        "fee": "no",
        "opening_hours": null,
        "source": "osm"
      }
    },
    {
      "type": "Feature",
      "geometry": {
        "type": "Point",
        "coordinates": [
          19.8155181,
          45.2530896
        ]
      },
      "properties": {
        "id": "osm-w-1042589332",
        "category": "parking",
        "name": "Parking",
        "wheelchair": null,
        "fee": "no",
        "opening_hours": null,
        "source": "osm"
      }
    },
    {
      "type": "Feature",
      "geometry": {
        "type": "Point",
        "coordinates": [
          19.8216746,
          45.2522722
        ]
      },
      "properties": {
        "id": "osm-w-1061200445",
        "category": "parking",
        "name": "Parking",
        "wheelchair": null,
        "fee": null,
        "opening_hours": null,
        "source": "osm"
      }
    },
    {
      "type": "Feature",
      "geometry": {
        "type": "Point",
        "coordinates": [
          19.8205273,
          45.252499
        ]
      },
      "properties": {
        "id": "osm-w-1061200446",
        "category": "parking",
        "name": "Parking",
        "wheelchair": null,
        "fee": null,
        "opening_hours": null,
        "source": "osm"
      }
    },
    {
      "type": "Feature",
      "geometry": {
        "type": "Point",
        "coordinates": [
          19.8224232,
          45.2504649
        ]
      },
      "properties": {
        "id": "osm-w-1061200457",
        "category": "parking",
        "name": "Parking",
        "wheelchair": null,
        "fee": null,
        "opening_hours": null,
        "source": "osm"
      }
    },
    {
      "type": "Feature",
      "geometry": {
        "type": "Point",
        "coordinates": [
          19.8232198,
          45.2500063
        ]
      },
      "properties": {
        "id": "osm-w-1061200458",
        "category": "parking",
        "name": "Parking",
        "wheelchair": null,
        "fee": null,
        "opening_hours": null,
        "source": "osm"
      }
    },
    {
      "type": "Feature",
      "geometry": {
        "type": "Point",
        "coordinates": [
          19.8238596,
          45.2499924
        ]
      },
      "properties": {
        "id": "osm-w-1061200459",
        "category": "parking",
        "name": "Parking",
        "wheelchair": null,
        "fee": null,
        "opening_hours": null,
        "source": "osm"
      }
    },
    {
      "type": "Feature",
      "geometry": {
        "type": "Point",
        "coordinates": [
          19.8238679,
          45.2509483
        ]
      },
      "properties": {
        "id": "osm-w-1061200461",
        "category": "parking",
        "name": "Parking",
        "wheelchair": null,
        "fee": null,
        "opening_hours": null,
        "source": "osm"
      }
    },
    {
      "type": "Feature",
      "geometry": {
        "type": "Point",
        "coordinates": [
          19.8218802,
          45.2512163
        ]
      },
      "properties": {
        "id": "osm-w-1061200462",
        "category": "parking",
        "name": "Parking",
        "wheelchair": null,
        "fee": null,
        "opening_hours": null,
        "source": "osm"
      }
    },
    {
      "type": "Feature",
      "geometry": {
        "type": "Point",
        "coordinates": [
          19.8217677,
          45.2717516
        ]
      },
      "properties": {
        "id": "osm-w-1068470107",
        "category": "parking",
        "name": "Parking",
        "wheelchair": null,
        "fee": "no",
        "opening_hours": null,
        "source": "osm"
      }
    },
    {
      "type": "Feature",
      "geometry": {
        "type": "Point",
        "coordinates": [
          19.8225256,
          45.2716452
        ]
      },
      "properties": {
        "id": "osm-w-1068470108",
        "category": "parking",
        "name": "Parking",
        "wheelchair": null,
        "fee": "no",
        "opening_hours": null,
        "source": "osm"
      }
    },
    {
      "type": "Feature",
      "geometry": {
        "type": "Point",
        "coordinates": [
          19.8233369,
          45.2707329
        ]
      },
      "properties": {
        "id": "osm-w-1068470112",
        "category": "parking",
        "name": "Parking",
        "wheelchair": null,
        "fee": null,
        "opening_hours": null,
        "source": "osm"
      }
    },
    {
      "type": "Feature",
      "geometry": {
        "type": "Point",
        "coordinates": [
          19.8560297,
          45.2324251
        ]
      },
      "properties": {
        "id": "osm-w-1082044524",
        "category": "parking",
        "name": "Parking",
        "wheelchair": null,
        "fee": null,
        "opening_hours": null,
        "source": "osm"
      }
    },
    {
      "type": "Feature",
      "geometry": {
        "type": "Point",
        "coordinates": [
          19.8520058,
          45.2640672
        ]
      },
      "properties": {
        "id": "osm-w-1085637584",
        "category": "parking",
        "name": "Parking",
        "wheelchair": null,
        "fee": null,
        "opening_hours": null,
        "source": "osm"
      }
    },
    {
      "type": "Feature",
      "geometry": {
        "type": "Point",
        "coordinates": [
          19.8266452,
          45.2362519
        ]
      },
      "properties": {
        "id": "osm-w-1085940188",
        "category": "parking",
        "name": "Parking",
        "wheelchair": null,
        "fee": null,
        "opening_hours": null,
        "source": "osm"
      }
    },
    {
      "type": "Feature",
      "geometry": {
        "type": "Point",
        "coordinates": [
          19.8444258,
          45.2494432
        ]
      },
      "properties": {
        "id": "osm-w-1089452864",
        "category": "shop",
        "name": "DriveCafe",
        "wheelchair": null,
        "fee": null,
        "opening_hours": null,
        "source": "osm"
      }
    },
    {
      "type": "Feature",
      "geometry": {
        "type": "Point",
        "coordinates": [
          19.8062186,
          45.2591934
        ]
      },
      "properties": {
        "id": "osm-w-1093149250",
        "category": "fuel",
        "name": "OMV",
        "wheelchair": null,
        "fee": null,
        "opening_hours": "24/7",
        "source": "osm"
      }
    },
    {
      "type": "Feature",
      "geometry": {
        "type": "Point",
        "coordinates": [
          19.8545979,
          45.2449558
        ]
      },
      "properties": {
        "id": "osm-w-1098557260",
        "category": "parking",
        "name": "Parking",
        "wheelchair": null,
        "fee": null,
        "opening_hours": null,
        "source": "osm"
      }
    },
    {
      "type": "Feature",
      "geometry": {
        "type": "Point",
        "coordinates": [
          19.8080731,
          45.2576518
        ]
      },
      "properties": {
        "id": "osm-w-1107436381",
        "category": "parking",
        "name": "Parking",
        "wheelchair": null,
        "fee": null,
        "opening_hours": null,
        "source": "osm"
      }
    },
    {
      "type": "Feature",
      "geometry": {
        "type": "Point",
        "coordinates": [
          19.8079808,
          45.2576208
        ]
      },
      "properties": {
        "id": "osm-w-1107436382",
        "category": "parking",
        "name": "Parking",
        "wheelchair": null,
        "fee": null,
        "opening_hours": null,
        "source": "osm"
      }
    },
    {
      "type": "Feature",
      "geometry": {
        "type": "Point",
        "coordinates": [
          19.8067743,
          45.2578883
        ]
      },
      "properties": {
        "id": "osm-w-1107436386",
        "category": "parking",
        "name": "Parking",
        "wheelchair": null,
        "fee": null,
        "opening_hours": null,
        "source": "osm"
      }
    },
    {
      "type": "Feature",
      "geometry": {
        "type": "Point",
        "coordinates": [
          19.8074608,
          45.25812
        ]
      },
      "properties": {
        "id": "osm-w-1107436387",
        "category": "parking",
        "name": "Parking",
        "wheelchair": null,
        "fee": null,
        "opening_hours": null,
        "source": "osm"
      }
    },
    {
      "type": "Feature",
      "geometry": {
        "type": "Point",
        "coordinates": [
          19.8071566,
          45.2579534
        ]
      },
      "properties": {
        "id": "osm-w-1107436388",
        "category": "parking",
        "name": "Parking",
        "wheelchair": null,
        "fee": null,
        "opening_hours": null,
        "source": "osm"
      }
    },
    {
      "type": "Feature",
      "geometry": {
        "type": "Point",
        "coordinates": [
          19.8074065,
          45.2586862
        ]
      },
      "properties": {
        "id": "osm-w-1107436390",
        "category": "parking",
        "name": "Parking",
        "wheelchair": null,
        "fee": null,
        "opening_hours": null,
        "source": "osm"
      }
    },
    {
      "type": "Feature",
      "geometry": {
        "type": "Point",
        "coordinates": [
          19.807307,
          45.2586534
        ]
      },
      "properties": {
        "id": "osm-w-1107436391",
        "category": "parking",
        "name": "Parking",
        "wheelchair": null,
        "fee": null,
        "opening_hours": null,
        "source": "osm"
      }
    },
    {
      "type": "Feature",
      "geometry": {
        "type": "Point",
        "coordinates": [
          19.8064232,
          45.2589124
        ]
      },
      "properties": {
        "id": "osm-w-1107436392",
        "category": "parking",
        "name": "Parking",
        "wheelchair": null,
        "fee": null,
        "opening_hours": null,
        "source": "osm"
      }
    },
    {
      "type": "Feature",
      "geometry": {
        "type": "Point",
        "coordinates": [
          19.8063785,
          45.2589654
        ]
      },
      "properties": {
        "id": "osm-w-1107436393",
        "category": "parking",
        "name": "Parking",
        "wheelchair": null,
        "fee": null,
        "opening_hours": null,
        "source": "osm"
      }
    },
    {
      "type": "Feature",
      "geometry": {
        "type": "Point",
        "coordinates": [
          19.8060231,
          45.2581914
        ]
      },
      "properties": {
        "id": "osm-w-1107436394",
        "category": "parking",
        "name": "Parking",
        "wheelchair": null,
        "fee": null,
        "opening_hours": null,
        "source": "osm"
      }
    },
    {
      "type": "Feature",
      "geometry": {
        "type": "Point",
        "coordinates": [
          19.8248832,
          45.2675788
        ]
      },
      "properties": {
        "id": "osm-w-1124990993",
        "category": "parking",
        "name": "Parking",
        "wheelchair": null,
        "fee": "no",
        "opening_hours": null,
        "source": "osm"
      }
    },
    {
      "type": "Feature",
      "geometry": {
        "type": "Point",
        "coordinates": [
          19.8626226,
          45.2553714
        ]
      },
      "properties": {
        "id": "osm-w-1127985103",
        "category": "parking",
        "name": "Parking",
        "wheelchair": null,
        "fee": null,
        "opening_hours": null,
        "source": "osm"
      }
    },
    {
      "type": "Feature",
      "geometry": {
        "type": "Point",
        "coordinates": [
          19.8642183,
          45.2502476
        ]
      },
      "properties": {
        "id": "osm-w-1127985106",
        "category": "parking",
        "name": "Parking",
        "wheelchair": null,
        "fee": null,
        "opening_hours": null,
        "source": "osm"
      }
    },
    {
      "type": "Feature",
      "geometry": {
        "type": "Point",
        "coordinates": [
          19.845567,
          45.2578731
        ]
      },
      "properties": {
        "id": "osm-w-1131419036",
        "category": "parking",
        "name": "Parking",
        "wheelchair": null,
        "fee": null,
        "opening_hours": null,
        "source": "osm"
      }
    },
    {
      "type": "Feature",
      "geometry": {
        "type": "Point",
        "coordinates": [
          19.8283189,
          45.2374696
        ]
      },
      "properties": {
        "id": "osm-w-1154379737",
        "category": "parking",
        "name": "Parking",
        "wheelchair": null,
        "fee": "no",
        "opening_hours": null,
        "source": "osm"
      }
    },
    {
      "type": "Feature",
      "geometry": {
        "type": "Point",
        "coordinates": [
          19.8423825,
          45.2575734
        ]
      },
      "properties": {
        "id": "osm-w-1154920752",
        "category": "parking",
        "name": "Parking",
        "wheelchair": null,
        "fee": "no",
        "opening_hours": null,
        "source": "osm"
      }
    },
    {
      "type": "Feature",
      "geometry": {
        "type": "Point",
        "coordinates": [
          19.843922,
          45.235676
        ]
      },
      "properties": {
        "id": "osm-w-1168265444",
        "category": "toilet",
        "name": "Toilet",
        "wheelchair": "yes",
        "fee": "no",
        "opening_hours": null,
        "source": "osm"
      }
    },
    {
      "type": "Feature",
      "geometry": {
        "type": "Point",
        "coordinates": [
          19.8785344,
          45.2887331
        ]
      },
      "properties": {
        "id": "osm-w-1174244268",
        "category": "parking",
        "name": "Parking",
        "wheelchair": null,
        "fee": null,
        "opening_hours": null,
        "source": "osm"
      }
    },
    {
      "type": "Feature",
      "geometry": {
        "type": "Point",
        "coordinates": [
          19.8472167,
          45.2438999
        ]
      },
      "properties": {
        "id": "osm-w-1184963510",
        "category": "parking",
        "name": "Parking",
        "wheelchair": null,
        "fee": "no",
        "opening_hours": null,
        "source": "osm"
      }
    },
    {
      "type": "Feature",
      "geometry": {
        "type": "Point",
        "coordinates": [
          19.8474887,
          45.2468649
        ]
      },
      "properties": {
        "id": "osm-w-1188967939",
        "category": "parking",
        "name": "Parking",
        "wheelchair": null,
        "fee": "yes",
        "opening_hours": null,
        "source": "osm"
      }
    },
    {
      "type": "Feature",
      "geometry": {
        "type": "Point",
        "coordinates": [
          19.8471064,
          45.2467142
        ]
      },
      "properties": {
        "id": "osm-w-1188967940",
        "category": "parking",
        "name": "Parking",
        "wheelchair": null,
        "fee": null,
        "opening_hours": null,
        "source": "osm"
      }
    },
    {
      "type": "Feature",
      "geometry": {
        "type": "Point",
        "coordinates": [
          19.8472862,
          45.2468025
        ]
      },
      "properties": {
        "id": "osm-w-1188967941",
        "category": "parking",
        "name": "Parking",
        "wheelchair": null,
        "fee": null,
        "opening_hours": null,
        "source": "osm"
      }
    },
    {
      "type": "Feature",
      "geometry": {
        "type": "Point",
        "coordinates": [
          19.8468653,
          45.2470327
        ]
      },
      "properties": {
        "id": "osm-w-1188967943",
        "category": "parking",
        "name": "Parking",
        "wheelchair": null,
        "fee": null,
        "opening_hours": null,
        "source": "osm"
      }
    },
    {
      "type": "Feature",
      "geometry": {
        "type": "Point",
        "coordinates": [
          19.8413594,
          45.2376457
        ]
      },
      "properties": {
        "id": "osm-w-1189612169",
        "category": "parking",
        "name": "Parking",
        "wheelchair": null,
        "fee": "no",
        "opening_hours": null,
        "source": "osm"
      }
    },
    {
      "type": "Feature",
      "geometry": {
        "type": "Point",
        "coordinates": [
          19.843808,
          45.2374197
        ]
      },
      "properties": {
        "id": "osm-w-1189612173",
        "category": "parking",
        "name": "Parking",
        "wheelchair": null,
        "fee": null,
        "opening_hours": null,
        "source": "osm"
      }
    },
    {
      "type": "Feature",
      "geometry": {
        "type": "Point",
        "coordinates": [
          19.8196965,
          45.2451542
        ]
      },
      "properties": {
        "id": "osm-w-1199731594",
        "category": "parking",
        "name": "Parking",
        "wheelchair": null,
        "fee": null,
        "opening_hours": null,
        "source": "osm"
      }
    },
    {
      "type": "Feature",
      "geometry": {
        "type": "Point",
        "coordinates": [
          19.8245205,
          45.2455854
        ]
      },
      "properties": {
        "id": "osm-w-1199736382",
        "category": "parking",
        "name": "\u0414\u043e\u043c \u0437\u0434\u0440\u0430\u0432\u0459\u0430 \u041c\u0435\u0434\u0438\u0433\u0440\u0443\u043f \u0426\u0430\u0440\u0430 \u0414\u0443\u0448\u0430\u043d\u0430",
        "wheelchair": null,
        "fee": null,
        "opening_hours": null,
        "source": "osm"
      }
    },
    {
      "type": "Feature",
      "geometry": {
        "type": "Point",
        "coordinates": [
          19.8384063,
          45.2588166
        ]
      },
      "properties": {
        "id": "osm-w-1200847757",
        "category": "parking",
        "name": "Parking",
        "wheelchair": null,
        "fee": null,
        "opening_hours": null,
        "source": "osm"
      }
    },
    {
      "type": "Feature",
      "geometry": {
        "type": "Point",
        "coordinates": [
          19.8448383,
          45.2600121
        ]
      },
      "properties": {
        "id": "osm-w-1202204277",
        "category": "parking",
        "name": "Parking",
        "wheelchair": null,
        "fee": "yes",
        "opening_hours": null,
        "source": "osm"
      }
    },
    {
      "type": "Feature",
      "geometry": {
        "type": "Point",
        "coordinates": [
          19.8505873,
          45.2605991
        ]
      },
      "properties": {
        "id": "osm-w-1207661948",
        "category": "parking",
        "name": "\u041a\u043e\u0441\u043e\u0432\u0441\u043a\u0430 II (\u043f\u043b\u0430\u0442\u043e \u043a\u043e\u0434 \u201e\u041d\u043e\u0432\u043e\u0441\u0430\u0434\u0441\u043a\u0435 \u0442\u043e\u043f\u043b\u0430\u043d\u0435\u201d) (764)",
        "wheelchair": null,
        "fee": "yes",
        "opening_hours": null,
        "source": "osm"
      }
    },
    {
      "type": "Feature",
      "geometry": {
        "type": "Point",
        "coordinates": [
          19.8542289,
          45.2503148
        ]
      },
      "properties": {
        "id": "osm-w-1211775761",
        "category": "parking",
        "name": "Parking",
        "wheelchair": null,
        "fee": null,
        "opening_hours": null,
        "source": "osm"
      }
    },
    {
      "type": "Feature",
      "geometry": {
        "type": "Point",
        "coordinates": [
          19.8073096,
          45.257612
        ]
      },
      "properties": {
        "id": "osm-w-1215661221",
        "category": "toilet",
        "name": "Toilet",
        "wheelchair": "yes",
        "fee": "no",
        "opening_hours": null,
        "source": "osm"
      }
    },
    {
      "type": "Feature",
      "geometry": {
        "type": "Point",
        "coordinates": [
          19.8394819,
          45.2511104
        ]
      },
      "properties": {
        "id": "osm-w-1216460664",
        "category": "parking",
        "name": "Parking",
        "wheelchair": null,
        "fee": "yes",
        "opening_hours": null,
        "source": "osm"
      }
    },
    {
      "type": "Feature",
      "geometry": {
        "type": "Point",
        "coordinates": [
          19.8021798,
          45.2598008
        ]
      },
      "properties": {
        "id": "osm-w-1221766599",
        "category": "parking",
        "name": "Parking",
        "wheelchair": null,
        "fee": null,
        "opening_hours": null,
        "source": "osm"
      }
    },
    {
      "type": "Feature",
      "geometry": {
        "type": "Point",
        "coordinates": [
          19.8019092,
          45.2600201
        ]
      },
      "properties": {
        "id": "osm-w-1221766600",
        "category": "parking",
        "name": "Parking",
        "wheelchair": null,
        "fee": null,
        "opening_hours": null,
        "source": "osm"
      }
    },
    {
      "type": "Feature",
      "geometry": {
        "type": "Point",
        "coordinates": [
          19.8263629,
          45.2766527
        ]
      },
      "properties": {
        "id": "osm-w-1231360495",
        "category": "cafe",
        "name": "Loft",
        "wheelchair": null,
        "fee": null,
        "opening_hours": "08:00-22:00",
        "source": "osm"
      }
    },
    {
      "type": "Feature",
      "geometry": {
        "type": "Point",
        "coordinates": [
          19.8262133,
          45.2754474
        ]
      },
      "properties": {
        "id": "osm-w-1231360539",
        "category": "cafe",
        "name": "The Pub coffee shop",
        "wheelchair": null,
        "fee": null,
        "opening_hours": null,
        "source": "osm"
      }
    },
    {
      "type": "Feature",
      "geometry": {
        "type": "Point",
        "coordinates": [
          19.8145675,
          45.2658273
        ]
      },
      "properties": {
        "id": "osm-w-1234571109",
        "category": "parking",
        "name": "Parking",
        "wheelchair": null,
        "fee": "no",
        "opening_hours": null,
        "source": "osm"
      }
    },
    {
      "type": "Feature",
      "geometry": {
        "type": "Point",
        "coordinates": [
          19.8529514,
          45.260295
        ]
      },
      "properties": {
        "id": "osm-w-1236284414",
        "category": "parking",
        "name": "\u0414\u0443\u0448\u0430\u043d\u0430 \u0412\u0430\u0441\u0438\u0459\u0435\u0432\u0430 (767)",
        "wheelchair": null,
        "fee": "yes",
        "opening_hours": null,
        "source": "osm"
      }
    },
    {
      "type": "Feature",
      "geometry": {
        "type": "Point",
        "coordinates": [
          19.8153773,
          45.2651565
        ]
      },
      "properties": {
        "id": "osm-w-1238017035",
        "category": "parking",
        "name": "Parking",
        "wheelchair": null,
        "fee": "no",
        "opening_hours": null,
        "source": "osm"
      }
    },
    {
      "type": "Feature",
      "geometry": {
        "type": "Point",
        "coordinates": [
          19.8202191,
          45.2452624
        ]
      },
      "properties": {
        "id": "osm-w-1238530408",
        "category": "parking",
        "name": "Parking",
        "wheelchair": null,
        "fee": null,
        "opening_hours": null,
        "source": "osm"
      }
    },
    {
      "type": "Feature",
      "geometry": {
        "type": "Point",
        "coordinates": [
          19.8201056,
          45.2452539
        ]
      },
      "properties": {
        "id": "osm-w-1238530409",
        "category": "parking",
        "name": "Parking",
        "wheelchair": null,
        "fee": null,
        "opening_hours": null,
        "source": "osm"
      }
    },
    {
      "type": "Feature",
      "geometry": {
        "type": "Point",
        "coordinates": [
          19.8241449,
          45.2446051
        ]
      },
      "properties": {
        "id": "osm-w-1238530410",
        "category": "parking",
        "name": "Parking",
        "wheelchair": null,
        "fee": null,
        "opening_hours": null,
        "source": "osm"
      }
    },
    {
      "type": "Feature",
      "geometry": {
        "type": "Point",
        "coordinates": [
          19.8422417,
          45.2605569
        ]
      },
      "properties": {
        "id": "osm-w-1239904320",
        "category": "parking",
        "name": "Parking",
        "wheelchair": null,
        "fee": "no",
        "opening_hours": null,
        "source": "osm"
      }
    },
    {
      "type": "Feature",
      "geometry": {
        "type": "Point",
        "coordinates": [
          19.8421202,
          45.2602971
        ]
      },
      "properties": {
        "id": "osm-w-1239904322",
        "category": "parking",
        "name": "Parking",
        "wheelchair": null,
        "fee": "no",
        "opening_hours": null,
        "source": "osm"
      }
    },
    {
      "type": "Feature",
      "geometry": {
        "type": "Point",
        "coordinates": [
          19.8426094,
          45.2513992
        ]
      },
      "properties": {
        "id": "osm-w-1254531656",
        "category": "parking",
        "name": "Parking",
        "wheelchair": null,
        "fee": null,
        "opening_hours": null,
        "source": "osm"
      }
    },
    {
      "type": "Feature",
      "geometry": {
        "type": "Point",
        "coordinates": [
          19.8414158,
          45.2529241
        ]
      },
      "properties": {
        "id": "osm-w-1254534352",
        "category": "parking",
        "name": "Parking",
        "wheelchair": null,
        "fee": null,
        "opening_hours": null,
        "source": "osm"
      }
    },
    {
      "type": "Feature",
      "geometry": {
        "type": "Point",
        "coordinates": [
          19.8511623,
          45.246156
        ]
      },
      "properties": {
        "id": "osm-w-1257524533",
        "category": "parking",
        "name": "Parking",
        "wheelchair": null,
        "fee": null,
        "opening_hours": null,
        "source": "osm"
      }
    },
    {
      "type": "Feature",
      "geometry": {
        "type": "Point",
        "coordinates": [
          19.8498429,
          45.2558897
        ]
      },
      "properties": {
        "id": "osm-w-1261871002",
        "category": "parking",
        "name": "Parking",
        "wheelchair": null,
        "fee": null,
        "opening_hours": null,
        "source": "osm"
      }
    },
    {
      "type": "Feature",
      "geometry": {
        "type": "Point",
        "coordinates": [
          19.8387552,
          45.2528157
        ]
      },
      "properties": {
        "id": "osm-w-1274653585",
        "category": "parking",
        "name": "Parking",
        "wheelchair": null,
        "fee": null,
        "opening_hours": null,
        "source": "osm"
      }
    },
    {
      "type": "Feature",
      "geometry": {
        "type": "Point",
        "coordinates": [
          19.8390234,
          45.2529255
        ]
      },
      "properties": {
        "id": "osm-w-1274653586",
        "category": "parking",
        "name": "Parking",
        "wheelchair": null,
        "fee": null,
        "opening_hours": null,
        "source": "osm"
      }
    },
    {
      "type": "Feature",
      "geometry": {
        "type": "Point",
        "coordinates": [
          19.8392313,
          45.2530067
        ]
      },
      "properties": {
        "id": "osm-w-1274653587",
        "category": "parking",
        "name": "Parking",
        "wheelchair": null,
        "fee": null,
        "opening_hours": null,
        "source": "osm"
      }
    },
    {
      "type": "Feature",
      "geometry": {
        "type": "Point",
        "coordinates": [
          19.8494324,
          45.2641017
        ]
      },
      "properties": {
        "id": "osm-w-1274918362",
        "category": "shop",
        "name": "IDEA",
        "wheelchair": null,
        "fee": null,
        "opening_hours": null,
        "source": "osm"
      }
    },
    {
      "type": "Feature",
      "geometry": {
        "type": "Point",
        "coordinates": [
          19.839625,
          45.2531584
        ]
      },
      "properties": {
        "id": "osm-w-1275071122",
        "category": "parking",
        "name": "Parking",
        "wheelchair": null,
        "fee": null,
        "opening_hours": null,
        "source": "osm"
      }
    },
    {
      "type": "Feature",
      "geometry": {
        "type": "Point",
        "coordinates": [
          19.8394034,
          45.2530732
        ]
      },
      "properties": {
        "id": "osm-w-1275071123",
        "category": "parking",
        "name": "Parking",
        "wheelchair": null,
        "fee": null,
        "opening_hours": null,
        "source": "osm"
      }
    },
    {
      "type": "Feature",
      "geometry": {
        "type": "Point",
        "coordinates": [
          19.8181013,
          45.2475306
        ]
      },
      "properties": {
        "id": "osm-w-1275755469",
        "category": "parking",
        "name": "Parking",
        "wheelchair": null,
        "fee": null,
        "opening_hours": null,
        "source": "osm"
      }
    },
    {
      "type": "Feature",
      "geometry": {
        "type": "Point",
        "coordinates": [
          19.8184227,
          45.2474471
        ]
      },
      "properties": {
        "id": "osm-w-1275755470",
        "category": "parking",
        "name": "Parking",
        "wheelchair": null,
        "fee": null,
        "opening_hours": null,
        "source": "osm"
      }
    },
    {
      "type": "Feature",
      "geometry": {
        "type": "Point",
        "coordinates": [
          19.8184289,
          45.2471918
        ]
      },
      "properties": {
        "id": "osm-w-1275755471",
        "category": "parking",
        "name": "Parking",
        "wheelchair": null,
        "fee": null,
        "opening_hours": null,
        "source": "osm"
      }
    },
    {
      "type": "Feature",
      "geometry": {
        "type": "Point",
        "coordinates": [
          19.819359,
          45.2454742
        ]
      },
      "properties": {
        "id": "osm-w-1275769240",
        "category": "parking",
        "name": "Parking",
        "wheelchair": null,
        "fee": null,
        "opening_hours": null,
        "source": "osm"
      }
    },
    {
      "type": "Feature",
      "geometry": {
        "type": "Point",
        "coordinates": [
          19.8199392,
          45.2446227
        ]
      },
      "properties": {
        "id": "osm-w-1275769241",
        "category": "parking",
        "name": "Parking",
        "wheelchair": null,
        "fee": null,
        "opening_hours": null,
        "source": "osm"
      }
    },
    {
      "type": "Feature",
      "geometry": {
        "type": "Point",
        "coordinates": [
          19.8205362,
          45.2446463
        ]
      },
      "properties": {
        "id": "osm-w-1275769242",
        "category": "parking",
        "name": "Parking",
        "wheelchair": null,
        "fee": null,
        "opening_hours": null,
        "source": "osm"
      }
    },
    {
      "type": "Feature",
      "geometry": {
        "type": "Point",
        "coordinates": [
          19.8202879,
          45.2447383
        ]
      },
      "properties": {
        "id": "osm-w-1275769243",
        "category": "parking",
        "name": "Parking",
        "wheelchair": null,
        "fee": null,
        "opening_hours": null,
        "source": "osm"
      }
    },
    {
      "type": "Feature",
      "geometry": {
        "type": "Point",
        "coordinates": [
          19.8198674,
          45.2447269
        ]
      },
      "properties": {
        "id": "osm-w-1275769244",
        "category": "parking",
        "name": "Parking",
        "wheelchair": null,
        "fee": null,
        "opening_hours": null,
        "source": "osm"
      }
    },
    {
      "type": "Feature",
      "geometry": {
        "type": "Point",
        "coordinates": [
          19.8705711,
          45.2509233
        ]
      },
      "properties": {
        "id": "osm-w-1285801920",
        "category": "parking",
        "name": "Parking",
        "wheelchair": null,
        "fee": null,
        "opening_hours": null,
        "source": "osm"
      }
    },
    {
      "type": "Feature",
      "geometry": {
        "type": "Point",
        "coordinates": [
          19.8312446,
          45.2657335
        ]
      },
      "properties": {
        "id": "osm-w-1286410442",
        "category": "parking",
        "name": "Parking",
        "wheelchair": null,
        "fee": null,
        "opening_hours": null,
        "source": "osm"
      }
    },
    {
      "type": "Feature",
      "geometry": {
        "type": "Point",
        "coordinates": [
          19.8317504,
          45.264911
        ]
      },
      "properties": {
        "id": "osm-w-1286410448",
        "category": "parking",
        "name": "Parking",
        "wheelchair": null,
        "fee": null,
        "opening_hours": null,
        "source": "osm"
      }
    },
    {
      "type": "Feature",
      "geometry": {
        "type": "Point",
        "coordinates": [
          19.8548062,
          45.2697014
        ]
      },
      "properties": {
        "id": "osm-w-1287829525",
        "category": "fuel",
        "name": "Fuel",
        "wheelchair": null,
        "fee": null,
        "opening_hours": null,
        "source": "osm"
      }
    },
    {
      "type": "Feature",
      "geometry": {
        "type": "Point",
        "coordinates": [
          19.8191573,
          45.2615258
        ]
      },
      "properties": {
        "id": "osm-w-1289523683",
        "category": "parking",
        "name": "Parking",
        "wheelchair": null,
        "fee": "no",
        "opening_hours": null,
        "source": "osm"
      }
    },
    {
      "type": "Feature",
      "geometry": {
        "type": "Point",
        "coordinates": [
          19.8191468,
          45.2613867
        ]
      },
      "properties": {
        "id": "osm-w-1289523684",
        "category": "parking",
        "name": "Parking",
        "wheelchair": null,
        "fee": "no",
        "opening_hours": null,
        "source": "osm"
      }
    },
    {
      "type": "Feature",
      "geometry": {
        "type": "Point",
        "coordinates": [
          19.8188086,
          45.2613301
        ]
      },
      "properties": {
        "id": "osm-w-1289523685",
        "category": "parking",
        "name": "Parking",
        "wheelchair": null,
        "fee": "no",
        "opening_hours": null,
        "source": "osm"
      }
    },
    {
      "type": "Feature",
      "geometry": {
        "type": "Point",
        "coordinates": [
          19.8195159,
          45.2609366
        ]
      },
      "properties": {
        "id": "osm-w-1289523686",
        "category": "parking",
        "name": "Parking",
        "wheelchair": null,
        "fee": "no",
        "opening_hours": null,
        "source": "osm"
      }
    },
    {
      "type": "Feature",
      "geometry": {
        "type": "Point",
        "coordinates": [
          19.8192324,
          45.260769
        ]
      },
      "properties": {
        "id": "osm-w-1289523687",
        "category": "parking",
        "name": "Parking",
        "wheelchair": null,
        "fee": "no",
        "opening_hours": null,
        "source": "osm"
      }
    },
    {
      "type": "Feature",
      "geometry": {
        "type": "Point",
        "coordinates": [
          19.8195009,
          45.2607652
        ]
      },
      "properties": {
        "id": "osm-w-1289523688",
        "category": "parking",
        "name": "Parking",
        "wheelchair": null,
        "fee": "no",
        "opening_hours": null,
        "source": "osm"
      }
    },
    {
      "type": "Feature",
      "geometry": {
        "type": "Point",
        "coordinates": [
          19.850665,
          45.2573456
        ]
      },
      "properties": {
        "id": "osm-w-1291161247",
        "category": "toilet",
        "name": "Toilet",
        "wheelchair": null,
        "fee": "yes",
        "opening_hours": "Mo-Sa 06:00-17:00; Su 06:00-14:00",
        "source": "osm"
      }
    },
    {
      "type": "Feature",
      "geometry": {
        "type": "Point",
        "coordinates": [
          19.8461454,
          45.2580402
        ]
      },
      "properties": {
        "id": "osm-w-1292533873",
        "category": "parking",
        "name": "Parking",
        "wheelchair": null,
        "fee": null,
        "opening_hours": null,
        "source": "osm"
      }
    },
    {
      "type": "Feature",
      "geometry": {
        "type": "Point",
        "coordinates": [
          19.8468406,
          45.2465352
        ]
      },
      "properties": {
        "id": "osm-w-1295343717",
        "category": "parking",
        "name": "Parking",
        "wheelchair": null,
        "fee": "yes",
        "opening_hours": null,
        "source": "osm"
      }
    },
    {
      "type": "Feature",
      "geometry": {
        "type": "Point",
        "coordinates": [
          19.842824,
          45.2379449
        ]
      },
      "properties": {
        "id": "osm-w-1296084948",
        "category": "parking",
        "name": "Parking",
        "wheelchair": null,
        "fee": null,
        "opening_hours": null,
        "source": "osm"
      }
    },
    {
      "type": "Feature",
      "geometry": {
        "type": "Point",
        "coordinates": [
          19.8251281,
          45.2729149
        ]
      },
      "properties": {
        "id": "osm-w-1299139539",
        "category": "parking",
        "name": "Parking",
        "wheelchair": null,
        "fee": null,
        "opening_hours": null,
        "source": "osm"
      }
    },
    {
      "type": "Feature",
      "geometry": {
        "type": "Point",
        "coordinates": [
          19.8264121,
          45.2358693
        ]
      },
      "properties": {
        "id": "osm-w-1300206049",
        "category": "parking",
        "name": "Parking",
        "wheelchair": null,
        "fee": null,
        "opening_hours": null,
        "source": "osm"
      }
    },
    {
      "type": "Feature",
      "geometry": {
        "type": "Point",
        "coordinates": [
          19.829322,
          45.2649671
        ]
      },
      "properties": {
        "id": "osm-w-1311763053",
        "category": "info",
        "name": "\u0422\u0443\u0440\u0438\u0441\u0442\u0438\u0447\u043a\u0438 \u0438\u043d\u0444\u043e \u0446\u0435\u043d\u0442\u0430\u0440",
        "wheelchair": null,
        "fee": null,
        "opening_hours": null,
        "source": "osm"
      }
    },
    {
      "type": "Feature",
      "geometry": {
        "type": "Point",
        "coordinates": [
          19.848427,
          45.2526613
        ]
      },
      "properties": {
        "id": "osm-w-1314364327",
        "category": "parking",
        "name": "\u0413\u0430\u0440\u0430\u0436\u0430 \u0411\u0430\u043d\u043e\u0432\u0438\u043d\u0430",
        "wheelchair": null,
        "fee": "yes",
        "opening_hours": null,
        "source": "osm"
      }
    },
    {
      "type": "Feature",
      "geometry": {
        "type": "Point",
        "coordinates": [
          19.8541235,
          45.2508173
        ]
      },
      "properties": {
        "id": "osm-w-1316562866",
        "category": "parking",
        "name": "Parking",
        "wheelchair": null,
        "fee": null,
        "opening_hours": null,
        "source": "osm"
      }
    },
    {
      "type": "Feature",
      "geometry": {
        "type": "Point",
        "coordinates": [
          19.85397,
          45.2506591
        ]
      },
      "properties": {
        "id": "osm-w-1316562867",
        "category": "parking",
        "name": "Parking",
        "wheelchair": null,
        "fee": null,
        "opening_hours": null,
        "source": "osm"
      }
    },
    {
      "type": "Feature",
      "geometry": {
        "type": "Point",
        "coordinates": [
          19.8541002,
          45.2506997
        ]
      },
      "properties": {
        "id": "osm-w-1316562868",
        "category": "parking",
        "name": "Parking",
        "wheelchair": null,
        "fee": null,
        "opening_hours": null,
        "source": "osm"
      }
    },
    {
      "type": "Feature",
      "geometry": {
        "type": "Point",
        "coordinates": [
          19.8538935,
          45.2507453
        ]
      },
      "properties": {
        "id": "osm-w-1316562869",
        "category": "parking",
        "name": "Parking",
        "wheelchair": null,
        "fee": null,
        "opening_hours": null,
        "source": "osm"
      }
    },
    {
      "type": "Feature",
      "geometry": {
        "type": "Point",
        "coordinates": [
          19.8309659,
          45.2652463
        ]
      },
      "properties": {
        "id": "osm-w-1316946758",
        "category": "parking",
        "name": "Parking",
        "wheelchair": null,
        "fee": null,
        "opening_hours": null,
        "source": "osm"
      }
    },
    {
      "type": "Feature",
      "geometry": {
        "type": "Point",
        "coordinates": [
          19.8336368,
          45.2482272
        ]
      },
      "properties": {
        "id": "osm-w-1319964417",
        "category": "parking",
        "name": "Parking",
        "wheelchair": null,
        "fee": "no",
        "opening_hours": null,
        "source": "osm"
      }
    },
    {
      "type": "Feature",
      "geometry": {
        "type": "Point",
        "coordinates": [
          19.8338598,
          45.2481446
        ]
      },
      "properties": {
        "id": "osm-w-1319964418",
        "category": "parking",
        "name": "Parking",
        "wheelchair": null,
        "fee": "no",
        "opening_hours": null,
        "source": "osm"
      }
    },
    {
      "type": "Feature",
      "geometry": {
        "type": "Point",
        "coordinates": [
          19.833424,
          45.2483073
        ]
      },
      "properties": {
        "id": "osm-w-1319964419",
        "category": "parking",
        "name": "Parking",
        "wheelchair": null,
        "fee": null,
        "opening_hours": null,
        "source": "osm"
      }
    },
    {
      "type": "Feature",
      "geometry": {
        "type": "Point",
        "coordinates": [
          19.8193358,
          45.2635039
        ]
      },
      "properties": {
        "id": "osm-w-1320166217",
        "category": "parking",
        "name": "Parking",
        "wheelchair": null,
        "fee": "no",
        "opening_hours": null,
        "source": "osm"
      }
    },
    {
      "type": "Feature",
      "geometry": {
        "type": "Point",
        "coordinates": [
          19.8188253,
          45.2639224
        ]
      },
      "properties": {
        "id": "osm-w-1320166218",
        "category": "parking",
        "name": "Parking",
        "wheelchair": null,
        "fee": "no",
        "opening_hours": null,
        "source": "osm"
      }
    },
    {
      "type": "Feature",
      "geometry": {
        "type": "Point",
        "coordinates": [
          19.8540122,
          45.2623615
        ]
      },
      "properties": {
        "id": "osm-w-1320782052",
        "category": "parking",
        "name": "\u041c\u0430\u0440\u043a\u0430 \u041c\u0438\u0459\u0430\u043d\u043e\u0432\u0430 (\u043f\u043b\u0430\u0442\u043e \u043a\u043e\u0434 \u041a\u0432\u0430\u043d\u0442\u0430\u0448\u043a\u0435 \u043f\u0438\u0458\u0430\u0446\u0435) (822)",
        "wheelchair": null,
        "fee": "yes",
        "opening_hours": null,
        "source": "osm"
      }
    },
    {
      "type": "Feature",
      "geometry": {
        "type": "Point",
        "coordinates": [
          19.85419,
          45.2586269
        ]
      },
      "properties": {
        "id": "osm-w-1328625981",
        "category": "parking",
        "name": "Parking",
        "wheelchair": null,
        "fee": null,
        "opening_hours": null,
        "source": "osm"
      }
    },
    {
      "type": "Feature",
      "geometry": {
        "type": "Point",
        "coordinates": [
          19.8218455,
          45.2392732
        ]
      },
      "properties": {
        "id": "osm-w-1330487952",
        "category": "parking",
        "name": "Parking",
        "wheelchair": null,
        "fee": null,
        "opening_hours": null,
        "source": "osm"
      }
    },
    {
      "type": "Feature",
      "geometry": {
        "type": "Point",
        "coordinates": [
          19.8492098,
          45.2561181
        ]
      },
      "properties": {
        "id": "osm-w-1331401486",
        "category": "parking",
        "name": "Parking",
        "wheelchair": null,
        "fee": null,
        "opening_hours": null,
        "source": "osm"
      }
    },
    {
      "type": "Feature",
      "geometry": {
        "type": "Point",
        "coordinates": [
          19.8269234,
          45.2769512
        ]
      },
      "properties": {
        "id": "osm-w-1334082646",
        "category": "parking",
        "name": "Parking",
        "wheelchair": null,
        "fee": null,
        "opening_hours": null,
        "source": "osm"
      }
    },
    {
      "type": "Feature",
      "geometry": {
        "type": "Point",
        "coordinates": [
          19.8284672,
          45.235298
        ]
      },
      "properties": {
        "id": "osm-w-1336962931",
        "category": "parking",
        "name": "Parking",
        "wheelchair": null,
        "fee": null,
        "opening_hours": null,
        "source": "osm"
      }
    },
    {
      "type": "Feature",
      "geometry": {
        "type": "Point",
        "coordinates": [
          19.8516497,
          45.2622912
        ]
      },
      "properties": {
        "id": "osm-w-1339824117",
        "category": "parking",
        "name": "Parking",
        "wheelchair": null,
        "fee": "no",
        "opening_hours": null,
        "source": "osm"
      }
    },
    {
      "type": "Feature",
      "geometry": {
        "type": "Point",
        "coordinates": [
          19.8514645,
          45.2607116
        ]
      },
      "properties": {
        "id": "osm-w-1339824129",
        "category": "parking",
        "name": "Parking",
        "wheelchair": null,
        "fee": null,
        "opening_hours": null,
        "source": "osm"
      }
    },
    {
      "type": "Feature",
      "geometry": {
        "type": "Point",
        "coordinates": [
          19.8519922,
          45.2608578
        ]
      },
      "properties": {
        "id": "osm-w-1339824144",
        "category": "parking",
        "name": "Parking",
        "wheelchair": null,
        "fee": null,
        "opening_hours": null,
        "source": "osm"
      }
    },
    {
      "type": "Feature",
      "geometry": {
        "type": "Point",
        "coordinates": [
          19.8513112,
          45.2592569
        ]
      },
      "properties": {
        "id": "osm-w-1339841341",
        "category": "parking",
        "name": "Parking",
        "wheelchair": null,
        "fee": null,
        "opening_hours": null,
        "source": "osm"
      }
    },
    {
      "type": "Feature",
      "geometry": {
        "type": "Point",
        "coordinates": [
          19.8495832,
          45.2585657
        ]
      },
      "properties": {
        "id": "osm-w-1339893188",
        "category": "parking",
        "name": "Parking",
        "wheelchair": null,
        "fee": null,
        "opening_hours": null,
        "source": "osm"
      }
    },
    {
      "type": "Feature",
      "geometry": {
        "type": "Point",
        "coordinates": [
          19.8482819,
          45.2551498
        ]
      },
      "properties": {
        "id": "osm-w-1339893207",
        "category": "parking",
        "name": "Parking",
        "wheelchair": null,
        "fee": null,
        "opening_hours": null,
        "source": "osm"
      }
    },
    {
      "type": "Feature",
      "geometry": {
        "type": "Point",
        "coordinates": [
          19.851546,
          45.2509536
        ]
      },
      "properties": {
        "id": "osm-w-1339893219",
        "category": "parking",
        "name": "Parking",
        "wheelchair": null,
        "fee": null,
        "opening_hours": null,
        "source": "osm"
      }
    },
    {
      "type": "Feature",
      "geometry": {
        "type": "Point",
        "coordinates": [
          19.8494597,
          45.2537322
        ]
      },
      "properties": {
        "id": "osm-w-1340154627",
        "category": "parking",
        "name": "Parking",
        "wheelchair": null,
        "fee": null,
        "opening_hours": null,
        "source": "osm"
      }
    },
    {
      "type": "Feature",
      "geometry": {
        "type": "Point",
        "coordinates": [
          19.8473713,
          45.2494698
        ]
      },
      "properties": {
        "id": "osm-w-1341034898",
        "category": "parking",
        "name": "Parking",
        "wheelchair": null,
        "fee": null,
        "opening_hours": null,
        "source": "osm"
      }
    },
    {
      "type": "Feature",
      "geometry": {
        "type": "Point",
        "coordinates": [
          19.8459862,
          45.2493257
        ]
      },
      "properties": {
        "id": "osm-w-1341034911",
        "category": "parking",
        "name": "Parking",
        "wheelchair": null,
        "fee": null,
        "opening_hours": null,
        "source": "osm"
      }
    },
    {
      "type": "Feature",
      "geometry": {
        "type": "Point",
        "coordinates": [
          19.8322169,
          45.2574337
        ]
      },
      "properties": {
        "id": "osm-w-1344743716",
        "category": "parking",
        "name": "Parking",
        "wheelchair": null,
        "fee": null,
        "opening_hours": null,
        "source": "osm"
      }
    },
    {
      "type": "Feature",
      "geometry": {
        "type": "Point",
        "coordinates": [
          19.8027983,
          45.2554648
        ]
      },
      "properties": {
        "id": "osm-w-1355994211",
        "category": "parking",
        "name": "Parking",
        "wheelchair": null,
        "fee": null,
        "opening_hours": null,
        "source": "osm"
      }
    },
    {
      "type": "Feature",
      "geometry": {
        "type": "Point",
        "coordinates": [
          19.8215241,
          45.2425269
        ]
      },
      "properties": {
        "id": "osm-w-1357834802",
        "category": "parking",
        "name": "Parking",
        "wheelchair": null,
        "fee": null,
        "opening_hours": null,
        "source": "osm"
      }
    },
    {
      "type": "Feature",
      "geometry": {
        "type": "Point",
        "coordinates": [
          19.8240824,
          45.2403192
        ]
      },
      "properties": {
        "id": "osm-w-1357834805",
        "category": "parking",
        "name": "Parking",
        "wheelchair": null,
        "fee": null,
        "opening_hours": null,
        "source": "osm"
      }
    },
    {
      "type": "Feature",
      "geometry": {
        "type": "Point",
        "coordinates": [
          19.8606855,
          45.2652406
        ]
      },
      "properties": {
        "id": "osm-w-1360690155",
        "category": "parking",
        "name": "Parking",
        "wheelchair": null,
        "fee": null,
        "opening_hours": null,
        "source": "osm"
      }
    },
    {
      "type": "Feature",
      "geometry": {
        "type": "Point",
        "coordinates": [
          19.8466582,
          45.2388429
        ]
      },
      "properties": {
        "id": "osm-w-1365141419",
        "category": "parking",
        "name": "Parking",
        "wheelchair": null,
        "fee": "no",
        "opening_hours": null,
        "source": "osm"
      }
    },
    {
      "type": "Feature",
      "geometry": {
        "type": "Point",
        "coordinates": [
          19.8477965,
          45.2442128
        ]
      },
      "properties": {
        "id": "osm-w-1365386601",
        "category": "parking",
        "name": "Parking",
        "wheelchair": null,
        "fee": "no",
        "opening_hours": null,
        "source": "osm"
      }
    },
    {
      "type": "Feature",
      "geometry": {
        "type": "Point",
        "coordinates": [
          19.8340382,
          45.2540206
        ]
      },
      "properties": {
        "id": "osm-w-1368214845",
        "category": "parking",
        "name": "Parking",
        "wheelchair": null,
        "fee": null,
        "opening_hours": null,
        "source": "osm"
      }
    },
    {
      "type": "Feature",
      "geometry": {
        "type": "Point",
        "coordinates": [
          19.8517496,
          45.2560297
        ]
      },
      "properties": {
        "id": "osm-w-1369424358",
        "category": "cafe",
        "name": "Izlet",
        "wheelchair": null,
        "fee": null,
        "opening_hours": "Mo-Sa 08:00-20:00; Su 09:00-20:00; PH off",
        "source": "osm"
      }
    },
    {
      "type": "Feature",
      "geometry": {
        "type": "Point",
        "coordinates": [
          19.8356099,
          45.2555842
        ]
      },
      "properties": {
        "id": "osm-w-1370429685",
        "category": "parking",
        "name": "Parking",
        "wheelchair": null,
        "fee": null,
        "opening_hours": null,
        "source": "osm"
      }
    },
    {
      "type": "Feature",
      "geometry": {
        "type": "Point",
        "coordinates": [
          19.8106894,
          45.2698583
        ]
      },
      "properties": {
        "id": "osm-w-1371179115",
        "category": "parking",
        "name": "Parking",
        "wheelchair": null,
        "fee": null,
        "opening_hours": null,
        "source": "osm"
      }
    },
    {
      "type": "Feature",
      "geometry": {
        "type": "Point",
        "coordinates": [
          19.8545407,
          45.2457109
        ]
      },
      "properties": {
        "id": "osm-w-1373532010",
        "category": "parking",
        "name": "Parking",
        "wheelchair": null,
        "fee": null,
        "opening_hours": null,
        "source": "osm"
      }
    },
    {
      "type": "Feature",
      "geometry": {
        "type": "Point",
        "coordinates": [
          19.8371416,
          45.2828349
        ]
      },
      "properties": {
        "id": "osm-w-1377064990",
        "category": "clinic",
        "name": "\u0414\u043e\u043c \u0437\u0434\u0440\u0430\u0432\u0459\u0430 \u041a\u043b\u0438\u0441\u0430",
        "wheelchair": null,
        "fee": null,
        "opening_hours": null,
        "source": "osm"
      }
    },
    {
      "type": "Feature",
      "geometry": {
        "type": "Point",
        "coordinates": [
          19.8366958,
          45.2528441
        ]
      },
      "properties": {
        "id": "osm-w-1385197039",
        "category": "parking",
        "name": "Parking",
        "wheelchair": null,
        "fee": "yes",
        "opening_hours": null,
        "source": "osm"
      }
    },
    {
      "type": "Feature",
      "geometry": {
        "type": "Point",
        "coordinates": [
          19.8358133,
          45.2544303
        ]
      },
      "properties": {
        "id": "osm-w-1385197046",
        "category": "parking",
        "name": "Parking",
        "wheelchair": null,
        "fee": "yes",
        "opening_hours": null,
        "source": "osm"
      }
    },
    {
      "type": "Feature",
      "geometry": {
        "type": "Point",
        "coordinates": [
          19.8220041,
          45.2642992
        ]
      },
      "properties": {
        "id": "osm-w-1391811366",
        "category": "fuel",
        "name": "Avia",
        "wheelchair": null,
        "fee": null,
        "opening_hours": "Mo-Su 00:00-24:00",
        "source": "osm"
      }
    },
    {
      "type": "Feature",
      "geometry": {
        "type": "Point",
        "coordinates": [
          19.831078,
          45.2699738
        ]
      },
      "properties": {
        "id": "osm-w-1392690197",
        "category": "parking",
        "name": "Parking",
        "wheelchair": null,
        "fee": null,
        "opening_hours": null,
        "source": "osm"
      }
    },
    {
      "type": "Feature",
      "geometry": {
        "type": "Point",
        "coordinates": [
          19.8369597,
          45.2829763
        ]
      },
      "properties": {
        "id": "osm-w-1392722428",
        "category": "parking",
        "name": "Parking",
        "wheelchair": null,
        "fee": null,
        "opening_hours": null,
        "source": "osm"
      }
    },
    {
      "type": "Feature",
      "geometry": {
        "type": "Point",
        "coordinates": [
          19.837109,
          45.2825944
        ]
      },
      "properties": {
        "id": "osm-w-1392722432",
        "category": "parking",
        "name": "Parking",
        "wheelchair": null,
        "fee": null,
        "opening_hours": null,
        "source": "osm"
      }
    },
    {
      "type": "Feature",
      "geometry": {
        "type": "Point",
        "coordinates": [
          19.8357419,
          45.2832336
        ]
      },
      "properties": {
        "id": "osm-w-1392722433",
        "category": "parking",
        "name": "Parking",
        "wheelchair": null,
        "fee": null,
        "opening_hours": null,
        "source": "osm"
      }
    },
    {
      "type": "Feature",
      "geometry": {
        "type": "Point",
        "coordinates": [
          19.8201417,
          45.2565319
        ]
      },
      "properties": {
        "id": "osm-w-1409434423",
        "category": "parking",
        "name": "Parking",
        "wheelchair": null,
        "fee": null,
        "opening_hours": null,
        "source": "osm"
      }
    },
    {
      "type": "Feature",
      "geometry": {
        "type": "Point",
        "coordinates": [
          19.8510934,
          45.2456474
        ]
      },
      "properties": {
        "id": "osm-w-1413014212",
        "category": "parking",
        "name": "Parking",
        "wheelchair": null,
        "fee": null,
        "opening_hours": null,
        "source": "osm"
      }
    },
    {
      "type": "Feature",
      "geometry": {
        "type": "Point",
        "coordinates": [
          19.8507914,
          45.2461315
        ]
      },
      "properties": {
        "id": "osm-w-1413014213",
        "category": "parking",
        "name": "Parking",
        "wheelchair": null,
        "fee": null,
        "opening_hours": null,
        "source": "osm"
      }
    },
    {
      "type": "Feature",
      "geometry": {
        "type": "Point",
        "coordinates": [
          19.8510552,
          45.2452068
        ]
      },
      "properties": {
        "id": "osm-w-1413014214",
        "category": "parking",
        "name": "Parking",
        "wheelchair": null,
        "fee": null,
        "opening_hours": null,
        "source": "osm"
      }
    },
    {
      "type": "Feature",
      "geometry": {
        "type": "Point",
        "coordinates": [
          19.8506563,
          45.2450814
        ]
      },
      "properties": {
        "id": "osm-w-1413014215",
        "category": "parking",
        "name": "Parking",
        "wheelchair": null,
        "fee": null,
        "opening_hours": null,
        "source": "osm"
      }
    },
    {
      "type": "Feature",
      "geometry": {
        "type": "Point",
        "coordinates": [
          19.850848,
          45.2450338
        ]
      },
      "properties": {
        "id": "osm-w-1413014216",
        "category": "parking",
        "name": "Parking",
        "wheelchair": null,
        "fee": null,
        "opening_hours": null,
        "source": "osm"
      }
    },
    {
      "type": "Feature",
      "geometry": {
        "type": "Point",
        "coordinates": [
          19.8504403,
          45.2445902
        ]
      },
      "properties": {
        "id": "osm-w-1413014217",
        "category": "parking",
        "name": "Parking",
        "wheelchair": null,
        "fee": null,
        "opening_hours": null,
        "source": "osm"
      }
    },
    {
      "type": "Feature",
      "geometry": {
        "type": "Point",
        "coordinates": [
          19.8495636,
          45.2447258
        ]
      },
      "properties": {
        "id": "osm-w-1413014219",
        "category": "parking",
        "name": "Parking",
        "wheelchair": null,
        "fee": null,
        "opening_hours": null,
        "source": "osm"
      }
    },
    {
      "type": "Feature",
      "geometry": {
        "type": "Point",
        "coordinates": [
          19.8496206,
          45.2446446
        ]
      },
      "properties": {
        "id": "osm-w-1413014220",
        "category": "parking",
        "name": "Parking",
        "wheelchair": null,
        "fee": null,
        "opening_hours": null,
        "source": "osm"
      }
    },
    {
      "type": "Feature",
      "geometry": {
        "type": "Point",
        "coordinates": [
          19.8484498,
          45.2482127
        ]
      },
      "properties": {
        "id": "osm-w-1413099617",
        "category": "parking",
        "name": "Parking",
        "wheelchair": null,
        "fee": null,
        "opening_hours": null,
        "source": "osm"
      }
    },
    {
      "type": "Feature",
      "geometry": {
        "type": "Point",
        "coordinates": [
          19.8210611,
          45.2502562
        ]
      },
      "properties": {
        "id": "osm-w-1413561557",
        "category": "info",
        "name": "Info",
        "wheelchair": null,
        "fee": null,
        "opening_hours": null,
        "source": "osm"
      }
    },
    {
      "type": "Feature",
      "geometry": {
        "type": "Point",
        "coordinates": [
          19.8212748,
          45.2500338
        ]
      },
      "properties": {
        "id": "osm-w-1413561568",
        "category": "parking",
        "name": "Parking",
        "wheelchair": null,
        "fee": null,
        "opening_hours": null,
        "source": "osm"
      }
    },
    {
      "type": "Feature",
      "geometry": {
        "type": "Point",
        "coordinates": [
          19.820462,
          45.250438
        ]
      },
      "properties": {
        "id": "osm-w-1413561569",
        "category": "parking",
        "name": "Parking",
        "wheelchair": null,
        "fee": null,
        "opening_hours": null,
        "source": "osm"
      }
    },
    {
      "type": "Feature",
      "geometry": {
        "type": "Point",
        "coordinates": [
          19.8442937,
          45.2472218
        ]
      },
      "properties": {
        "id": "osm-w-1413921622",
        "category": "parking",
        "name": "Parking",
        "wheelchair": null,
        "fee": null,
        "opening_hours": null,
        "source": "osm"
      }
    },
    {
      "type": "Feature",
      "geometry": {
        "type": "Point",
        "coordinates": [
          19.8444025,
          45.2472451
        ]
      },
      "properties": {
        "id": "osm-w-1413921623",
        "category": "parking",
        "name": "Parking",
        "wheelchair": null,
        "fee": null,
        "opening_hours": null,
        "source": "osm"
      }
    },
    {
      "type": "Feature",
      "geometry": {
        "type": "Point",
        "coordinates": [
          19.8337548,
          45.2416182
        ]
      },
      "properties": {
        "id": "osm-w-1418666655",
        "category": "parking",
        "name": "Parking",
        "wheelchair": null,
        "fee": null,
        "opening_hours": null,
        "source": "osm"
      }
    },
    {
      "type": "Feature",
      "geometry": {
        "type": "Point",
        "coordinates": [
          19.833778,
          45.2415651
        ]
      },
      "properties": {
        "id": "osm-w-1418666656",
        "category": "parking",
        "name": "Parking",
        "wheelchair": null,
        "fee": null,
        "opening_hours": null,
        "source": "osm"
      }
    },
    {
      "type": "Feature",
      "geometry": {
        "type": "Point",
        "coordinates": [
          19.8341706,
          45.2416501
        ]
      },
      "properties": {
        "id": "osm-w-1418666657",
        "category": "parking",
        "name": "Parking",
        "wheelchair": null,
        "fee": null,
        "opening_hours": null,
        "source": "osm"
      }
    },
    {
      "type": "Feature",
      "geometry": {
        "type": "Point",
        "coordinates": [
          19.8341474,
          45.2417031
        ]
      },
      "properties": {
        "id": "osm-w-1418666658",
        "category": "parking",
        "name": "Parking",
        "wheelchair": null,
        "fee": null,
        "opening_hours": null,
        "source": "osm"
      }
    },
    {
      "type": "Feature",
      "geometry": {
        "type": "Point",
        "coordinates": [
          19.8481483,
          45.2448897
        ]
      },
      "properties": {
        "id": "osm-w-1418695465",
        "category": "parking",
        "name": "Parking",
        "wheelchair": null,
        "fee": null,
        "opening_hours": null,
        "source": "osm"
      }
    },
    {
      "type": "Feature",
      "geometry": {
        "type": "Point",
        "coordinates": [
          19.8506746,
          45.2442172
        ]
      },
      "properties": {
        "id": "osm-w-1418695466",
        "category": "parking",
        "name": "Parking",
        "wheelchair": null,
        "fee": "no",
        "opening_hours": null,
        "source": "osm"
      }
    },
    {
      "type": "Feature",
      "geometry": {
        "type": "Point",
        "coordinates": [
          19.8507424,
          45.2774477
        ]
      },
      "properties": {
        "id": "osm-w-1418697242",
        "category": "parking",
        "name": "Parking",
        "wheelchair": null,
        "fee": null,
        "opening_hours": null,
        "source": "osm"
      }
    },
    {
      "type": "Feature",
      "geometry": {
        "type": "Point",
        "coordinates": [
          19.8508588,
          45.2782079
        ]
      },
      "properties": {
        "id": "osm-w-1418697244",
        "category": "parking",
        "name": "Parking",
        "wheelchair": null,
        "fee": null,
        "opening_hours": null,
        "source": "osm"
      }
    },
    {
      "type": "Feature",
      "geometry": {
        "type": "Point",
        "coordinates": [
          19.8265154,
          45.2365537
        ]
      },
      "properties": {
        "id": "osm-w-1419300883",
        "category": "parking",
        "name": "Parking",
        "wheelchair": null,
        "fee": null,
        "opening_hours": null,
        "source": "osm"
      }
    },
    {
      "type": "Feature",
      "geometry": {
        "type": "Point",
        "coordinates": [
          19.8263583,
          45.2365012
        ]
      },
      "properties": {
        "id": "osm-w-1419300884",
        "category": "parking",
        "name": "Parking",
        "wheelchair": null,
        "fee": null,
        "opening_hours": null,
        "source": "osm"
      }
    },
    {
      "type": "Feature",
      "geometry": {
        "type": "Point",
        "coordinates": [
          19.852768,
          45.2628
        ]
      },
      "properties": {
        "id": "osm-w-1420250233",
        "category": "parking",
        "name": "Parking",
        "wheelchair": null,
        "fee": null,
        "opening_hours": null,
        "source": "osm"
      }
    },
    {
      "type": "Feature",
      "geometry": {
        "type": "Point",
        "coordinates": [
          19.8494033,
          45.2487132
        ]
      },
      "properties": {
        "id": "osm-w-1424603389",
        "category": "parking",
        "name": "Parking",
        "wheelchair": null,
        "fee": null,
        "opening_hours": null,
        "source": "osm"
      }
    },
    {
      "type": "Feature",
      "geometry": {
        "type": "Point",
        "coordinates": [
          19.8511832,
          45.2615811
        ]
      },
      "properties": {
        "id": "osm-w-1424761088",
        "category": "parking",
        "name": "Parking servis",
        "wheelchair": null,
        "fee": "yes",
        "opening_hours": null,
        "source": "osm"
      }
    },
    {
      "type": "Feature",
      "geometry": {
        "type": "Point",
        "coordinates": [
          19.851546,
          45.261311
        ]
      },
      "properties": {
        "id": "osm-w-1424768501",
        "category": "parking",
        "name": "\u0408\u041a\u041f \u201e\u041f\u0430\u0440\u043a\u0438\u043d\u0433 \u0441\u0435\u0440\u0432\u0438\u0441\u201d \u041d\u043e\u0432\u0438 \u0421\u0430\u0434",
        "wheelchair": null,
        "fee": "yes",
        "opening_hours": null,
        "source": "osm"
      }
    },
    {
      "type": "Feature",
      "geometry": {
        "type": "Point",
        "coordinates": [
          19.8515116,
          45.2612285
        ]
      },
      "properties": {
        "id": "osm-w-1424768502",
        "category": "parking",
        "name": "\u0408\u041a\u041f \u201e\u041f\u0430\u0440\u043a\u0438\u043d\u0433 \u0441\u0435\u0440\u0432\u0438\u0441\u201d \u041d\u043e\u0432\u0438 \u0421\u0430\u0434",
        "wheelchair": null,
        "fee": "yes",
        "opening_hours": null,
        "source": "osm"
      }
    },
    {
      "type": "Feature",
      "geometry": {
        "type": "Point",
        "coordinates": [
          19.851393,
          45.260993
        ]
      },
      "properties": {
        "id": "osm-w-1424768504",
        "category": "parking",
        "name": "\u0408\u041a\u041f \u201e\u041f\u0430\u0440\u043a\u0438\u043d\u0433 \u0441\u0435\u0440\u0432\u0438\u0441\u201d \u041d\u043e\u0432\u0438 \u0421\u0430\u0434",
        "wheelchair": null,
        "fee": "yes",
        "opening_hours": null,
        "source": "osm"
      }
    },
    {
      "type": "Feature",
      "geometry": {
        "type": "Point",
        "coordinates": [
          19.851272,
          45.2609692
        ]
      },
      "properties": {
        "id": "osm-w-1424768505",
        "category": "parking",
        "name": "\u0408\u041a\u041f \u201e\u041f\u0430\u0440\u043a\u0438\u043d\u0433 \u0441\u0435\u0440\u0432\u0438\u0441\u201d \u041d\u043e\u0432\u0438 \u0421\u0430\u0434",
        "wheelchair": null,
        "fee": "yes",
        "opening_hours": null,
        "source": "osm"
      }
    },
    {
      "type": "Feature",
      "geometry": {
        "type": "Point",
        "coordinates": [
          19.850993,
          45.2601846
        ]
      },
      "properties": {
        "id": "osm-w-1424768507",
        "category": "parking",
        "name": "\u0408\u041a\u041f \u201e\u041f\u0430\u0440\u043a\u0438\u043d\u0433 \u0441\u0435\u0440\u0432\u0438\u0441\u201d \u041d\u043e\u0432\u0438 \u0421\u0430\u0434",
        "wheelchair": null,
        "fee": "yes",
        "opening_hours": null,
        "source": "osm"
      }
    },
    {
      "type": "Feature",
      "geometry": {
        "type": "Point",
        "coordinates": [
          19.8488672,
          45.2549121
        ]
      },
      "properties": {
        "id": "osm-w-1425070639",
        "category": "parking",
        "name": "Parking",
        "wheelchair": null,
        "fee": "yes",
        "opening_hours": null,
        "source": "osm"
      }
    },
    {
      "type": "Feature",
      "geometry": {
        "type": "Point",
        "coordinates": [
          19.8493318,
          45.2553772
        ]
      },
      "properties": {
        "id": "osm-w-1425070640",
        "category": "parking",
        "name": "Parking",
        "wheelchair": null,
        "fee": "yes",
        "opening_hours": null,
        "source": "osm"
      }
    },
    {
      "type": "Feature",
      "geometry": {
        "type": "Point",
        "coordinates": [
          19.8491275,
          45.2551317
        ]
      },
      "properties": {
        "id": "osm-w-1425070641",
        "category": "parking",
        "name": "Pozori\u0161te mladih",
        "wheelchair": null,
        "fee": "no",
        "opening_hours": null,
        "source": "osm"
      }
    },
    {
      "type": "Feature",
      "geometry": {
        "type": "Point",
        "coordinates": [
          19.8499444,
          45.2558513
        ]
      },
      "properties": {
        "id": "osm-w-1425076087",
        "category": "parking",
        "name": "Parking",
        "wheelchair": null,
        "fee": "yes",
        "opening_hours": null,
        "source": "osm"
      }
    },
    {
      "type": "Feature",
      "geometry": {
        "type": "Point",
        "coordinates": [
          19.849199,
          45.2550901
        ]
      },
      "properties": {
        "id": "osm-w-1425076482",
        "category": "parking",
        "name": "Parking",
        "wheelchair": null,
        "fee": "yes",
        "opening_hours": null,
        "source": "osm"
      }
    },
    {
      "type": "Feature",
      "geometry": {
        "type": "Point",
        "coordinates": [
          19.8504065,
          45.253438
        ]
      },
      "properties": {
        "id": "osm-w-1425078305",
        "category": "parking",
        "name": "Parking",
        "wheelchair": null,
        "fee": "yes",
        "opening_hours": null,
        "source": "osm"
      }
    },
    {
      "type": "Feature",
      "geometry": {
        "type": "Point",
        "coordinates": [
          19.8511651,
          45.2434536
        ]
      },
      "properties": {
        "id": "osm-w-1425950649",
        "category": "parking",
        "name": "Parking",
        "wheelchair": null,
        "fee": "no",
        "opening_hours": null,
        "source": "osm"
      }
    },
    {
      "type": "Feature",
      "geometry": {
        "type": "Point",
        "coordinates": [
          19.8557074,
          45.2615036
        ]
      },
      "properties": {
        "id": "osm-w-1426049885",
        "category": "parking",
        "name": "Parking",
        "wheelchair": null,
        "fee": "yes",
        "opening_hours": null,
        "source": "osm"
      }
    },
    {
      "type": "Feature",
      "geometry": {
        "type": "Point",
        "coordinates": [
          19.8425048,
          45.2602928
        ]
      },
      "properties": {
        "id": "osm-w-1426186215",
        "category": "parking",
        "name": "Parking",
        "wheelchair": null,
        "fee": "yes",
        "opening_hours": null,
        "source": "osm"
      }
    },
    {
      "type": "Feature",
      "geometry": {
        "type": "Point",
        "coordinates": [
          19.8253144,
          45.2428386
        ]
      },
      "properties": {
        "id": "osm-w-1427162719",
        "category": "parking",
        "name": "Parking",
        "wheelchair": null,
        "fee": null,
        "opening_hours": null,
        "source": "osm"
      }
    },
    {
      "type": "Feature",
      "geometry": {
        "type": "Point",
        "coordinates": [
          19.8245139,
          45.2520395
        ]
      },
      "properties": {
        "id": "osm-w-1427166614",
        "category": "parking",
        "name": "Parking",
        "wheelchair": null,
        "fee": "yes",
        "opening_hours": null,
        "source": "osm"
      }
    },
    {
      "type": "Feature",
      "geometry": {
        "type": "Point",
        "coordinates": [
          19.8167171,
          45.2536823
        ]
      },
      "properties": {
        "id": "osm-w-1427946664",
        "category": "parking",
        "name": "Parking",
        "wheelchair": null,
        "fee": null,
        "opening_hours": null,
        "source": "osm"
      }
    },
    {
      "type": "Feature",
      "geometry": {
        "type": "Point",
        "coordinates": [
          19.8170522,
          45.2536078
        ]
      },
      "properties": {
        "id": "osm-w-1427946665",
        "category": "parking",
        "name": "Parking",
        "wheelchair": null,
        "fee": null,
        "opening_hours": null,
        "source": "osm"
      }
    },
    {
      "type": "Feature",
      "geometry": {
        "type": "Point",
        "coordinates": [
          19.8374568,
          45.2615799
        ]
      },
      "properties": {
        "id": "osm-w-1428152049",
        "category": "clinic",
        "name": "\u0414\u043e\u043c \u0437\u0434\u0440\u0430\u0432\u0459\u0430 \u201e\u0408\u043e\u0432\u0430\u043d \u0408\u043e\u0432\u0430\u043d\u043e\u0432\u0438\u045b \u0417\u043c\u0430\u0458\u201d",
        "wheelchair": "yes",
        "fee": null,
        "opening_hours": null,
        "source": "osm"
      }
    },
    {
      "type": "Feature",
      "geometry": {
        "type": "Point",
        "coordinates": [
          19.8521876,
          45.2508055
        ]
      },
      "properties": {
        "id": "osm-w-1428180128",
        "category": "parking",
        "name": "Parking",
        "wheelchair": null,
        "fee": null,
        "opening_hours": null,
        "source": "osm"
      }
    },
    {
      "type": "Feature",
      "geometry": {
        "type": "Point",
        "coordinates": [
          19.8519791,
          45.2509533
        ]
      },
      "properties": {
        "id": "osm-w-1428180129",
        "category": "parking",
        "name": "Parking",
        "wheelchair": null,
        "fee": null,
        "opening_hours": null,
        "source": "osm"
      }
    },
    {
      "type": "Feature",
      "geometry": {
        "type": "Point",
        "coordinates": [
          19.8214131,
          45.2393823
        ]
      },
      "properties": {
        "id": "osm-w-1428375594",
        "category": "parking",
        "name": "Parking",
        "wheelchair": null,
        "fee": null,
        "opening_hours": null,
        "source": "osm"
      }
    },
    {
      "type": "Feature",
      "geometry": {
        "type": "Point",
        "coordinates": [
          19.8514765,
          45.25399
        ]
      },
      "properties": {
        "id": "osm-w-1428879536",
        "category": "parking",
        "name": "Parking",
        "wheelchair": null,
        "fee": null,
        "opening_hours": null,
        "source": "osm"
      }
    },
    {
      "type": "Feature",
      "geometry": {
        "type": "Point",
        "coordinates": [
          19.8535911,
          45.2541899
        ]
      },
      "properties": {
        "id": "osm-w-1428879538",
        "category": "parking",
        "name": "Parking",
        "wheelchair": null,
        "fee": null,
        "opening_hours": null,
        "source": "osm"
      }
    },
    {
      "type": "Feature",
      "geometry": {
        "type": "Point",
        "coordinates": [
          19.8534208,
          45.25434
        ]
      },
      "properties": {
        "id": "osm-w-1428879539",
        "category": "parking",
        "name": "Parking",
        "wheelchair": null,
        "fee": null,
        "opening_hours": null,
        "source": "osm"
      }
    },
    {
      "type": "Feature",
      "geometry": {
        "type": "Point",
        "coordinates": [
          19.8604233,
          45.2655631
        ]
      },
      "properties": {
        "id": "osm-w-1431600928",
        "category": "parking",
        "name": "Parking",
        "wheelchair": null,
        "fee": null,
        "opening_hours": null,
        "source": "osm"
      }
    },
    {
      "type": "Feature",
      "geometry": {
        "type": "Point",
        "coordinates": [
          19.855166,
          45.2657696
        ]
      },
      "properties": {
        "id": "osm-w-1431737978",
        "category": "parking",
        "name": "Parking",
        "wheelchair": null,
        "fee": null,
        "opening_hours": null,
        "source": "osm"
      }
    },
    {
      "type": "Feature",
      "geometry": {
        "type": "Point",
        "coordinates": [
          19.8517663,
          45.2686322
        ]
      },
      "properties": {
        "id": "osm-w-1431737984",
        "category": "parking",
        "name": "Parking",
        "wheelchair": null,
        "fee": null,
        "opening_hours": null,
        "source": "osm"
      }
    },
    {
      "type": "Feature",
      "geometry": {
        "type": "Point",
        "coordinates": [
          19.8491777,
          45.2689489
        ]
      },
      "properties": {
        "id": "osm-w-1431738020",
        "category": "parking",
        "name": "Parking",
        "wheelchair": null,
        "fee": null,
        "opening_hours": null,
        "source": "osm"
      }
    },
    {
      "type": "Feature",
      "geometry": {
        "type": "Point",
        "coordinates": [
          19.8471478,
          45.2480261
        ]
      },
      "properties": {
        "id": "osm-w-1433381304",
        "category": "parking",
        "name": "Parking",
        "wheelchair": null,
        "fee": null,
        "opening_hours": null,
        "source": "osm"
      }
    },
    {
      "type": "Feature",
      "geometry": {
        "type": "Point",
        "coordinates": [
          19.8519883,
          45.249123
        ]
      },
      "properties": {
        "id": "osm-w-1433910538",
        "category": "cafe",
        "name": "Cafe",
        "wheelchair": null,
        "fee": null,
        "opening_hours": null,
        "source": "osm"
      }
    },
    {
      "type": "Feature",
      "geometry": {
        "type": "Point",
        "coordinates": [
          19.8396706,
          45.2577498
        ]
      },
      "properties": {
        "id": "osm-w-1434451042",
        "category": "parking",
        "name": "Parking",
        "wheelchair": null,
        "fee": null,
        "opening_hours": null,
        "source": "osm"
      }
    },
    {
      "type": "Feature",
      "geometry": {
        "type": "Point",
        "coordinates": [
          19.846425,
          45.2546974
        ]
      },
      "properties": {
        "id": "osm-w-1434501070",
        "category": "parking",
        "name": "\u0413\u0430\u0440\u0430\u0436\u0430 \u041c\u043e\u0434\u0435\u043d\u0435",
        "wheelchair": null,
        "fee": "yes",
        "opening_hours": null,
        "source": "osm"
      }
    },
    {
      "type": "Feature",
      "geometry": {
        "type": "Point",
        "coordinates": [
          19.8524455,
          45.2607558
        ]
      },
      "properties": {
        "id": "osm-w-1434927999",
        "category": "parking",
        "name": "\u0428\u0443\u043c\u0430\u0434\u0438\u0458\u0441\u043a\u0430 \u2013 \u043f\u043b\u0430\u0442\u043e (\u043a\u043e\u0434 \u043a\u0443\u045b\u043d\u043e\u0433 \u0431\u0440\u043e\u0458\u0430 16) (851)",
        "wheelchair": null,
        "fee": "yes",
        "opening_hours": null,
        "source": "osm"
      }
    },
    {
      "type": "Feature",
      "geometry": {
        "type": "Point",
        "coordinates": [
          19.8533759,
          45.2498211
        ]
      },
      "properties": {
        "id": "osm-w-1435201619",
        "category": "parking",
        "name": "Parking",
        "wheelchair": null,
        "fee": "yes",
        "opening_hours": null,
        "source": "osm"
      }
    },
    {
      "type": "Feature",
      "geometry": {
        "type": "Point",
        "coordinates": [
          19.8198022,
          45.2399741
        ]
      },
      "properties": {
        "id": "osm-w-1436298685",
        "category": "parking",
        "name": "Parking",
        "wheelchair": null,
        "fee": "no",
        "opening_hours": null,
        "source": "osm"
      }
    },
    {
      "type": "Feature",
      "geometry": {
        "type": "Point",
        "coordinates": [
          19.8193094,
          45.2400207
        ]
      },
      "properties": {
        "id": "osm-w-1436298689",
        "category": "parking",
        "name": "Parking",
        "wheelchair": null,
        "fee": null,
        "opening_hours": null,
        "source": "osm"
      }
    },
    {
      "type": "Feature",
      "geometry": {
        "type": "Point",
        "coordinates": [
          19.850177,
          45.2429201
        ]
      },
      "properties": {
        "id": "osm-w-1436994369",
        "category": "parking",
        "name": "Parking",
        "wheelchair": null,
        "fee": null,
        "opening_hours": null,
        "source": "osm"
      }
    },
    {
      "type": "Feature",
      "geometry": {
        "type": "Point",
        "coordinates": [
          19.849111,
          45.2444712
        ]
      },
      "properties": {
        "id": "osm-w-1436994370",
        "category": "parking",
        "name": "Parking",
        "wheelchair": null,
        "fee": null,
        "opening_hours": null,
        "source": "osm"
      }
    },
    {
      "type": "Feature",
      "geometry": {
        "type": "Point",
        "coordinates": [
          19.8490616,
          45.2445886
        ]
      },
      "properties": {
        "id": "osm-w-1441690310",
        "category": "parking",
        "name": "Parking",
        "wheelchair": null,
        "fee": null,
        "opening_hours": null,
        "source": "osm"
      }
    },
    {
      "type": "Feature",
      "geometry": {
        "type": "Point",
        "coordinates": [
          19.8177112,
          45.2399603
        ]
      },
      "properties": {
        "id": "osm-w-1442706690",
        "category": "parking",
        "name": "Parking",
        "wheelchair": null,
        "fee": null,
        "opening_hours": null,
        "source": "osm"
      }
    },
    {
      "type": "Feature",
      "geometry": {
        "type": "Point",
        "coordinates": [
          19.8213039,
          45.2396089
        ]
      },
      "properties": {
        "id": "osm-w-1442706709",
        "category": "parking",
        "name": "Parking",
        "wheelchair": null,
        "fee": null,
        "opening_hours": null,
        "source": "osm"
      }
    },
    {
      "type": "Feature",
      "geometry": {
        "type": "Point",
        "coordinates": [
          19.819613,
          45.2397745
        ]
      },
      "properties": {
        "id": "osm-w-1442706714",
        "category": "parking",
        "name": "Parking",
        "wheelchair": null,
        "fee": null,
        "opening_hours": null,
        "source": "osm"
      }
    },
    {
      "type": "Feature",
      "geometry": {
        "type": "Point",
        "coordinates": [
          19.8197214,
          45.2397643
        ]
      },
      "properties": {
        "id": "osm-w-1442706716",
        "category": "parking",
        "name": "Parking",
        "wheelchair": null,
        "fee": null,
        "opening_hours": null,
        "source": "osm"
      }
    },
    {
      "type": "Feature",
      "geometry": {
        "type": "Point",
        "coordinates": [
          19.8518783,
          45.2630615
        ]
      },
      "properties": {
        "id": "osm-w-1442864105",
        "category": "parking",
        "name": "Parking",
        "wheelchair": null,
        "fee": null,
        "opening_hours": null,
        "source": "osm"
      }
    },
    {
      "type": "Feature",
      "geometry": {
        "type": "Point",
        "coordinates": [
          19.8517328,
          45.2631116
        ]
      },
      "properties": {
        "id": "osm-w-1442866522",
        "category": "parking",
        "name": "Parking",
        "wheelchair": null,
        "fee": null,
        "opening_hours": null,
        "source": "osm"
      }
    },
    {
      "type": "Feature",
      "geometry": {
        "type": "Point",
        "coordinates": [
          19.8445705,
          45.2545444
        ]
      },
      "properties": {
        "id": "osm-w-1446059456",
        "category": "toilet",
        "name": "Toilet",
        "wheelchair": null,
        "fee": null,
        "opening_hours": null,
        "source": "osm"
      }
    },
    {
      "type": "Feature",
      "geometry": {
        "type": "Point",
        "coordinates": [
          19.8312057,
          45.2382586
        ]
      },
      "properties": {
        "id": "osm-w-1452197370",
        "category": "parking",
        "name": "Parking",
        "wheelchair": null,
        "fee": "no",
        "opening_hours": null,
        "source": "osm"
      }
    },
    {
      "type": "Feature",
      "geometry": {
        "type": "Point",
        "coordinates": [
          19.8508254,
          45.2433084
        ]
      },
      "properties": {
        "id": "osm-w-1452200188",
        "category": "parking",
        "name": "Parking",
        "wheelchair": null,
        "fee": null,
        "opening_hours": null,
        "source": "osm"
      }
    },
    {
      "type": "Feature",
      "geometry": {
        "type": "Point",
        "coordinates": [
          19.8429349,
          45.2433788
        ]
      },
      "properties": {
        "id": "osm-w-1452380332",
        "category": "parking",
        "name": "Parking",
        "wheelchair": null,
        "fee": "no",
        "opening_hours": null,
        "source": "osm"
      }
    },
    {
      "type": "Feature",
      "geometry": {
        "type": "Point",
        "coordinates": [
          19.8306823,
          45.2429558
        ]
      },
      "properties": {
        "id": "osm-w-1452577321",
        "category": "parking",
        "name": "Parking",
        "wheelchair": null,
        "fee": null,
        "opening_hours": null,
        "source": "osm"
      }
    },
    {
      "type": "Feature",
      "geometry": {
        "type": "Point",
        "coordinates": [
          19.8502918,
          45.2667329
        ]
      },
      "properties": {
        "id": "osm-w-1454965229",
        "category": "parking",
        "name": "Parking",
        "wheelchair": null,
        "fee": null,
        "opening_hours": null,
        "source": "osm"
      }
    },
    {
      "type": "Feature",
      "geometry": {
        "type": "Point",
        "coordinates": [
          19.83873,
          45.2787464
        ]
      },
      "properties": {
        "id": "osm-w-1454965231",
        "category": "parking",
        "name": "Parking",
        "wheelchair": null,
        "fee": null,
        "opening_hours": null,
        "source": "osm"
      }
    },
    {
      "type": "Feature",
      "geometry": {
        "type": "Point",
        "coordinates": [
          19.8491821,
          45.2780285
        ]
      },
      "properties": {
        "id": "osm-w-1454965235",
        "category": "parking",
        "name": "Parking",
        "wheelchair": null,
        "fee": null,
        "opening_hours": null,
        "source": "osm"
      }
    },
    {
      "type": "Feature",
      "geometry": {
        "type": "Point",
        "coordinates": [
          19.8507263,
          45.2654036
        ]
      },
      "properties": {
        "id": "osm-w-1456907249",
        "category": "parking",
        "name": "Parking",
        "wheelchair": null,
        "fee": "no",
        "opening_hours": null,
        "source": "osm"
      }
    },
    {
      "type": "Feature",
      "geometry": {
        "type": "Point",
        "coordinates": [
          19.8506244,
          45.2655492
        ]
      },
      "properties": {
        "id": "osm-w-1456907250",
        "category": "parking",
        "name": "Parking",
        "wheelchair": null,
        "fee": "no",
        "opening_hours": null,
        "source": "osm"
      }
    },
    {
      "type": "Feature",
      "geometry": {
        "type": "Point",
        "coordinates": [
          19.8364606,
          45.2612755
        ]
      },
      "properties": {
        "id": "osm-w-1459157868",
        "category": "parking",
        "name": "Parking",
        "wheelchair": null,
        "fee": null,
        "opening_hours": null,
        "source": "osm"
      }
    },
    {
      "type": "Feature",
      "geometry": {
        "type": "Point",
        "coordinates": [
          19.8364536,
          45.261008
        ]
      },
      "properties": {
        "id": "osm-w-1459157869",
        "category": "parking",
        "name": "Parking",
        "wheelchair": null,
        "fee": null,
        "opening_hours": null,
        "source": "osm"
      }
    },
    {
      "type": "Feature",
      "geometry": {
        "type": "Point",
        "coordinates": [
          19.8290469,
          45.283838
        ]
      },
      "properties": {
        "id": "osm-w-1461965893",
        "category": "parking",
        "name": "Parking",
        "wheelchair": null,
        "fee": null,
        "opening_hours": null,
        "source": "osm"
      }
    },
    {
      "type": "Feature",
      "geometry": {
        "type": "Point",
        "coordinates": [
          19.8281868,
          45.2837423
        ]
      },
      "properties": {
        "id": "osm-w-1461965894",
        "category": "parking",
        "name": "Parking",
        "wheelchair": null,
        "fee": null,
        "opening_hours": null,
        "source": "osm"
      }
    },
    {
      "type": "Feature",
      "geometry": {
        "type": "Point",
        "coordinates": [
          19.8275317,
          45.2835756
        ]
      },
      "properties": {
        "id": "osm-w-1461965895",
        "category": "parking",
        "name": "Parking",
        "wheelchair": null,
        "fee": null,
        "opening_hours": null,
        "source": "osm"
      }
    },
    {
      "type": "Feature",
      "geometry": {
        "type": "Point",
        "coordinates": [
          19.8364586,
          45.2546785
        ]
      },
      "properties": {
        "id": "osm-w-1470013196",
        "category": "parking",
        "name": "Parking",
        "wheelchair": null,
        "fee": null,
        "opening_hours": null,
        "source": "osm"
      }
    },
    {
      "type": "Feature",
      "geometry": {
        "type": "Point",
        "coordinates": [
          19.8727978,
          45.2896989
        ]
      },
      "properties": {
        "id": "osm-w-1470915756",
        "category": "parking",
        "name": "Parking",
        "wheelchair": null,
        "fee": null,
        "opening_hours": null,
        "source": "osm"
      }
    },
    {
      "type": "Feature",
      "geometry": {
        "type": "Point",
        "coordinates": [
          19.8369433,
          45.2561625
        ]
      },
      "properties": {
        "id": "osm-w-1472516670",
        "category": "parking",
        "name": "Parking",
        "wheelchair": null,
        "fee": null,
        "opening_hours": null,
        "source": "osm"
      }
    },
    {
      "type": "Feature",
      "geometry": {
        "type": "Point",
        "coordinates": [
          19.8243893,
          45.2577063
        ]
      },
      "properties": {
        "id": "osm-w-1473496563",
        "category": "parking",
        "name": "Parking",
        "wheelchair": null,
        "fee": null,
        "opening_hours": null,
        "source": "osm"
      }
    },
    {
      "type": "Feature",
      "geometry": {
        "type": "Point",
        "coordinates": [
          19.8242828,
          45.2579246
        ]
      },
      "properties": {
        "id": "osm-w-1473496564",
        "category": "parking",
        "name": "Parking",
        "wheelchair": null,
        "fee": null,
        "opening_hours": null,
        "source": "osm"
      }
    },
    {
      "type": "Feature",
      "geometry": {
        "type": "Point",
        "coordinates": [
          19.824181,
          45.2581669
        ]
      },
      "properties": {
        "id": "osm-w-1473496565",
        "category": "parking",
        "name": "Parking",
        "wheelchair": null,
        "fee": null,
        "opening_hours": null,
        "source": "osm"
      }
    },
    {
      "type": "Feature",
      "geometry": {
        "type": "Point",
        "coordinates": [
          19.8501424,
          45.2459193
        ]
      },
      "properties": {
        "id": "osm-w-1475263009",
        "category": "parking",
        "name": "Parking",
        "wheelchair": null,
        "fee": null,
        "opening_hours": null,
        "source": "osm"
      }
    },
    {
      "type": "Feature",
      "geometry": {
        "type": "Point",
        "coordinates": [
          19.8503785,
          45.2455362
        ]
      },
      "properties": {
        "id": "osm-w-1475263010",
        "category": "parking",
        "name": "Parking",
        "wheelchair": null,
        "fee": null,
        "opening_hours": null,
        "source": "osm"
      }
    },
    {
      "type": "Feature",
      "geometry": {
        "type": "Point",
        "coordinates": [
          19.850166,
          45.2452985
        ]
      },
      "properties": {
        "id": "osm-w-1475417550",
        "category": "parking",
        "name": "Parking",
        "wheelchair": null,
        "fee": "no",
        "opening_hours": null,
        "source": "osm"
      }
    },
    {
      "type": "Feature",
      "geometry": {
        "type": "Point",
        "coordinates": [
          19.8499569,
          45.245629
        ]
      },
      "properties": {
        "id": "osm-w-1475417551",
        "category": "parking",
        "name": "Parking",
        "wheelchair": null,
        "fee": "no",
        "opening_hours": null,
        "source": "osm"
      }
    },
    {
      "type": "Feature",
      "geometry": {
        "type": "Point",
        "coordinates": [
          19.8310683,
          45.2361469
        ]
      },
      "properties": {
        "id": "osm-w-1477038629",
        "category": "parking",
        "name": "Parking",
        "wheelchair": null,
        "fee": "no",
        "opening_hours": null,
        "source": "osm"
      }
    },
    {
      "type": "Feature",
      "geometry": {
        "type": "Point",
        "coordinates": [
          19.8186124,
          45.2467974
        ]
      },
      "properties": {
        "id": "osm-w-1483121788",
        "category": "parking",
        "name": "Parking",
        "wheelchair": null,
        "fee": null,
        "opening_hours": null,
        "source": "osm"
      }
    },
    {
      "type": "Feature",
      "geometry": {
        "type": "Point",
        "coordinates": [
          19.8415856,
          45.2592351
        ]
      },
      "properties": {
        "id": "osm-w-1484537984",
        "category": "parking",
        "name": "\u0402\u043e\u0440\u0452\u0430 \u041c\u0430\u0440\u043a\u043e\u0432\u0438\u045b\u0430 \u041a\u043e\u0434\u0435\u0440\u0430 (858)",
        "wheelchair": null,
        "fee": "yes",
        "opening_hours": null,
        "source": "osm"
      }
    },
    {
      "type": "Feature",
      "geometry": {
        "type": "Point",
        "coordinates": [
          19.8339533,
          45.2360041
        ]
      },
      "properties": {
        "id": "osm-w-1504257518",
        "category": "parking",
        "name": "Parking",
        "wheelchair": null,
        "fee": null,
        "opening_hours": null,
        "source": "osm"
      }
    },
    {
      "type": "Feature",
      "geometry": {
        "type": "Point",
        "coordinates": [
          19.8445195,
          45.2389127
        ]
      },
      "properties": {
        "id": "osm-w-1506181850",
        "category": "parking",
        "name": "Parking",
        "wheelchair": null,
        "fee": "yes",
        "opening_hours": null,
        "source": "osm"
      }
    }
  ]
}