{
  "type": "FeatureCollection",
  "features": [
    {
      "type": "Feature",
      "geometry": {
        "type": "Point",
        "coordinates": [
          -83.9342652,
          39.707331
        ]
      },
      "properties": {
        "id": "osm-n-1422748359",
        "category": "fuel",
        "name": "Shell",
        "wheelchair": null,
        "fee": null,
        "opening_hours": null,
        "source": "osm"
      }
    },
    {
      "type": "Feature",
      "geometry": {
        "type": "Point",
        "coordinates": [
          -83.9319924,
          39.6950238
        ]
      },
      "properties": {
        "id": "osm-n-1422748384",
        "category": "fuel",
        "name": "Speedway",
        "wheelchair": null,
        "fee": null,
        "opening_hours": null,
        "source": "osm"
      }
    },
    {
      "type": "Feature",
      "geometry": {
        "type": "Point",
        "coordinates": [
          -83.937913,
          39.6927329
        ]
      },
      "properties": {
        "id": "osm-n-1821769564",
        "category": "parking",
        "name": "Parking",
        "wheelchair": null,
        "fee": null,
        "opening_hours": null,
        "source": "osm"
      }
    },
    {
      "type": "Feature",
      "geometry": {
        "type": "Point",
        "coordinates": [
          -83.9290598,
          39.6678851
        ]
      },
      "properties": {
        "id": "osm-n-3099978790",
        "category": "parking",
        "name": "Parking",
        "wheelchair": null,
        "fee": null,
        "opening_hours": null,
        "source": "osm"
      }
    },
    {
      "type": "Feature",
      "geometry": {
        "type": "Point",
        "coordinates": [
          -83.9275041,
          39.6663036
        ]
      },
      "properties": {
        "id": "osm-n-3099978791",
        "category": "parking",
        "name": "Parking",
        "wheelchair": null,
        "fee": null,
        "opening_hours": null,
        "source": "osm"
      }
    },
    {
      "type": "Feature",
      "geometry": {
        "type": "Point",
        "coordinates": [
          -83.9269569,
          39.666605
        ]
      },
      "properties": {
        "id": "osm-n-3099978792",
        "category": "parking",
        "name": "Parking",
        "wheelchair": null,
        "fee": null,
        "opening_hours": null,
        "source": "osm"
      }
    },
    {
      "type": "Feature",
      "geometry": {
        "type": "Point",
        "coordinates": [
          -83.9273915,
          39.6655231
        ]
      },
      "properties": {
        "id": "osm-n-3099978798",
        "category": "parking",
        "name": "Parking",
        "wheelchair": null,
        "fee": null,
        "opening_hours": null,
        "source": "osm"
      }
    },
    {
      "type": "Feature",
      "geometry": {
        "type": "Point",
        "coordinates": [
          -83.929046,
          39.6912905
        ]
      },
      "properties": {
        "id": "osm-n-5021638723",
        "category": "water",
        "name": "Water",
        "wheelchair": null,
        "fee": null,
        "opening_hours": null,
        "source": "osm"
      }
    },
    {
      "type": "Feature",
      "geometry": {
        "type": "Point",
        "coordinates": [
          -83.928863,
          39.6848901
        ]
      },
      "properties": {
        "id": "osm-n-5819900197",
        "category": "shop",
        "name": "General Store",
        "wheelchair": null,
        "fee": null,
        "opening_hours": null,
        "source": "osm"
      }
    },
    {
      "type": "Feature",
      "geometry": {
        "type": "Point",
        "coordinates": [
          -83.9278305,
          39.6849984
        ]
      },
      "properties": {
        "id": "osm-n-5819900206",
        "category": "cafe",
        "name": "One Bistro",
        "wheelchair": null,
        "fee": null,
        "opening_hours": null,
        "source": "osm"
      }
    },
    {
      "type": "Feature",
      "geometry": {
        "type": "Point",
        "coordinates": [
          -83.9311845,
          39.6803018
        ]
      },
      "properties": {
        "id": "osm-n-6814599625",
        "category": "water",
        "name": "Water",
        "wheelchair": "yes",
        "fee": "no",
        "opening_hours": null,
        "source": "osm"
      }
    },
    {
      "type": "Feature",
      "geometry": {
        "type": "Point",
        "coordinates": [
          -83.9312809,
          39.6802535
        ]
      },
      "properties": {
        "id": "osm-n-6814619153",
        "category": "toilet",
        "name": "Toilet",
        "wheelchair": "yes",
        "fee": null,
        "opening_hours": null,
        "source": "osm"
      }
    },
    {
      "type": "Feature",
      "geometry": {
        "type": "Point",
        "coordinates": [
          -83.9291873,
          39.6659038
        ]
      },
      "properties": {
        "id": "osm-n-7924548434",
        "category": "parking",
        "name": "Parking",
        "wheelchair": null,
        "fee": null,
        "opening_hours": null,
        "source": "osm"
      }
    },
    {
      "type": "Feature",
      "geometry": {
        "type": "Point",
        "coordinates": [
          -83.9314404,
          39.6682864
        ]
      },
      "properties": {
        "id": "osm-n-7924548526",
        "category": "parking",
        "name": "Parking",
        "wheelchair": null,
        "fee": null,
        "opening_hours": null,
        "source": "osm"
      }
    },
    {
      "type": "Feature",
      "geometry": {
        "type": "Point",
        "coordinates": [
          -83.9205879,
          39.6700179
        ]
      },
      "properties": {
        "id": "osm-n-7924886236",
        "category": "parking",
        "name": "Parking",
        "wheelchair": null,
        "fee": null,
        "opening_hours": null,
        "source": "osm"
      }
    },
    {
      "type": "Feature",
      "geometry": {
        "type": "Point",
        "coordinates": [
          -83.9197377,
          39.6676446
        ]
      },
      "properties": {
        "id": "osm-n-7924886257",
        "category": "parking",
        "name": "Parking",
        "wheelchair": null,
        "fee": null,
        "opening_hours": null,
        "source": "osm"
      }
    },
    {
      "type": "Feature",
      "geometry": {
        "type": "Point",
        "coordinates": [
          -83.9228893,
          39.670131
        ]
      },
      "properties": {
        "id": "osm-n-7924886453",
        "category": "parking",
        "name": "Parking",
        "wheelchair": null,
        "fee": null,
        "opening_hours": null,
        "source": "osm"
      }
    },
    {
      "type": "Feature",
      "geometry": {
        "type": "Point",
        "coordinates": [
          -83.9221946,
          39.6686486
        ]
      },
      "properties": {
        "id": "osm-n-7924886454",
        "category": "parking",
        "name": "Parking",
        "wheelchair": null,
        "fee": null,
        "opening_hours": null,
        "source": "osm"
      }
    },
    {
      "type": "Feature",
      "geometry": {
        "type": "Point",
        "coordinates": [
          -83.9224574,
          39.6681118
        ]
      },
      "properties": {
        "id": "osm-n-7924886455",
        "category": "parking",
        "name": "Parking",
        "wheelchair": null,
        "fee": null,
        "opening_hours": null,
        "source": "osm"
      }
    },
    {
      "type": "Feature",
      "geometry": {
        "type": "Point",
        "coordinates": [
          -83.9240024,
          39.6662495
        ]
      },
      "properties": {
        "id": "osm-n-7924886464",
        "category": "parking",
        "name": "Parking",
        "wheelchair": null,
        "fee": null,
        "opening_hours": null,
        "source": "osm"
      }
    },
    {
      "type": "Feature",
      "geometry": {
        "type": "Point",
        "coordinates": [
          -83.9354387,
          39.6840552
        ]
      },
      "properties": {
        "id": "osm-n-9781980061",
        "category": "fuel",
        "name": "Speedway",
        "wheelchair": null,
        "fee": null,
        "opening_hours": null,
        "source": "osm"
      }
    },
    {
      "type": "Feature",
      "geometry": {
        "type": "Point",
        "coordinates": [
          -83.935397,
          39.6838784
        ]
      },
      "properties": {
        "id": "osm-n-9781980062",
        "category": "shop",
        "name": "Speedway",
        "wheelchair": null,
        "fee": null,
        "opening_hours": null,
        "source": "osm"
      }
    },
    {
      "type": "Feature",
      "geometry": {
        "type": "Point",
        "coordinates": [
          -83.9321472,
          39.6952673
        ]
      },
      "properties": {
        "id": "osm-n-9782011600",
        "category": "shop",
        "name": "Speedway",
        "wheelchair": null,
        "fee": null,
        "opening_hours": null,
        "source": "osm"
      }
    },
    {
      "type": "Feature",
      "geometry": {
        "type": "Point",
        "coordinates": [
          -83.9381995,
          39.692736
        ]
      },
      "properties": {
        "id": "osm-n-9862474992",
        "category": "toilet",
        "name": "Toilet",
        "wheelchair": null,
        "fee": null,
        "opening_hours": null,
        "source": "osm"
      }
    },
    {
      "type": "Feature",
      "geometry": {
        "type": "Point",
        "coordinates": [
          -83.9279435,
          39.684968
        ]
      },
      "properties": {
        "id": "osm-n-10390371309",
        "category": "cafe",
        "name": "Coffee Hub",
        "wheelchair": null,
        "fee": null,
        "opening_hours": null,
        "source": "osm"
      }
    },
    {
      "type": "Feature",
      "geometry": {
        "type": "Point",
        "coordinates": [
          -83.9392276,
          39.6998665
        ]
      },
      "properties": {
        "id": "osm-n-11844796703",
        "category": "info",
        "name": "Ham Forum 1",
        "wheelchair": null,
        "fee": null,
        "opening_hours": null,
        "source": "osm"
      }
    },
    {
      "type": "Feature",
      "geometry": {
        "type": "Point",
        "coordinates": [
          -83.9395283,
          39.6995734
        ]
      },
      "properties": {
        "id": "osm-n-11844796704",
        "category": "info",
        "name": "Ham Forum 2",
        "wheelchair": null,
        "fee": null,
        "opening_hours": null,
        "source": "osm"
      }
    },
    {
      "type": "Feature",
      "geometry": {
        "type": "Point",
        "coordinates": [
          -83.9386863,
          39.6994886
        ]
      },
      "properties": {
        "id": "osm-n-11844796705",
        "category": "info",
        "name": "Ham Forum 3",
        "wheelchair": null,
        "fee": null,
        "opening_hours": null,
        "source": "osm"
      }
    },
    {
      "type": "Feature",
      "geometry": {
        "type": "Point",
        "coordinates": [
          -83.938967,
          39.7004279
        ]
      },
      "properties": {
        "id": "osm-n-11844796706",
        "category": "info",
        "name": "Building 1,  Maxim",
        "wheelchair": null,
        "fee": null,
        "opening_hours": null,
        "source": "osm"
      }
    },
    {
      "type": "Feature",
      "geometry": {
        "type": "Point",
        "coordinates": [
          -83.9383275,
          39.7002104
        ]
      },
      "properties": {
        "id": "osm-n-11844796707",
        "category": "info",
        "name": "Building 2,  Tesla",
        "wheelchair": null,
        "fee": null,
        "opening_hours": null,
        "source": "osm"
      }
    },
    {
      "type": "Feature",
      "geometry": {
        "type": "Point",
        "coordinates": [
          -83.9379326,
          39.6997847
        ]
      },
      "properties": {
        "id": "osm-n-11844796708",
        "category": "info",
        "name": "Building 1,  Marconi",
        "wheelchair": null,
        "fee": null,
        "opening_hours": null,
        "source": "osm"
      }
    },
    {
      "type": "Feature",
      "geometry": {
        "type": "Point",
        "coordinates": [
          -83.9382112,
          39.6990906
        ]
      },
      "properties": {
        "id": "osm-n-11844796709",
        "category": "info",
        "name": "Building 4,  Volta",
        "wheelchair": null,
        "fee": null,
        "opening_hours": null,
        "source": "osm"
      }
    },
    {
      "type": "Feature",
      "geometry": {
        "type": "Point",
        "coordinates": [
          -83.9385079,
          39.6992587
        ]
      },
      "properties": {
        "id": "osm-n-11844796710",
        "category": "info",
        "name": "Building 5,  Hertz",
        "wheelchair": null,
        "fee": null,
        "opening_hours": null,
        "source": "osm"
      }
    },
    {
      "type": "Feature",
      "geometry": {
        "type": "Point",
        "coordinates": [
          -83.9349823,
          39.723068
        ]
      },
      "properties": {
        "id": "osm-n-11961645051",
        "category": "toilet",
        "name": "Toilet",
        "wheelchair": null,
        "fee": null,
        "opening_hours": null,
        "source": "osm"
      }
    },
    {
      "type": "Feature",
      "geometry": {
        "type": "Point",
        "coordinates": [
          -83.9350901,
          39.7225905
        ]
      },
      "properties": {
        "id": "osm-n-11961645068",
        "category": "info",
        "name": "Info",
        "wheelchair": null,
        "fee": null,
        "opening_hours": null,
        "source": "osm"
      }
    },
    {
      "type": "Feature",
      "geometry": {
        "type": "Point",
        "coordinates": [
          -83.9604095,
          39.6892628
        ]
      },
      "properties": {
        "id": "osm-n-12597159601",
        "category": "fuel",
        "name": "Kroger Gas Station",
        "wheelchair": null,
        "fee": null,
        "opening_hours": "24/7",
        "source": "osm"
      }
    },
    {
      "type": "Feature",
      "geometry": {
        "type": "Point",
        "coordinates": [
          -83.9324121,
          39.6798266
        ]
      },
      "properties": {
        "id": "osm-w-128843496",
        "category": "parking",
        "name": "Parking",
        "wheelchair": null,
        "fee": null,
        "opening_hours": null,
        "source": "osm"
      }
    },
    {
      "type": "Feature",
      "geometry": {
        "type": "Point",
        "coordinates": [
          -83.9250549,
          39.7081991
        ]
      },
      "properties": {
        "id": "osm-w-142455266",
        "category": "parking",
        "name": "Bus Yard",
        "wheelchair": null,
        "fee": null,
        "opening_hours": null,
        "source": "osm"
      }
    },
    {
      "type": "Feature",
      "geometry": {
        "type": "Point",
        "coordinates": [
          -83.926801,
          39.7009183
        ]
      },
      "properties": {
        "id": "osm-w-142455268",
        "category": "hospital",
        "name": "Greene Memorial Hospital",
        "wheelchair": null,
        "fee": null,
        "opening_hours": "24/7",
        "source": "osm"
      }
    },
    {
      "type": "Feature",
      "geometry": {
        "type": "Point",
        "coordinates": [
          -83.9304537,
          39.6802009
        ]
      },
      "properties": {
        "id": "osm-w-168399735",
        "category": "parking",
        "name": "Parking",
        "wheelchair": null,
        "fee": "no",
        "opening_hours": null,
        "source": "osm"
      }
    },
    {
      "type": "Feature",
      "geometry": {
        "type": "Point",
        "coordinates": [
          -83.9640939,
          39.6885759
        ]
      },
      "properties": {
        "id": "osm-w-229129478",
        "category": "shop",
        "name": "Shop",
        "wheelchair": null,
        "fee": null,
        "opening_hours": null,
        "source": "osm"
      }
    },
    {
      "type": "Feature",
      "geometry": {
        "type": "Point",
        "coordinates": [
          -83.9668181,
          39.6896988
        ]
      },
      "properties": {
        "id": "osm-w-229129525",
        "category": "fuel",
        "name": "Murphy USA",
        "wheelchair": null,
        "fee": null,
        "opening_hours": null,
        "source": "osm"
      }
    },
    {
      "type": "Feature",
      "geometry": {
        "type": "Point",
        "coordinates": [
          -83.9627766,
          39.6815
        ]
      },
      "properties": {
        "id": "osm-w-229129540",
        "category": "fuel",
        "name": "Fuel",
        "wheelchair": null,
        "fee": null,
        "opening_hours": null,
        "source": "osm"
      }
    },
    {
      "type": "Feature",
      "geometry": {
        "type": "Point",
        "coordinates": [
          -83.9637445,
          39.6885007
        ]
      },
      "properties": {
        "id": "osm-w-229129545",
        "category": "fuel",
        "name": "Marathon",
        "wheelchair": null,
        "fee": null,
        "opening_hours": null,
        "source": "osm"
      }
    },
    {
      "type": "Feature",
      "geometry": {
        "type": "Point",
        "coordinates": [
          -83.9625747,
          39.6931331
        ]
      },
      "properties": {
        "id": "osm-w-240893263",
        "category": "fuel",
        "name": "Fuel",
        "wheelchair": null,
        "fee": null,
        "opening_hours": null,
        "source": "osm"
      }
    },
    {
      "type": "Feature",
      "geometry": {
        "type": "Point",
        "coordinates": [
          -83.9387955,
          39.7043285
        ]
      },
      "properties": {
        "id": "osm-w-261414454",
        "category": "parking",
        "name": "Parking",
        "wheelchair": null,
        "fee": null,
        "opening_hours": null,
        "source": "osm"
      }
    },
    {
      "type": "Feature",
      "geometry": {
        "type": "Point",
        "coordinates": [
          -83.9404047,
          39.6843491
        ]
      },
      "properties": {
        "id": "osm-w-305375723",
        "category": "cafe",
        "name": "Tim Hortons",
        "wheelchair": null,
        "fee": null,
        "opening_hours": "Mo-We 05:00-19:00; Fr-Sa 05:00-19:00; Su 05:00-17:00",
        "source": "osm"
      }
    },
    {
      "type": "Feature",
      "geometry": {
        "type": "Point",
        "coordinates": [
          -83.9393227,
          39.6831042
        ]
      },
      "properties": {
        "id": "osm-w-305375732",
        "category": "fuel",
        "name": "Fuel",
        "wheelchair": null,
        "fee": null,
        "opening_hours": null,
        "source": "osm"
      }
    },
    {
      "type": "Feature",
      "geometry": {
        "type": "Point",
        "coordinates": [
          -83.9353838,
          39.6848969
        ]
      },
      "properties": {
        "id": "osm-w-305375746",
        "category": "shop",
        "name": "Shop",
        "wheelchair": null,
        "fee": null,
        "opening_hours": null,
        "source": "osm"
      }
    },
    {
      "type": "Feature",
      "geometry": {
        "type": "Point",
        "coordinates": [
          -83.9353241,
          39.684705
        ]
      },
      "properties": {
        "id": "osm-w-305375747",
        "category": "fuel",
        "name": "Fuel",
        "wheelchair": null,
        "fee": null,
        "opening_hours": null,
        "source": "osm"
      }
    },
    {
      "type": "Feature",
      "geometry": {
        "type": "Point",
        "coordinates": [
          -83.9354871,
          39.6836165
        ]
      },
      "properties": {
        "id": "osm-w-305375751",
        "category": "shop",
        "name": "United Dairy Farmers",
        "wheelchair": null,
        "fee": null,
        "opening_hours": null,
        "source": "osm"
      }
    },
    {
      "type": "Feature",
      "geometry": {
        "type": "Point",
        "coordinates": [
          -83.9431937,
          39.6871603
        ]
      },
      "properties": {
        "id": "osm-w-305375771",
        "category": "shop",
        "name": "Shop",
        "wheelchair": null,
        "fee": null,
        "opening_hours": null,
        "source": "osm"
      }
    },
    {
      "type": "Feature",
      "geometry": {
        "type": "Point",
        "coordinates": [
          -83.9433179,
          39.687341
        ]
      },
      "properties": {
        "id": "osm-w-305375772",
        "category": "fuel",
        "name": "Sunoco",
        "wheelchair": null,
        "fee": null,
        "opening_hours": null,
        "source": "osm"
      }
    },
    {
      "type": "Feature",
      "geometry": {
        "type": "Point",
        "coordinates": [
          -83.9289959,
          39.6912315
        ]
      },
      "properties": {
        "id": "osm-w-513821962",
        "category": "toilet",
        "name": "Toilet",
        "wheelchair": "no",
        "fee": null,
        "opening_hours": null,
        "source": "osm"
      }
    },
    {
      "type": "Feature",
      "geometry": {
        "type": "Point",
        "coordinates": [
          -83.9276297,
          39.6877592
        ]
      },
      "properties": {
        "id": "osm-w-610122907",
        "category": "parking",
        "name": "Parking",
        "wheelchair": null,
        "fee": null,
        "opening_hours": null,
        "source": "osm"
      }
    },
    {
      "type": "Feature",
      "geometry": {
        "type": "Point",
        "coordinates": [
          -83.928095,
          39.6855737
        ]
      },
      "properties": {
        "id": "osm-w-610872022",
        "category": "parking",
        "name": "Parking",
        "wheelchair": null,
        "fee": null,
        "opening_hours": null,
        "source": "osm"
      }
    },
    {
      "type": "Feature",
      "geometry": {
        "type": "Point",
        "coordinates": [
          -83.9270738,
          39.6856769
        ]
      },
      "properties": {
        "id": "osm-w-610872023",
        "category": "parking",
        "name": "Parking",
        "wheelchair": null,
        "fee": null,
        "opening_hours": null,
        "source": "osm"
      }
    },
    {
      "type": "Feature",
      "geometry": {
        "type": "Point",
        "coordinates": [
          -83.9320403,
          39.6855407
        ]
      },
      "properties": {
        "id": "osm-w-610872024",
        "category": "parking",
        "name": "Parking",
        "wheelchair": null,
        "fee": null,
        "opening_hours": null,
        "source": "osm"
      }
    },
    {
      "type": "Feature",
      "geometry": {
        "type": "Point",
        "coordinates": [
          -83.9301515,
          39.6854626
        ]
      },
      "properties": {
        "id": "osm-w-610872025",
        "category": "parking",
        "name": "Parking",
        "wheelchair": null,
        "fee": null,
        "opening_hours": null,
        "source": "osm"
      }
    },
    {
      "type": "Feature",
      "geometry": {
        "type": "Point",
        "coordinates": [
          -83.9345585,
          39.6852599
        ]
      },
      "properties": {
        "id": "osm-w-610872032",
        "category": "parking",
        "name": "Parking",
        "wheelchair": null,
        "fee": null,
        "opening_hours": null,
        "source": "osm"
      }
    },
    {
      "type": "Feature",
      "geometry": {
        "type": "Point",
        "coordinates": [
          -83.9342736,
          39.6861077
        ]
      },
      "properties": {
        "id": "osm-w-610872033",
        "category": "parking",
        "name": "Parking",
        "wheelchair": null,
        "fee": null,
        "opening_hours": null,
        "source": "osm"
      }
    },
    {
      "type": "Feature",
      "geometry": {
        "type": "Point",
        "coordinates": [
          -83.9271204,
          39.686903
        ]
      },
      "properties": {
        "id": "osm-w-610872036",
        "category": "parking",
        "name": "Parking",
        "wheelchair": null,
        "fee": null,
        "opening_hours": null,
        "source": "osm"
      }
    },
    {
      "type": "Feature",
      "geometry": {
        "type": "Point",
        "coordinates": [
          -83.9302189,
          39.6867003
        ]
      },
      "properties": {
        "id": "osm-w-610876788",
        "category": "parking",
        "name": "Parking",
        "wheelchair": null,
        "fee": null,
        "opening_hours": null,
        "source": "osm"
      }
    },
    {
      "type": "Feature",
      "geometry": {
        "type": "Point",
        "coordinates": [
          -83.9293708,
          39.6868618
        ]
      },
      "properties": {
        "id": "osm-w-610876789",
        "category": "parking",
        "name": "Parking",
        "wheelchair": null,
        "fee": null,
        "opening_hours": null,
        "source": "osm"
      }
    },
    {
      "type": "Feature",
      "geometry": {
        "type": "Point",
        "coordinates": [
          -83.9291726,
          39.6865302
        ]
      },
      "properties": {
        "id": "osm-w-610876790",
        "category": "parking",
        "name": "Parking",
        "wheelchair": null,
        "fee": null,
        "opening_hours": null,
        "source": "osm"
      }
    },
    {
      "type": "Feature",
      "geometry": {
        "type": "Point",
        "coordinates": [
          -83.9285917,
          39.6843411
        ]
      },
      "properties": {
        "id": "osm-w-610876806",
        "category": "parking",
        "name": "Parking",
        "wheelchair": null,
        "fee": null,
        "opening_hours": null,
        "source": "osm"
      }
    },
    {
      "type": "Feature",
      "geometry": {
        "type": "Point",
        "coordinates": [
          -83.9283172,
          39.6869384
        ]
      },
      "properties": {
        "id": "osm-w-610876818",
        "category": "parking",
        "name": "Parking",
        "wheelchair": null,
        "fee": null,
        "opening_hours": null,
        "source": "osm"
      }
    },
    {
      "type": "Feature",
      "geometry": {
        "type": "Point",
        "coordinates": [
          -83.9303297,
          39.6874781
        ]
      },
      "properties": {
        "id": "osm-w-610876820",
        "category": "parking",
        "name": "Parking",
        "wheelchair": null,
        "fee": null,
        "opening_hours": null,
        "source": "osm"
      }
    },
    {
      "type": "Feature",
      "geometry": {
        "type": "Point",
        "coordinates": [
          -83.9317676,
          39.6943219
        ]
      },
      "properties": {
        "id": "osm-w-610880874",
        "category": "parking",
        "name": "Parking",
        "wheelchair": null,
        "fee": null,
        "opening_hours": null,
        "source": "osm"
      }
    },
    {
      "type": "Feature",
      "geometry": {
        "type": "Point",
        "coordinates": [
          -83.9316607,
          39.6938775
        ]
      },
      "properties": {
        "id": "osm-w-610880875",
        "category": "parking",
        "name": "Parking",
        "wheelchair": null,
        "fee": null,
        "opening_hours": null,
        "source": "osm"
      }
    },
    {
      "type": "Feature",
      "geometry": {
        "type": "Point",
        "coordinates": [
          -83.9313937,
          39.6935462
        ]
      },
      "properties": {
        "id": "osm-w-610880876",
        "category": "parking",
        "name": "Parking",
        "wheelchair": null,
        "fee": null,
        "opening_hours": null,
        "source": "osm"
      }
    },
    {
      "type": "Feature",
      "geometry": {
        "type": "Point",
        "coordinates": [
          -83.9315102,
          39.6932787
        ]
      },
      "properties": {
        "id": "osm-w-610880877",
        "category": "parking",
        "name": "Parking",
        "wheelchair": null,
        "fee": null,
        "opening_hours": null,
        "source": "osm"
      }
    },
    {
      "type": "Feature",
      "geometry": {
        "type": "Point",
        "coordinates": [
          -83.9315355,
          39.6929253
        ]
      },
      "properties": {
        "id": "osm-w-610880878",
        "category": "parking",
        "name": "Parking",
        "wheelchair": null,
        "fee": null,
        "opening_hours": null,
        "source": "osm"
      }
    },
    {
      "type": "Feature",
      "geometry": {
        "type": "Point",
        "coordinates": [
          -83.9313026,
          39.6927056
        ]
      },
      "properties": {
        "id": "osm-w-610880879",
        "category": "parking",
        "name": "Parking",
        "wheelchair": null,
        "fee": null,
        "opening_hours": null,
        "source": "osm"
      }
    },
    {
      "type": "Feature",
      "geometry": {
        "type": "Point",
        "coordinates": [
          -83.9312022,
          39.6923011
        ]
      },
      "properties": {
        "id": "osm-w-610880880",
        "category": "parking",
        "name": "Parking",
        "wheelchair": null,
        "fee": null,
        "opening_hours": null,
        "source": "osm"
      }
    },
    {
      "type": "Feature",
      "geometry": {
        "type": "Point",
        "coordinates": [
          -83.9311044,
          39.6919738
        ]
      },
      "properties": {
        "id": "osm-w-610880881",
        "category": "parking",
        "name": "Parking",
        "wheelchair": null,
        "fee": null,
        "opening_hours": null,
        "source": "osm"
      }
    },
    {
      "type": "Feature",
      "geometry": {
        "type": "Point",
        "coordinates": [
          -83.9312181,
          39.6918246
        ]
      },
      "properties": {
        "id": "osm-w-610880882",
        "category": "parking",
        "name": "Parking",
        "wheelchair": null,
        "fee": null,
        "opening_hours": null,
        "source": "osm"
      }
    },
    {
      "type": "Feature",
      "geometry": {
        "type": "Point",
        "coordinates": [
          -83.9310722,
          39.6916626
        ]
      },
      "properties": {
        "id": "osm-w-610880883",
        "category": "parking",
        "name": "Parking",
        "wheelchair": null,
        "fee": null,
        "opening_hours": null,
        "source": "osm"
      }
    },
    {
      "type": "Feature",
      "geometry": {
        "type": "Point",
        "coordinates": [
          -83.9311322,
          39.6915346
        ]
      },
      "properties": {
        "id": "osm-w-610880884",
        "category": "parking",
        "name": "Parking",
        "wheelchair": null,
        "fee": null,
        "opening_hours": null,
        "source": "osm"
      }
    },
    {
      "type": "Feature",
      "geometry": {
        "type": "Point",
        "coordinates": [
          -83.9309297,
          39.6910964
        ]
      },
      "properties": {
        "id": "osm-w-610880885",
        "category": "parking",
        "name": "Parking",
        "wheelchair": null,
        "fee": null,
        "opening_hours": null,
        "source": "osm"
      }
    },
    {
      "type": "Feature",
      "geometry": {
        "type": "Point",
        "coordinates": [
          -83.9309762,
          39.6907636
        ]
      },
      "properties": {
        "id": "osm-w-610880886",
        "category": "parking",
        "name": "Parking",
        "wheelchair": null,
        "fee": null,
        "opening_hours": null,
        "source": "osm"
      }
    },
    {
      "type": "Feature",
      "geometry": {
        "type": "Point",
        "coordinates": [
          -83.9308179,
          39.6902999
        ]
      },
      "properties": {
        "id": "osm-w-610880887",
        "category": "parking",
        "name": "Parking",
        "wheelchair": null,
        "fee": null,
        "opening_hours": null,
        "source": "osm"
      }
    },
    {
      "type": "Feature",
      "geometry": {
        "type": "Point",
        "coordinates": [
          -83.9306015,
          39.6899322
        ]
      },
      "properties": {
        "id": "osm-w-610880888",
        "category": "parking",
        "name": "Parking",
        "wheelchair": null,
        "fee": null,
        "opening_hours": null,
        "source": "osm"
      }
    },
    {
      "type": "Feature",
      "geometry": {
        "type": "Point",
        "coordinates": [
          -83.9306253,
          39.6892877
        ]
      },
      "properties": {
        "id": "osm-w-610880889",
        "category": "parking",
        "name": "Parking",
        "wheelchair": null,
        "fee": null,
        "opening_hours": null,
        "source": "osm"
      }
    },
    {
      "type": "Feature",
      "geometry": {
        "type": "Point",
        "coordinates": [
          -83.9307107,
          39.6889549
        ]
      },
      "properties": {
        "id": "osm-w-610880890",
        "category": "parking",
        "name": "Parking",
        "wheelchair": null,
        "fee": null,
        "opening_hours": null,
        "source": "osm"
      }
    },
    {
      "type": "Feature",
      "geometry": {
        "type": "Point",
        "coordinates": [
          -83.9306356,
          39.6883003
        ]
      },
      "properties": {
        "id": "osm-w-610880891",
        "category": "parking",
        "name": "Parking",
        "wheelchair": null,
        "fee": null,
        "opening_hours": null,
        "source": "osm"
      }
    },
    {
      "type": "Feature",
      "geometry": {
        "type": "Point",
        "coordinates": [
          -83.9320858,
          39.7044276
        ]
      },
      "properties": {
        "id": "osm-w-613101972",
        "category": "parking",
        "name": "Parking",
        "wheelchair": null,
        "fee": null,
        "opening_hours": null,
        "source": "osm"
      }
    },
    {
      "type": "Feature",
      "geometry": {
        "type": "Point",
        "coordinates": [
          -83.9258351,
          39.7047812
        ]
      },
      "properties": {
        "id": "osm-w-615449353",
        "category": "parking",
        "name": "Parking",
        "wheelchair": null,
        "fee": null,
        "opening_hours": null,
        "source": "osm"
      }
    },
    {
      "type": "Feature",
      "geometry": {
        "type": "Point",
        "coordinates": [
          -83.9240957,
          39.704792
        ]
      },
      "properties": {
        "id": "osm-w-615449362",
        "category": "parking",
        "name": "Parking",
        "wheelchair": null,
        "fee": null,
        "opening_hours": null,
        "source": "osm"
      }
    },
    {
      "type": "Feature",
      "geometry": {
        "type": "Point",
        "coordinates": [
          -83.9332057,
          39.7072127
        ]
      },
      "properties": {
        "id": "osm-w-615449377",
        "category": "parking",
        "name": "Parking",
        "wheelchair": null,
        "fee": null,
        "opening_hours": null,
        "source": "osm"
      }
    },
    {
      "type": "Feature",
      "geometry": {
        "type": "Point",
        "coordinates": [
          -83.9300823,
          39.6991088
        ]
      },
      "properties": {
        "id": "osm-w-615449397",
        "category": "parking",
        "name": "Parking",
        "wheelchair": null,
        "fee": null,
        "opening_hours": null,
        "source": "osm"
      }
    },
    {
      "type": "Feature",
      "geometry": {
        "type": "Point",
        "coordinates": [
          -83.929773,
          39.699584
        ]
      },
      "properties": {
        "id": "osm-w-615449398",
        "category": "parking",
        "name": "Parking",
        "wheelchair": null,
        "fee": null,
        "opening_hours": null,
        "source": "osm"
      }
    },
    {
      "type": "Feature",
      "geometry": {
        "type": "Point",
        "coordinates": [
          -83.9289509,
          39.699469
        ]
      },
      "properties": {
        "id": "osm-w-615449399",
        "category": "parking",
        "name": "Parking",
        "wheelchair": null,
        "fee": null,
        "opening_hours": null,
        "source": "osm"
      }
    },
    {
      "type": "Feature",
      "geometry": {
        "type": "Point",
        "coordinates": [
          -83.9292747,
          39.7000567
        ]
      },
      "properties": {
        "id": "osm-w-615449402",
        "category": "parking",
        "name": "Parking",
        "wheelchair": null,
        "fee": null,
        "opening_hours": null,
        "source": "osm"
      }
    },
    {
      "type": "Feature",
      "geometry": {
        "type": "Point",
        "coordinates": [
          -83.9293358,
          39.7005438
        ]
      },
      "properties": {
        "id": "osm-w-615449403",
        "category": "parking",
        "name": "Parking",
        "wheelchair": null,
        "fee": null,
        "opening_hours": null,
        "source": "osm"
      }
    },
    {
      "type": "Feature",
      "geometry": {
        "type": "Point",
        "coordinates": [
          -83.9293557,
          39.7009471
        ]
      },
      "properties": {
        "id": "osm-w-615449404",
        "category": "parking",
        "name": "Parking",
        "wheelchair": null,
        "fee": null,
        "opening_hours": null,
        "source": "osm"
      }
    },
    {
      "type": "Feature",
      "geometry": {
        "type": "Point",
        "coordinates": [
          -83.9298003,
          39.7014487
        ]
      },
      "properties": {
        "id": "osm-w-615449405",
        "category": "parking",
        "name": "Parking",
        "wheelchair": null,
        "fee": null,
        "opening_hours": null,
        "source": "osm"
      }
    },
    {
      "type": "Feature",
      "geometry": {
        "type": "Point",
        "coordinates": [
          -83.9302799,
          39.7002259
        ]
      },
      "properties": {
        "id": "osm-w-615449409",
        "category": "parking",
        "name": "Parking",
        "wheelchair": null,
        "fee": null,
        "opening_hours": null,
        "source": "osm"
      }
    },
    {
      "type": "Feature",
      "geometry": {
        "type": "Point",
        "coordinates": [
          -83.9299771,
          39.6953715
        ]
      },
      "properties": {
        "id": "osm-w-615449412",
        "category": "parking",
        "name": "Parking",
        "wheelchair": null,
        "fee": null,
        "opening_hours": null,
        "source": "osm"
      }
    },
    {
      "type": "Feature",
      "geometry": {
        "type": "Point",
        "coordinates": [
          -83.9263916,
          39.6894541
        ]
      },
      "properties": {
        "id": "osm-w-615449417",
        "category": "parking",
        "name": "Parking",
        "wheelchair": null,
        "fee": null,
        "opening_hours": null,
        "source": "osm"
      }
    },
    {
      "type": "Feature",
      "geometry": {
        "type": "Point",
        "coordinates": [
          -83.9260268,
          39.690545
        ]
      },
      "properties": {
        "id": "osm-w-615449418",
        "category": "parking",
        "name": "Parking",
        "wheelchair": null,
        "fee": null,
        "opening_hours": null,
        "source": "osm"
      }
    },
    {
      "type": "Feature",
      "geometry": {
        "type": "Point",
        "coordinates": [
          -83.9278539,
          39.6883591
        ]
      },
      "properties": {
        "id": "osm-w-615462097",
        "category": "parking",
        "name": "Parking",
        "wheelchair": null,
        "fee": null,
        "opening_hours": null,
        "source": "osm"
      }
    },
    {
      "type": "Feature",
      "geometry": {
        "type": "Point",
        "coordinates": [
          -83.92613,
          39.6868628
        ]
      },
      "properties": {
        "id": "osm-w-615462100",
        "category": "parking",
        "name": "Parking",
        "wheelchair": null,
        "fee": null,
        "opening_hours": null,
        "source": "osm"
      }
    },
    {
      "type": "Feature",
      "geometry": {
        "type": "Point",
        "coordinates": [
          -83.9325352,
          39.7117056
        ]
      },
      "properties": {
        "id": "osm-w-615462125",
        "category": "parking",
        "name": "Parking",
        "wheelchair": null,
        "fee": null,
        "opening_hours": null,
        "source": "osm"
      }
    },
    {
      "type": "Feature",
      "geometry": {
        "type": "Point",
        "coordinates": [
          -83.9337383,
          39.7082686
        ]
      },
      "properties": {
        "id": "osm-w-615617890",
        "category": "parking",
        "name": "Parking",
        "wheelchair": null,
        "fee": null,
        "opening_hours": null,
        "source": "osm"
      }
    },
    {
      "type": "Feature",
      "geometry": {
        "type": "Point",
        "coordinates": [
          -83.9315759,
          39.7070362
        ]
      },
      "properties": {
        "id": "osm-w-615617892",
        "category": "parking",
        "name": "Parking",
        "wheelchair": null,
        "fee": null,
        "opening_hours": null,
        "source": "osm"
      }
    },
    {
      "type": "Feature",
      "geometry": {
        "type": "Point",
        "coordinates": [
          -83.9268332,
          39.709694
        ]
      },
      "properties": {
        "id": "osm-w-615617893",
        "category": "parking",
        "name": "Parking",
        "wheelchair": null,
        "fee": null,
        "opening_hours": null,
        "source": "osm"
      }
    },
    {
      "type": "Feature",
      "geometry": {
        "type": "Point",
        "coordinates": [
          -83.9286534,
          39.7091674
        ]
      },
      "properties": {
        "id": "osm-w-615617894",
        "category": "parking",
        "name": "Parking",
        "wheelchair": null,
        "fee": null,
        "opening_hours": null,
        "source": "osm"
      }
    },
    {
      "type": "Feature",
      "geometry": {
        "type": "Point",
        "coordinates": [
          -83.9203016,
          39.7048884
        ]
      },
      "properties": {
        "id": "osm-w-615617896",
        "category": "parking",
        "name": "Parking",
        "wheelchair": null,
        "fee": null,
        "opening_hours": null,
        "source": "osm"
      }
    },
    {
      "type": "Feature",
      "geometry": {
        "type": "Point",
        "coordinates": [
          -83.928467,
          39.7020111
        ]
      },
      "properties": {
        "id": "osm-w-615619316",
        "category": "parking",
        "name": "Parking",
        "wheelchair": null,
        "fee": null,
        "opening_hours": null,
        "source": "osm"
      }
    },
    {
      "type": "Feature",
      "geometry": {
        "type": "Point",
        "coordinates": [
          -83.9291392,
          39.7019018
        ]
      },
      "properties": {
        "id": "osm-w-615619318",
        "category": "parking",
        "name": "Parking",
        "wheelchair": null,
        "fee": null,
        "opening_hours": null,
        "source": "osm"
      }
    },
    {
      "type": "Feature",
      "geometry": {
        "type": "Point",
        "coordinates": [
          -83.9691908,
          39.671374
        ]
      },
      "properties": {
        "id": "osm-w-681361443",
        "category": "parking",
        "name": "Parking",
        "wheelchair": null,
        "fee": null,
        "opening_hours": null,
        "source": "osm"
      }
    },
    {
      "type": "Feature",
      "geometry": {
        "type": "Point",
        "coordinates": [
          -83.9362928,
          39.6739073
        ]
      },
      "properties": {
        "id": "osm-w-681363822",
        "category": "parking",
        "name": "Parking",
        "wheelchair": null,
        "fee": null,
        "opening_hours": null,
        "source": "osm"
      }
    },
    {
      "type": "Feature",
      "geometry": {
        "type": "Point",
        "coordinates": [
          -83.9460283,
          39.6965153
        ]
      },
      "properties": {
        "id": "osm-w-787139176",
        "category": "parking",
        "name": "Parking",
        "wheelchair": null,
        "fee": null,
        "opening_hours": null,
        "source": "osm"
      }
    },
    {
      "type": "Feature",
      "geometry": {
        "type": "Point",
        "coordinates": [
          -83.9679324,
          39.6893884
        ]
      },
      "properties": {
        "id": "osm-w-793511427",
        "category": "parking",
        "name": "Parking",
        "wheelchair": null,
        "fee": null,
        "opening_hours": null,
        "source": "osm"
      }
    },
    {
      "type": "Feature",
      "geometry": {
        "type": "Point",
        "coordinates": [
          -83.9600657,
          39.690009
        ]
      },
      "properties": {
        "id": "osm-w-793511428",
        "category": "parking",
        "name": "Parking",
        "wheelchair": null,
        "fee": null,
        "opening_hours": null,
        "source": "osm"
      }
    },
    {
      "type": "Feature",
      "geometry": {
        "type": "Point",
        "coordinates": [
          -83.9651536,
          39.6883559
        ]
      },
      "properties": {
        "id": "osm-w-795442230",
        "category": "parking",
        "name": "Parking",
        "wheelchair": null,
        "fee": null,
        "opening_hours": null,
        "source": "osm"
      }
    },
    {
      "type": "Feature",
      "geometry": {
        "type": "Point",
        "coordinates": [
          -83.968396,
          39.6864074
        ]
      },
      "properties": {
        "id": "osm-w-795443025",
        "category": "parking",
        "name": "Parking",
        "wheelchair": null,
        "fee": null,
        "opening_hours": null,
        "source": "osm"
      }
    },
    {
      "type": "Feature",
      "geometry": {
        "type": "Point",
        "coordinates": [
          -83.9275683,
          39.6912234
        ]
      },
      "properties": {
        "id": "osm-w-853759803",
        "category": "parking",
        "name": "Parking",
        "wheelchair": null,
        "fee": null,
        "opening_hours": null,
        "source": "osm"
      }
    },
    {
      "type": "Feature",
      "geometry": {
        "type": "Point",
        "coordinates": [
          -83.9240939,
          39.6703294
        ]
      },
      "properties": {
        "id": "osm-w-993168283",
        "category": "parking",
        "name": "Parking",
        "wheelchair": null,
        "fee": null,
        "opening_hours": null,
        "source": "osm"
      }
    },
    {
      "type": "Feature",
      "geometry": {
        "type": "Point",
        "coordinates": [
          -83.933357,
          39.7069379
        ]
      },
      "properties": {
        "id": "osm-w-1014063289",
        "category": "fuel",
        "name": "Casey's",
        "wheelchair": null,
        "fee": null,
        "opening_hours": null,
        "source": "osm"
      }
    },
    {
      "type": "Feature",
      "geometry": {
        "type": "Point",
        "coordinates": [
          -83.9351662,
          39.6834941
        ]
      },
      "properties": {
        "id": "osm-w-1058552297",
        "category": "fuel",
        "name": "UDF Fuel",
        "wheelchair": null,
        "fee": null,
        "opening_hours": null,
        "source": "osm"
      }
    },
    {
      "type": "Feature",
      "geometry": {
        "type": "Point",
        "coordinates": [
          -83.9354582,
          39.6835808
        ]
      },
      "properties": {
        "id": "osm-w-1058552298",
        "category": "parking",
        "name": "Parking",
        "wheelchair": null,
        "fee": null,
        "opening_hours": null,
        "source": "osm"
      }
    },
    {
      "type": "Feature",
      "geometry": {
        "type": "Point",
        "coordinates": [
          -83.9358913,
          39.6837183
        ]
      },
      "properties": {
        "id": "osm-w-1058552299",
        "category": "parking",
        "name": "Parking",
        "wheelchair": null,
        "fee": null,
        "opening_hours": null,
        "source": "osm"
      }
    },
    {
      "type": "Feature",
      "geometry": {
        "type": "Point",
        "coordinates": [
          -83.9354086,
          39.6839355
        ]
      },
      "properties": {
        "id": "osm-w-1058552300",
        "category": "parking",
        "name": "Parking",
        "wheelchair": null,
        "fee": null,
        "opening_hours": null,
        "source": "osm"
      }
    },
    {
      "type": "Feature",
      "geometry": {
        "type": "Point",
        "coordinates": [
          -83.9361206,
          39.6837072
        ]
      },
      "properties": {
        "id": "osm-w-1058552303",
        "category": "parking",
        "name": "Parking",
        "wheelchair": null,
        "fee": null,
        "opening_hours": null,
        "source": "osm"
      }
    },
    {
      "type": "Feature",
      "geometry": {
        "type": "Point",
        "coordinates": [
          -83.9363866,
          39.6840389
        ]
      },
      "properties": {
        "id": "osm-w-1058552305",
        "category": "parking",
        "name": "Parking",
        "wheelchair": null,
        "fee": null,
        "opening_hours": null,
        "source": "osm"
      }
    },
    {
      "type": "Feature",
      "geometry": {
        "type": "Point",
        "coordinates": [
          -83.93693,
          39.6836716
        ]
      },
      "properties": {
        "id": "osm-w-1058552307",
        "category": "parking",
        "name": "Parking",
        "wheelchair": null,
        "fee": null,
        "opening_hours": null,
        "source": "osm"
      }
    },
    {
      "type": "Feature",
      "geometry": {
        "type": "Point",
        "coordinates": [
          -83.9370129,
          39.6833598
        ]
      },
      "properties": {
        "id": "osm-w-1058552308",
        "category": "parking",
        "name": "Parking",
        "wheelchair": null,
        "fee": null,
        "opening_hours": null,
        "source": "osm"
      }
    },
    {
      "type": "Feature",
      "geometry": {
        "type": "Point",
        "coordinates": [
          -83.9380078,
          39.683154
        ]
      },
      "properties": {
        "id": "osm-w-1058552309",
        "category": "parking",
        "name": "Parking",
        "wheelchair": null,
        "fee": null,
        "opening_hours": null,
        "source": "osm"
      }
    },
    {
      "type": "Feature",
      "geometry": {
        "type": "Point",
        "coordinates": [
          -83.9379224,
          39.6837489
        ]
      },
      "properties": {
        "id": "osm-w-1058552312",
        "category": "parking",
        "name": "Parking",
        "wheelchair": null,
        "fee": null,
        "opening_hours": null,
        "source": "osm"
      }
    },
    {
      "type": "Feature",
      "geometry": {
        "type": "Point",
        "coordinates": [
          -83.9382292,
          39.6838575
        ]
      },
      "properties": {
        "id": "osm-w-1058552314",
        "category": "parking",
        "name": "Parking",
        "wheelchair": null,
        "fee": null,
        "opening_hours": null,
        "source": "osm"
      }
    },
    {
      "type": "Feature",
      "geometry": {
        "type": "Point",
        "coordinates": [
          -83.9379936,
          39.6834477
        ]
      },
      "properties": {
        "id": "osm-w-1058552317",
        "category": "parking",
        "name": "Parking",
        "wheelchair": null,
        "fee": null,
        "opening_hours": null,
        "source": "osm"
      }
    },
    {
      "type": "Feature",
      "geometry": {
        "type": "Point",
        "coordinates": [
          -83.939171,
          39.6836548
        ]
      },
      "properties": {
        "id": "osm-w-1058552318",
        "category": "parking",
        "name": "Parking",
        "wheelchair": null,
        "fee": null,
        "opening_hours": null,
        "source": "osm"
      }
    },
    {
      "type": "Feature",
      "geometry": {
        "type": "Point",
        "coordinates": [
          -83.9384748,
          39.6832886
        ]
      },
      "properties": {
        "id": "osm-w-1058552319",
        "category": "parking",
        "name": "Parking",
        "wheelchair": null,
        "fee": null,
        "opening_hours": null,
        "source": "osm"
      }
    },
    {
      "type": "Feature",
      "geometry": {
        "type": "Point",
        "coordinates": [
          -83.938667,
          39.6833117
        ]
      },
      "properties": {
        "id": "osm-w-1058552320",
        "category": "parking",
        "name": "Parking",
        "wheelchair": null,
        "fee": null,
        "opening_hours": null,
        "source": "osm"
      }
    },
    {
      "type": "Feature",
      "geometry": {
        "type": "Point",
        "coordinates": [
          -83.9388697,
          39.6831312
        ]
      },
      "properties": {
        "id": "osm-w-1058552322",
        "category": "parking",
        "name": "Parking",
        "wheelchair": null,
        "fee": null,
        "opening_hours": null,
        "source": "osm"
      }
    },
    {
      "type": "Feature",
      "geometry": {
        "type": "Point",
        "coordinates": [
          -83.9389037,
          39.683347
        ]
      },
      "properties": {
        "id": "osm-w-1058552324",
        "category": "parking",
        "name": "Parking",
        "wheelchair": null,
        "fee": null,
        "opening_hours": null,
        "source": "osm"
      }
    },
    {
      "type": "Feature",
      "geometry": {
        "type": "Point",
        "coordinates": [
          -83.939548,
          39.6832096
        ]
      },
      "properties": {
        "id": "osm-w-1058552325",
        "category": "parking",
        "name": "Parking",
        "wheelchair": null,
        "fee": null,
        "opening_hours": null,
        "source": "osm"
      }
    },
    {
      "type": "Feature",
      "geometry": {
        "type": "Point",
        "coordinates": [
          -83.9344435,
          39.6839245
        ]
      },
      "properties": {
        "id": "osm-w-1058633505",
        "category": "parking",
        "name": "Parking",
        "wheelchair": null,
        "fee": null,
        "opening_hours": null,
        "source": "osm"
      }
    },
    {
      "type": "Feature",
      "geometry": {
        "type": "Point",
        "coordinates": [
          -83.9342119,
          39.683587
        ]
      },
      "properties": {
        "id": "osm-w-1058633510",
        "category": "parking",
        "name": "Parking",
        "wheelchair": null,
        "fee": null,
        "opening_hours": null,
        "source": "osm"
      }
    },
    {
      "type": "Feature",
      "geometry": {
        "type": "Point",
        "coordinates": [
          -83.9337824,
          39.6842053
        ]
      },
      "properties": {
        "id": "osm-w-1058633512",
        "category": "parking",
        "name": "Parking",
        "wheelchair": null,
        "fee": null,
        "opening_hours": null,
        "source": "osm"
      }
    },
    {
      "type": "Feature",
      "geometry": {
        "type": "Point",
        "coordinates": [
          -83.9335081,
          39.684151
        ]
      },
      "properties": {
        "id": "osm-w-1058633513",
        "category": "parking",
        "name": "Parking",
        "wheelchair": null,
        "fee": null,
        "opening_hours": null,
        "source": "osm"
      }
    },
    {
      "type": "Feature",
      "geometry": {
        "type": "Point",
        "coordinates": [
          -83.9330754,
          39.684232
        ]
      },
      "properties": {
        "id": "osm-w-1058633514",
        "category": "parking",
        "name": "Parking",
        "wheelchair": null,
        "fee": null,
        "opening_hours": null,
        "source": "osm"
      }
    },
    {
      "type": "Feature",
      "geometry": {
        "type": "Point",
        "coordinates": [
          -83.9326583,
          39.6842867
        ]
      },
      "properties": {
        "id": "osm-w-1058633515",
        "category": "parking",
        "name": "Parking",
        "wheelchair": null,
        "fee": null,
        "opening_hours": null,
        "source": "osm"
      }
    },
    {
      "type": "Feature",
      "geometry": {
        "type": "Point",
        "coordinates": [
          -83.9322758,
          39.6842246
        ]
      },
      "properties": {
        "id": "osm-w-1058633517",
        "category": "parking",
        "name": "Parking",
        "wheelchair": null,
        "fee": null,
        "opening_hours": null,
        "source": "osm"
      }
    },
    {
      "type": "Feature",
      "geometry": {
        "type": "Point",
        "coordinates": [
          -83.9319579,
          39.6843676
        ]
      },
      "properties": {
        "id": "osm-w-1058633522",
        "category": "parking",
        "name": "Parking",
        "wheelchair": null,
        "fee": null,
        "opening_hours": null,
        "source": "osm"
      }
    },
    {
      "type": "Feature",
      "geometry": {
        "type": "Point",
        "coordinates": [
          -83.9311499,
          39.6844445
        ]
      },
      "properties": {
        "id": "osm-w-1058633526",
        "category": "parking",
        "name": "Parking",
        "wheelchair": null,
        "fee": null,
        "opening_hours": null,
        "source": "osm"
      }
    },
    {
      "type": "Feature",
      "geometry": {
        "type": "Point",
        "coordinates": [
          -83.93391,
          39.6854096
        ]
      },
      "properties": {
        "id": "osm-w-1058635512",
        "category": "parking",
        "name": "Parking",
        "wheelchair": null,
        "fee": null,
        "opening_hours": null,
        "source": "osm"
      }
    },
    {
      "type": "Feature",
      "geometry": {
        "type": "Point",
        "coordinates": [
          -83.9349063,
          39.6857783
        ]
      },
      "properties": {
        "id": "osm-w-1058635516",
        "category": "parking",
        "name": "Parking",
        "wheelchair": null,
        "fee": null,
        "opening_hours": null,
        "source": "osm"
      }
    },
    {
      "type": "Feature",
      "geometry": {
        "type": "Point",
        "coordinates": [
          -83.930311,
          39.6863616
        ]
      },
      "properties": {
        "id": "osm-w-1058635525",
        "category": "parking",
        "name": "Parking",
        "wheelchair": null,
        "fee": null,
        "opening_hours": null,
        "source": "osm"
      }
    },
    {
      "type": "Feature",
      "geometry": {
        "type": "Point",
        "coordinates": [
          -83.9310525,
          39.6873914
        ]
      },
      "properties": {
        "id": "osm-w-1058638420",
        "category": "parking",
        "name": "Parking",
        "wheelchair": null,
        "fee": null,
        "opening_hours": null,
        "source": "osm"
      }
    },
    {
      "type": "Feature",
      "geometry": {
        "type": "Point",
        "coordinates": [
          -83.9278503,
          39.6870681
        ]
      },
      "properties": {
        "id": "osm-w-1058638423",
        "category": "parking",
        "name": "Parking",
        "wheelchair": null,
        "fee": null,
        "opening_hours": null,
        "source": "osm"
      }
    },
    {
      "type": "Feature",
      "geometry": {
        "type": "Point",
        "coordinates": [
          -83.9277818,
          39.686681
        ]
      },
      "properties": {
        "id": "osm-w-1058638425",
        "category": "parking",
        "name": "Parking",
        "wheelchair": null,
        "fee": null,
        "opening_hours": null,
        "source": "osm"
      }
    },
    {
      "type": "Feature",
      "geometry": {
        "type": "Point",
        "coordinates": [
          -83.9294545,
          39.6914753
        ]
      },
      "properties": {
        "id": "osm-w-1058940669",
        "category": "parking",
        "name": "Parking",
        "wheelchair": null,
        "fee": null,
        "opening_hours": null,
        "source": "osm"
      }
    },
    {
      "type": "Feature",
      "geometry": {
        "type": "Point",
        "coordinates": [
          -83.9298581,
          39.6917225
        ]
      },
      "properties": {
        "id": "osm-w-1058940670",
        "category": "parking",
        "name": "Parking",
        "wheelchair": null,
        "fee": null,
        "opening_hours": null,
        "source": "osm"
      }
    },
    {
      "type": "Feature",
      "geometry": {
        "type": "Point",
        "coordinates": [
          -83.9291987,
          39.6917877
        ]
      },
      "properties": {
        "id": "osm-w-1058940671",
        "category": "parking",
        "name": "Parking",
        "wheelchair": null,
        "fee": null,
        "opening_hours": null,
        "source": "osm"
      }
    },
    {
      "type": "Feature",
      "geometry": {
        "type": "Point",
        "coordinates": [
          -83.9243048,
          39.6886055
        ]
      },
      "properties": {
        "id": "osm-w-1058940677",
        "category": "parking",
        "name": "Parking",
        "wheelchair": null,
        "fee": null,
        "opening_hours": null,
        "source": "osm"
      }
    },
    {
      "type": "Feature",
      "geometry": {
        "type": "Point",
        "coordinates": [
          -83.9243595,
          39.6881101
        ]
      },
      "properties": {
        "id": "osm-w-1058940678",
        "category": "parking",
        "name": "Parking",
        "wheelchair": null,
        "fee": null,
        "opening_hours": null,
        "source": "osm"
      }
    },
    {
      "type": "Feature",
      "geometry": {
        "type": "Point",
        "coordinates": [
          -83.9247218,
          39.687996
        ]
      },
      "properties": {
        "id": "osm-w-1058940679",
        "category": "parking",
        "name": "Parking",
        "wheelchair": null,
        "fee": null,
        "opening_hours": null,
        "source": "osm"
      }
    },
    {
      "type": "Feature",
      "geometry": {
        "type": "Point",
        "coordinates": [
          -83.9267174,
          39.6846055
        ]
      },
      "properties": {
        "id": "osm-w-1058945812",
        "category": "parking",
        "name": "Parking",
        "wheelchair": null,
        "fee": null,
        "opening_hours": null,
        "source": "osm"
      }
    },
    {
      "type": "Feature",
      "geometry": {
        "type": "Point",
        "coordinates": [
          -83.9257825,
          39.6849525
        ]
      },
      "properties": {
        "id": "osm-w-1058945814",
        "category": "parking",
        "name": "Parking",
        "wheelchair": null,
        "fee": null,
        "opening_hours": null,
        "source": "osm"
      }
    },
    {
      "type": "Feature",
      "geometry": {
        "type": "Point",
        "coordinates": [
          -83.924962,
          39.6850735
        ]
      },
      "properties": {
        "id": "osm-w-1058945825",
        "category": "parking",
        "name": "Parking",
        "wheelchair": null,
        "fee": null,
        "opening_hours": null,
        "source": "osm"
      }
    },
    {
      "type": "Feature",
      "geometry": {
        "type": "Point",
        "coordinates": [
          -83.9243316,
          39.6850814
        ]
      },
      "properties": {
        "id": "osm-w-1058945829",
        "category": "parking",
        "name": "Parking",
        "wheelchair": null,
        "fee": null,
        "opening_hours": null,
        "source": "osm"
      }
    },
    {
      "type": "Feature",
      "geometry": {
        "type": "Point",
        "coordinates": [
          -83.9243503,
          39.6857426
        ]
      },
      "properties": {
        "id": "osm-w-1058945849",
        "category": "parking",
        "name": "Parking",
        "wheelchair": null,
        "fee": null,
        "opening_hours": null,
        "source": "osm"
      }
    },
    {
      "type": "Feature",
      "geometry": {
        "type": "Point",
        "coordinates": [
          -83.9235772,
          39.6859326
        ]
      },
      "properties": {
        "id": "osm-w-1058945850",
        "category": "parking",
        "name": "Parking",
        "wheelchair": null,
        "fee": null,
        "opening_hours": null,
        "source": "osm"
      }
    },
    {
      "type": "Feature",
      "geometry": {
        "type": "Point",
        "coordinates": [
          -83.9274451,
          39.6861435
        ]
      },
      "properties": {
        "id": "osm-w-1058949134",
        "category": "parking",
        "name": "Parking",
        "wheelchair": null,
        "fee": null,
        "opening_hours": null,
        "source": "osm"
      }
    },
    {
      "type": "Feature",
      "geometry": {
        "type": "Point",
        "coordinates": [
          -83.9291732,
          39.6861876
        ]
      },
      "properties": {
        "id": "osm-w-1058949145",
        "category": "parking",
        "name": "Parking",
        "wheelchair": null,
        "fee": null,
        "opening_hours": null,
        "source": "osm"
      }
    },
    {
      "type": "Feature",
      "geometry": {
        "type": "Point",
        "coordinates": [
          -83.9291305,
          39.6861152
        ]
      },
      "properties": {
        "id": "osm-w-1058949146",
        "category": "parking",
        "name": "Parking",
        "wheelchair": null,
        "fee": null,
        "opening_hours": null,
        "source": "osm"
      }
    },
    {
      "type": "Feature",
      "geometry": {
        "type": "Point",
        "coordinates": [
          -83.928457,
          39.6862628
        ]
      },
      "properties": {
        "id": "osm-w-1058949147",
        "category": "parking",
        "name": "Parking",
        "wheelchair": null,
        "fee": null,
        "opening_hours": null,
        "source": "osm"
      }
    },
    {
      "type": "Feature",
      "geometry": {
        "type": "Point",
        "coordinates": [
          -83.9357183,
          39.6847096
        ]
      },
      "properties": {
        "id": "osm-w-1058953240",
        "category": "parking",
        "name": "Parking",
        "wheelchair": null,
        "fee": null,
        "opening_hours": null,
        "source": "osm"
      }
    },
    {
      "type": "Feature",
      "geometry": {
        "type": "Point",
        "coordinates": [
          -83.9353823,
          39.6852197
        ]
      },
      "properties": {
        "id": "osm-w-1058953244",
        "category": "parking",
        "name": "Parking",
        "wheelchair": null,
        "fee": null,
        "opening_hours": null,
        "source": "osm"
      }
    },
    {
      "type": "Feature",
      "geometry": {
        "type": "Point",
        "coordinates": [
          -83.9356334,
          39.6851442
        ]
      },
      "properties": {
        "id": "osm-w-1058953247",
        "category": "parking",
        "name": "Parking",
        "wheelchair": null,
        "fee": null,
        "opening_hours": null,
        "source": "osm"
      }
    },
    {
      "type": "Feature",
      "geometry": {
        "type": "Point",
        "coordinates": [
          -83.936034,
          39.6850801
        ]
      },
      "properties": {
        "id": "osm-w-1058953248",
        "category": "parking",
        "name": "Parking",
        "wheelchair": null,
        "fee": null,
        "opening_hours": null,
        "source": "osm"
      }
    },
    {
      "type": "Feature",
      "geometry": {
        "type": "Point",
        "coordinates": [
          -83.9362727,
          39.6848643
        ]
      },
      "properties": {
        "id": "osm-w-1058953249",
        "category": "parking",
        "name": "Parking",
        "wheelchair": null,
        "fee": null,
        "opening_hours": null,
        "source": "osm"
      }
    },
    {
      "type": "Feature",
      "geometry": {
        "type": "Point",
        "coordinates": [
          -83.9370126,
          39.6847985
        ]
      },
      "properties": {
        "id": "osm-w-1058967888",
        "category": "parking",
        "name": "Parking",
        "wheelchair": null,
        "fee": null,
        "opening_hours": null,
        "source": "osm"
      }
    },
    {
      "type": "Feature",
      "geometry": {
        "type": "Point",
        "coordinates": [
          -83.9377392,
          39.6847962
        ]
      },
      "properties": {
        "id": "osm-w-1058967891",
        "category": "parking",
        "name": "Parking",
        "wheelchair": null,
        "fee": null,
        "opening_hours": null,
        "source": "osm"
      }
    },
    {
      "type": "Feature",
      "geometry": {
        "type": "Point",
        "coordinates": [
          -83.9381649,
          39.6847774
        ]
      },
      "properties": {
        "id": "osm-w-1058967895",
        "category": "parking",
        "name": "Parking",
        "wheelchair": null,
        "fee": null,
        "opening_hours": null,
        "source": "osm"
      }
    },
    {
      "type": "Feature",
      "geometry": {
        "type": "Point",
        "coordinates": [
          -83.9384193,
          39.6843449
        ]
      },
      "properties": {
        "id": "osm-w-1058967896",
        "category": "parking",
        "name": "Parking",
        "wheelchair": null,
        "fee": null,
        "opening_hours": null,
        "source": "osm"
      }
    },
    {
      "type": "Feature",
      "geometry": {
        "type": "Point",
        "coordinates": [
          -83.9391784,
          39.6843441
        ]
      },
      "properties": {
        "id": "osm-w-1058967898",
        "category": "parking",
        "name": "Parking",
        "wheelchair": null,
        "fee": null,
        "opening_hours": null,
        "source": "osm"
      }
    },
    {
      "type": "Feature",
      "geometry": {
        "type": "Point",
        "coordinates": [
          -83.9396114,
          39.6842748
        ]
      },
      "properties": {
        "id": "osm-w-1058967902",
        "category": "parking",
        "name": "Parking",
        "wheelchair": null,
        "fee": null,
        "opening_hours": null,
        "source": "osm"
      }
    },
    {
      "type": "Feature",
      "geometry": {
        "type": "Point",
        "coordinates": [
          -83.9396897,
          39.6845388
        ]
      },
      "properties": {
        "id": "osm-w-1058967903",
        "category": "parking",
        "name": "Parking",
        "wheelchair": null,
        "fee": null,
        "opening_hours": null,
        "source": "osm"
      }
    },
    {
      "type": "Feature",
      "geometry": {
        "type": "Point",
        "coordinates": [
          -83.9402873,
          39.6843769
        ]
      },
      "properties": {
        "id": "osm-w-1058967905",
        "category": "parking",
        "name": "Parking",
        "wheelchair": null,
        "fee": null,
        "opening_hours": null,
        "source": "osm"
      }
    },
    {
      "type": "Feature",
      "geometry": {
        "type": "Point",
        "coordinates": [
          -83.9403676,
          39.6850339
        ]
      },
      "properties": {
        "id": "osm-w-1058967912",
        "category": "parking",
        "name": "Parking",
        "wheelchair": null,
        "fee": null,
        "opening_hours": null,
        "source": "osm"
      }
    },
    {
      "type": "Feature",
      "geometry": {
        "type": "Point",
        "coordinates": [
          -83.9405697,
          39.6860047
        ]
      },
      "properties": {
        "id": "osm-w-1058967914",
        "category": "parking",
        "name": "Parking",
        "wheelchair": null,
        "fee": null,
        "opening_hours": null,
        "source": "osm"
      }
    },
    {
      "type": "Feature",
      "geometry": {
        "type": "Point",
        "coordinates": [
          -83.9408442,
          39.6861657
        ]
      },
      "properties": {
        "id": "osm-w-1058967916",
        "category": "parking",
        "name": "Parking",
        "wheelchair": null,
        "fee": null,
        "opening_hours": null,
        "source": "osm"
      }
    },
    {
      "type": "Feature",
      "geometry": {
        "type": "Point",
        "coordinates": [
          -83.9410272,
          39.6862627
        ]
      },
      "properties": {
        "id": "osm-w-1058967918",
        "category": "parking",
        "name": "Parking",
        "wheelchair": null,
        "fee": null,
        "opening_hours": null,
        "source": "osm"
      }
    },
    {
      "type": "Feature",
      "geometry": {
        "type": "Point",
        "coordinates": [
          -83.941293,
          39.6863331
        ]
      },
      "properties": {
        "id": "osm-w-1058967919",
        "category": "parking",
        "name": "Parking",
        "wheelchair": null,
        "fee": null,
        "opening_hours": null,
        "source": "osm"
      }
    },
    {
      "type": "Feature",
      "geometry": {
        "type": "Point",
        "coordinates": [
          -83.9391774,
          39.6868279
        ]
      },
      "properties": {
        "id": "osm-w-1058967924",
        "category": "parking",
        "name": "Parking",
        "wheelchair": null,
        "fee": null,
        "opening_hours": null,
        "source": "osm"
      }
    },
    {
      "type": "Feature",
      "geometry": {
        "type": "Point",
        "coordinates": [
          -83.9400361,
          39.6868903
        ]
      },
      "properties": {
        "id": "osm-w-1058967926",
        "category": "parking",
        "name": "Parking",
        "wheelchair": null,
        "fee": null,
        "opening_hours": null,
        "source": "osm"
      }
    },
    {
      "type": "Feature",
      "geometry": {
        "type": "Point",
        "coordinates": [
          -83.9402211,
          39.68659
        ]
      },
      "properties": {
        "id": "osm-w-1058967927",
        "category": "parking",
        "name": "Parking",
        "wheelchair": null,
        "fee": null,
        "opening_hours": null,
        "source": "osm"
      }
    },
    {
      "type": "Feature",
      "geometry": {
        "type": "Point",
        "coordinates": [
          -83.9431982,
          39.6845874
        ]
      },
      "properties": {
        "id": "osm-w-1058971932",
        "category": "parking",
        "name": "Parking",
        "wheelchair": null,
        "fee": null,
        "opening_hours": null,
        "source": "osm"
      }
    },
    {
      "type": "Feature",
      "geometry": {
        "type": "Point",
        "coordinates": [
          -83.9429755,
          39.6860726
        ]
      },
      "properties": {
        "id": "osm-w-1058971933",
        "category": "parking",
        "name": "Parking",
        "wheelchair": null,
        "fee": null,
        "opening_hours": null,
        "source": "osm"
      }
    },
    {
      "type": "Feature",
      "geometry": {
        "type": "Point",
        "coordinates": [
          -83.9438962,
          39.6847409
        ]
      },
      "properties": {
        "id": "osm-w-1058971942",
        "category": "parking",
        "name": "Parking",
        "wheelchair": null,
        "fee": null,
        "opening_hours": null,
        "source": "osm"
      }
    },
    {
      "type": "Feature",
      "geometry": {
        "type": "Point",
        "coordinates": [
          -83.9438477,
          39.685429
        ]
      },
      "properties": {
        "id": "osm-w-1058971947",
        "category": "parking",
        "name": "Parking",
        "wheelchair": null,
        "fee": null,
        "opening_hours": null,
        "source": "osm"
      }
    },
    {
      "type": "Feature",
      "geometry": {
        "type": "Point",
        "coordinates": [
          -83.9444391,
          39.6864184
        ]
      },
      "properties": {
        "id": "osm-w-1058971949",
        "category": "parking",
        "name": "Parking",
        "wheelchair": null,
        "fee": null,
        "opening_hours": null,
        "source": "osm"
      }
    },
    {
      "type": "Feature",
      "geometry": {
        "type": "Point",
        "coordinates": [
          -83.9455826,
          39.6873702
        ]
      },
      "properties": {
        "id": "osm-w-1058971950",
        "category": "parking",
        "name": "Parking",
        "wheelchair": null,
        "fee": null,
        "opening_hours": null,
        "source": "osm"
      }
    },
    {
      "type": "Feature",
      "geometry": {
        "type": "Point",
        "coordinates": [
          -83.9430507,
          39.6878741
        ]
      },
      "properties": {
        "id": "osm-w-1058971952",
        "category": "parking",
        "name": "Parking",
        "wheelchair": null,
        "fee": null,
        "opening_hours": null,
        "source": "osm"
      }
    },
    {
      "type": "Feature",
      "geometry": {
        "type": "Point",
        "coordinates": [
          -83.9436362,
          39.6883617
        ]
      },
      "properties": {
        "id": "osm-w-1058971955",
        "category": "parking",
        "name": "Parking",
        "wheelchair": null,
        "fee": null,
        "opening_hours": null,
        "source": "osm"
      }
    },
    {
      "type": "Feature",
      "geometry": {
        "type": "Point",
        "coordinates": [
          -83.9446821,
          39.6840208
        ]
      },
      "properties": {
        "id": "osm-w-1058975310",
        "category": "parking",
        "name": "Parking",
        "wheelchair": null,
        "fee": null,
        "opening_hours": null,
        "source": "osm"
      }
    },
    {
      "type": "Feature",
      "geometry": {
        "type": "Point",
        "coordinates": [
          -83.943933,
          39.6839105
        ]
      },
      "properties": {
        "id": "osm-w-1058975311",
        "category": "parking",
        "name": "Parking",
        "wheelchair": null,
        "fee": null,
        "opening_hours": null,
        "source": "osm"
      }
    },
    {
      "type": "Feature",
      "geometry": {
        "type": "Point",
        "coordinates": [
          -83.9437988,
          39.6833558
        ]
      },
      "properties": {
        "id": "osm-w-1058975315",
        "category": "parking",
        "name": "Parking",
        "wheelchair": null,
        "fee": null,
        "opening_hours": null,
        "source": "osm"
      }
    },
    {
      "type": "Feature",
      "geometry": {
        "type": "Point",
        "coordinates": [
          -83.9434101,
          39.6827402
        ]
      },
      "properties": {
        "id": "osm-w-1058975317",
        "category": "parking",
        "name": "Parking",
        "wheelchair": null,
        "fee": null,
        "opening_hours": null,
        "source": "osm"
      }
    },
    {
      "type": "Feature",
      "geometry": {
        "type": "Point",
        "coordinates": [
          -83.941564,
          39.68312
        ]
      },
      "properties": {
        "id": "osm-w-1058975318",
        "category": "parking",
        "name": "Parking",
        "wheelchair": null,
        "fee": null,
        "opening_hours": null,
        "source": "osm"
      }
    },
    {
      "type": "Feature",
      "geometry": {
        "type": "Point",
        "coordinates": [
          -83.9409521,
          39.6831174
        ]
      },
      "properties": {
        "id": "osm-w-1058975322",
        "category": "parking",
        "name": "Parking",
        "wheelchair": null,
        "fee": null,
        "opening_hours": null,
        "source": "osm"
      }
    },
    {
      "type": "Feature",
      "geometry": {
        "type": "Point",
        "coordinates": [
          -83.9437947,
          39.6827719
        ]
      },
      "properties": {
        "id": "osm-w-1058975323",
        "category": "parking",
        "name": "Parking",
        "wheelchair": null,
        "fee": null,
        "opening_hours": null,
        "source": "osm"
      }
    },
    {
      "type": "Feature",
      "geometry": {
        "type": "Point",
        "coordinates": [
          -83.9440519,
          39.6826984
        ]
      },
      "properties": {
        "id": "osm-w-1058975324",
        "category": "parking",
        "name": "Parking",
        "wheelchair": null,
        "fee": null,
        "opening_hours": null,
        "source": "osm"
      }
    },
    {
      "type": "Feature",
      "geometry": {
        "type": "Point",
        "coordinates": [
          -83.9445333,
          39.6826609
        ]
      },
      "properties": {
        "id": "osm-w-1058975327",
        "category": "parking",
        "name": "Parking",
        "wheelchair": null,
        "fee": null,
        "opening_hours": null,
        "source": "osm"
      }
    },
    {
      "type": "Feature",
      "geometry": {
        "type": "Point",
        "coordinates": [
          -83.9453477,
          39.6825245
        ]
      },
      "properties": {
        "id": "osm-w-1058975329",
        "category": "parking",
        "name": "Parking",
        "wheelchair": null,
        "fee": null,
        "opening_hours": null,
        "source": "osm"
      }
    },
    {
      "type": "Feature",
      "geometry": {
        "type": "Point",
        "coordinates": [
          -83.9462706,
          39.6823828
        ]
      },
      "properties": {
        "id": "osm-w-1058975330",
        "category": "parking",
        "name": "Parking",
        "wheelchair": null,
        "fee": null,
        "opening_hours": null,
        "source": "osm"
      }
    },
    {
      "type": "Feature",
      "geometry": {
        "type": "Point",
        "coordinates": [
          -83.9427802,
          39.6823173
        ]
      },
      "properties": {
        "id": "osm-w-1058980482",
        "category": "fuel",
        "name": "Fuel",
        "wheelchair": null,
        "fee": null,
        "opening_hours": null,
        "source": "osm"
      }
    },
    {
      "type": "Feature",
      "geometry": {
        "type": "Point",
        "coordinates": [
          -83.9425495,
          39.6819418
        ]
      },
      "properties": {
        "id": "osm-w-1058980485",
        "category": "parking",
        "name": "Parking",
        "wheelchair": null,
        "fee": null,
        "opening_hours": null,
        "source": "osm"
      }
    },
    {
      "type": "Feature",
      "geometry": {
        "type": "Point",
        "coordinates": [
          -83.9434313,
          39.6822563
        ]
      },
      "properties": {
        "id": "osm-w-1058980487",
        "category": "parking",
        "name": "Parking",
        "wheelchair": null,
        "fee": null,
        "opening_hours": null,
        "source": "osm"
      }
    },
    {
      "type": "Feature",
      "geometry": {
        "type": "Point",
        "coordinates": [
          -83.9433402,
          39.6818665
        ]
      },
      "properties": {
        "id": "osm-w-1058980488",
        "category": "parking",
        "name": "Parking",
        "wheelchair": null,
        "fee": null,
        "opening_hours": null,
        "source": "osm"
      }
    },
    {
      "type": "Feature",
      "geometry": {
        "type": "Point",
        "coordinates": [
          -83.9445661,
          39.6821117
        ]
      },
      "properties": {
        "id": "osm-w-1058980492",
        "category": "parking",
        "name": "Parking",
        "wheelchair": null,
        "fee": null,
        "opening_hours": null,
        "source": "osm"
      }
    },
    {
      "type": "Feature",
      "geometry": {
        "type": "Point",
        "coordinates": [
          -83.9456289,
          39.682049
        ]
      },
      "properties": {
        "id": "osm-w-1058980494",
        "category": "parking",
        "name": "Parking",
        "wheelchair": null,
        "fee": null,
        "opening_hours": null,
        "source": "osm"
      }
    },
    {
      "type": "Feature",
      "geometry": {
        "type": "Point",
        "coordinates": [
          -83.9462793,
          39.68202
        ]
      },
      "properties": {
        "id": "osm-w-1058980497",
        "category": "parking",
        "name": "Parking",
        "wheelchair": null,
        "fee": null,
        "opening_hours": null,
        "source": "osm"
      }
    },
    {
      "type": "Feature",
      "geometry": {
        "type": "Point",
        "coordinates": [
          -83.9445306,
          39.6811603
        ]
      },
      "properties": {
        "id": "osm-w-1058980507",
        "category": "parking",
        "name": "Parking",
        "wheelchair": null,
        "fee": null,
        "opening_hours": null,
        "source": "osm"
      }
    },
    {
      "type": "Feature",
      "geometry": {
        "type": "Point",
        "coordinates": [
          -83.9484599,
          39.6816563
        ]
      },
      "properties": {
        "id": "osm-w-1058980511",
        "category": "parking",
        "name": "Parking",
        "wheelchair": null,
        "fee": null,
        "opening_hours": null,
        "source": "osm"
      }
    },
    {
      "type": "Feature",
      "geometry": {
        "type": "Point",
        "coordinates": [
          -83.9500541,
          39.6825279
        ]
      },
      "properties": {
        "id": "osm-w-1058982119",
        "category": "parking",
        "name": "Parking",
        "wheelchair": null,
        "fee": null,
        "opening_hours": null,
        "source": "osm"
      }
    },
    {
      "type": "Feature",
      "geometry": {
        "type": "Point",
        "coordinates": [
          -83.9510064,
          39.6822956
        ]
      },
      "properties": {
        "id": "osm-w-1058982120",
        "category": "parking",
        "name": "Parking",
        "wheelchair": null,
        "fee": null,
        "opening_hours": null,
        "source": "osm"
      }
    },
    {
      "type": "Feature",
      "geometry": {
        "type": "Point",
        "coordinates": [
          -83.950237,
          39.6813554
        ]
      },
      "properties": {
        "id": "osm-w-1058982121",
        "category": "parking",
        "name": "Parking",
        "wheelchair": null,
        "fee": null,
        "opening_hours": null,
        "source": "osm"
      }
    },
    {
      "type": "Feature",
      "geometry": {
        "type": "Point",
        "coordinates": [
          -83.950288,
          39.6816401
        ]
      },
      "properties": {
        "id": "osm-w-1058982122",
        "category": "parking",
        "name": "Parking",
        "wheelchair": null,
        "fee": null,
        "opening_hours": null,
        "source": "osm"
      }
    },
    {
      "type": "Feature",
      "geometry": {
        "type": "Point",
        "coordinates": [
          -83.9490459,
          39.6816984
        ]
      },
      "properties": {
        "id": "osm-w-1058982125",
        "category": "parking",
        "name": "Parking",
        "wheelchair": null,
        "fee": null,
        "opening_hours": null,
        "source": "osm"
      }
    },
    {
      "type": "Feature",
      "geometry": {
        "type": "Point",
        "coordinates": [
          -83.9496167,
          39.6816202
        ]
      },
      "properties": {
        "id": "osm-w-1058982128",
        "category": "parking",
        "name": "Parking",
        "wheelchair": null,
        "fee": null,
        "opening_hours": null,
        "source": "osm"
      }
    },
    {
      "type": "Feature",
      "geometry": {
        "type": "Point",
        "coordinates": [
          -83.9510977,
          39.6811207
        ]
      },
      "properties": {
        "id": "osm-w-1058982129",
        "category": "parking",
        "name": "Parking",
        "wheelchair": null,
        "fee": null,
        "opening_hours": null,
        "source": "osm"
      }
    },
    {
      "type": "Feature",
      "geometry": {
        "type": "Point",
        "coordinates": [
          -83.9513204,
          39.6806139
        ]
      },
      "properties": {
        "id": "osm-w-1058982131",
        "category": "parking",
        "name": "Parking",
        "wheelchair": null,
        "fee": null,
        "opening_hours": null,
        "source": "osm"
      }
    },
    {
      "type": "Feature",
      "geometry": {
        "type": "Point",
        "coordinates": [
          -83.9401189,
          39.6824853
        ]
      },
      "properties": {
        "id": "osm-w-1058987031",
        "category": "parking",
        "name": "Parking",
        "wheelchair": null,
        "fee": null,
        "opening_hours": null,
        "source": "osm"
      }
    },
    {
      "type": "Feature",
      "geometry": {
        "type": "Point",
        "coordinates": [
          -83.9413076,
          39.6820742
        ]
      },
      "properties": {
        "id": "osm-w-1058987037",
        "category": "parking",
        "name": "Parking",
        "wheelchair": null,
        "fee": null,
        "opening_hours": null,
        "source": "osm"
      }
    },
    {
      "type": "Feature",
      "geometry": {
        "type": "Point",
        "coordinates": [
          -83.9415401,
          39.6822405
        ]
      },
      "properties": {
        "id": "osm-w-1058987038",
        "category": "parking",
        "name": "Parking",
        "wheelchair": null,
        "fee": null,
        "opening_hours": null,
        "source": "osm"
      }
    },
    {
      "type": "Feature",
      "geometry": {
        "type": "Point",
        "coordinates": [
          -83.9410741,
          39.6822911
        ]
      },
      "properties": {
        "id": "osm-w-1058987039",
        "category": "parking",
        "name": "Parking",
        "wheelchair": null,
        "fee": null,
        "opening_hours": null,
        "source": "osm"
      }
    },
    {
      "type": "Feature",
      "geometry": {
        "type": "Point",
        "coordinates": [
          -83.9389809,
          39.6823229
        ]
      },
      "properties": {
        "id": "osm-w-1058987044",
        "category": "parking",
        "name": "Parking",
        "wheelchair": null,
        "fee": null,
        "opening_hours": null,
        "source": "osm"
      }
    },
    {
      "type": "Feature",
      "geometry": {
        "type": "Point",
        "coordinates": [
          -83.938049,
          39.6825642
        ]
      },
      "properties": {
        "id": "osm-w-1058987047",
        "category": "parking",
        "name": "Parking",
        "wheelchair": null,
        "fee": null,
        "opening_hours": null,
        "source": "osm"
      }
    },
    {
      "type": "Feature",
      "geometry": {
        "type": "Point",
        "coordinates": [
          -83.9380462,
          39.6816728
        ]
      },
      "properties": {
        "id": "osm-w-1058987049",
        "category": "parking",
        "name": "Parking",
        "wheelchair": null,
        "fee": null,
        "opening_hours": null,
        "source": "osm"
      }
    },
    {
      "type": "Feature",
      "geometry": {
        "type": "Point",
        "coordinates": [
          -83.9399767,
          39.6815953
        ]
      },
      "properties": {
        "id": "osm-w-1058987056",
        "category": "parking",
        "name": "Parking",
        "wheelchair": null,
        "fee": null,
        "opening_hours": null,
        "source": "osm"
      }
    },
    {
      "type": "Feature",
      "geometry": {
        "type": "Point",
        "coordinates": [
          -83.9384552,
          39.6814072
        ]
      },
      "properties": {
        "id": "osm-w-1058990822",
        "category": "parking",
        "name": "Parking",
        "wheelchair": null,
        "fee": null,
        "opening_hours": null,
        "source": "osm"
      }
    },
    {
      "type": "Feature",
      "geometry": {
        "type": "Point",
        "coordinates": [
          -83.9387202,
          39.6813529
        ]
      },
      "properties": {
        "id": "osm-w-1058990823",
        "category": "parking",
        "name": "Parking",
        "wheelchair": null,
        "fee": null,
        "opening_hours": null,
        "source": "osm"
      }
    },
    {
      "type": "Feature",
      "geometry": {
        "type": "Point",
        "coordinates": [
          -83.9391345,
          39.6811333
        ]
      },
      "properties": {
        "id": "osm-w-1058990825",
        "category": "parking",
        "name": "Parking",
        "wheelchair": null,
        "fee": null,
        "opening_hours": null,
        "source": "osm"
      }
    },
    {
      "type": "Feature",
      "geometry": {
        "type": "Point",
        "coordinates": [
          -83.9399165,
          39.6808726
        ]
      },
      "properties": {
        "id": "osm-w-1058990829",
        "category": "parking",
        "name": "Parking",
        "wheelchair": null,
        "fee": null,
        "opening_hours": null,
        "source": "osm"
      }
    },
    {
      "type": "Feature",
      "geometry": {
        "type": "Point",
        "coordinates": [
          -83.9397694,
          39.6806388
        ]
      },
      "properties": {
        "id": "osm-w-1058990831",
        "category": "parking",
        "name": "Parking",
        "wheelchair": null,
        "fee": null,
        "opening_hours": null,
        "source": "osm"
      }
    },
    {
      "type": "Feature",
      "geometry": {
        "type": "Point",
        "coordinates": [
          -83.9410121,
          39.680406
        ]
      },
      "properties": {
        "id": "osm-w-1058990833",
        "category": "parking",
        "name": "Parking",
        "wheelchair": null,
        "fee": null,
        "opening_hours": null,
        "source": "osm"
      }
    },
    {
      "type": "Feature",
      "geometry": {
        "type": "Point",
        "coordinates": [
          -83.940815,
          39.6800543
        ]
      },
      "properties": {
        "id": "osm-w-1058990834",
        "category": "parking",
        "name": "Parking",
        "wheelchair": null,
        "fee": null,
        "opening_hours": null,
        "source": "osm"
      }
    },
    {
      "type": "Feature",
      "geometry": {
        "type": "Point",
        "coordinates": [
          -83.9412468,
          39.6816135
        ]
      },
      "properties": {
        "id": "osm-w-1058990836",
        "category": "parking",
        "name": "Parking",
        "wheelchair": null,
        "fee": null,
        "opening_hours": null,
        "source": "osm"
      }
    },
    {
      "type": "Feature",
      "geometry": {
        "type": "Point",
        "coordinates": [
          -83.941367,
          39.6810228
        ]
      },
      "properties": {
        "id": "osm-w-1058990845",
        "category": "parking",
        "name": "Parking",
        "wheelchair": null,
        "fee": null,
        "opening_hours": null,
        "source": "osm"
      }
    },
    {
      "type": "Feature",
      "geometry": {
        "type": "Point",
        "coordinates": [
          -83.9421774,
          39.6810417
        ]
      },
      "properties": {
        "id": "osm-w-1058990851",
        "category": "parking",
        "name": "Parking",
        "wheelchair": null,
        "fee": null,
        "opening_hours": null,
        "source": "osm"
      }
    },
    {
      "type": "Feature",
      "geometry": {
        "type": "Point",
        "coordinates": [
          -83.9423398,
          39.6802876
        ]
      },
      "properties": {
        "id": "osm-w-1058990853",
        "category": "parking",
        "name": "Parking",
        "wheelchair": null,
        "fee": null,
        "opening_hours": null,
        "source": "osm"
      }
    },
    {
      "type": "Feature",
      "geometry": {
        "type": "Point",
        "coordinates": [
          -83.9468419,
          39.6783153
        ]
      },
      "properties": {
        "id": "osm-w-1059293818",
        "category": "parking",
        "name": "Parking",
        "wheelchair": null,
        "fee": null,
        "opening_hours": null,
        "source": "osm"
      }
    },
    {
      "type": "Feature",
      "geometry": {
        "type": "Point",
        "coordinates": [
          -83.946276,
          39.6792035
        ]
      },
      "properties": {
        "id": "osm-w-1059293822",
        "category": "parking",
        "name": "Parking",
        "wheelchair": null,
        "fee": null,
        "opening_hours": null,
        "source": "osm"
      }
    },
    {
      "type": "Feature",
      "geometry": {
        "type": "Point",
        "coordinates": [
          -83.9453865,
          39.6795545
        ]
      },
      "properties": {
        "id": "osm-w-1059293824",
        "category": "parking",
        "name": "Parking",
        "wheelchair": null,
        "fee": null,
        "opening_hours": null,
        "source": "osm"
      }
    },
    {
      "type": "Feature",
      "geometry": {
        "type": "Point",
        "coordinates": [
          -83.9634107,
          39.6871325
        ]
      },
      "properties": {
        "id": "osm-w-1059332964",
        "category": "parking",
        "name": "Parking",
        "wheelchair": null,
        "fee": null,
        "opening_hours": null,
        "source": "osm"
      }
    },
    {
      "type": "Feature",
      "geometry": {
        "type": "Point",
        "coordinates": [
          -83.9605072,
          39.6845783
        ]
      },
      "properties": {
        "id": "osm-w-1059333324",
        "category": "parking",
        "name": "Parking",
        "wheelchair": null,
        "fee": null,
        "opening_hours": null,
        "source": "osm"
      }
    },
    {
      "type": "Feature",
      "geometry": {
        "type": "Point",
        "coordinates": [
          -83.9570364,
          39.6790995
        ]
      },
      "properties": {
        "id": "osm-w-1059339491",
        "category": "parking",
        "name": "Parking",
        "wheelchair": null,
        "fee": null,
        "opening_hours": null,
        "source": "osm"
      }
    },
    {
      "type": "Feature",
      "geometry": {
        "type": "Point",
        "coordinates": [
          -83.9565042,
          39.6781492
        ]
      },
      "properties": {
        "id": "osm-w-1059339492",
        "category": "parking",
        "name": "Parking",
        "wheelchair": null,
        "fee": null,
        "opening_hours": null,
        "source": "osm"
      }
    },
    {
      "type": "Feature",
      "geometry": {
        "type": "Point",
        "coordinates": [
          -83.9577187,
          39.6775703
        ]
      },
      "properties": {
        "id": "osm-w-1059339493",
        "category": "parking",
        "name": "Parking",
        "wheelchair": null,
        "fee": null,
        "opening_hours": null,
        "source": "osm"
      }
    },
    {
      "type": "Feature",
      "geometry": {
        "type": "Point",
        "coordinates": [
          -83.9590224,
          39.6781434
        ]
      },
      "properties": {
        "id": "osm-w-1059339495",
        "category": "parking",
        "name": "Parking",
        "wheelchair": null,
        "fee": null,
        "opening_hours": null,
        "source": "osm"
      }
    },
    {
      "type": "Feature",
      "geometry": {
        "type": "Point",
        "coordinates": [
          -83.9583875,
          39.6751212
        ]
      },
      "properties": {
        "id": "osm-w-1059341610",
        "category": "parking",
        "name": "Parking",
        "wheelchair": null,
        "fee": null,
        "opening_hours": null,
        "source": "osm"
      }
    },
    {
      "type": "Feature",
      "geometry": {
        "type": "Point",
        "coordinates": [
          -83.9597078,
          39.6753331
        ]
      },
      "properties": {
        "id": "osm-w-1059341623",
        "category": "parking",
        "name": "Parking",
        "wheelchair": null,
        "fee": null,
        "opening_hours": null,
        "source": "osm"
      }
    },
    {
      "type": "Feature",
      "geometry": {
        "type": "Point",
        "coordinates": [
          -83.9596497,
          39.6745018
        ]
      },
      "properties": {
        "id": "osm-w-1059341624",
        "category": "parking",
        "name": "Parking",
        "wheelchair": null,
        "fee": null,
        "opening_hours": null,
        "source": "osm"
      }
    },
    {
      "type": "Feature",
      "geometry": {
        "type": "Point",
        "coordinates": [
          -83.940331,
          39.6832077
        ]
      },
      "properties": {
        "id": "osm-w-1059356963",
        "category": "parking",
        "name": "Parking",
        "wheelchair": null,
        "fee": null,
        "opening_hours": null,
        "source": "osm"
      }
    },
    {
      "type": "Feature",
      "geometry": {
        "type": "Point",
        "coordinates": [
          -83.9427669,
          39.6832178
        ]
      },
      "properties": {
        "id": "osm-w-1059356967",
        "category": "parking",
        "name": "Parking",
        "wheelchair": null,
        "fee": null,
        "opening_hours": null,
        "source": "osm"
      }
    },
    {
      "type": "Feature",
      "geometry": {
        "type": "Point",
        "coordinates": [
          -83.9422637,
          39.6833034
        ]
      },
      "properties": {
        "id": "osm-w-1059356971",
        "category": "parking",
        "name": "Parking",
        "wheelchair": null,
        "fee": null,
        "opening_hours": null,
        "source": "osm"
      }
    },
    {
      "type": "Feature",
      "geometry": {
        "type": "Point",
        "coordinates": [
          -83.9415761,
          39.6835745
        ]
      },
      "properties": {
        "id": "osm-w-1059356972",
        "category": "parking",
        "name": "Parking",
        "wheelchair": null,
        "fee": null,
        "opening_hours": null,
        "source": "osm"
      }
    },
    {
      "type": "Feature",
      "geometry": {
        "type": "Point",
        "coordinates": [
          -83.9310645,
          39.6829174
        ]
      },
      "properties": {
        "id": "osm-w-1059360932",
        "category": "parking",
        "name": "Parking",
        "wheelchair": null,
        "fee": null,
        "opening_hours": null,
        "source": "osm"
      }
    },
    {
      "type": "Feature",
      "geometry": {
        "type": "Point",
        "coordinates": [
          -83.9294082,
          39.6811374
        ]
      },
      "properties": {
        "id": "osm-w-1059361242",
        "category": "parking",
        "name": "Parking",
        "wheelchair": null,
        "fee": null,
        "opening_hours": null,
        "source": "osm"
      }
    },
    {
      "type": "Feature",
      "geometry": {
        "type": "Point",
        "coordinates": [
          -83.9288804,
          39.6723842
        ]
      },
      "properties": {
        "id": "osm-w-1059368224",
        "category": "parking",
        "name": "Parking",
        "wheelchair": null,
        "fee": null,
        "opening_hours": null,
        "source": "osm"
      }
    },
    {
      "type": "Feature",
      "geometry": {
        "type": "Point",
        "coordinates": [
          -83.9287403,
          39.6739791
        ]
      },
      "properties": {
        "id": "osm-w-1059371484",
        "category": "parking",
        "name": "Parking",
        "wheelchair": null,
        "fee": null,
        "opening_hours": null,
        "source": "osm"
      }
    },
    {
      "type": "Feature",
      "geometry": {
        "type": "Point",
        "coordinates": [
          -83.9218168,
          39.67335
        ]
      },
      "properties": {
        "id": "osm-w-1059371485",
        "category": "parking",
        "name": "Parking",
        "wheelchair": null,
        "fee": null,
        "opening_hours": null,
        "source": "osm"
      }
    },
    {
      "type": "Feature",
      "geometry": {
        "type": "Point",
        "coordinates": [
          -83.9257263,
          39.678468
        ]
      },
      "properties": {
        "id": "osm-w-1059371489",
        "category": "parking",
        "name": "Parking",
        "wheelchair": null,
        "fee": null,
        "opening_hours": null,
        "source": "osm"
      }
    },
    {
      "type": "Feature",
      "geometry": {
        "type": "Point",
        "coordinates": [
          -83.9262107,
          39.6756457
        ]
      },
      "properties": {
        "id": "osm-w-1059371491",
        "category": "parking",
        "name": "Parking",
        "wheelchair": null,
        "fee": null,
        "opening_hours": null,
        "source": "osm"
      }
    },
    {
      "type": "Feature",
      "geometry": {
        "type": "Point",
        "coordinates": [
          -83.9266584,
          39.6764165
        ]
      },
      "properties": {
        "id": "osm-w-1059371495",
        "category": "fuel",
        "name": "Fuel",
        "wheelchair": null,
        "fee": null,
        "opening_hours": null,
        "source": "osm"
      }
    },
    {
      "type": "Feature",
      "geometry": {
        "type": "Point",
        "coordinates": [
          -83.9331816,
          39.6871735
        ]
      },
      "properties": {
        "id": "osm-w-1059552974",
        "category": "parking",
        "name": "Parking",
        "wheelchair": null,
        "fee": null,
        "opening_hours": null,
        "source": "osm"
      }
    },
    {
      "type": "Feature",
      "geometry": {
        "type": "Point",
        "coordinates": [
          -83.9351881,
          39.6869776
        ]
      },
      "properties": {
        "id": "osm-w-1059552981",
        "category": "parking",
        "name": "Parking",
        "wheelchair": null,
        "fee": null,
        "opening_hours": null,
        "source": "osm"
      }
    },
    {
      "type": "Feature",
      "geometry": {
        "type": "Point",
        "coordinates": [
          -83.9349505,
          39.6872978
        ]
      },
      "properties": {
        "id": "osm-w-1059552984",
        "category": "parking",
        "name": "Parking",
        "wheelchair": null,
        "fee": null,
        "opening_hours": null,
        "source": "osm"
      }
    },
    {
      "type": "Feature",
      "geometry": {
        "type": "Point",
        "coordinates": [
          -83.9361255,
          39.6868317
        ]
      },
      "properties": {
        "id": "osm-w-1059552987",
        "category": "parking",
        "name": "Parking",
        "wheelchair": null,
        "fee": null,
        "opening_hours": null,
        "source": "osm"
      }
    },
    {
      "type": "Feature",
      "geometry": {
        "type": "Point",
        "coordinates": [
          -83.9355125,
          39.685918
        ]
      },
      "properties": {
        "id": "osm-w-1059552991",
        "category": "parking",
        "name": "Parking",
        "wheelchair": null,
        "fee": null,
        "opening_hours": null,
        "source": "osm"
      }
    },
    {
      "type": "Feature",
      "geometry": {
        "type": "Point",
        "coordinates": [
          -83.935635,
          39.6856423
        ]
      },
      "properties": {
        "id": "osm-w-1059552992",
        "category": "parking",
        "name": "Parking",
        "wheelchair": null,
        "fee": null,
        "opening_hours": null,
        "source": "osm"
      }
    },
    {
      "type": "Feature",
      "geometry": {
        "type": "Point",
        "coordinates": [
          -83.9362645,
          39.6859758
        ]
      },
      "properties": {
        "id": "osm-w-1059552998",
        "category": "parking",
        "name": "Parking",
        "wheelchair": null,
        "fee": null,
        "opening_hours": null,
        "source": "osm"
      }
    },
    {
      "type": "Feature",
      "geometry": {
        "type": "Point",
        "coordinates": [
          -83.9365687,
          39.686431
        ]
      },
      "properties": {
        "id": "osm-w-1059553001",
        "category": "parking",
        "name": "Parking",
        "wheelchair": null,
        "fee": null,
        "opening_hours": null,
        "source": "osm"
      }
    },
    {
      "type": "Feature",
      "geometry": {
        "type": "Point",
        "coordinates": [
          -83.936311,
          39.6862831
        ]
      },
      "properties": {
        "id": "osm-w-1059553003",
        "category": "parking",
        "name": "Parking",
        "wheelchair": null,
        "fee": null,
        "opening_hours": null,
        "source": "osm"
      }
    },
    {
      "type": "Feature",
      "geometry": {
        "type": "Point",
        "coordinates": [
          -83.9362093,
          39.6856609
        ]
      },
      "properties": {
        "id": "osm-w-1059553004",
        "category": "parking",
        "name": "Parking",
        "wheelchair": null,
        "fee": null,
        "opening_hours": null,
        "source": "osm"
      }
    },
    {
      "type": "Feature",
      "geometry": {
        "type": "Point",
        "coordinates": [
          -83.9358243,
          39.6865545
        ]
      },
      "properties": {
        "id": "osm-w-1059553005",
        "category": "parking",
        "name": "Parking",
        "wheelchair": null,
        "fee": null,
        "opening_hours": null,
        "source": "osm"
      }
    },
    {
      "type": "Feature",
      "geometry": {
        "type": "Point",
        "coordinates": [
          -83.9357598,
          39.6861711
        ]
      },
      "properties": {
        "id": "osm-w-1059553007",
        "category": "parking",
        "name": "Parking",
        "wheelchair": null,
        "fee": null,
        "opening_hours": null,
        "source": "osm"
      }
    },
    {
      "type": "Feature",
      "geometry": {
        "type": "Point",
        "coordinates": [
          -83.9380818,
          39.6856362
        ]
      },
      "properties": {
        "id": "osm-w-1059554774",
        "category": "parking",
        "name": "Parking",
        "wheelchair": null,
        "fee": null,
        "opening_hours": null,
        "source": "osm"
      }
    },
    {
      "type": "Feature",
      "geometry": {
        "type": "Point",
        "coordinates": [
          -83.9384367,
          39.6856923
        ]
      },
      "properties": {
        "id": "osm-w-1059554776",
        "category": "parking",
        "name": "Parking",
        "wheelchair": null,
        "fee": null,
        "opening_hours": null,
        "source": "osm"
      }
    },
    {
      "type": "Feature",
      "geometry": {
        "type": "Point",
        "coordinates": [
          -83.9372811,
          39.686347
        ]
      },
      "properties": {
        "id": "osm-w-1059554781",
        "category": "parking",
        "name": "Parking",
        "wheelchair": null,
        "fee": null,
        "opening_hours": null,
        "source": "osm"
      }
    },
    {
      "type": "Feature",
      "geometry": {
        "type": "Point",
        "coordinates": [
          -83.9419733,
          39.6868518
        ]
      },
      "properties": {
        "id": "osm-w-1059557092",
        "category": "parking",
        "name": "Parking",
        "wheelchair": null,
        "fee": null,
        "opening_hours": null,
        "source": "osm"
      }
    },
    {
      "type": "Feature",
      "geometry": {
        "type": "Point",
        "coordinates": [
          -83.9415401,
          39.6864255
        ]
      },
      "properties": {
        "id": "osm-w-1059557096",
        "category": "parking",
        "name": "Parking",
        "wheelchair": null,
        "fee": null,
        "opening_hours": null,
        "source": "osm"
      }
    },
    {
      "type": "Feature",
      "geometry": {
        "type": "Point",
        "coordinates": [
          -83.9420991,
          39.6858705
        ]
      },
      "properties": {
        "id": "osm-w-1059557097",
        "category": "parking",
        "name": "Parking",
        "wheelchair": null,
        "fee": null,
        "opening_hours": null,
        "source": "osm"
      }
    },
    {
      "type": "Feature",
      "geometry": {
        "type": "Point",
        "coordinates": [
          -83.9415006,
          39.6869738
        ]
      },
      "properties": {
        "id": "osm-w-1059557110",
        "category": "parking",
        "name": "Parking",
        "wheelchair": null,
        "fee": null,
        "opening_hours": null,
        "source": "osm"
      }
    },
    {
      "type": "Feature",
      "geometry": {
        "type": "Point",
        "coordinates": [
          -83.9481813,
          39.6892012
        ]
      },
      "properties": {
        "id": "osm-w-1059561606",
        "category": "parking",
        "name": "Parking",
        "wheelchair": null,
        "fee": null,
        "opening_hours": null,
        "source": "osm"
      }
    },
    {
      "type": "Feature",
      "geometry": {
        "type": "Point",
        "coordinates": [
          -83.9562914,
          39.6879645
        ]
      },
      "properties": {
        "id": "osm-w-1059635035",
        "category": "parking",
        "name": "Parking",
        "wheelchair": null,
        "fee": null,
        "opening_hours": null,
        "source": "osm"
      }
    },
    {
      "type": "Feature",
      "geometry": {
        "type": "Point",
        "coordinates": [
          -83.9303525,
          39.6841819
        ]
      },
      "properties": {
        "id": "osm-w-1059641515",
        "category": "parking",
        "name": "Parking",
        "wheelchair": null,
        "fee": null,
        "opening_hours": null,
        "source": "osm"
      }
    },
    {
      "type": "Feature",
      "geometry": {
        "type": "Point",
        "coordinates": [
          -83.9297327,
          39.6834845
        ]
      },
      "properties": {
        "id": "osm-w-1059643618",
        "category": "parking",
        "name": "Parking",
        "wheelchair": null,
        "fee": null,
        "opening_hours": null,
        "source": "osm"
      }
    },
    {
      "type": "Feature",
      "geometry": {
        "type": "Point",
        "coordinates": [
          -83.9294781,
          39.6830809
        ]
      },
      "properties": {
        "id": "osm-w-1059643623",
        "category": "parking",
        "name": "Parking",
        "wheelchair": null,
        "fee": null,
        "opening_hours": null,
        "source": "osm"
      }
    },
    {
      "type": "Feature",
      "geometry": {
        "type": "Point",
        "coordinates": [
          -83.9288916,
          39.6836874
        ]
      },
      "properties": {
        "id": "osm-w-1059645543",
        "category": "parking",
        "name": "Parking",
        "wheelchair": null,
        "fee": null,
        "opening_hours": null,
        "source": "osm"
      }
    },
    {
      "type": "Feature",
      "geometry": {
        "type": "Point",
        "coordinates": [
          -83.9285574,
          39.6836201
        ]
      },
      "properties": {
        "id": "osm-w-1059645545",
        "category": "parking",
        "name": "Parking",
        "wheelchair": null,
        "fee": null,
        "opening_hours": null,
        "source": "osm"
      }
    },
    {
      "type": "Feature",
      "geometry": {
        "type": "Point",
        "coordinates": [
          -83.9279605,
          39.6836704
        ]
      },
      "properties": {
        "id": "osm-w-1059645549",
        "category": "parking",
        "name": "Parking",
        "wheelchair": null,
        "fee": null,
        "opening_hours": null,
        "source": "osm"
      }
    },
    {
      "type": "Feature",
      "geometry": {
        "type": "Point",
        "coordinates": [
          -83.9287633,
          39.6830861
        ]
      },
      "properties": {
        "id": "osm-w-1059645558",
        "category": "parking",
        "name": "Parking",
        "wheelchair": null,
        "fee": null,
        "opening_hours": null,
        "source": "osm"
      }
    },
    {
      "type": "Feature",
      "geometry": {
        "type": "Point",
        "coordinates": [
          -83.9285275,
          39.6814544
        ]
      },
      "properties": {
        "id": "osm-w-1059645569",
        "category": "parking",
        "name": "Parking",
        "wheelchair": null,
        "fee": null,
        "opening_hours": null,
        "source": "osm"
      }
    },
    {
      "type": "Feature",
      "geometry": {
        "type": "Point",
        "coordinates": [
          -83.9288111,
          39.6811246
        ]
      },
      "properties": {
        "id": "osm-w-1059645572",
        "category": "parking",
        "name": "Parking",
        "wheelchair": null,
        "fee": null,
        "opening_hours": null,
        "source": "osm"
      }
    },
    {
      "type": "Feature",
      "geometry": {
        "type": "Point",
        "coordinates": [
          -83.9282155,
          39.6809627
        ]
      },
      "properties": {
        "id": "osm-w-1059645573",
        "category": "parking",
        "name": "Parking",
        "wheelchair": null,
        "fee": null,
        "opening_hours": null,
        "source": "osm"
      }
    },
    {
      "type": "Feature",
      "geometry": {
        "type": "Point",
        "coordinates": [
          -83.9287668,
          39.6820781
        ]
      },
      "properties": {
        "id": "osm-w-1059646467",
        "category": "parking",
        "name": "Parking",
        "wheelchair": null,
        "fee": null,
        "opening_hours": null,
        "source": "osm"
      }
    },
    {
      "type": "Feature",
      "geometry": {
        "type": "Point",
        "coordinates": [
          -83.9290017,
          39.6822808
        ]
      },
      "properties": {
        "id": "osm-w-1059646468",
        "category": "parking",
        "name": "Parking",
        "wheelchair": null,
        "fee": null,
        "opening_hours": null,
        "source": "osm"
      }
    },
    {
      "type": "Feature",
      "geometry": {
        "type": "Point",
        "coordinates": [
          -83.9285158,
          39.6825905
        ]
      },
      "properties": {
        "id": "osm-w-1059646471",
        "category": "parking",
        "name": "Parking",
        "wheelchair": null,
        "fee": null,
        "opening_hours": null,
        "source": "osm"
      }
    },
    {
      "type": "Feature",
      "geometry": {
        "type": "Point",
        "coordinates": [
          -83.9343546,
          39.6830809
        ]
      },
      "properties": {
        "id": "osm-w-1059648050",
        "category": "parking",
        "name": "Parking",
        "wheelchair": null,
        "fee": null,
        "opening_hours": null,
        "source": "osm"
      }
    },
    {
      "type": "Feature",
      "geometry": {
        "type": "Point",
        "coordinates": [
          -83.9341023,
          39.6826968
        ]
      },
      "properties": {
        "id": "osm-w-1059648056",
        "category": "parking",
        "name": "Parking",
        "wheelchair": null,
        "fee": null,
        "opening_hours": null,
        "source": "osm"
      }
    },
    {
      "type": "Feature",
      "geometry": {
        "type": "Point",
        "coordinates": [
          -83.9353907,
          39.6809885
        ]
      },
      "properties": {
        "id": "osm-w-1059649577",
        "category": "parking",
        "name": "Parking",
        "wheelchair": null,
        "fee": null,
        "opening_hours": null,
        "source": "osm"
      }
    },
    {
      "type": "Feature",
      "geometry": {
        "type": "Point",
        "coordinates": [
          -83.9350707,
          39.6807234
        ]
      },
      "properties": {
        "id": "osm-w-1059649578",
        "category": "parking",
        "name": "Parking",
        "wheelchair": null,
        "fee": null,
        "opening_hours": null,
        "source": "osm"
      }
    },
    {
      "type": "Feature",
      "geometry": {
        "type": "Point",
        "coordinates": [
          -83.9356444,
          39.6806328
        ]
      },
      "properties": {
        "id": "osm-w-1059649579",
        "category": "parking",
        "name": "Parking",
        "wheelchair": null,
        "fee": null,
        "opening_hours": null,
        "source": "osm"
      }
    },
    {
      "type": "Feature",
      "geometry": {
        "type": "Point",
        "coordinates": [
          -83.9553578,
          39.6706699
        ]
      },
      "properties": {
        "id": "osm-w-1059883735",
        "category": "parking",
        "name": "Parking",
        "wheelchair": null,
        "fee": null,
        "opening_hours": null,
        "source": "osm"
      }
    },
    {
      "type": "Feature",
      "geometry": {
        "type": "Point",
        "coordinates": [
          -83.9548975,
          39.671897
        ]
      },
      "properties": {
        "id": "osm-w-1059883736",
        "category": "parking",
        "name": "Parking",
        "wheelchair": null,
        "fee": null,
        "opening_hours": null,
        "source": "osm"
      }
    },
    {
      "type": "Feature",
      "geometry": {
        "type": "Point",
        "coordinates": [
          -83.9546854,
          39.6726968
        ]
      },
      "properties": {
        "id": "osm-w-1059883738",
        "category": "parking",
        "name": "Parking",
        "wheelchair": null,
        "fee": null,
        "opening_hours": null,
        "source": "osm"
      }
    },
    {
      "type": "Feature",
      "geometry": {
        "type": "Point",
        "coordinates": [
          -83.9535187,
          39.6735038
        ]
      },
      "properties": {
        "id": "osm-w-1059883741",
        "category": "parking",
        "name": "Parking",
        "wheelchair": null,
        "fee": null,
        "opening_hours": null,
        "source": "osm"
      }
    },
    {
      "type": "Feature",
      "geometry": {
        "type": "Point",
        "coordinates": [
          -83.9527881,
          39.6740068
        ]
      },
      "properties": {
        "id": "osm-w-1059883744",
        "category": "parking",
        "name": "Parking",
        "wheelchair": null,
        "fee": null,
        "opening_hours": null,
        "source": "osm"
      }
    },
    {
      "type": "Feature",
      "geometry": {
        "type": "Point",
        "coordinates": [
          -83.9523271,
          39.6743779
        ]
      },
      "properties": {
        "id": "osm-w-1059883746",
        "category": "parking",
        "name": "Parking",
        "wheelchair": null,
        "fee": null,
        "opening_hours": null,
        "source": "osm"
      }
    },
    {
      "type": "Feature",
      "geometry": {
        "type": "Point",
        "coordinates": [
          -83.9521439,
          39.6750282
        ]
      },
      "properties": {
        "id": "osm-w-1059883754",
        "category": "parking",
        "name": "Parking",
        "wheelchair": null,
        "fee": null,
        "opening_hours": null,
        "source": "osm"
      }
    },
    {
      "type": "Feature",
      "geometry": {
        "type": "Point",
        "coordinates": [
          -83.9500038,
          39.6759184
        ]
      },
      "properties": {
        "id": "osm-w-1059883759",
        "category": "parking",
        "name": "Parking",
        "wheelchair": null,
        "fee": null,
        "opening_hours": null,
        "source": "osm"
      }
    },
    {
      "type": "Feature",
      "geometry": {
        "type": "Point",
        "coordinates": [
          -83.9492986,
          39.6763481
        ]
      },
      "properties": {
        "id": "osm-w-1059883760",
        "category": "parking",
        "name": "Parking",
        "wheelchair": null,
        "fee": null,
        "opening_hours": null,
        "source": "osm"
      }
    },
    {
      "type": "Feature",
      "geometry": {
        "type": "Point",
        "coordinates": [
          -83.9572626,
          39.6807721
        ]
      },
      "properties": {
        "id": "osm-w-1059957710",
        "category": "parking",
        "name": "Parking",
        "wheelchair": null,
        "fee": null,
        "opening_hours": null,
        "source": "osm"
      }
    },
    {
      "type": "Feature",
      "geometry": {
        "type": "Point",
        "coordinates": [
          -83.9583858,
          39.681305
        ]
      },
      "properties": {
        "id": "osm-w-1059957714",
        "category": "parking",
        "name": "Parking",
        "wheelchair": null,
        "fee": null,
        "opening_hours": null,
        "source": "osm"
      }
    },
    {
      "type": "Feature",
      "geometry": {
        "type": "Point",
        "coordinates": [
          -83.9592357,
          39.6809267
        ]
      },
      "properties": {
        "id": "osm-w-1059957719",
        "category": "parking",
        "name": "Parking",
        "wheelchair": null,
        "fee": null,
        "opening_hours": null,
        "source": "osm"
      }
    },
    {
      "type": "Feature",
      "geometry": {
        "type": "Point",
        "coordinates": [
          -83.9602067,
          39.6810853
        ]
      },
      "properties": {
        "id": "osm-w-1059957722",
        "category": "parking",
        "name": "Parking",
        "wheelchair": null,
        "fee": null,
        "opening_hours": null,
        "source": "osm"
      }
    },
    {
      "type": "Feature",
      "geometry": {
        "type": "Point",
        "coordinates": [
          -83.9606984,
          39.6813011
        ]
      },
      "properties": {
        "id": "osm-w-1059957723",
        "category": "parking",
        "name": "Parking",
        "wheelchair": null,
        "fee": null,
        "opening_hours": null,
        "source": "osm"
      }
    },
    {
      "type": "Feature",
      "geometry": {
        "type": "Point",
        "coordinates": [
          -83.9674311,
          39.6878625
        ]
      },
      "properties": {
        "id": "osm-w-1059960041",
        "category": "parking",
        "name": "Parking",
        "wheelchair": null,
        "fee": null,
        "opening_hours": null,
        "source": "osm"
      }
    },
    {
      "type": "Feature",
      "geometry": {
        "type": "Point",
        "coordinates": [
          -83.9678885,
          39.687702
        ]
      },
      "properties": {
        "id": "osm-w-1059960042",
        "category": "parking",
        "name": "Parking",
        "wheelchair": null,
        "fee": null,
        "opening_hours": null,
        "source": "osm"
      }
    },
    {
      "type": "Feature",
      "geometry": {
        "type": "Point",
        "coordinates": [
          -83.9638457,
          39.6890288
        ]
      },
      "properties": {
        "id": "osm-w-1059960047",
        "category": "parking",
        "name": "Parking",
        "wheelchair": null,
        "fee": null,
        "opening_hours": null,
        "source": "osm"
      }
    },
    {
      "type": "Feature",
      "geometry": {
        "type": "Point",
        "coordinates": [
          -83.9639582,
          39.6885236
        ]
      },
      "properties": {
        "id": "osm-w-1059960048",
        "category": "parking",
        "name": "Parking",
        "wheelchair": null,
        "fee": null,
        "opening_hours": null,
        "source": "osm"
      }
    },
    {
      "type": "Feature",
      "geometry": {
        "type": "Point",
        "coordinates": [
          -83.9642748,
          39.6884985
        ]
      },
      "properties": {
        "id": "osm-w-1059960050",
        "category": "parking",
        "name": "Parking",
        "wheelchair": null,
        "fee": null,
        "opening_hours": null,
        "source": "osm"
      }
    },
    {
      "type": "Feature",
      "geometry": {
        "type": "Point",
        "coordinates": [
          -83.9655544,
          39.6883034
        ]
      },
      "properties": {
        "id": "osm-w-1059960051",
        "category": "parking",
        "name": "Parking",
        "wheelchair": null,
        "fee": null,
        "opening_hours": null,
        "source": "osm"
      }
    },
    {
      "type": "Feature",
      "geometry": {
        "type": "Point",
        "coordinates": [
          -83.9643218,
          39.6880515
        ]
      },
      "properties": {
        "id": "osm-w-1059960052",
        "category": "parking",
        "name": "Parking",
        "wheelchair": null,
        "fee": null,
        "opening_hours": null,
        "source": "osm"
      }
    },
    {
      "type": "Feature",
      "geometry": {
        "type": "Point",
        "coordinates": [
          -83.964247,
          39.6877741
        ]
      },
      "properties": {
        "id": "osm-w-1059960053",
        "category": "parking",
        "name": "Parking",
        "wheelchair": null,
        "fee": null,
        "opening_hours": null,
        "source": "osm"
      }
    },
    {
      "type": "Feature",
      "geometry": {
        "type": "Point",
        "coordinates": [
          -83.9638705,
          39.6874805
        ]
      },
      "properties": {
        "id": "osm-w-1059960054",
        "category": "parking",
        "name": "Parking",
        "wheelchair": null,
        "fee": null,
        "opening_hours": null,
        "source": "osm"
      }
    },
    {
      "type": "Feature",
      "geometry": {
        "type": "Point",
        "coordinates": [
          -83.9641454,
          39.6866361
        ]
      },
      "properties": {
        "id": "osm-w-1059960056",
        "category": "parking",
        "name": "Parking",
        "wheelchair": null,
        "fee": null,
        "opening_hours": null,
        "source": "osm"
      }
    },
    {
      "type": "Feature",
      "geometry": {
        "type": "Point",
        "coordinates": [
          -83.964748,
          39.6861897
        ]
      },
      "properties": {
        "id": "osm-w-1059960060",
        "category": "parking",
        "name": "Parking",
        "wheelchair": null,
        "fee": null,
        "opening_hours": null,
        "source": "osm"
      }
    },
    {
      "type": "Feature",
      "geometry": {
        "type": "Point",
        "coordinates": [
          -83.9658053,
          39.6856484
        ]
      },
      "properties": {
        "id": "osm-w-1059961288",
        "category": "parking",
        "name": "Parking",
        "wheelchair": null,
        "fee": null,
        "opening_hours": null,
        "source": "osm"
      }
    },
    {
      "type": "Feature",
      "geometry": {
        "type": "Point",
        "coordinates": [
          -83.9678969,
          39.6828546
        ]
      },
      "properties": {
        "id": "osm-w-1059978342",
        "category": "parking",
        "name": "Parking",
        "wheelchair": null,
        "fee": null,
        "opening_hours": null,
        "source": "osm"
      }
    },
    {
      "type": "Feature",
      "geometry": {
        "type": "Point",
        "coordinates": [
          -83.9685696,
          39.6819208
        ]
      },
      "properties": {
        "id": "osm-w-1059978347",
        "category": "parking",
        "name": "Parking",
        "wheelchair": null,
        "fee": null,
        "opening_hours": null,
        "source": "osm"
      }
    },
    {
      "type": "Feature",
      "geometry": {
        "type": "Point",
        "coordinates": [
          -83.9653024,
          39.6820839
        ]
      },
      "properties": {
        "id": "osm-w-1059978349",
        "category": "parking",
        "name": "Parking",
        "wheelchair": null,
        "fee": null,
        "opening_hours": null,
        "source": "osm"
      }
    },
    {
      "type": "Feature",
      "geometry": {
        "type": "Point",
        "coordinates": [
          -83.9653562,
          39.690598
        ]
      },
      "properties": {
        "id": "osm-w-1059979090",
        "category": "parking",
        "name": "Parking",
        "wheelchair": null,
        "fee": null,
        "opening_hours": null,
        "source": "osm"
      }
    },
    {
      "type": "Feature",
      "geometry": {
        "type": "Point",
        "coordinates": [
          -83.9629857,
          39.6901192
        ]
      },
      "properties": {
        "id": "osm-w-1059979095",
        "category": "parking",
        "name": "Parking",
        "wheelchair": null,
        "fee": null,
        "opening_hours": null,
        "source": "osm"
      }
    },
    {
      "type": "Feature",
      "geometry": {
        "type": "Point",
        "coordinates": [
          -83.9638213,
          39.6907074
        ]
      },
      "properties": {
        "id": "osm-w-1059979096",
        "category": "parking",
        "name": "Parking",
        "wheelchair": null,
        "fee": null,
        "opening_hours": null,
        "source": "osm"
      }
    },
    {
      "type": "Feature",
      "geometry": {
        "type": "Point",
        "coordinates": [
          -83.9633104,
          39.6907703
        ]
      },
      "properties": {
        "id": "osm-w-1059979097",
        "category": "parking",
        "name": "Parking",
        "wheelchair": null,
        "fee": null,
        "opening_hours": null,
        "source": "osm"
      }
    },
    {
      "type": "Feature",
      "geometry": {
        "type": "Point",
        "coordinates": [
          -83.9626037,
          39.6908424
        ]
      },
      "properties": {
        "id": "osm-w-1059979099",
        "category": "parking",
        "name": "Parking",
        "wheelchair": null,
        "fee": null,
        "opening_hours": null,
        "source": "osm"
      }
    },
    {
      "type": "Feature",
      "geometry": {
        "type": "Point",
        "coordinates": [
          -83.9620632,
          39.6896361
        ]
      },
      "properties": {
        "id": "osm-w-1059979100",
        "category": "parking",
        "name": "Parking",
        "wheelchair": null,
        "fee": null,
        "opening_hours": null,
        "source": "osm"
      }
    },
    {
      "type": "Feature",
      "geometry": {
        "type": "Point",
        "coordinates": [
          -83.9612344,
          39.6892576
        ]
      },
      "properties": {
        "id": "osm-w-1059979101",
        "category": "parking",
        "name": "Parking",
        "wheelchair": null,
        "fee": null,
        "opening_hours": null,
        "source": "osm"
      }
    },
    {
      "type": "Feature",
      "geometry": {
        "type": "Point",
        "coordinates": [
          -83.9582448,
          39.6890506
        ]
      },
      "properties": {
        "id": "osm-w-1059979107",
        "category": "parking",
        "name": "Parking",
        "wheelchair": null,
        "fee": null,
        "opening_hours": null,
        "source": "osm"
      }
    },
    {
      "type": "Feature",
      "geometry": {
        "type": "Point",
        "coordinates": [
          -83.9573171,
          39.6897558
        ]
      },
      "properties": {
        "id": "osm-w-1059979626",
        "category": "parking",
        "name": "Parking",
        "wheelchair": null,
        "fee": null,
        "opening_hours": null,
        "source": "osm"
      }
    },
    {
      "type": "Feature",
      "geometry": {
        "type": "Point",
        "coordinates": [
          -83.9573034,
          39.6891015
        ]
      },
      "properties": {
        "id": "osm-w-1059979630",
        "category": "parking",
        "name": "Parking",
        "wheelchair": null,
        "fee": null,
        "opening_hours": null,
        "source": "osm"
      }
    },
    {
      "type": "Feature",
      "geometry": {
        "type": "Point",
        "coordinates": [
          -83.9568064,
          39.6891813
        ]
      },
      "properties": {
        "id": "osm-w-1059979631",
        "category": "parking",
        "name": "Parking",
        "wheelchair": null,
        "fee": null,
        "opening_hours": null,
        "source": "osm"
      }
    },
    {
      "type": "Feature",
      "geometry": {
        "type": "Point",
        "coordinates": [
          -83.9567797,
          39.6895962
        ]
      },
      "properties": {
        "id": "osm-w-1059979646",
        "category": "parking",
        "name": "Parking",
        "wheelchair": null,
        "fee": null,
        "opening_hours": null,
        "source": "osm"
      }
    },
    {
      "type": "Feature",
      "geometry": {
        "type": "Point",
        "coordinates": [
          -83.9567353,
          39.6898969
        ]
      },
      "properties": {
        "id": "osm-w-1059979647",
        "category": "parking",
        "name": "Parking",
        "wheelchair": null,
        "fee": null,
        "opening_hours": null,
        "source": "osm"
      }
    },
    {
      "type": "Feature",
      "geometry": {
        "type": "Point",
        "coordinates": [
          -83.956717,
          39.6901847
        ]
      },
      "properties": {
        "id": "osm-w-1059979648",
        "category": "parking",
        "name": "Parking",
        "wheelchair": null,
        "fee": null,
        "opening_hours": null,
        "source": "osm"
      }
    },
    {
      "type": "Feature",
      "geometry": {
        "type": "Point",
        "coordinates": [
          -83.9566966,
          39.690302
        ]
      },
      "properties": {
        "id": "osm-w-1059979649",
        "category": "parking",
        "name": "Parking",
        "wheelchair": null,
        "fee": null,
        "opening_hours": null,
        "source": "osm"
      }
    },
    {
      "type": "Feature",
      "geometry": {
        "type": "Point",
        "coordinates": [
          -83.9566661,
          39.690593
        ]
      },
      "properties": {
        "id": "osm-w-1059979650",
        "category": "parking",
        "name": "Parking",
        "wheelchair": null,
        "fee": null,
        "opening_hours": null,
        "source": "osm"
      }
    },
    {
      "type": "Feature",
      "geometry": {
        "type": "Point",
        "coordinates": [
          -83.9566276,
          39.6908917
        ]
      },
      "properties": {
        "id": "osm-w-1059979651",
        "category": "parking",
        "name": "Parking",
        "wheelchair": null,
        "fee": null,
        "opening_hours": null,
        "source": "osm"
      }
    },
    {
      "type": "Feature",
      "geometry": {
        "type": "Point",
        "coordinates": [
          -83.9565848,
          39.6911717
        ]
      },
      "properties": {
        "id": "osm-w-1059979652",
        "category": "parking",
        "name": "Parking",
        "wheelchair": null,
        "fee": null,
        "opening_hours": null,
        "source": "osm"
      }
    },
    {
      "type": "Feature",
      "geometry": {
        "type": "Point",
        "coordinates": [
          -83.9573826,
          39.6901385
        ]
      },
      "properties": {
        "id": "osm-w-1059979655",
        "category": "parking",
        "name": "Parking",
        "wheelchair": null,
        "fee": null,
        "opening_hours": null,
        "source": "osm"
      }
    },
    {
      "type": "Feature",
      "geometry": {
        "type": "Point",
        "coordinates": [
          -83.9574447,
          39.6904335
        ]
      },
      "properties": {
        "id": "osm-w-1059979656",
        "category": "parking",
        "name": "Parking",
        "wheelchair": null,
        "fee": null,
        "opening_hours": null,
        "source": "osm"
      }
    },
    {
      "type": "Feature",
      "geometry": {
        "type": "Point",
        "coordinates": [
          -83.9573704,
          39.6907705
        ]
      },
      "properties": {
        "id": "osm-w-1059979665",
        "category": "parking",
        "name": "Parking",
        "wheelchair": null,
        "fee": null,
        "opening_hours": null,
        "source": "osm"
      }
    },
    {
      "type": "Feature",
      "geometry": {
        "type": "Point",
        "coordinates": [
          -83.9575141,
          39.6911324
        ]
      },
      "properties": {
        "id": "osm-w-1059979666",
        "category": "parking",
        "name": "Parking",
        "wheelchair": null,
        "fee": null,
        "opening_hours": null,
        "source": "osm"
      }
    },
    {
      "type": "Feature",
      "geometry": {
        "type": "Point",
        "coordinates": [
          -83.9575382,
          39.6914283
        ]
      },
      "properties": {
        "id": "osm-w-1059979667",
        "category": "parking",
        "name": "Parking",
        "wheelchair": null,
        "fee": null,
        "opening_hours": null,
        "source": "osm"
      }
    },
    {
      "type": "Feature",
      "geometry": {
        "type": "Point",
        "coordinates": [
          -83.9565909,
          39.6915312
        ]
      },
      "properties": {
        "id": "osm-w-1059980435",
        "category": "parking",
        "name": "Parking",
        "wheelchair": null,
        "fee": null,
        "opening_hours": null,
        "source": "osm"
      }
    },
    {
      "type": "Feature",
      "geometry": {
        "type": "Point",
        "coordinates": [
          -83.9572079,
          39.6920797
        ]
      },
      "properties": {
        "id": "osm-w-1059980437",
        "category": "parking",
        "name": "Parking",
        "wheelchair": null,
        "fee": null,
        "opening_hours": null,
        "source": "osm"
      }
    },
    {
      "type": "Feature",
      "geometry": {
        "type": "Point",
        "coordinates": [
          -83.9578342,
          39.6917762
        ]
      },
      "properties": {
        "id": "osm-w-1059980438",
        "category": "parking",
        "name": "Parking",
        "wheelchair": null,
        "fee": null,
        "opening_hours": null,
        "source": "osm"
      }
    },
    {
      "type": "Feature",
      "geometry": {
        "type": "Point",
        "coordinates": [
          -83.9581968,
          39.6918272
        ]
      },
      "properties": {
        "id": "osm-w-1059980439",
        "category": "parking",
        "name": "Parking",
        "wheelchair": null,
        "fee": null,
        "opening_hours": null,
        "source": "osm"
      }
    },
    {
      "type": "Feature",
      "geometry": {
        "type": "Point",
        "coordinates": [
          -83.9587416,
          39.6919445
        ]
      },
      "properties": {
        "id": "osm-w-1059980440",
        "category": "parking",
        "name": "Parking",
        "wheelchair": null,
        "fee": null,
        "opening_hours": null,
        "source": "osm"
      }
    },
    {
      "type": "Feature",
      "geometry": {
        "type": "Point",
        "coordinates": [
          -83.9590953,
          39.6919851
        ]
      },
      "properties": {
        "id": "osm-w-1059980441",
        "category": "parking",
        "name": "Parking",
        "wheelchair": null,
        "fee": null,
        "opening_hours": null,
        "source": "osm"
      }
    },
    {
      "type": "Feature",
      "geometry": {
        "type": "Point",
        "coordinates": [
          -83.9594917,
          39.6920367
        ]
      },
      "properties": {
        "id": "osm-w-1059980442",
        "category": "parking",
        "name": "Parking",
        "wheelchair": null,
        "fee": null,
        "opening_hours": null,
        "source": "osm"
      }
    },
    {
      "type": "Feature",
      "geometry": {
        "type": "Point",
        "coordinates": [
          -83.9598514,
          39.6920695
        ]
      },
      "properties": {
        "id": "osm-w-1059980443",
        "category": "parking",
        "name": "Parking",
        "wheelchair": null,
        "fee": null,
        "opening_hours": null,
        "source": "osm"
      }
    },
    {
      "type": "Feature",
      "geometry": {
        "type": "Point",
        "coordinates": [
          -83.9583214,
          39.6919819
        ]
      },
      "properties": {
        "id": "osm-w-1059980447",
        "category": "parking",
        "name": "Parking",
        "wheelchair": null,
        "fee": null,
        "opening_hours": null,
        "source": "osm"
      }
    },
    {
      "type": "Feature",
      "geometry": {
        "type": "Point",
        "coordinates": [
          -83.9587297,
          39.6923947
        ]
      },
      "properties": {
        "id": "osm-w-1059980465",
        "category": "parking",
        "name": "Parking",
        "wheelchair": null,
        "fee": null,
        "opening_hours": null,
        "source": "osm"
      }
    },
    {
      "type": "Feature",
      "geometry": {
        "type": "Point",
        "coordinates": [
          -83.9597964,
          39.6936836
        ]
      },
      "properties": {
        "id": "osm-w-1059980467",
        "category": "parking",
        "name": "Parking",
        "wheelchair": null,
        "fee": null,
        "opening_hours": null,
        "source": "osm"
      }
    },
    {
      "type": "Feature",
      "geometry": {
        "type": "Point",
        "coordinates": [
          -83.9594592,
          39.6935805
        ]
      },
      "properties": {
        "id": "osm-w-1059980468",
        "category": "parking",
        "name": "Parking",
        "wheelchair": null,
        "fee": null,
        "opening_hours": null,
        "source": "osm"
      }
    },
    {
      "type": "Feature",
      "geometry": {
        "type": "Point",
        "coordinates": [
          -83.9592904,
          39.6935195
        ]
      },
      "properties": {
        "id": "osm-w-1059980469",
        "category": "parking",
        "name": "Parking",
        "wheelchair": null,
        "fee": null,
        "opening_hours": null,
        "source": "osm"
      }
    },
    {
      "type": "Feature",
      "geometry": {
        "type": "Point",
        "coordinates": [
          -83.9589835,
          39.6933819
        ]
      },
      "properties": {
        "id": "osm-w-1059980471",
        "category": "parking",
        "name": "Parking",
        "wheelchair": null,
        "fee": null,
        "opening_hours": null,
        "source": "osm"
      }
    },
    {
      "type": "Feature",
      "geometry": {
        "type": "Point",
        "coordinates": [
          -83.9586501,
          39.693202
        ]
      },
      "properties": {
        "id": "osm-w-1059980472",
        "category": "parking",
        "name": "Parking",
        "wheelchair": null,
        "fee": null,
        "opening_hours": null,
        "source": "osm"
      }
    },
    {
      "type": "Feature",
      "geometry": {
        "type": "Point",
        "coordinates": [
          -83.9583371,
          39.6930675
        ]
      },
      "properties": {
        "id": "osm-w-1059980474",
        "category": "parking",
        "name": "Parking",
        "wheelchair": null,
        "fee": null,
        "opening_hours": null,
        "source": "osm"
      }
    },
    {
      "type": "Feature",
      "geometry": {
        "type": "Point",
        "coordinates": [
          -83.9581866,
          39.6929971
        ]
      },
      "properties": {
        "id": "osm-w-1059980475",
        "category": "parking",
        "name": "Parking",
        "wheelchair": null,
        "fee": null,
        "opening_hours": null,
        "source": "osm"
      }
    },
    {
      "type": "Feature",
      "geometry": {
        "type": "Point",
        "coordinates": [
          -83.9578777,
          39.6928657
        ]
      },
      "properties": {
        "id": "osm-w-1059980476",
        "category": "parking",
        "name": "Parking",
        "wheelchair": null,
        "fee": null,
        "opening_hours": null,
        "source": "osm"
      }
    },
    {
      "type": "Feature",
      "geometry": {
        "type": "Point",
        "coordinates": [
          -83.9599153,
          39.6931123
        ]
      },
      "properties": {
        "id": "osm-w-1059980477",
        "category": "parking",
        "name": "Parking",
        "wheelchair": null,
        "fee": null,
        "opening_hours": null,
        "source": "osm"
      }
    },
    {
      "type": "Feature",
      "geometry": {
        "type": "Point",
        "coordinates": [
          -83.9594393,
          39.6929289
        ]
      },
      "properties": {
        "id": "osm-w-1059980478",
        "category": "parking",
        "name": "Parking",
        "wheelchair": null,
        "fee": null,
        "opening_hours": null,
        "source": "osm"
      }
    },
    {
      "type": "Feature",
      "geometry": {
        "type": "Point",
        "coordinates": [
          -83.9599348,
          39.6926678
        ]
      },
      "properties": {
        "id": "osm-w-1059980479",
        "category": "parking",
        "name": "Parking",
        "wheelchair": null,
        "fee": null,
        "opening_hours": null,
        "source": "osm"
      }
    },
    {
      "type": "Feature",
      "geometry": {
        "type": "Point",
        "coordinates": [
          -83.9592308,
          39.6926395
        ]
      },
      "properties": {
        "id": "osm-w-1059980480",
        "category": "parking",
        "name": "Parking",
        "wheelchair": null,
        "fee": null,
        "opening_hours": null,
        "source": "osm"
      }
    },
    {
      "type": "Feature",
      "geometry": {
        "type": "Point",
        "coordinates": [
          -83.9586847,
          39.6927072
        ]
      },
      "properties": {
        "id": "osm-w-1059980481",
        "category": "parking",
        "name": "Parking",
        "wheelchair": null,
        "fee": null,
        "opening_hours": null,
        "source": "osm"
      }
    },
    {
      "type": "Feature",
      "geometry": {
        "type": "Point",
        "coordinates": [
          -83.9584223,
          39.6927988
        ]
      },
      "properties": {
        "id": "osm-w-1059980482",
        "category": "parking",
        "name": "Parking",
        "wheelchair": null,
        "fee": null,
        "opening_hours": null,
        "source": "osm"
      }
    },
    {
      "type": "Feature",
      "geometry": {
        "type": "Point",
        "coordinates": [
          -83.9588103,
          39.692877
        ]
      },
      "properties": {
        "id": "osm-w-1059980483",
        "category": "parking",
        "name": "Parking",
        "wheelchair": null,
        "fee": null,
        "opening_hours": null,
        "source": "osm"
      }
    },
    {
      "type": "Feature",
      "geometry": {
        "type": "Point",
        "coordinates": [
          -83.9573908,
          39.6947113
        ]
      },
      "properties": {
        "id": "osm-w-1059980859",
        "category": "parking",
        "name": "Parking",
        "wheelchair": null,
        "fee": null,
        "opening_hours": null,
        "source": "osm"
      }
    },
    {
      "type": "Feature",
      "geometry": {
        "type": "Point",
        "coordinates": [
          -83.9589721,
          39.6946463
        ]
      },
      "properties": {
        "id": "osm-w-1059980860",
        "category": "parking",
        "name": "Parking",
        "wheelchair": null,
        "fee": null,
        "opening_hours": null,
        "source": "osm"
      }
    },
    {
      "type": "Feature",
      "geometry": {
        "type": "Point",
        "coordinates": [
          -83.9612764,
          39.6923377
        ]
      },
      "properties": {
        "id": "osm-w-1059980863",
        "category": "parking",
        "name": "Parking",
        "wheelchair": null,
        "fee": null,
        "opening_hours": null,
        "source": "osm"
      }
    },
    {
      "type": "Feature",
      "geometry": {
        "type": "Point",
        "coordinates": [
          -83.961886,
          39.6926311
        ]
      },
      "properties": {
        "id": "osm-w-1059980864",
        "category": "parking",
        "name": "Parking",
        "wheelchair": null,
        "fee": null,
        "opening_hours": null,
        "source": "osm"
      }
    },
    {
      "type": "Feature",
      "geometry": {
        "type": "Point",
        "coordinates": [
          -83.9639217,
          39.6941996
        ]
      },
      "properties": {
        "id": "osm-w-1059980865",
        "category": "parking",
        "name": "Parking",
        "wheelchair": null,
        "fee": null,
        "opening_hours": null,
        "source": "osm"
      }
    },
    {
      "type": "Feature",
      "geometry": {
        "type": "Point",
        "coordinates": [
          -83.9632316,
          39.6944125
        ]
      },
      "properties": {
        "id": "osm-w-1059980866",
        "category": "parking",
        "name": "Parking",
        "wheelchair": null,
        "fee": null,
        "opening_hours": null,
        "source": "osm"
      }
    },
    {
      "type": "Feature",
      "geometry": {
        "type": "Point",
        "coordinates": [
          -83.9627215,
          39.6941864
        ]
      },
      "properties": {
        "id": "osm-w-1059980867",
        "category": "parking",
        "name": "Parking",
        "wheelchair": null,
        "fee": null,
        "opening_hours": null,
        "source": "osm"
      }
    },
    {
      "type": "Feature",
      "geometry": {
        "type": "Point",
        "coordinates": [
          -83.9618542,
          39.694515
        ]
      },
      "properties": {
        "id": "osm-w-1059980868",
        "category": "parking",
        "name": "Parking",
        "wheelchair": null,
        "fee": null,
        "opening_hours": null,
        "source": "osm"
      }
    },
    {
      "type": "Feature",
      "geometry": {
        "type": "Point",
        "coordinates": [
          -83.9617315,
          39.6940589
        ]
      },
      "properties": {
        "id": "osm-w-1059980869",
        "category": "parking",
        "name": "Parking",
        "wheelchair": null,
        "fee": null,
        "opening_hours": null,
        "source": "osm"
      }
    },
    {
      "type": "Feature",
      "geometry": {
        "type": "Point",
        "coordinates": [
          -83.9551046,
          39.6925067
        ]
      },
      "properties": {
        "id": "osm-w-1061797753",
        "category": "parking",
        "name": "Parking",
        "wheelchair": null,
        "fee": null,
        "opening_hours": null,
        "source": "osm"
      }
    },
    {
      "type": "Feature",
      "geometry": {
        "type": "Point",
        "coordinates": [
          -83.9542304,
          39.6924747
        ]
      },
      "properties": {
        "id": "osm-w-1061797754",
        "category": "parking",
        "name": "Parking",
        "wheelchair": null,
        "fee": null,
        "opening_hours": null,
        "source": "osm"
      }
    },
    {
      "type": "Feature",
      "geometry": {
        "type": "Point",
        "coordinates": [
          -83.9544546,
          39.6934663
        ]
      },
      "properties": {
        "id": "osm-w-1061797758",
        "category": "parking",
        "name": "Parking",
        "wheelchair": null,
        "fee": null,
        "opening_hours": null,
        "source": "osm"
      }
    },
    {
      "type": "Feature",
      "geometry": {
        "type": "Point",
        "coordinates": [
          -83.930874,
          39.7000055
        ]
      },
      "properties": {
        "id": "osm-w-1066123966",
        "category": "parking",
        "name": "Parking",
        "wheelchair": null,
        "fee": null,
        "opening_hours": null,
        "source": "osm"
      }
    },
    {
      "type": "Feature",
      "geometry": {
        "type": "Point",
        "coordinates": [
          -83.9310866,
          39.6994943
        ]
      },
      "properties": {
        "id": "osm-w-1066123969",
        "category": "parking",
        "name": "Parking",
        "wheelchair": null,
        "fee": null,
        "opening_hours": null,
        "source": "osm"
      }
    },
    {
      "type": "Feature",
      "geometry": {
        "type": "Point",
        "coordinates": [
          -83.930654,
          39.6985543
        ]
      },
      "properties": {
        "id": "osm-w-1066123970",
        "category": "parking",
        "name": "Parking",
        "wheelchair": null,
        "fee": null,
        "opening_hours": null,
        "source": "osm"
      }
    },
    {
      "type": "Feature",
      "geometry": {
        "type": "Point",
        "coordinates": [
          -83.9311768,
          39.6980348
        ]
      },
      "properties": {
        "id": "osm-w-1066123971",
        "category": "parking",
        "name": "Parking",
        "wheelchair": null,
        "fee": null,
        "opening_hours": null,
        "source": "osm"
      }
    },
    {
      "type": "Feature",
      "geometry": {
        "type": "Point",
        "coordinates": [
          -83.9324201,
          39.7005407
        ]
      },
      "properties": {
        "id": "osm-w-1066123972",
        "category": "parking",
        "name": "Parking",
        "wheelchair": null,
        "fee": null,
        "opening_hours": null,
        "source": "osm"
      }
    },
    {
      "type": "Feature",
      "geometry": {
        "type": "Point",
        "coordinates": [
          -83.9338597,
          39.7028147
        ]
      },
      "properties": {
        "id": "osm-w-1066575423",
        "category": "parking",
        "name": "Parking",
        "wheelchair": null,
        "fee": null,
        "opening_hours": null,
        "source": "osm"
      }
    },
    {
      "type": "Feature",
      "geometry": {
        "type": "Point",
        "coordinates": [
          -83.9333952,
          39.7033602
        ]
      },
      "properties": {
        "id": "osm-w-1066575428",
        "category": "parking",
        "name": "Parking",
        "wheelchair": null,
        "fee": null,
        "opening_hours": null,
        "source": "osm"
      }
    },
    {
      "type": "Feature",
      "geometry": {
        "type": "Point",
        "coordinates": [
          -83.9340648,
          39.7021895
        ]
      },
      "properties": {
        "id": "osm-w-1066575440",
        "category": "parking",
        "name": "Parking",
        "wheelchair": null,
        "fee": null,
        "opening_hours": null,
        "source": "osm"
      }
    },
    {
      "type": "Feature",
      "geometry": {
        "type": "Point",
        "coordinates": [
          -83.9329638,
          39.7032875
        ]
      },
      "properties": {
        "id": "osm-w-1066575447",
        "category": "parking",
        "name": "Parking",
        "wheelchair": null,
        "fee": null,
        "opening_hours": null,
        "source": "osm"
      }
    },
    {
      "type": "Feature",
      "geometry": {
        "type": "Point",
        "coordinates": [
          -83.9331333,
          39.704453
        ]
      },
      "properties": {
        "id": "osm-w-1066575451",
        "category": "parking",
        "name": "Parking",
        "wheelchair": null,
        "fee": null,
        "opening_hours": null,
        "source": "osm"
      }
    },
    {
      "type": "Feature",
      "geometry": {
        "type": "Point",
        "coordinates": [
          -83.9320097,
          39.7088457
        ]
      },
      "properties": {
        "id": "osm-w-1066576980",
        "category": "parking",
        "name": "Parking",
        "wheelchair": null,
        "fee": null,
        "opening_hours": null,
        "source": "osm"
      }
    },
    {
      "type": "Feature",
      "geometry": {
        "type": "Point",
        "coordinates": [
          -83.9330085,
          39.7083252
        ]
      },
      "properties": {
        "id": "osm-w-1066576983",
        "category": "parking",
        "name": "Parking",
        "wheelchair": null,
        "fee": null,
        "opening_hours": null,
        "source": "osm"
      }
    },
    {
      "type": "Feature",
      "geometry": {
        "type": "Point",
        "coordinates": [
          -83.9308274,
          39.6929436
        ]
      },
      "properties": {
        "id": "osm-w-1066579325",
        "category": "parking",
        "name": "Parking",
        "wheelchair": null,
        "fee": null,
        "opening_hours": null,
        "source": "osm"
      }
    },
    {
      "type": "Feature",
      "geometry": {
        "type": "Point",
        "coordinates": [
          -83.9310101,
          39.6935517
        ]
      },
      "properties": {
        "id": "osm-w-1066579327",
        "category": "parking",
        "name": "Parking",
        "wheelchair": null,
        "fee": null,
        "opening_hours": null,
        "source": "osm"
      }
    },
    {
      "type": "Feature",
      "geometry": {
        "type": "Point",
        "coordinates": [
          -83.9310286,
          39.6938437
        ]
      },
      "properties": {
        "id": "osm-w-1066579329",
        "category": "parking",
        "name": "Parking",
        "wheelchair": null,
        "fee": null,
        "opening_hours": null,
        "source": "osm"
      }
    },
    {
      "type": "Feature",
      "geometry": {
        "type": "Point",
        "coordinates": [
          -83.931201,
          39.6941925
        ]
      },
      "properties": {
        "id": "osm-w-1066579330",
        "category": "parking",
        "name": "Parking",
        "wheelchair": null,
        "fee": null,
        "opening_hours": null,
        "source": "osm"
      }
    },
    {
      "type": "Feature",
      "geometry": {
        "type": "Point",
        "coordinates": [
          -83.9274028,
          39.6843916
        ]
      },
      "properties": {
        "id": "osm-w-1164515605",
        "category": "parking",
        "name": "Parking",
        "wheelchair": null,
        "fee": null,
        "opening_hours": null,
        "source": "osm"
      }
    },
    {
      "type": "Feature",
      "geometry": {
        "type": "Point",
        "coordinates": [
          -83.9272461,
          39.6848539
        ]
      },
      "properties": {
        "id": "osm-w-1164515606",
        "category": "parking",
        "name": "Parking",
        "wheelchair": null,
        "fee": null,
        "opening_hours": null,
        "source": "osm"
      }
    },
    {
      "type": "Feature",
      "geometry": {
        "type": "Point",
        "coordinates": [
          -83.9401321,
          39.7000235
        ]
      },
      "properties": {
        "id": "osm-w-1275753312",
        "category": "parking",
        "name": "Parking",
        "wheelchair": null,
        "fee": null,
        "opening_hours": null,
        "source": "osm"
      }
    },
    {
      "type": "Feature",
      "geometry": {
        "type": "Point",
        "coordinates": [
          -83.9373885,
          39.7290901
        ]
      },
      "properties": {
        "id": "osm-w-1290114572",
        "category": "parking",
        "name": "Parking",
        "wheelchair": null,
        "fee": null,
        "opening_hours": null,
        "source": "osm"
      }
    },
    {
      "type": "Feature",
      "geometry": {
        "type": "Point",
        "coordinates": [
          -83.9349442,
          39.7228801
        ]
      },
      "properties": {
        "id": "osm-w-1290116475",
        "category": "parking",
        "name": "Greene County Parks",
        "wheelchair": null,
        "fee": null,
        "opening_hours": null,
        "source": "osm"
      }
    },
    {
      "type": "Feature",
      "geometry": {
        "type": "Point",
        "coordinates": [
          -83.9346967,
          39.7228702
        ]
      },
      "properties": {
        "id": "osm-w-1290116476",
        "category": "parking",
        "name": "Greene County Parks",
        "wheelchair": null,
        "fee": null,
        "opening_hours": null,
        "source": "osm"
      }
    },
    {
      "type": "Feature",
      "geometry": {
        "type": "Point",
        "coordinates": [
          -83.9343982,
          39.7217965
        ]
      },
      "properties": {
        "id": "osm-w-1290250284",
        "category": "parking",
        "name": "Parking",
        "wheelchair": null,
        "fee": null,
        "opening_hours": null,
        "source": "osm"
      }
    },
    {
      "type": "Feature",
      "geometry": {
        "type": "Point",
        "coordinates": [
          -83.9796273,
          39.6818827
        ]
      },
      "properties": {
        "id": "osm-w-1471521202",
        "category": "parking",
        "name": "Parking",
        "wheelchair": null,
        "fee": null,
        "opening_hours": null,
        "source": "osm"
      }
    },
    {
      "type": "Feature",
      "geometry": {
        "type": "Point",
        "coordinates": [
          -83.979512,
          39.6816683
        ]
      },
      "properties": {
        "id": "osm-w-1471521203",
        "category": "parking",
        "name": "Parking",
        "wheelchair": null,
        "fee": null,
        "opening_hours": null,
        "source": "osm"
      }
    },
    {
      "type": "Feature",
      "geometry": {
        "type": "Point",
        "coordinates": [
          -83.9794419,
          39.6814323
        ]
      },
      "properties": {
        "id": "osm-w-1471521204",
        "category": "parking",
        "name": "Parking",
        "wheelchair": null,
        "fee": null,
        "opening_hours": null,
        "source": "osm"
      }
    },
    {
      "type": "Feature",
      "geometry": {
        "type": "Point",
        "coordinates": [
          -83.979121,
          39.6810912
        ]
      },
      "properties": {
        "id": "osm-w-1471521205",
        "category": "parking",
        "name": "Parking",
        "wheelchair": null,
        "fee": null,
        "opening_hours": null,
        "source": "osm"
      }
    },
    {
      "type": "Feature",
      "geometry": {
        "type": "Point",
        "coordinates": [
          -83.9784067,
          39.6814349
        ]
      },
      "properties": {
        "id": "osm-w-1471521206",
        "category": "parking",
        "name": "Parking",
        "wheelchair": null,
        "fee": null,
        "opening_hours": null,
        "source": "osm"
      }
    }
  ]
}