{
  "type": "FeatureCollection",
  "features": [
    {
      "type": "Feature",
      "geometry": {
        "type": "Point",
        "coordinates": [
          2.227611,
          41.429361
        ]
      },
      "properties": {
        "id": "osm-n-287007495",
        "category": "fuel",
        "name": "Galp",
        "wheelchair": null,
        "fee": null,
        "opening_hours": "Mo-Su 06:00-22:00",
        "source": "osm"
      }
    },
    {
      "type": "Feature",
      "geometry": {
        "type": "Point",
        "coordinates": [
          2.1865663,
          41.3942256
        ]
      },
      "properties": {
        "id": "osm-n-287007575",
        "category": "fuel",
        "name": "Galp",
        "wheelchair": null,
        "fee": null,
        "opening_hours": "24/7",
        "source": "osm"
      }
    },
    {
      "type": "Feature",
      "geometry": {
        "type": "Point",
        "coordinates": [
          2.207028,
          41.406694
        ]
      },
      "properties": {
        "id": "osm-n-287007600",
        "category": "fuel",
        "name": "Tamoil",
        "wheelchair": null,
        "fee": null,
        "opening_hours": "24/7",
        "source": "osm"
      }
    },
    {
      "type": "Feature",
      "geometry": {
        "type": "Point",
        "coordinates": [
          2.1818284,
          41.3901915
        ]
      },
      "properties": {
        "id": "osm-n-338933497",
        "category": "parking",
        "name": "Saba Bamsa Llu\u00eds Companys-Ciutadella",
        "wheelchair": "yes",
        "fee": "yes",
        "opening_hours": null,
        "source": "osm"
      }
    },
    {
      "type": "Feature",
      "geometry": {
        "type": "Point",
        "coordinates": [
          2.2206174,
          41.4430014
        ]
      },
      "properties": {
        "id": "osm-n-409204766",
        "category": "water",
        "name": "Water",
        "wheelchair": null,
        "fee": null,
        "opening_hours": null,
        "source": "osm"
      }
    },
    {
      "type": "Feature",
      "geometry": {
        "type": "Point",
        "coordinates": [
          2.1836133,
          41.4330796
        ]
      },
      "properties": {
        "id": "osm-n-449383314",
        "category": "clinic",
        "name": "Centre d'Atenci\u00f3 Prim\u00e0ria Sant Andreu",
        "wheelchair": "yes",
        "fee": null,
        "opening_hours": "Mo-Fr 08:00-20:00",
        "source": "osm"
      }
    },
    {
      "type": "Feature",
      "geometry": {
        "type": "Point",
        "coordinates": [
          2.1908886,
          41.4223879
        ]
      },
      "properties": {
        "id": "osm-n-449383767",
        "category": "clinic",
        "name": "Centre d'Atenci\u00f3 Prim\u00e0ria La Sagrera",
        "wheelchair": null,
        "fee": null,
        "opening_hours": null,
        "source": "osm"
      }
    },
    {
      "type": "Feature",
      "geometry": {
        "type": "Point",
        "coordinates": [
          2.1854353,
          41.4221944
        ]
      },
      "properties": {
        "id": "osm-n-449384558",
        "category": "shop",
        "name": "Mercat Felip II",
        "wheelchair": null,
        "fee": null,
        "opening_hours": null,
        "source": "osm"
      }
    },
    {
      "type": "Feature",
      "geometry": {
        "type": "Point",
        "coordinates": [
          2.1738918,
          41.4040242
        ]
      },
      "properties": {
        "id": "osm-n-462295964",
        "category": "aed",
        "name": "Sagrada Fam\u00edlia",
        "wheelchair": null,
        "fee": null,
        "opening_hours": null,
        "source": "osm"
      }
    },
    {
      "type": "Feature",
      "geometry": {
        "type": "Point",
        "coordinates": [
          2.1866174,
          41.4212771
        ]
      },
      "properties": {
        "id": "osm-n-462685385",
        "category": "aed",
        "name": "La Sagrera",
        "wheelchair": "yes",
        "fee": null,
        "opening_hours": null,
        "source": "osm"
      }
    },
    {
      "type": "Feature",
      "geometry": {
        "type": "Point",
        "coordinates": [
          2.1759697,
          41.4107022
        ]
      },
      "properties": {
        "id": "osm-n-463213863",
        "category": "aed",
        "name": "Sant Pau | Dos de Maig",
        "wheelchair": "yes",
        "fee": null,
        "opening_hours": null,
        "source": "osm"
      }
    },
    {
      "type": "Feature",
      "geometry": {
        "type": "Point",
        "coordinates": [
          2.1890864,
          41.3962323
        ]
      },
      "properties": {
        "id": "osm-n-506202703",
        "category": "cafe",
        "name": "Bar Almog\u00e1vares",
        "wheelchair": null,
        "fee": null,
        "opening_hours": "Mo-Fr 07:00-17:00",
        "source": "osm"
      }
    },
    {
      "type": "Feature",
      "geometry": {
        "type": "Point",
        "coordinates": [
          2.1785265,
          41.3924581
        ]
      },
      "properties": {
        "id": "osm-n-535635461",
        "category": "water",
        "name": "Ajuntament de Barcelona",
        "wheelchair": null,
        "fee": "no",
        "opening_hours": "24/7",
        "source": "osm"
      }
    },
    {
      "type": "Feature",
      "geometry": {
        "type": "Point",
        "coordinates": [
          2.1799028,
          41.4254729
        ]
      },
      "properties": {
        "id": "osm-n-566708689",
        "category": "shop",
        "name": "plats i olles",
        "wheelchair": null,
        "fee": null,
        "opening_hours": null,
        "source": "osm"
      }
    },
    {
      "type": "Feature",
      "geometry": {
        "type": "Point",
        "coordinates": [
          2.2016953,
          41.4095116
        ]
      },
      "properties": {
        "id": "osm-n-568495536",
        "category": "fuel",
        "name": "Estaci\u00f3 de Servei B-Oil",
        "wheelchair": null,
        "fee": null,
        "opening_hours": "24/7",
        "source": "osm"
      }
    },
    {
      "type": "Feature",
      "geometry": {
        "type": "Point",
        "coordinates": [
          2.1919905,
          41.4344665
        ]
      },
      "properties": {
        "id": "osm-n-598792851",
        "category": "parking",
        "name": "Parking",
        "wheelchair": null,
        "fee": "yes",
        "opening_hours": null,
        "source": "osm"
      }
    },
    {
      "type": "Feature",
      "geometry": {
        "type": "Point",
        "coordinates": [
          2.2179544,
          41.4414694
        ]
      },
      "properties": {
        "id": "osm-n-604326756",
        "category": "aed",
        "name": "Farm\u00e0cia Sara Morat\u00f3 Abad",
        "wheelchair": "no",
        "fee": null,
        "opening_hours": "Mo-Fr 09:00-13:30,16:30-20:30; Sa 09:00-13:30; PH closed",
        "source": "osm"
      }
    },
    {
      "type": "Feature",
      "geometry": {
        "type": "Point",
        "coordinates": [
          2.1745971,
          41.4051547
        ]
      },
      "properties": {
        "id": "osm-n-616483254",
        "category": "shop",
        "name": "Super&Regals",
        "wheelchair": null,
        "fee": null,
        "opening_hours": null,
        "source": "osm"
      }
    },
    {
      "type": "Feature",
      "geometry": {
        "type": "Point",
        "coordinates": [
          2.1990606,
          41.4114535
        ]
      },
      "properties": {
        "id": "osm-n-618460214",
        "category": "aed",
        "name": "Farm\u00e0cia Garc\u00eda Coma, Xavier",
        "wheelchair": "yes",
        "fee": null,
        "opening_hours": null,
        "source": "osm"
      }
    },
    {
      "type": "Feature",
      "geometry": {
        "type": "Point",
        "coordinates": [
          2.2267442,
          41.4429603
        ]
      },
      "properties": {
        "id": "osm-n-620490718",
        "category": "clinic",
        "name": "Centre d'atenci\u00f3 prim\u00e0ria La Salut",
        "wheelchair": null,
        "fee": null,
        "opening_hours": "Mo-Fr 08:00-20:00; Sa 09:00-17:00",
        "source": "osm"
      }
    },
    {
      "type": "Feature",
      "geometry": {
        "type": "Point",
        "coordinates": [
          2.2191905,
          41.4416457
        ]
      },
      "properties": {
        "id": "osm-n-630717835",
        "category": "shop",
        "name": "Carrefour Express",
        "wheelchair": "yes",
        "fee": null,
        "opening_hours": "Mo-Su 08:30-23:00",
        "source": "osm"
      }
    },
    {
      "type": "Feature",
      "geometry": {
        "type": "Point",
        "coordinates": [
          2.2193595,
          41.4431992
        ]
      },
      "properties": {
        "id": "osm-n-638346214",
        "category": "shop",
        "name": "Supermercat",
        "wheelchair": "limited",
        "fee": null,
        "opening_hours": "Mo-Su 08:00-23:30",
        "source": "osm"
      }
    },
    {
      "type": "Feature",
      "geometry": {
        "type": "Point",
        "coordinates": [
          2.2184999,
          41.4426512
        ]
      },
      "properties": {
        "id": "osm-n-638346218",
        "category": "shop",
        "name": "Supermercat Llefi\u00e0",
        "wheelchair": "limited",
        "fee": null,
        "opening_hours": null,
        "source": "osm"
      }
    },
    {
      "type": "Feature",
      "geometry": {
        "type": "Point",
        "coordinates": [
          2.2185286,
          41.4375434
        ]
      },
      "properties": {
        "id": "osm-n-638346221",
        "category": "cafe",
        "name": "Can Farines",
        "wheelchair": "no",
        "fee": null,
        "opening_hours": null,
        "source": "osm"
      }
    },
    {
      "type": "Feature",
      "geometry": {
        "type": "Point",
        "coordinates": [
          2.2209282,
          41.4437397
        ]
      },
      "properties": {
        "id": "osm-n-640492410",
        "category": "water",
        "name": "Water",
        "wheelchair": null,
        "fee": null,
        "opening_hours": null,
        "source": "osm"
      }
    },
    {
      "type": "Feature",
      "geometry": {
        "type": "Point",
        "coordinates": [
          2.2169391,
          41.4336545
        ]
      },
      "properties": {
        "id": "osm-n-643429648",
        "category": "cafe",
        "name": "Joan Figuera",
        "wheelchair": "no",
        "fee": null,
        "opening_hours": "Mo-Fr 06:30-21:00; Sa 07:00-21:00; Su 08:00-21:00; PH closed",
        "source": "osm"
      }
    },
    {
      "type": "Feature",
      "geometry": {
        "type": "Point",
        "coordinates": [
          2.1845747,
          41.4238308
        ]
      },
      "properties": {
        "id": "osm-n-648862605",
        "category": "parking",
        "name": "Parking Cienfuegos",
        "wheelchair": null,
        "fee": null,
        "opening_hours": null,
        "source": "osm"
      }
    },
    {
      "type": "Feature",
      "geometry": {
        "type": "Point",
        "coordinates": [
          2.2222646,
          41.4432472
        ]
      },
      "properties": {
        "id": "osm-n-653277343",
        "category": "water",
        "name": "Water",
        "wheelchair": null,
        "fee": null,
        "opening_hours": null,
        "source": "osm"
      }
    },
    {
      "type": "Feature",
      "geometry": {
        "type": "Point",
        "coordinates": [
          2.1967694,
          41.4046882
        ]
      },
      "properties": {
        "id": "osm-n-660100527",
        "category": "cafe",
        "name": "Rambla Poblenou",
        "wheelchair": null,
        "fee": null,
        "opening_hours": null,
        "source": "osm"
      }
    },
    {
      "type": "Feature",
      "geometry": {
        "type": "Point",
        "coordinates": [
          2.1941868,
          41.404858
        ]
      },
      "properties": {
        "id": "osm-n-660100529",
        "category": "cafe",
        "name": "El Fornet",
        "wheelchair": null,
        "fee": null,
        "opening_hours": null,
        "source": "osm"
      }
    },
    {
      "type": "Feature",
      "geometry": {
        "type": "Point",
        "coordinates": [
          2.2255629,
          41.4412142
        ]
      },
      "properties": {
        "id": "osm-n-666987711",
        "category": "water",
        "name": "Water",
        "wheelchair": null,
        "fee": "no",
        "opening_hours": null,
        "source": "osm"
      }
    },
    {
      "type": "Feature",
      "geometry": {
        "type": "Point",
        "coordinates": [
          2.2114818,
          41.4271002
        ]
      },
      "properties": {
        "id": "osm-n-689444867",
        "category": "fuel",
        "name": "Repsol",
        "wheelchair": null,
        "fee": null,
        "opening_hours": null,
        "source": "osm"
      }
    },
    {
      "type": "Feature",
      "geometry": {
        "type": "Point",
        "coordinates": [
          2.2176703,
          41.4130618
        ]
      },
      "properties": {
        "id": "osm-n-698062664",
        "category": "shop",
        "name": "Consum",
        "wheelchair": null,
        "fee": null,
        "opening_hours": null,
        "source": "osm"
      }
    },
    {
      "type": "Feature",
      "geometry": {
        "type": "Point",
        "coordinates": [
          2.1873158,
          41.3963631
        ]
      },
      "properties": {
        "id": "osm-n-794425075",
        "category": "water",
        "name": "Ajuntament de Barcelona",
        "wheelchair": null,
        "fee": "no",
        "opening_hours": null,
        "source": "osm"
      }
    },
    {
      "type": "Feature",
      "geometry": {
        "type": "Point",
        "coordinates": [
          2.1949428,
          41.4043015
        ]
      },
      "properties": {
        "id": "osm-n-830462039",
        "category": "cafe",
        "name": "Bar Restaurant Angela",
        "wheelchair": null,
        "fee": null,
        "opening_hours": "Mo-Fr 07:00-23:00; Sa,PH 08:00-23:00; Su 09:00-18:00",
        "source": "osm"
      }
    },
    {
      "type": "Feature",
      "geometry": {
        "type": "Point",
        "coordinates": [
          2.1796712,
          41.4052196
        ]
      },
      "properties": {
        "id": "osm-n-839470334",
        "category": "fuel",
        "name": "Repsol",
        "wheelchair": "yes",
        "fee": null,
        "opening_hours": "24/7",
        "source": "osm"
      }
    },
    {
      "type": "Feature",
      "geometry": {
        "type": "Point",
        "coordinates": [
          2.198611,
          41.399889
        ]
      },
      "properties": {
        "id": "osm-n-839473605",
        "category": "fuel",
        "name": "Repsol",
        "wheelchair": "yes",
        "fee": null,
        "opening_hours": "Mo-Su 06:00-20:00",
        "source": "osm"
      }
    },
    {
      "type": "Feature",
      "geometry": {
        "type": "Point",
        "coordinates": [
          2.2041977,
          41.3931331
        ]
      },
      "properties": {
        "id": "osm-n-839483888",
        "category": "fuel",
        "name": "Repsol",
        "wheelchair": null,
        "fee": null,
        "opening_hours": "24/7",
        "source": "osm"
      }
    },
    {
      "type": "Feature",
      "geometry": {
        "type": "Point",
        "coordinates": [
          2.1994439,
          41.3886933
        ]
      },
      "properties": {
        "id": "osm-n-856525838",
        "category": "info",
        "name": "Info",
        "wheelchair": null,
        "fee": null,
        "opening_hours": null,
        "source": "osm"
      }
    },
    {
      "type": "Feature",
      "geometry": {
        "type": "Point",
        "coordinates": [
          2.1992252,
          41.3888485
        ]
      },
      "properties": {
        "id": "osm-n-856527243",
        "category": "info",
        "name": "Info",
        "wheelchair": null,
        "fee": null,
        "opening_hours": null,
        "source": "osm"
      }
    },
    {
      "type": "Feature",
      "geometry": {
        "type": "Point",
        "coordinates": [
          2.1944826,
          41.3830246
        ]
      },
      "properties": {
        "id": "osm-n-876375346",
        "category": "clinic",
        "name": "Centre d'Atenci\u00f3 Prim\u00e0ria Barceloneta",
        "wheelchair": null,
        "fee": null,
        "opening_hours": null,
        "source": "osm"
      }
    },
    {
      "type": "Feature",
      "geometry": {
        "type": "Point",
        "coordinates": [
          2.2172673,
          41.4424795
        ]
      },
      "properties": {
        "id": "osm-n-903753424",
        "category": "parking",
        "name": "Parking",
        "wheelchair": null,
        "fee": null,
        "opening_hours": null,
        "source": "osm"
      }
    },
    {
      "type": "Feature",
      "geometry": {
        "type": "Point",
        "coordinates": [
          2.2245414,
          41.4418763
        ]
      },
      "properties": {
        "id": "osm-n-903753431",
        "category": "parking",
        "name": "Parking",
        "wheelchair": null,
        "fee": null,
        "opening_hours": null,
        "source": "osm"
      }
    },
    {
      "type": "Feature",
      "geometry": {
        "type": "Point",
        "coordinates": [
          2.212624,
          41.4380173
        ]
      },
      "properties": {
        "id": "osm-n-903753480",
        "category": "parking",
        "name": "Hospital de l'Esperit Sant",
        "wheelchair": null,
        "fee": "yes",
        "opening_hours": null,
        "source": "osm"
      }
    },
    {
      "type": "Feature",
      "geometry": {
        "type": "Point",
        "coordinates": [
          2.2272505,
          41.4373662
        ]
      },
      "properties": {
        "id": "osm-n-903997098",
        "category": "shop",
        "name": "Mercat de Sant Roc",
        "wheelchair": null,
        "fee": null,
        "opening_hours": null,
        "source": "osm"
      }
    },
    {
      "type": "Feature",
      "geometry": {
        "type": "Point",
        "coordinates": [
          2.1772777,
          41.4101512
        ]
      },
      "properties": {
        "id": "osm-n-990002884",
        "category": "clinic",
        "name": "Centre d'Atenci\u00f3 Prim\u00e0ria Sagrada Fam\u00edlia",
        "wheelchair": null,
        "fee": null,
        "opening_hours": null,
        "source": "osm"
      }
    },
    {
      "type": "Feature",
      "geometry": {
        "type": "Point",
        "coordinates": [
          2.213502,
          41.4419616
        ]
      },
      "properties": {
        "id": "osm-n-1043511689",
        "category": "cafe",
        "name": "Granja Capuccino",
        "wheelchair": null,
        "fee": null,
        "opening_hours": null,
        "source": "osm"
      }
    },
    {
      "type": "Feature",
      "geometry": {
        "type": "Point",
        "coordinates": [
          2.2076044,
          41.4155654
        ]
      },
      "properties": {
        "id": "osm-n-1137794610",
        "category": "parking",
        "name": "Parking",
        "wheelchair": null,
        "fee": null,
        "opening_hours": null,
        "source": "osm"
      }
    },
    {
      "type": "Feature",
      "geometry": {
        "type": "Point",
        "coordinates": [
          2.2141094,
          41.4060906
        ]
      },
      "properties": {
        "id": "osm-n-1154217251",
        "category": "cafe",
        "name": "Cafe",
        "wheelchair": null,
        "fee": null,
        "opening_hours": null,
        "source": "osm"
      }
    },
    {
      "type": "Feature",
      "geometry": {
        "type": "Point",
        "coordinates": [
          2.2131215,
          41.4045883
        ]
      },
      "properties": {
        "id": "osm-n-1154217262",
        "category": "cafe",
        "name": "Cafe",
        "wheelchair": null,
        "fee": null,
        "opening_hours": null,
        "source": "osm"
      }
    },
    {
      "type": "Feature",
      "geometry": {
        "type": "Point",
        "coordinates": [
          2.2137828,
          41.4074579
        ]
      },
      "properties": {
        "id": "osm-n-1154463620",
        "category": "water",
        "name": "Ajuntament de Barcelona",
        "wheelchair": null,
        "fee": "no",
        "opening_hours": null,
        "source": "osm"
      }
    },
    {
      "type": "Feature",
      "geometry": {
        "type": "Point",
        "coordinates": [
          2.1796359,
          41.4070185
        ]
      },
      "properties": {
        "id": "osm-n-1156309951",
        "category": "parking",
        "name": "Parking",
        "wheelchair": null,
        "fee": "yes",
        "opening_hours": null,
        "source": "osm"
      }
    },
    {
      "type": "Feature",
      "geometry": {
        "type": "Point",
        "coordinates": [
          2.1773511,
          41.4050636
        ]
      },
      "properties": {
        "id": "osm-n-1235272970",
        "category": "parking",
        "name": "Mercat Sagrada Fam\u00edlia",
        "wheelchair": "yes",
        "fee": "yes",
        "opening_hours": "24/7",
        "source": "osm"
      }
    },
    {
      "type": "Feature",
      "geometry": {
        "type": "Point",
        "coordinates": [
          2.2212485,
          41.4438583
        ]
      },
      "properties": {
        "id": "osm-n-1280416356",
        "category": "shop",
        "name": "Noor",
        "wheelchair": "limited",
        "fee": null,
        "opening_hours": null,
        "source": "osm"
      }
    },
    {
      "type": "Feature",
      "geometry": {
        "type": "Point",
        "coordinates": [
          2.2217701,
          41.4442679
        ]
      },
      "properties": {
        "id": "osm-n-1280416455",
        "category": "cafe",
        "name": "Carballeira",
        "wheelchair": "yes",
        "fee": null,
        "opening_hours": null,
        "source": "osm"
      }
    },
    {
      "type": "Feature",
      "geometry": {
        "type": "Point",
        "coordinates": [
          2.218278,
          41.4067622
        ]
      },
      "properties": {
        "id": "osm-n-1297445119",
        "category": "info",
        "name": "Info",
        "wheelchair": null,
        "fee": null,
        "opening_hours": null,
        "source": "osm"
      }
    },
    {
      "type": "Feature",
      "geometry": {
        "type": "Point",
        "coordinates": [
          2.2189941,
          41.4061465
        ]
      },
      "properties": {
        "id": "osm-n-1297445181",
        "category": "info",
        "name": "Info",
        "wheelchair": null,
        "fee": null,
        "opening_hours": null,
        "source": "osm"
      }
    },
    {
      "type": "Feature",
      "geometry": {
        "type": "Point",
        "coordinates": [
          2.2250274,
          41.4423235
        ]
      },
      "properties": {
        "id": "osm-n-1314862399",
        "category": "parking",
        "name": "Quevedo",
        "wheelchair": null,
        "fee": null,
        "opening_hours": null,
        "source": "osm"
      }
    },
    {
      "type": "Feature",
      "geometry": {
        "type": "Point",
        "coordinates": [
          2.1901275,
          41.4061799
        ]
      },
      "properties": {
        "id": "osm-n-1320935227",
        "category": "shop",
        "name": "Shop",
        "wheelchair": "limited",
        "fee": null,
        "opening_hours": null,
        "source": "osm"
      }
    },
    {
      "type": "Feature",
      "geometry": {
        "type": "Point",
        "coordinates": [
          2.1756837,
          41.4054793
        ]
      },
      "properties": {
        "id": "osm-n-1350812714",
        "category": "parking",
        "name": "Parking Pirineu",
        "wheelchair": null,
        "fee": "yes",
        "opening_hours": null,
        "source": "osm"
      }
    },
    {
      "type": "Feature",
      "geometry": {
        "type": "Point",
        "coordinates": [
          2.1938343,
          41.4037433
        ]
      },
      "properties": {
        "id": "osm-n-1357828862",
        "category": "cafe",
        "name": "Cafeter\u00eda universitaria",
        "wheelchair": null,
        "fee": null,
        "opening_hours": "Mo-Fr 09:00-19:00",
        "source": "osm"
      }
    },
    {
      "type": "Feature",
      "geometry": {
        "type": "Point",
        "coordinates": [
          2.1770329,
          41.4059584
        ]
      },
      "properties": {
        "id": "osm-n-1361887243",
        "category": "cafe",
        "name": "Mos Art",
        "wheelchair": null,
        "fee": null,
        "opening_hours": "Mo-Th 08:00-23:00; Fr-Sa 08:00-24:00",
        "source": "osm"
      }
    },
    {
      "type": "Feature",
      "geometry": {
        "type": "Point",
        "coordinates": [
          2.1769705,
          41.4110399
        ]
      },
      "properties": {
        "id": "osm-n-1445329910",
        "category": "cafe",
        "name": "La Granja...",
        "wheelchair": null,
        "fee": null,
        "opening_hours": null,
        "source": "osm"
      }
    },
    {
      "type": "Feature",
      "geometry": {
        "type": "Point",
        "coordinates": [
          2.1817533,
          41.3948025
        ]
      },
      "properties": {
        "id": "osm-n-1445598557",
        "category": "cafe",
        "name": "Bracafe",
        "wheelchair": "yes",
        "fee": null,
        "opening_hours": "Mo-Fr 07:00-21:00; Sa,Su,PH 08:00-21:00",
        "source": "osm"
      }
    },
    {
      "type": "Feature",
      "geometry": {
        "type": "Point",
        "coordinates": [
          2.1802227,
          41.3962559
        ]
      },
      "properties": {
        "id": "osm-n-1445598559",
        "category": "cafe",
        "name": "Joys cafe",
        "wheelchair": "yes",
        "fee": null,
        "opening_hours": "Mo-Fr 07:45-23:45; Sa 08:45-23:45; Su,PH 08:45-14:45",
        "source": "osm"
      }
    },
    {
      "type": "Feature",
      "geometry": {
        "type": "Point",
        "coordinates": [
          2.1823322,
          41.4322397
        ]
      },
      "properties": {
        "id": "osm-n-1465976934",
        "category": "water",
        "name": "Ajuntament de Barcelona",
        "wheelchair": null,
        "fee": "no",
        "opening_hours": null,
        "source": "osm"
      }
    },
    {
      "type": "Feature",
      "geometry": {
        "type": "Point",
        "coordinates": [
          2.1810239,
          41.4307545
        ]
      },
      "properties": {
        "id": "osm-n-1467583584",
        "category": "shop",
        "name": "Autoservicio Manuel Alonso",
        "wheelchair": null,
        "fee": null,
        "opening_hours": null,
        "source": "osm"
      }
    },
    {
      "type": "Feature",
      "geometry": {
        "type": "Point",
        "coordinates": [
          2.1801756,
          41.4300951
        ]
      },
      "properties": {
        "id": "osm-n-1467583596",
        "category": "parking",
        "name": "ZADIZ, SL",
        "wheelchair": null,
        "fee": "yes",
        "opening_hours": null,
        "source": "osm"
      }
    },
    {
      "type": "Feature",
      "geometry": {
        "type": "Point",
        "coordinates": [
          2.1905251,
          41.4145813
        ]
      },
      "properties": {
        "id": "osm-n-1517845315",
        "category": "fuel",
        "name": "Moeve Clot",
        "wheelchair": null,
        "fee": null,
        "opening_hours": null,
        "source": "osm"
      }
    },
    {
      "type": "Feature",
      "geometry": {
        "type": "Point",
        "coordinates": [
          2.1890325,
          41.3967185
        ]
      },
      "properties": {
        "id": "osm-n-1658425572",
        "category": "cafe",
        "name": "Rebeka",
        "wheelchair": null,
        "fee": null,
        "opening_hours": "Mo-Fr 08:00-17:00",
        "source": "osm"
      }
    },
    {
      "type": "Feature",
      "geometry": {
        "type": "Point",
        "coordinates": [
          2.1833006,
          41.4233499
        ]
      },
      "properties": {
        "id": "osm-n-1674675237",
        "category": "fuel",
        "name": "Garcilaso",
        "wheelchair": null,
        "fee": null,
        "opening_hours": null,
        "source": "osm"
      }
    },
    {
      "type": "Feature",
      "geometry": {
        "type": "Point",
        "coordinates": [
          2.1832308,
          41.4234162
        ]
      },
      "properties": {
        "id": "osm-n-1674675254",
        "category": "parking",
        "name": "P\u00e1rking Garcilaso",
        "wheelchair": null,
        "fee": null,
        "opening_hours": null,
        "source": "osm"
      }
    },
    {
      "type": "Feature",
      "geometry": {
        "type": "Point",
        "coordinates": [
          2.1839803,
          41.3894566
        ]
      },
      "properties": {
        "id": "osm-n-1676888054",
        "category": "cafe",
        "name": "Coffee",
        "wheelchair": null,
        "fee": null,
        "opening_hours": "Su-Th 08:00-24:00, Fr,Sa 08:00-01:00",
        "source": "osm"
      }
    },
    {
      "type": "Feature",
      "geometry": {
        "type": "Point",
        "coordinates": [
          2.1724036,
          41.4100812
        ]
      },
      "properties": {
        "id": "osm-n-1687286052",
        "category": "clinic",
        "name": "Hestia Palau",
        "wheelchair": null,
        "fee": null,
        "opening_hours": null,
        "source": "osm"
      }
    },
    {
      "type": "Feature",
      "geometry": {
        "type": "Point",
        "coordinates": [
          2.2129348,
          41.4054874
        ]
      },
      "properties": {
        "id": "osm-n-1711181312",
        "category": "cafe",
        "name": "Cafe",
        "wheelchair": null,
        "fee": null,
        "opening_hours": null,
        "source": "osm"
      }
    },
    {
      "type": "Feature",
      "geometry": {
        "type": "Point",
        "coordinates": [
          2.2135678,
          41.4049072
        ]
      },
      "properties": {
        "id": "osm-n-1711181318",
        "category": "cafe",
        "name": "Cafe",
        "wheelchair": null,
        "fee": null,
        "opening_hours": null,
        "source": "osm"
      }
    },
    {
      "type": "Feature",
      "geometry": {
        "type": "Point",
        "coordinates": [
          2.2126526,
          41.4052615
        ]
      },
      "properties": {
        "id": "osm-n-1711181339",
        "category": "cafe",
        "name": "Cafe",
        "wheelchair": null,
        "fee": null,
        "opening_hours": null,
        "source": "osm"
      }
    },
    {
      "type": "Feature",
      "geometry": {
        "type": "Point",
        "coordinates": [
          2.1737361,
          41.4048872
        ]
      },
      "properties": {
        "id": "osm-n-1722117637",
        "category": "shop",
        "name": "Carrefour Express",
        "wheelchair": null,
        "fee": null,
        "opening_hours": "Mo-Sa 09:00-22:30; PH,Su 10:00-22:30",
        "source": "osm"
      }
    },
    {
      "type": "Feature",
      "geometry": {
        "type": "Point",
        "coordinates": [
          2.1895577,
          41.4349497
        ]
      },
      "properties": {
        "id": "osm-n-1735343657",
        "category": "cafe",
        "name": "Xurreria Sant Andreu",
        "wheelchair": "limited",
        "fee": null,
        "opening_hours": null,
        "source": "osm"
      }
    },
    {
      "type": "Feature",
      "geometry": {
        "type": "Point",
        "coordinates": [
          2.1974965,
          41.4101762
        ]
      },
      "properties": {
        "id": "osm-n-1767358312",
        "category": "water",
        "name": "Ajuntament de Barcelona",
        "wheelchair": null,
        "fee": "no",
        "opening_hours": null,
        "source": "osm"
      }
    },
    {
      "type": "Feature",
      "geometry": {
        "type": "Point",
        "coordinates": [
          2.2018992,
          41.4081681
        ]
      },
      "properties": {
        "id": "osm-n-1767358318",
        "category": "water",
        "name": "Ajuntament de Barcelona",
        "wheelchair": null,
        "fee": "no",
        "opening_hours": null,
        "source": "osm"
      }
    },
    {
      "type": "Feature",
      "geometry": {
        "type": "Point",
        "coordinates": [
          2.1815243,
          41.4200801
        ]
      },
      "properties": {
        "id": "osm-n-1780667024",
        "category": "charging",
        "name": "Charging",
        "wheelchair": null,
        "fee": null,
        "opening_hours": null,
        "source": "osm"
      }
    },
    {
      "type": "Feature",
      "geometry": {
        "type": "Point",
        "coordinates": [
          2.1872253,
          41.3853967
        ]
      },
      "properties": {
        "id": "osm-n-1792088947",
        "category": "toilet",
        "name": "Toilet",
        "wheelchair": null,
        "fee": "no",
        "opening_hours": null,
        "source": "osm"
      }
    },
    {
      "type": "Feature",
      "geometry": {
        "type": "Point",
        "coordinates": [
          2.1904572,
          41.3865263
        ]
      },
      "properties": {
        "id": "osm-n-1793436677",
        "category": "info",
        "name": "Info",
        "wheelchair": null,
        "fee": null,
        "opening_hours": null,
        "source": "osm"
      }
    },
    {
      "type": "Feature",
      "geometry": {
        "type": "Point",
        "coordinates": [
          2.1906683,
          41.3856974
        ]
      },
      "properties": {
        "id": "osm-n-1793458218",
        "category": "info",
        "name": "Info",
        "wheelchair": null,
        "fee": null,
        "opening_hours": null,
        "source": "osm"
      }
    },
    {
      "type": "Feature",
      "geometry": {
        "type": "Point",
        "coordinates": [
          2.191352,
          41.3863119
        ]
      },
      "properties": {
        "id": "osm-n-1793491014",
        "category": "toilet",
        "name": "Toilet",
        "wheelchair": null,
        "fee": "no",
        "opening_hours": null,
        "source": "osm"
      }
    },
    {
      "type": "Feature",
      "geometry": {
        "type": "Point",
        "coordinates": [
          2.1900577,
          41.3852205
        ]
      },
      "properties": {
        "id": "osm-n-1794936028",
        "category": "toilet",
        "name": "Toilet",
        "wheelchair": null,
        "fee": "no",
        "opening_hours": null,
        "source": "osm"
      }
    },
    {
      "type": "Feature",
      "geometry": {
        "type": "Point",
        "coordinates": [
          2.188946,
          41.3889766
        ]
      },
      "properties": {
        "id": "osm-n-1806585834",
        "category": "water",
        "name": "Ajuntament de Barcelona",
        "wheelchair": null,
        "fee": "no",
        "opening_hours": null,
        "source": "osm"
      }
    },
    {
      "type": "Feature",
      "geometry": {
        "type": "Point",
        "coordinates": [
          2.1928706,
          41.4116248
        ]
      },
      "properties": {
        "id": "osm-n-1835965395",
        "category": "clinic",
        "name": "Centre d'Atenci\u00f3 Prim\u00e0ria del Clot",
        "wheelchair": null,
        "fee": null,
        "opening_hours": null,
        "source": "osm"
      }
    },
    {
      "type": "Feature",
      "geometry": {
        "type": "Point",
        "coordinates": [
          2.1761931,
          41.4056446
        ]
      },
      "properties": {
        "id": "osm-n-1844121288",
        "category": "cafe",
        "name": "Cafe Caribean",
        "wheelchair": null,
        "fee": null,
        "opening_hours": null,
        "source": "osm"
      }
    },
    {
      "type": "Feature",
      "geometry": {
        "type": "Point",
        "coordinates": [
          2.1767925,
          41.4063383
        ]
      },
      "properties": {
        "id": "osm-n-1845455475",
        "category": "cafe",
        "name": "Caf\u00e9s Caracas",
        "wheelchair": null,
        "fee": null,
        "opening_hours": null,
        "source": "osm"
      }
    },
    {
      "type": "Feature",
      "geometry": {
        "type": "Point",
        "coordinates": [
          2.1771955,
          41.4065727
        ]
      },
      "properties": {
        "id": "osm-n-1845505623",
        "category": "cafe",
        "name": "El Caf\u00e9 de la Bota",
        "wheelchair": null,
        "fee": null,
        "opening_hours": null,
        "source": "osm"
      }
    },
    {
      "type": "Feature",
      "geometry": {
        "type": "Point",
        "coordinates": [
          2.1766768,
          41.4046515
        ]
      },
      "properties": {
        "id": "osm-n-1857242575",
        "category": "parking",
        "name": "Parking California",
        "wheelchair": null,
        "fee": "yes",
        "opening_hours": null,
        "source": "osm"
      }
    },
    {
      "type": "Feature",
      "geometry": {
        "type": "Point",
        "coordinates": [
          2.1764496,
          41.4041496
        ]
      },
      "properties": {
        "id": "osm-n-1859071357",
        "category": "cafe",
        "name": "La Bicicleta",
        "wheelchair": null,
        "fee": null,
        "opening_hours": null,
        "source": "osm"
      }
    },
    {
      "type": "Feature",
      "geometry": {
        "type": "Point",
        "coordinates": [
          2.1772525,
          41.4066105
        ]
      },
      "properties": {
        "id": "osm-n-1859095174",
        "category": "cafe",
        "name": "Tossa",
        "wheelchair": null,
        "fee": null,
        "opening_hours": null,
        "source": "osm"
      }
    },
    {
      "type": "Feature",
      "geometry": {
        "type": "Point",
        "coordinates": [
          2.1732565,
          41.4031712
        ]
      },
      "properties": {
        "id": "osm-n-1860476049",
        "category": "water",
        "name": "Ajuntament de Barcelona",
        "wheelchair": "limited",
        "fee": "no",
        "opening_hours": null,
        "source": "osm"
      }
    },
    {
      "type": "Feature",
      "geometry": {
        "type": "Point",
        "coordinates": [
          2.1759866,
          41.4045054
        ]
      },
      "properties": {
        "id": "osm-n-1860476057",
        "category": "water",
        "name": "Ajuntament de Barcelona",
        "wheelchair": null,
        "fee": "no",
        "opening_hours": null,
        "source": "osm"
      }
    },
    {
      "type": "Feature",
      "geometry": {
        "type": "Point",
        "coordinates": [
          2.176719,
          41.4053857
        ]
      },
      "properties": {
        "id": "osm-n-1860626979",
        "category": "cafe",
        "name": "Cafe",
        "wheelchair": null,
        "fee": null,
        "opening_hours": null,
        "source": "osm"
      }
    },
    {
      "type": "Feature",
      "geometry": {
        "type": "Point",
        "coordinates": [
          2.198336,
          41.3908997
        ]
      },
      "properties": {
        "id": "osm-n-1878684099",
        "category": "toilet",
        "name": "Toilet",
        "wheelchair": null,
        "fee": null,
        "opening_hours": null,
        "source": "osm"
      }
    },
    {
      "type": "Feature",
      "geometry": {
        "type": "Point",
        "coordinates": [
          2.1981964,
          41.390451
        ]
      },
      "properties": {
        "id": "osm-n-1878684101",
        "category": "cafe",
        "name": "George\u2018s Bar y Cafet\u00e9ria",
        "wheelchair": null,
        "fee": null,
        "opening_hours": null,
        "source": "osm"
      }
    },
    {
      "type": "Feature",
      "geometry": {
        "type": "Point",
        "coordinates": [
          2.2234093,
          41.4281702
        ]
      },
      "properties": {
        "id": "osm-n-1887211444",
        "category": "info",
        "name": "Refugi Antiaeri de la Guerra Civil",
        "wheelchair": null,
        "fee": null,
        "opening_hours": null,
        "source": "osm"
      }
    },
    {
      "type": "Feature",
      "geometry": {
        "type": "Point",
        "coordinates": [
          2.2050179,
          41.4018768
        ]
      },
      "properties": {
        "id": "osm-n-1934456467",
        "category": "parking",
        "name": "BSM Bilbao Llull",
        "wheelchair": "yes",
        "fee": "yes",
        "opening_hours": "24/7",
        "source": "osm"
      }
    },
    {
      "type": "Feature",
      "geometry": {
        "type": "Point",
        "coordinates": [
          2.2023,
          41.4012401
        ]
      },
      "properties": {
        "id": "osm-n-1934456533",
        "category": "aed",
        "name": "Farm\u00e0cia Oriol Carreras, Marina",
        "wheelchair": null,
        "fee": null,
        "opening_hours": "Mo-Fr 08:30-22:00; Sa,Su 09:00-22:00",
        "source": "osm"
      }
    },
    {
      "type": "Feature",
      "geometry": {
        "type": "Point",
        "coordinates": [
          2.2102018,
          41.4081851
        ]
      },
      "properties": {
        "id": "osm-n-1934457572",
        "category": "aed",
        "name": "Farm\u00e0cia C. Marqueta Ari\u00f1o - E. Garc\u00eda Marqueta",
        "wheelchair": null,
        "fee": null,
        "opening_hours": null,
        "source": "osm"
      }
    },
    {
      "type": "Feature",
      "geometry": {
        "type": "Point",
        "coordinates": [
          2.1993595,
          41.4215898
        ]
      },
      "properties": {
        "id": "osm-n-1938341158",
        "category": "water",
        "name": "Ajuntament de Barcelona",
        "wheelchair": "yes",
        "fee": "no",
        "opening_hours": null,
        "source": "osm"
      }
    },
    {
      "type": "Feature",
      "geometry": {
        "type": "Point",
        "coordinates": [
          2.1901118,
          41.3900298
        ]
      },
      "properties": {
        "id": "osm-n-1948986220",
        "category": "cafe",
        "name": "Cafeteria UPF Jaume I",
        "wheelchair": null,
        "fee": null,
        "opening_hours": null,
        "source": "osm"
      }
    },
    {
      "type": "Feature",
      "geometry": {
        "type": "Point",
        "coordinates": [
          2.1915119,
          41.3886776
        ]
      },
      "properties": {
        "id": "osm-n-1948987514",
        "category": "cafe",
        "name": "Cafeteria UPF Roger de Lluria",
        "wheelchair": null,
        "fee": null,
        "opening_hours": null,
        "source": "osm"
      }
    },
    {
      "type": "Feature",
      "geometry": {
        "type": "Point",
        "coordinates": [
          2.213388,
          41.4006519
        ]
      },
      "properties": {
        "id": "osm-n-2017213342",
        "category": "info",
        "name": "Info",
        "wheelchair": null,
        "fee": null,
        "opening_hours": null,
        "source": "osm"
      }
    },
    {
      "type": "Feature",
      "geometry": {
        "type": "Point",
        "coordinates": [
          2.2077067,
          41.3956114
        ]
      },
      "properties": {
        "id": "osm-n-2017220218",
        "category": "info",
        "name": "Info",
        "wheelchair": null,
        "fee": null,
        "opening_hours": null,
        "source": "osm"
      }
    },
    {
      "type": "Feature",
      "geometry": {
        "type": "Point",
        "coordinates": [
          2.1916255,
          41.4350956
        ]
      },
      "properties": {
        "id": "osm-n-2034800451",
        "category": "cafe",
        "name": "La Terraza",
        "wheelchair": null,
        "fee": null,
        "opening_hours": null,
        "source": "osm"
      }
    },
    {
      "type": "Feature",
      "geometry": {
        "type": "Point",
        "coordinates": [
          2.1913439,
          41.4372492
        ]
      },
      "properties": {
        "id": "osm-n-2034800466",
        "category": "cafe",
        "name": "Ikero",
        "wheelchair": null,
        "fee": null,
        "opening_hours": null,
        "source": "osm"
      }
    },
    {
      "type": "Feature",
      "geometry": {
        "type": "Point",
        "coordinates": [
          2.1947063,
          41.3902381
        ]
      },
      "properties": {
        "id": "osm-n-2085649329",
        "category": "clinic",
        "name": "Centre d'Atenci\u00f3 Prim\u00e0ria Vila Olimpica",
        "wheelchair": null,
        "fee": null,
        "opening_hours": null,
        "source": "osm"
      }
    },
    {
      "type": "Feature",
      "geometry": {
        "type": "Point",
        "coordinates": [
          2.1980784,
          41.3915034
        ]
      },
      "properties": {
        "id": "osm-n-2085728878",
        "category": "cafe",
        "name": "Cafe",
        "wheelchair": null,
        "fee": null,
        "opening_hours": null,
        "source": "osm"
      }
    },
    {
      "type": "Feature",
      "geometry": {
        "type": "Point",
        "coordinates": [
          2.1977941,
          41.390115
        ]
      },
      "properties": {
        "id": "osm-n-2085728945",
        "category": "parking",
        "name": "Parking",
        "wheelchair": null,
        "fee": null,
        "opening_hours": null,
        "source": "osm"
      }
    },
    {
      "type": "Feature",
      "geometry": {
        "type": "Point",
        "coordinates": [
          2.1987775,
          41.3909239
        ]
      },
      "properties": {
        "id": "osm-n-2085728965",
        "category": "shop",
        "name": "Supermercat",
        "wheelchair": null,
        "fee": null,
        "opening_hours": null,
        "source": "osm"
      }
    },
    {
      "type": "Feature",
      "geometry": {
        "type": "Point",
        "coordinates": [
          2.1945018,
          41.3908955
        ]
      },
      "properties": {
        "id": "osm-n-2086329642",
        "category": "aed",
        "name": "Farm\u00e0cia Fando Reynes, Neus",
        "wheelchair": null,
        "fee": null,
        "opening_hours": null,
        "source": "osm"
      }
    },
    {
      "type": "Feature",
      "geometry": {
        "type": "Point",
        "coordinates": [
          2.1916251,
          41.3915736
        ]
      },
      "properties": {
        "id": "osm-n-2086329643",
        "category": "water",
        "name": "Ajuntament de Barcelona",
        "wheelchair": null,
        "fee": "no",
        "opening_hours": null,
        "source": "osm"
      }
    },
    {
      "type": "Feature",
      "geometry": {
        "type": "Point",
        "coordinates": [
          2.1870681,
          41.3908035
        ]
      },
      "properties": {
        "id": "osm-n-2140557839",
        "category": "info",
        "name": "Info",
        "wheelchair": null,
        "fee": null,
        "opening_hours": null,
        "source": "osm"
      }
    },
    {
      "type": "Feature",
      "geometry": {
        "type": "Point",
        "coordinates": [
          2.1814504,
          41.3971642
        ]
      },
      "properties": {
        "id": "osm-n-2149784282",
        "category": "water",
        "name": "Ajuntament de Barcelona",
        "wheelchair": null,
        "fee": "no",
        "opening_hours": null,
        "source": "osm"
      }
    },
    {
      "type": "Feature",
      "geometry": {
        "type": "Point",
        "coordinates": [
          2.1884623,
          41.3990466
        ]
      },
      "properties": {
        "id": "osm-n-2158865607",
        "category": "cafe",
        "name": "Carrot Caf\u00e9",
        "wheelchair": null,
        "fee": null,
        "opening_hours": null,
        "source": "osm"
      }
    },
    {
      "type": "Feature",
      "geometry": {
        "type": "Point",
        "coordinates": [
          2.1829284,
          41.4167695
        ]
      },
      "properties": {
        "id": "osm-n-2192073168",
        "category": "parking",
        "name": "Parking",
        "wheelchair": null,
        "fee": null,
        "opening_hours": null,
        "source": "osm"
      }
    },
    {
      "type": "Feature",
      "geometry": {
        "type": "Point",
        "coordinates": [
          2.180218,
          41.4158322
        ]
      },
      "properties": {
        "id": "osm-n-2192119555",
        "category": "fuel",
        "name": "Galp",
        "wheelchair": null,
        "fee": null,
        "opening_hours": "Mo-Su 06:00-22:00",
        "source": "osm"
      }
    },
    {
      "type": "Feature",
      "geometry": {
        "type": "Point",
        "coordinates": [
          2.194455,
          41.4055556
        ]
      },
      "properties": {
        "id": "osm-n-2193095298",
        "category": "cafe",
        "name": "El Duende",
        "wheelchair": null,
        "fee": null,
        "opening_hours": null,
        "source": "osm"
      }
    },
    {
      "type": "Feature",
      "geometry": {
        "type": "Point",
        "coordinates": [
          2.1976093,
          41.4049762
        ]
      },
      "properties": {
        "id": "osm-n-2193095377",
        "category": "cafe",
        "name": "Sant Mart\u00ed",
        "wheelchair": null,
        "fee": null,
        "opening_hours": null,
        "source": "osm"
      }
    },
    {
      "type": "Feature",
      "geometry": {
        "type": "Point",
        "coordinates": [
          2.180837,
          41.4076377
        ]
      },
      "properties": {
        "id": "osm-n-2194567288",
        "category": "shop",
        "name": "Mister 100",
        "wheelchair": null,
        "fee": null,
        "opening_hours": null,
        "source": "osm"
      }
    },
    {
      "type": "Feature",
      "geometry": {
        "type": "Point",
        "coordinates": [
          2.2017833,
          41.3953907
        ]
      },
      "properties": {
        "id": "osm-n-2262658716",
        "category": "info",
        "name": "Informaci\u00f3",
        "wheelchair": null,
        "fee": null,
        "opening_hours": null,
        "source": "osm"
      }
    },
    {
      "type": "Feature",
      "geometry": {
        "type": "Point",
        "coordinates": [
          2.2019773,
          41.3952591
        ]
      },
      "properties": {
        "id": "osm-n-2262682194",
        "category": "toilet",
        "name": "Toilet",
        "wheelchair": null,
        "fee": null,
        "opening_hours": null,
        "source": "osm"
      }
    },
    {
      "type": "Feature",
      "geometry": {
        "type": "Point",
        "coordinates": [
          2.2019184,
          41.3953538
        ]
      },
      "properties": {
        "id": "osm-n-2262682197",
        "category": "water",
        "name": "Water",
        "wheelchair": null,
        "fee": null,
        "opening_hours": null,
        "source": "osm"
      }
    },
    {
      "type": "Feature",
      "geometry": {
        "type": "Point",
        "coordinates": [
          2.2122584,
          41.4084179
        ]
      },
      "properties": {
        "id": "osm-n-2279497341",
        "category": "parking",
        "name": "Parking",
        "wheelchair": null,
        "fee": null,
        "opening_hours": null,
        "source": "osm"
      }
    },
    {
      "type": "Feature",
      "geometry": {
        "type": "Point",
        "coordinates": [
          2.2135133,
          41.4090976
        ]
      },
      "properties": {
        "id": "osm-n-2279498549",
        "category": "water",
        "name": "Ajuntament de Barcelona",
        "wheelchair": null,
        "fee": "no",
        "opening_hours": null,
        "source": "osm"
      }
    },
    {
      "type": "Feature",
      "geometry": {
        "type": "Point",
        "coordinates": [
          2.2141826,
          41.4068198
        ]
      },
      "properties": {
        "id": "osm-n-2279499594",
        "category": "water",
        "name": "Water",
        "wheelchair": null,
        "fee": "no",
        "opening_hours": null,
        "source": "osm"
      }
    },
    {
      "type": "Feature",
      "geometry": {
        "type": "Point",
        "coordinates": [
          2.1742176,
          41.4031714
        ]
      },
      "properties": {
        "id": "osm-n-2304798676",
        "category": "toilet",
        "name": "Toilet",
        "wheelchair": null,
        "fee": null,
        "opening_hours": null,
        "source": "osm"
      }
    },
    {
      "type": "Feature",
      "geometry": {
        "type": "Point",
        "coordinates": [
          2.1887427,
          41.4339607
        ]
      },
      "properties": {
        "id": "osm-n-2362874249",
        "category": "water",
        "name": "Ajuntament de Barcelona",
        "wheelchair": null,
        "fee": "no",
        "opening_hours": null,
        "source": "osm"
      }
    },
    {
      "type": "Feature",
      "geometry": {
        "type": "Point",
        "coordinates": [
          2.1973331,
          41.3869181
        ]
      },
      "properties": {
        "id": "osm-n-2400142439",
        "category": "parking",
        "name": "Marina Port",
        "wheelchair": "yes",
        "fee": "yes",
        "opening_hours": "24/7",
        "source": "osm"
      }
    },
    {
      "type": "Feature",
      "geometry": {
        "type": "Point",
        "coordinates": [
          2.1946843,
          41.3828121
        ]
      },
      "properties": {
        "id": "osm-n-2458518443",
        "category": "toilet",
        "name": "Toilet",
        "wheelchair": "yes",
        "fee": "no",
        "opening_hours": null,
        "source": "osm"
      }
    },
    {
      "type": "Feature",
      "geometry": {
        "type": "Point",
        "coordinates": [
          2.2221394,
          41.4122964
        ]
      },
      "properties": {
        "id": "osm-n-2469022015",
        "category": "parking",
        "name": "BSM Pla\u00e7a del F\u00f2rum",
        "wheelchair": "yes",
        "fee": null,
        "opening_hours": "24/7",
        "source": "osm"
      }
    },
    {
      "type": "Feature",
      "geometry": {
        "type": "Point",
        "coordinates": [
          2.219407,
          41.408401
        ]
      },
      "properties": {
        "id": "osm-n-2469022029",
        "category": "parking",
        "name": "parking diagonal mar",
        "wheelchair": null,
        "fee": null,
        "opening_hours": null,
        "source": "osm"
      }
    },
    {
      "type": "Feature",
      "geometry": {
        "type": "Point",
        "coordinates": [
          2.2221955,
          41.4107808
        ]
      },
      "properties": {
        "id": "osm-n-2476762469",
        "category": "water",
        "name": "Ajuntament de Barcelona",
        "wheelchair": null,
        "fee": "no",
        "opening_hours": null,
        "source": "osm"
      }
    },
    {
      "type": "Feature",
      "geometry": {
        "type": "Point",
        "coordinates": [
          2.2218925,
          41.4090247
        ]
      },
      "properties": {
        "id": "osm-n-2479812318",
        "category": "water",
        "name": "Ajuntament de Barcelona",
        "wheelchair": null,
        "fee": "no",
        "opening_hours": null,
        "source": "osm"
      }
    },
    {
      "type": "Feature",
      "geometry": {
        "type": "Point",
        "coordinates": [
          2.1870124,
          41.3877791
        ]
      },
      "properties": {
        "id": "osm-n-2486095565",
        "category": "water",
        "name": "Ajuntament de Barcelona",
        "wheelchair": null,
        "fee": "no",
        "opening_hours": null,
        "source": "osm"
      }
    },
    {
      "type": "Feature",
      "geometry": {
        "type": "Point",
        "coordinates": [
          2.1872064,
          41.3900376
        ]
      },
      "properties": {
        "id": "osm-n-2500001149",
        "category": "water",
        "name": "Ajuntament de Barcelona",
        "wheelchair": null,
        "fee": "no",
        "opening_hours": null,
        "source": "osm"
      }
    },
    {
      "type": "Feature",
      "geometry": {
        "type": "Point",
        "coordinates": [
          2.1808913,
          41.4094152
        ]
      },
      "properties": {
        "id": "osm-n-2500906795",
        "category": "cafe",
        "name": "Bar L\u00fadic Queimada Nivell Q",
        "wheelchair": null,
        "fee": null,
        "opening_hours": "Su-Mo 18:00-23:00; Th 18:00-23:00; Fr-Sa 18:00-01:30",
        "source": "osm"
      }
    },
    {
      "type": "Feature",
      "geometry": {
        "type": "Point",
        "coordinates": [
          2.1959358,
          41.4003612
        ]
      },
      "properties": {
        "id": "osm-n-2528521163",
        "category": "shop",
        "name": "Alimentacion",
        "wheelchair": null,
        "fee": null,
        "opening_hours": null,
        "source": "osm"
      }
    },
    {
      "type": "Feature",
      "geometry": {
        "type": "Point",
        "coordinates": [
          2.2042587,
          41.4037607
        ]
      },
      "properties": {
        "id": "osm-n-2595823499",
        "category": "shop",
        "name": "Shop",
        "wheelchair": null,
        "fee": null,
        "opening_hours": null,
        "source": "osm"
      }
    },
    {
      "type": "Feature",
      "geometry": {
        "type": "Point",
        "coordinates": [
          2.2038261,
          41.4043381
        ]
      },
      "properties": {
        "id": "osm-n-2595873463",
        "category": "water",
        "name": "Ajuntament de Barcelona",
        "wheelchair": null,
        "fee": "no",
        "opening_hours": null,
        "source": "osm"
      }
    },
    {
      "type": "Feature",
      "geometry": {
        "type": "Point",
        "coordinates": [
          2.1879213,
          41.4156575
        ]
      },
      "properties": {
        "id": "osm-n-2627845565",
        "category": "water",
        "name": "Ajuntament de Barcelona",
        "wheelchair": null,
        "fee": "no",
        "opening_hours": null,
        "source": "osm"
      }
    },
    {
      "type": "Feature",
      "geometry": {
        "type": "Point",
        "coordinates": [
          2.1863209,
          41.417543
        ]
      },
      "properties": {
        "id": "osm-n-2627845569",
        "category": "water",
        "name": "Ajuntament de Barcelona",
        "wheelchair": null,
        "fee": "no",
        "opening_hours": null,
        "source": "osm"
      }
    },
    {
      "type": "Feature",
      "geometry": {
        "type": "Point",
        "coordinates": [
          2.1860297,
          41.4178646
        ]
      },
      "properties": {
        "id": "osm-n-2627845574",
        "category": "water",
        "name": "Ajuntament de Barcelona",
        "wheelchair": "limited",
        "fee": "no",
        "opening_hours": null,
        "source": "osm"
      }
    },
    {
      "type": "Feature",
      "geometry": {
        "type": "Point",
        "coordinates": [
          2.2169718,
          41.4435829
        ]
      },
      "properties": {
        "id": "osm-n-2682739101",
        "category": "water",
        "name": "Water",
        "wheelchair": null,
        "fee": null,
        "opening_hours": null,
        "source": "osm"
      }
    },
    {
      "type": "Feature",
      "geometry": {
        "type": "Point",
        "coordinates": [
          2.1991334,
          41.4007421
        ]
      },
      "properties": {
        "id": "osm-n-2703829256",
        "category": "cafe",
        "name": "Bon Gust",
        "wheelchair": "yes",
        "fee": null,
        "opening_hours": null,
        "source": "osm"
      }
    },
    {
      "type": "Feature",
      "geometry": {
        "type": "Point",
        "coordinates": [
          2.2406852,
          41.4406425
        ]
      },
      "properties": {
        "id": "osm-n-2712887696",
        "category": "clinic",
        "name": "Centro de Asistencia Primaria General Weyler (Badalona)",
        "wheelchair": null,
        "fee": null,
        "opening_hours": null,
        "source": "osm"
      }
    },
    {
      "type": "Feature",
      "geometry": {
        "type": "Point",
        "coordinates": [
          2.1870584,
          41.3916708
        ]
      },
      "properties": {
        "id": "osm-n-2764460324",
        "category": "info",
        "name": "Info",
        "wheelchair": null,
        "fee": null,
        "opening_hours": null,
        "source": "osm"
      }
    },
    {
      "type": "Feature",
      "geometry": {
        "type": "Point",
        "coordinates": [
          2.195712,
          41.3881153
        ]
      },
      "properties": {
        "id": "osm-n-2765771559",
        "category": "info",
        "name": "Info",
        "wheelchair": null,
        "fee": null,
        "opening_hours": null,
        "source": "osm"
      }
    },
    {
      "type": "Feature",
      "geometry": {
        "type": "Point",
        "coordinates": [
          2.194402,
          41.4117207
        ]
      },
      "properties": {
        "id": "osm-n-2775765415",
        "category": "water",
        "name": "Ajuntament de Barcelona",
        "wheelchair": null,
        "fee": "no",
        "opening_hours": null,
        "source": "osm"
      }
    },
    {
      "type": "Feature",
      "geometry": {
        "type": "Point",
        "coordinates": [
          2.1949937,
          41.4116725
        ]
      },
      "properties": {
        "id": "osm-n-2775765422",
        "category": "water",
        "name": "Ajuntament de Barcelona",
        "wheelchair": null,
        "fee": "no",
        "opening_hours": null,
        "source": "osm"
      }
    },
    {
      "type": "Feature",
      "geometry": {
        "type": "Point",
        "coordinates": [
          2.1969671,
          41.4021137
        ]
      },
      "properties": {
        "id": "osm-n-2781788386",
        "category": "water",
        "name": "Ajuntament de Barcelona",
        "wheelchair": null,
        "fee": "no",
        "opening_hours": null,
        "source": "osm"
      }
    },
    {
      "type": "Feature",
      "geometry": {
        "type": "Point",
        "coordinates": [
          2.2014665,
          41.4058243
        ]
      },
      "properties": {
        "id": "osm-n-2906221883",
        "category": "charging",
        "name": "Charging",
        "wheelchair": null,
        "fee": "yes",
        "opening_hours": null,
        "source": "osm"
      }
    },
    {
      "type": "Feature",
      "geometry": {
        "type": "Point",
        "coordinates": [
          2.2032408,
          41.4037406
        ]
      },
      "properties": {
        "id": "osm-n-2919000428",
        "category": "cafe",
        "name": "B",
        "wheelchair": null,
        "fee": null,
        "opening_hours": null,
        "source": "osm"
      }
    },
    {
      "type": "Feature",
      "geometry": {
        "type": "Point",
        "coordinates": [
          2.2019316,
          41.4346625
        ]
      },
      "properties": {
        "id": "osm-n-2956932676",
        "category": "water",
        "name": "Ajuntament de Barcelona",
        "wheelchair": null,
        "fee": "no",
        "opening_hours": null,
        "source": "osm"
      }
    },
    {
      "type": "Feature",
      "geometry": {
        "type": "Point",
        "coordinates": [
          2.2055769,
          41.4363474
        ]
      },
      "properties": {
        "id": "osm-n-2956932679",
        "category": "aed",
        "name": "Farmacia Ribot",
        "wheelchair": null,
        "fee": null,
        "opening_hours": null,
        "source": "osm"
      }
    },
    {
      "type": "Feature",
      "geometry": {
        "type": "Point",
        "coordinates": [
          2.2058401,
          41.4374913
        ]
      },
      "properties": {
        "id": "osm-n-2956932684",
        "category": "water",
        "name": "Ajuntament de Barcelona",
        "wheelchair": null,
        "fee": "no",
        "opening_hours": null,
        "source": "osm"
      }
    },
    {
      "type": "Feature",
      "geometry": {
        "type": "Point",
        "coordinates": [
          2.1961547,
          41.3914029
        ]
      },
      "properties": {
        "id": "osm-n-2958364860",
        "category": "parking",
        "name": "Parking",
        "wheelchair": null,
        "fee": null,
        "opening_hours": null,
        "source": "osm"
      }
    },
    {
      "type": "Feature",
      "geometry": {
        "type": "Point",
        "coordinates": [
          2.1960758,
          41.391034
        ]
      },
      "properties": {
        "id": "osm-n-2958364863",
        "category": "parking",
        "name": "Parking",
        "wheelchair": null,
        "fee": null,
        "opening_hours": null,
        "source": "osm"
      }
    },
    {
      "type": "Feature",
      "geometry": {
        "type": "Point",
        "coordinates": [
          2.2061856,
          41.4340558
        ]
      },
      "properties": {
        "id": "osm-n-2965670787",
        "category": "water",
        "name": "Ajuntament de Barcelona",
        "wheelchair": null,
        "fee": "no",
        "opening_hours": null,
        "source": "osm"
      }
    },
    {
      "type": "Feature",
      "geometry": {
        "type": "Point",
        "coordinates": [
          2.2107774,
          41.44356
        ]
      },
      "properties": {
        "id": "osm-n-2965670807",
        "category": "water",
        "name": "Water",
        "wheelchair": null,
        "fee": null,
        "opening_hours": null,
        "source": "osm"
      }
    },
    {
      "type": "Feature",
      "geometry": {
        "type": "Point",
        "coordinates": [
          2.2174001,
          41.4384709
        ]
      },
      "properties": {
        "id": "osm-n-2970921089",
        "category": "aed",
        "name": "Farm\u00e0cia P\u00e9rez Gald\u00f3s",
        "wheelchair": "yes",
        "fee": null,
        "opening_hours": "Mo-Fr 09:00-13:30,16:30-20:30; Sa 09:00-13:30; PH closed",
        "source": "osm"
      }
    },
    {
      "type": "Feature",
      "geometry": {
        "type": "Point",
        "coordinates": [
          2.2013842,
          41.4008443
        ]
      },
      "properties": {
        "id": "osm-n-2975013896",
        "category": "cafe",
        "name": "la buena vida",
        "wheelchair": null,
        "fee": null,
        "opening_hours": null,
        "source": "osm"
      }
    },
    {
      "type": "Feature",
      "geometry": {
        "type": "Point",
        "coordinates": [
          2.2039608,
          41.4357536
        ]
      },
      "properties": {
        "id": "osm-n-2975323025",
        "category": "water",
        "name": "Ajuntament de Barcelona",
        "wheelchair": null,
        "fee": "no",
        "opening_hours": null,
        "source": "osm"
      }
    },
    {
      "type": "Feature",
      "geometry": {
        "type": "Point",
        "coordinates": [
          2.1973632,
          41.4005375
        ]
      },
      "properties": {
        "id": "osm-n-2975915053",
        "category": "water",
        "name": "Ajuntament de Barcelona",
        "wheelchair": null,
        "fee": "no",
        "opening_hours": null,
        "source": "osm"
      }
    },
    {
      "type": "Feature",
      "geometry": {
        "type": "Point",
        "coordinates": [
          2.2041951,
          41.4349116
        ]
      },
      "properties": {
        "id": "osm-n-2987478693",
        "category": "water",
        "name": "Ajuntament de Barcelona",
        "wheelchair": null,
        "fee": "no",
        "opening_hours": null,
        "source": "osm"
      }
    },
    {
      "type": "Feature",
      "geometry": {
        "type": "Point",
        "coordinates": [
          2.2147751,
          41.4362694
        ]
      },
      "properties": {
        "id": "osm-n-2996988733",
        "category": "water",
        "name": "Water",
        "wheelchair": null,
        "fee": null,
        "opening_hours": null,
        "source": "osm"
      }
    },
    {
      "type": "Feature",
      "geometry": {
        "type": "Point",
        "coordinates": [
          2.2181245,
          41.4369128
        ]
      },
      "properties": {
        "id": "osm-n-2998122384",
        "category": "water",
        "name": "Water",
        "wheelchair": null,
        "fee": "no",
        "opening_hours": null,
        "source": "osm"
      }
    },
    {
      "type": "Feature",
      "geometry": {
        "type": "Point",
        "coordinates": [
          2.2048738,
          41.3995071
        ]
      },
      "properties": {
        "id": "osm-n-3005203737",
        "category": "water",
        "name": "Ajuntament de Barcelona",
        "wheelchair": null,
        "fee": "no",
        "opening_hours": null,
        "source": "osm"
      }
    },
    {
      "type": "Feature",
      "geometry": {
        "type": "Point",
        "coordinates": [
          2.1967824,
          41.4151069
        ]
      },
      "properties": {
        "id": "osm-n-3005325656",
        "category": "water",
        "name": "Ajuntament de Barcelona",
        "wheelchair": "limited",
        "fee": "no",
        "opening_hours": null,
        "source": "osm"
      }
    },
    {
      "type": "Feature",
      "geometry": {
        "type": "Point",
        "coordinates": [
          2.1772039,
          41.4246811
        ]
      },
      "properties": {
        "id": "osm-n-3009143633",
        "category": "water",
        "name": "Ajuntament de Barcelona",
        "wheelchair": null,
        "fee": "no",
        "opening_hours": null,
        "source": "osm"
      }
    },
    {
      "type": "Feature",
      "geometry": {
        "type": "Point",
        "coordinates": [
          2.1889486,
          41.4186526
        ]
      },
      "properties": {
        "id": "osm-n-3009149116",
        "category": "water",
        "name": "Ajuntament de Barcelona",
        "wheelchair": null,
        "fee": "no",
        "opening_hours": null,
        "source": "osm"
      }
    },
    {
      "type": "Feature",
      "geometry": {
        "type": "Point",
        "coordinates": [
          2.2206625,
          41.4075572
        ]
      },
      "properties": {
        "id": "osm-n-3009158870",
        "category": "water",
        "name": "Ajuntament de Barcelona",
        "wheelchair": null,
        "fee": "no",
        "opening_hours": null,
        "source": "osm"
      }
    },
    {
      "type": "Feature",
      "geometry": {
        "type": "Point",
        "coordinates": [
          2.2077856,
          41.3956118
        ]
      },
      "properties": {
        "id": "osm-n-3009168625",
        "category": "water",
        "name": "Ajuntament de Barcelona",
        "wheelchair": null,
        "fee": "no",
        "opening_hours": null,
        "source": "osm"
      }
    },
    {
      "type": "Feature",
      "geometry": {
        "type": "Point",
        "coordinates": [
          2.1830135,
          41.4220456
        ]
      },
      "properties": {
        "id": "osm-n-3009193745",
        "category": "water",
        "name": "Ajuntament de Barcelona",
        "wheelchair": null,
        "fee": "no",
        "opening_hours": null,
        "source": "osm"
      }
    },
    {
      "type": "Feature",
      "geometry": {
        "type": "Point",
        "coordinates": [
          2.1811504,
          41.4200262
        ]
      },
      "properties": {
        "id": "osm-n-3009196479",
        "category": "water",
        "name": "Ajuntament de Barcelona",
        "wheelchair": null,
        "fee": "no",
        "opening_hours": null,
        "source": "osm"
      }
    },
    {
      "type": "Feature",
      "geometry": {
        "type": "Point",
        "coordinates": [
          2.1849151,
          41.422201
        ]
      },
      "properties": {
        "id": "osm-n-3009199462",
        "category": "water",
        "name": "Ajuntament de Barcelona",
        "wheelchair": null,
        "fee": "no",
        "opening_hours": null,
        "source": "osm"
      }
    },
    {
      "type": "Feature",
      "geometry": {
        "type": "Point",
        "coordinates": [
          2.1821647,
          41.4272236
        ]
      },
      "properties": {
        "id": "osm-n-3009213534",
        "category": "water",
        "name": "Ajuntament de Barcelona",
        "wheelchair": null,
        "fee": "no",
        "opening_hours": null,
        "source": "osm"
      }
    },
    {
      "type": "Feature",
      "geometry": {
        "type": "Point",
        "coordinates": [
          2.1885127,
          41.412256
        ]
      },
      "properties": {
        "id": "osm-n-3009246866",
        "category": "water",
        "name": "Ajuntament de Barcelona",
        "wheelchair": "yes",
        "fee": "no",
        "opening_hours": null,
        "source": "osm"
      }
    },
    {
      "type": "Feature",
      "geometry": {
        "type": "Point",
        "coordinates": [
          2.1897235,
          41.4074758
        ]
      },
      "properties": {
        "id": "osm-n-3009252891",
        "category": "water",
        "name": "Ajuntament de Barcelona",
        "wheelchair": "yes",
        "fee": "no",
        "opening_hours": null,
        "source": "osm"
      }
    },
    {
      "type": "Feature",
      "geometry": {
        "type": "Point",
        "coordinates": [
          2.1806661,
          41.4166223
        ]
      },
      "properties": {
        "id": "osm-n-3010463498",
        "category": "water",
        "name": "Ajuntament de Barcelona",
        "wheelchair": null,
        "fee": "no",
        "opening_hours": null,
        "source": "osm"
      }
    },
    {
      "type": "Feature",
      "geometry": {
        "type": "Point",
        "coordinates": [
          2.1939762,
          41.409232
        ]
      },
      "properties": {
        "id": "osm-n-3027824533",
        "category": "water",
        "name": "Ajuntament de Barcelona",
        "wheelchair": null,
        "fee": "no",
        "opening_hours": null,
        "source": "osm"
      }
    },
    {
      "type": "Feature",
      "geometry": {
        "type": "Point",
        "coordinates": [
          2.1952932,
          41.4102272
        ]
      },
      "properties": {
        "id": "osm-n-3027824633",
        "category": "water",
        "name": "Ajuntament de Barcelona",
        "wheelchair": null,
        "fee": "no",
        "opening_hours": null,
        "source": "osm"
      }
    },
    {
      "type": "Feature",
      "geometry": {
        "type": "Point",
        "coordinates": [
          2.1904967,
          41.3972021
        ]
      },
      "properties": {
        "id": "osm-n-3029829933",
        "category": "water",
        "name": "Ajuntament de Barcelona",
        "wheelchair": null,
        "fee": "no",
        "opening_hours": null,
        "source": "osm"
      }
    },
    {
      "type": "Feature",
      "geometry": {
        "type": "Point",
        "coordinates": [
          2.2119885,
          41.437898
        ]
      },
      "properties": {
        "id": "osm-n-3032329932",
        "category": "water",
        "name": "Water",
        "wheelchair": null,
        "fee": null,
        "opening_hours": null,
        "source": "osm"
      }
    },
    {
      "type": "Feature",
      "geometry": {
        "type": "Point",
        "coordinates": [
          2.1971228,
          41.4134603
        ]
      },
      "properties": {
        "id": "osm-n-3032894936",
        "category": "water",
        "name": "Ajuntament de Barcelona",
        "wheelchair": null,
        "fee": "no",
        "opening_hours": null,
        "source": "osm"
      }
    },
    {
      "type": "Feature",
      "geometry": {
        "type": "Point",
        "coordinates": [
          2.2192558,
          41.442692
        ]
      },
      "properties": {
        "id": "osm-n-3037632541",
        "category": "water",
        "name": "Water",
        "wheelchair": null,
        "fee": null,
        "opening_hours": null,
        "source": "osm"
      }
    },
    {
      "type": "Feature",
      "geometry": {
        "type": "Point",
        "coordinates": [
          2.2188207,
          41.4425796
        ]
      },
      "properties": {
        "id": "osm-n-3037661537",
        "category": "water",
        "name": "Water",
        "wheelchair": null,
        "fee": null,
        "opening_hours": null,
        "source": "osm"
      }
    },
    {
      "type": "Feature",
      "geometry": {
        "type": "Point",
        "coordinates": [
          2.1938267,
          41.4174978
        ]
      },
      "properties": {
        "id": "osm-n-3040074333",
        "category": "water",
        "name": "Ajuntament de Barcelona",
        "wheelchair": null,
        "fee": "no",
        "opening_hours": null,
        "source": "osm"
      }
    },
    {
      "type": "Feature",
      "geometry": {
        "type": "Point",
        "coordinates": [
          2.1967481,
          41.4215917
        ]
      },
      "properties": {
        "id": "osm-n-3040074335",
        "category": "water",
        "name": "Ajuntament de Barcelona",
        "wheelchair": "yes",
        "fee": "no",
        "opening_hours": null,
        "source": "osm"
      }
    },
    {
      "type": "Feature",
      "geometry": {
        "type": "Point",
        "coordinates": [
          2.1945376,
          41.4177606
        ]
      },
      "properties": {
        "id": "osm-n-3040074433",
        "category": "water",
        "name": "Ajuntament de Barcelona",
        "wheelchair": null,
        "fee": "no",
        "opening_hours": null,
        "source": "osm"
      }
    },
    {
      "type": "Feature",
      "geometry": {
        "type": "Point",
        "coordinates": [
          2.1979615,
          41.4213271
        ]
      },
      "properties": {
        "id": "osm-n-3040075133",
        "category": "water",
        "name": "Ajuntament de Barcelona",
        "wheelchair": "limited",
        "fee": "no",
        "opening_hours": null,
        "source": "osm"
      }
    },
    {
      "type": "Feature",
      "geometry": {
        "type": "Point",
        "coordinates": [
          2.2021709,
          41.4166158
        ]
      },
      "properties": {
        "id": "osm-n-3044251442",
        "category": "water",
        "name": "Ajuntament de Barcelona",
        "wheelchair": null,
        "fee": "no",
        "opening_hours": null,
        "source": "osm"
      }
    },
    {
      "type": "Feature",
      "geometry": {
        "type": "Point",
        "coordinates": [
          2.2050386,
          41.408163
        ]
      },
      "properties": {
        "id": "osm-n-3044253736",
        "category": "water",
        "name": "Ajuntament de Barcelona",
        "wheelchair": null,
        "fee": "no",
        "opening_hours": null,
        "source": "osm"
      }
    },
    {
      "type": "Feature",
      "geometry": {
        "type": "Point",
        "coordinates": [
          2.2056829,
          41.4134974
        ]
      },
      "properties": {
        "id": "osm-n-3044253742",
        "category": "water",
        "name": "Ajuntament de Barcelona",
        "wheelchair": null,
        "fee": "no",
        "opening_hours": null,
        "source": "osm"
      }
    },
    {
      "type": "Feature",
      "geometry": {
        "type": "Point",
        "coordinates": [
          2.2041347,
          41.411221
        ]
      },
      "properties": {
        "id": "osm-n-3044256135",
        "category": "water",
        "name": "Ajuntament de Barcelona",
        "wheelchair": null,
        "fee": "no",
        "opening_hours": null,
        "source": "osm"
      }
    },
    {
      "type": "Feature",
      "geometry": {
        "type": "Point",
        "coordinates": [
          2.2005836,
          41.4119994
        ]
      },
      "properties": {
        "id": "osm-n-3046154937",
        "category": "water",
        "name": "Ajuntament de Barcelona",
        "wheelchair": "yes",
        "fee": "no",
        "opening_hours": null,
        "source": "osm"
      }
    },
    {
      "type": "Feature",
      "geometry": {
        "type": "Point",
        "coordinates": [
          2.1941373,
          41.4073021
        ]
      },
      "properties": {
        "id": "osm-n-3046155133",
        "category": "water",
        "name": "Ajuntament de Barcelona",
        "wheelchair": "yes",
        "fee": "no",
        "opening_hours": null,
        "source": "osm"
      }
    },
    {
      "type": "Feature",
      "geometry": {
        "type": "Point",
        "coordinates": [
          2.1951206,
          41.4089286
        ]
      },
      "properties": {
        "id": "osm-n-3046155434",
        "category": "cafe",
        "name": "Forn de pa Gil",
        "wheelchair": null,
        "fee": null,
        "opening_hours": null,
        "source": "osm"
      }
    },
    {
      "type": "Feature",
      "geometry": {
        "type": "Point",
        "coordinates": [
          2.2003786,
          41.414028
        ]
      },
      "properties": {
        "id": "osm-n-3046156738",
        "category": "water",
        "name": "Ajuntament de Barcelona",
        "wheelchair": null,
        "fee": "no",
        "opening_hours": null,
        "source": "osm"
      }
    },
    {
      "type": "Feature",
      "geometry": {
        "type": "Point",
        "coordinates": [
          2.2016711,
          41.4039728
        ]
      },
      "properties": {
        "id": "osm-n-3048076837",
        "category": "water",
        "name": "Ajuntament de Barcelona",
        "wheelchair": null,
        "fee": "no",
        "opening_hours": null,
        "source": "osm"
      }
    },
    {
      "type": "Feature",
      "geometry": {
        "type": "Point",
        "coordinates": [
          2.2026361,
          41.3998242
        ]
      },
      "properties": {
        "id": "osm-n-3048078141",
        "category": "water",
        "name": "Ajuntament de Barcelona",
        "wheelchair": "yes",
        "fee": "no",
        "opening_hours": null,
        "source": "osm"
      }
    },
    {
      "type": "Feature",
      "geometry": {
        "type": "Point",
        "coordinates": [
          2.2039677,
          41.3988086
        ]
      },
      "properties": {
        "id": "osm-n-3048078239",
        "category": "water",
        "name": "Ajuntament de Barcelona",
        "wheelchair": null,
        "fee": "no",
        "opening_hours": null,
        "source": "osm"
      }
    },
    {
      "type": "Feature",
      "geometry": {
        "type": "Point",
        "coordinates": [
          2.2067755,
          41.3994269
        ]
      },
      "properties": {
        "id": "osm-n-3048078240",
        "category": "water",
        "name": "Ajuntament de Barcelona",
        "wheelchair": null,
        "fee": "no",
        "opening_hours": null,
        "source": "osm"
      }
    },
    {
      "type": "Feature",
      "geometry": {
        "type": "Point",
        "coordinates": [
          2.2049826,
          41.4007687
        ]
      },
      "properties": {
        "id": "osm-n-3048078444",
        "category": "water",
        "name": "Ajuntament de Barcelona",
        "wheelchair": null,
        "fee": "no",
        "opening_hours": null,
        "source": "osm"
      }
    },
    {
      "type": "Feature",
      "geometry": {
        "type": "Point",
        "coordinates": [
          2.1880914,
          41.4077666
        ]
      },
      "properties": {
        "id": "osm-n-3049368242",
        "category": "cafe",
        "name": "Syra Coffee",
        "wheelchair": null,
        "fee": null,
        "opening_hours": "Mo-Fr 08:00-20:00; Sa-Su 08:00-20:00",
        "source": "osm"
      }
    },
    {
      "type": "Feature",
      "geometry": {
        "type": "Point",
        "coordinates": [
          2.1889958,
          41.4077672
        ]
      },
      "properties": {
        "id": "osm-n-3049368343",
        "category": "water",
        "name": "Ajuntament de Barcelona",
        "wheelchair": null,
        "fee": "no",
        "opening_hours": null,
        "source": "osm"
      }
    },
    {
      "type": "Feature",
      "geometry": {
        "type": "Point",
        "coordinates": [
          2.1897796,
          41.4088545
        ]
      },
      "properties": {
        "id": "osm-n-3049372239",
        "category": "water",
        "name": "Ajuntament de Barcelona",
        "wheelchair": null,
        "fee": "no",
        "opening_hours": null,
        "source": "osm"
      }
    },
    {
      "type": "Feature",
      "geometry": {
        "type": "Point",
        "coordinates": [
          2.1903673,
          41.4097723
        ]
      },
      "properties": {
        "id": "osm-n-3049395237",
        "category": "water",
        "name": "Ajuntament de Barcelona",
        "wheelchair": null,
        "fee": "no",
        "opening_hours": null,
        "source": "osm"
      }
    },
    {
      "type": "Feature",
      "geometry": {
        "type": "Point",
        "coordinates": [
          2.1881449,
          41.4078827
        ]
      },
      "properties": {
        "id": "osm-n-3049395433",
        "category": "aed",
        "name": "Maria Teresa Pe\u00f1afiel Vercher",
        "wheelchair": "no",
        "fee": null,
        "opening_hours": null,
        "source": "osm"
      }
    },
    {
      "type": "Feature",
      "geometry": {
        "type": "Point",
        "coordinates": [
          2.1899669,
          41.4130977
        ]
      },
      "properties": {
        "id": "osm-n-3049395451",
        "category": "cafe",
        "name": "Aroma de caf\u00e8",
        "wheelchair": null,
        "fee": null,
        "opening_hours": null,
        "source": "osm"
      }
    },
    {
      "type": "Feature",
      "geometry": {
        "type": "Point",
        "coordinates": [
          2.1913453,
          41.4142139
        ]
      },
      "properties": {
        "id": "osm-n-3049395453",
        "category": "water",
        "name": "Ajuntament de Barcelona",
        "wheelchair": null,
        "fee": "no",
        "opening_hours": null,
        "source": "osm"
      }
    },
    {
      "type": "Feature",
      "geometry": {
        "type": "Point",
        "coordinates": [
          2.206493,
          41.3970718
        ]
      },
      "properties": {
        "id": "osm-n-3050973435",
        "category": "water",
        "name": "Ajuntament de Barcelona",
        "wheelchair": null,
        "fee": "no",
        "opening_hours": null,
        "source": "osm"
      }
    },
    {
      "type": "Feature",
      "geometry": {
        "type": "Point",
        "coordinates": [
          2.207177,
          41.3951257
        ]
      },
      "properties": {
        "id": "osm-n-3050973436",
        "category": "water",
        "name": "Ajuntament de Barcelona",
        "wheelchair": null,
        "fee": "no",
        "opening_hours": null,
        "source": "osm"
      }
    },
    {
      "type": "Feature",
      "geometry": {
        "type": "Point",
        "coordinates": [
          2.2052657,
          41.3930334
        ]
      },
      "properties": {
        "id": "osm-n-3050973443",
        "category": "water",
        "name": "Ajuntament de Barcelona",
        "wheelchair": null,
        "fee": "no",
        "opening_hours": null,
        "source": "osm"
      }
    },
    {
      "type": "Feature",
      "geometry": {
        "type": "Point",
        "coordinates": [
          2.2030264,
          41.3912568
        ]
      },
      "properties": {
        "id": "osm-n-3050973449",
        "category": "water",
        "name": "Ajuntament de Barcelona",
        "wheelchair": null,
        "fee": "no",
        "opening_hours": null,
        "source": "osm"
      }
    },
    {
      "type": "Feature",
      "geometry": {
        "type": "Point",
        "coordinates": [
          2.2016484,
          41.3907568
        ]
      },
      "properties": {
        "id": "osm-n-3050973450",
        "category": "water",
        "name": "Ajuntament de Barcelona",
        "wheelchair": null,
        "fee": "no",
        "opening_hours": null,
        "source": "osm"
      }
    },
    {
      "type": "Feature",
      "geometry": {
        "type": "Point",
        "coordinates": [
          2.2219402,
          41.4411946
        ]
      },
      "properties": {
        "id": "osm-n-3054266052",
        "category": "water",
        "name": "Water",
        "wheelchair": null,
        "fee": null,
        "opening_hours": null,
        "source": "osm"
      }
    },
    {
      "type": "Feature",
      "geometry": {
        "type": "Point",
        "coordinates": [
          2.1992676,
          41.4011175
        ]
      },
      "properties": {
        "id": "osm-n-3054980795",
        "category": "aed",
        "name": "Aed",
        "wheelchair": null,
        "fee": null,
        "opening_hours": null,
        "source": "osm"
      }
    },
    {
      "type": "Feature",
      "geometry": {
        "type": "Point",
        "coordinates": [
          2.1974491,
          41.3989026
        ]
      },
      "properties": {
        "id": "osm-n-3056861384",
        "category": "water",
        "name": "Ajuntament de Barcelona",
        "wheelchair": null,
        "fee": "no",
        "opening_hours": null,
        "source": "osm"
      }
    },
    {
      "type": "Feature",
      "geometry": {
        "type": "Point",
        "coordinates": [
          2.1930078,
          41.396924
        ]
      },
      "properties": {
        "id": "osm-n-3056861385",
        "category": "water",
        "name": "Ajuntament de Barcelona",
        "wheelchair": null,
        "fee": "no",
        "opening_hours": null,
        "source": "osm"
      }
    },
    {
      "type": "Feature",
      "geometry": {
        "type": "Point",
        "coordinates": [
          2.2015223,
          41.4006897
        ]
      },
      "properties": {
        "id": "osm-n-3058163665",
        "category": "water",
        "name": "Ajuntament de Barcelona",
        "wheelchair": "yes",
        "fee": "no",
        "opening_hours": null,
        "source": "osm"
      }
    },
    {
      "type": "Feature",
      "geometry": {
        "type": "Point",
        "coordinates": [
          2.1958873,
          41.3961937
        ]
      },
      "properties": {
        "id": "osm-n-3058163666",
        "category": "aed",
        "name": "Farm\u00e0cia Anna Sunyer Bellido",
        "wheelchair": null,
        "fee": null,
        "opening_hours": null,
        "source": "osm"
      }
    },
    {
      "type": "Feature",
      "geometry": {
        "type": "Point",
        "coordinates": [
          2.1927617,
          41.3916335
        ]
      },
      "properties": {
        "id": "osm-n-3058163667",
        "category": "water",
        "name": "Ajuntament de Barcelona",
        "wheelchair": null,
        "fee": "no",
        "opening_hours": null,
        "source": "osm"
      }
    },
    {
      "type": "Feature",
      "geometry": {
        "type": "Point",
        "coordinates": [
          2.1871028,
          41.391362
        ]
      },
      "properties": {
        "id": "osm-n-3058163668",
        "category": "water",
        "name": "Ajuntament de Barcelona",
        "wheelchair": null,
        "fee": "no",
        "opening_hours": null,
        "source": "osm"
      }
    },
    {
      "type": "Feature",
      "geometry": {
        "type": "Point",
        "coordinates": [
          2.199655,
          41.397535
        ]
      },
      "properties": {
        "id": "osm-n-3058169649",
        "category": "cafe",
        "name": "Granja",
        "wheelchair": null,
        "fee": null,
        "opening_hours": null,
        "source": "osm"
      }
    },
    {
      "type": "Feature",
      "geometry": {
        "type": "Point",
        "coordinates": [
          2.2118732,
          41.4056248
        ]
      },
      "properties": {
        "id": "osm-n-3058703729",
        "category": "water",
        "name": "Ajuntament de Barcelona",
        "wheelchair": null,
        "fee": "no",
        "opening_hours": null,
        "source": "osm"
      }
    },
    {
      "type": "Feature",
      "geometry": {
        "type": "Point",
        "coordinates": [
          2.2195654,
          41.4433484
        ]
      },
      "properties": {
        "id": "osm-n-3059741188",
        "category": "info",
        "name": "Info",
        "wheelchair": null,
        "fee": null,
        "opening_hours": null,
        "source": "osm"
      }
    },
    {
      "type": "Feature",
      "geometry": {
        "type": "Point",
        "coordinates": [
          2.2251807,
          41.442421
        ]
      },
      "properties": {
        "id": "osm-n-3059742941",
        "category": "water",
        "name": "Water",
        "wheelchair": null,
        "fee": null,
        "opening_hours": null,
        "source": "osm"
      }
    },
    {
      "type": "Feature",
      "geometry": {
        "type": "Point",
        "coordinates": [
          2.1827564,
          41.3985508
        ]
      },
      "properties": {
        "id": "osm-n-3068103254",
        "category": "aed",
        "name": "Farm\u00e0cia Barturen Echeverr\u00eda, Bego\u00f1a",
        "wheelchair": null,
        "fee": null,
        "opening_hours": null,
        "source": "osm"
      }
    },
    {
      "type": "Feature",
      "geometry": {
        "type": "Point",
        "coordinates": [
          2.1790957,
          41.3918651
        ]
      },
      "properties": {
        "id": "osm-n-3068103255",
        "category": "aed",
        "name": "Farm\u00e0cia Josep M. Morera Ingl\u00e9s",
        "wheelchair": null,
        "fee": null,
        "opening_hours": "Mo-Su 09:00-22:00",
        "source": "osm"
      }
    },
    {
      "type": "Feature",
      "geometry": {
        "type": "Point",
        "coordinates": [
          2.2106526,
          41.4014705
        ]
      },
      "properties": {
        "id": "osm-n-3068367474",
        "category": "aed",
        "name": "Farmacia Ortu\u00f1o",
        "wheelchair": "yes",
        "fee": null,
        "opening_hours": null,
        "source": "osm"
      }
    },
    {
      "type": "Feature",
      "geometry": {
        "type": "Point",
        "coordinates": [
          2.2078181,
          41.4221871
        ]
      },
      "properties": {
        "id": "osm-n-3068367475",
        "category": "aed",
        "name": "Farm\u00e0cia Cuixart Llopis",
        "wheelchair": null,
        "fee": null,
        "opening_hours": null,
        "source": "osm"
      }
    },
    {
      "type": "Feature",
      "geometry": {
        "type": "Point",
        "coordinates": [
          2.19832,
          41.4175532
        ]
      },
      "properties": {
        "id": "osm-n-3068367476",
        "category": "aed",
        "name": "Guip\u00fascoa 69",
        "wheelchair": "yes",
        "fee": null,
        "opening_hours": "24/7",
        "source": "osm"
      }
    },
    {
      "type": "Feature",
      "geometry": {
        "type": "Point",
        "coordinates": [
          2.2014111,
          41.4021473
        ]
      },
      "properties": {
        "id": "osm-n-3068367481",
        "category": "water",
        "name": "Ajuntament de Barcelona",
        "wheelchair": null,
        "fee": "no",
        "opening_hours": null,
        "source": "osm"
      }
    },
    {
      "type": "Feature",
      "geometry": {
        "type": "Point",
        "coordinates": [
          2.2100342,
          41.4040745
        ]
      },
      "properties": {
        "id": "osm-n-3068367482",
        "category": "water",
        "name": "Ajuntament de Barcelona",
        "wheelchair": null,
        "fee": "no",
        "opening_hours": null,
        "source": "osm"
      }
    },
    {
      "type": "Feature",
      "geometry": {
        "type": "Point",
        "coordinates": [
          2.1877946,
          41.4097095
        ]
      },
      "properties": {
        "id": "osm-n-3068367484",
        "category": "water",
        "name": "Ajuntament de Barcelona",
        "wheelchair": "no",
        "fee": "no",
        "opening_hours": null,
        "source": "osm"
      }
    },
    {
      "type": "Feature",
      "geometry": {
        "type": "Point",
        "coordinates": [
          2.2170752,
          41.4126333
        ]
      },
      "properties": {
        "id": "osm-n-3068367485",
        "category": "water",
        "name": "Ajuntament de Barcelona",
        "wheelchair": null,
        "fee": "no",
        "opening_hours": null,
        "source": "osm"
      }
    },
    {
      "type": "Feature",
      "geometry": {
        "type": "Point",
        "coordinates": [
          2.2142464,
          41.4152562
        ]
      },
      "properties": {
        "id": "osm-n-3068367490",
        "category": "water",
        "name": "Ajuntament de Barcelona",
        "wheelchair": null,
        "fee": "no",
        "opening_hours": null,
        "source": "osm"
      }
    },
    {
      "type": "Feature",
      "geometry": {
        "type": "Point",
        "coordinates": [
          2.214063,
          41.4155953
        ]
      },
      "properties": {
        "id": "osm-n-3068367491",
        "category": "water",
        "name": "Ajuntament de Barcelona",
        "wheelchair": null,
        "fee": "no",
        "opening_hours": null,
        "source": "osm"
      }
    },
    {
      "type": "Feature",
      "geometry": {
        "type": "Point",
        "coordinates": [
          2.1813097,
          41.3926874
        ]
      },
      "properties": {
        "id": "osm-n-3074775712",
        "category": "water",
        "name": "Ajuntament de Barcelona",
        "wheelchair": null,
        "fee": "no",
        "opening_hours": null,
        "source": "osm"
      }
    },
    {
      "type": "Feature",
      "geometry": {
        "type": "Point",
        "coordinates": [
          2.2224054,
          41.4403655
        ]
      },
      "properties": {
        "id": "osm-n-3077335653",
        "category": "water",
        "name": "Water",
        "wheelchair": null,
        "fee": null,
        "opening_hours": null,
        "source": "osm"
      }
    },
    {
      "type": "Feature",
      "geometry": {
        "type": "Point",
        "coordinates": [
          2.2186648,
          41.4370245
        ]
      },
      "properties": {
        "id": "osm-n-3077335660",
        "category": "water",
        "name": "Water",
        "wheelchair": null,
        "fee": "no",
        "opening_hours": null,
        "source": "osm"
      }
    },
    {
      "type": "Feature",
      "geometry": {
        "type": "Point",
        "coordinates": [
          2.2199409,
          41.4360822
        ]
      },
      "properties": {
        "id": "osm-n-3077336146",
        "category": "water",
        "name": "Water",
        "wheelchair": null,
        "fee": null,
        "opening_hours": null,
        "source": "osm"
      }
    },
    {
      "type": "Feature",
      "geometry": {
        "type": "Point",
        "coordinates": [
          2.2192539,
          41.4356398
        ]
      },
      "properties": {
        "id": "osm-n-3077337349",
        "category": "water",
        "name": "Water",
        "wheelchair": null,
        "fee": null,
        "opening_hours": null,
        "source": "osm"
      }
    },
    {
      "type": "Feature",
      "geometry": {
        "type": "Point",
        "coordinates": [
          2.1825813,
          41.3941411
        ]
      },
      "properties": {
        "id": "osm-n-3096999600",
        "category": "info",
        "name": "Info",
        "wheelchair": null,
        "fee": null,
        "opening_hours": null,
        "source": "osm"
      }
    },
    {
      "type": "Feature",
      "geometry": {
        "type": "Point",
        "coordinates": [
          2.1822458,
          41.393778
        ]
      },
      "properties": {
        "id": "osm-n-3096999601",
        "category": "toilet",
        "name": "Toilet",
        "wheelchair": null,
        "fee": null,
        "opening_hours": null,
        "source": "osm"
      }
    },
    {
      "type": "Feature",
      "geometry": {
        "type": "Point",
        "coordinates": [
          2.1830277,
          41.3943776
        ]
      },
      "properties": {
        "id": "osm-n-3096999602",
        "category": "toilet",
        "name": "Toilet",
        "wheelchair": null,
        "fee": null,
        "opening_hours": null,
        "source": "osm"
      }
    },
    {
      "type": "Feature",
      "geometry": {
        "type": "Point",
        "coordinates": [
          2.1829512,
          41.3943474
        ]
      },
      "properties": {
        "id": "osm-n-3097009502",
        "category": "toilet",
        "name": "Toilet",
        "wheelchair": null,
        "fee": "no",
        "opening_hours": "Mo-Su 05:15-23:15",
        "source": "osm"
      }
    },
    {
      "type": "Feature",
      "geometry": {
        "type": "Point",
        "coordinates": [
          2.2140907,
          41.404336
        ]
      },
      "properties": {
        "id": "osm-n-3097591695",
        "category": "water",
        "name": "Ajuntament de Barcelona",
        "wheelchair": null,
        "fee": "no",
        "opening_hours": null,
        "source": "osm"
      }
    },
    {
      "type": "Feature",
      "geometry": {
        "type": "Point",
        "coordinates": [
          2.2121658,
          41.4043457
        ]
      },
      "properties": {
        "id": "osm-n-3097603005",
        "category": "water",
        "name": "Ajuntament de Barcelona",
        "wheelchair": null,
        "fee": "no",
        "opening_hours": null,
        "source": "osm"
      }
    },
    {
      "type": "Feature",
      "geometry": {
        "type": "Point",
        "coordinates": [
          2.2128659,
          41.4036806
        ]
      },
      "properties": {
        "id": "osm-n-3097608934",
        "category": "water",
        "name": "Ajuntament de Barcelona",
        "wheelchair": null,
        "fee": "no",
        "opening_hours": null,
        "source": "osm"
      }
    },
    {
      "type": "Feature",
      "geometry": {
        "type": "Point",
        "coordinates": [
          2.1882145,
          41.417563
        ]
      },
      "properties": {
        "id": "osm-n-3103545160",
        "category": "aed",
        "name": "Farm\u00e0cia Jose Ramon Tico Grau",
        "wheelchair": "yes",
        "fee": null,
        "opening_hours": null,
        "source": "osm"
      }
    },
    {
      "type": "Feature",
      "geometry": {
        "type": "Point",
        "coordinates": [
          2.1812705,
          41.3936635
        ]
      },
      "properties": {
        "id": "osm-n-3104844223",
        "category": "cafe",
        "name": "Bar N\u00e1poles",
        "wheelchair": null,
        "fee": null,
        "opening_hours": null,
        "source": "osm"
      }
    },
    {
      "type": "Feature",
      "geometry": {
        "type": "Point",
        "coordinates": [
          2.1947983,
          41.400931
        ]
      },
      "properties": {
        "id": "osm-n-3105288529",
        "category": "water",
        "name": "Ajuntament de Barcelona",
        "wheelchair": null,
        "fee": "no",
        "opening_hours": null,
        "source": "osm"
      }
    },
    {
      "type": "Feature",
      "geometry": {
        "type": "Point",
        "coordinates": [
          2.1937817,
          41.385353
        ]
      },
      "properties": {
        "id": "osm-n-3109227626",
        "category": "parking",
        "name": "BSM Parc de Recerca Biom\u00e8dica",
        "wheelchair": "yes",
        "fee": "2,85 \u20ac hour",
        "opening_hours": "24/7",
        "source": "osm"
      }
    },
    {
      "type": "Feature",
      "geometry": {
        "type": "Point",
        "coordinates": [
          2.1899324,
          41.4246666
        ]
      },
      "properties": {
        "id": "osm-n-3114962602",
        "category": "water",
        "name": "Ajuntament de Barcelona",
        "wheelchair": null,
        "fee": "no",
        "opening_hours": null,
        "source": "osm"
      }
    },
    {
      "type": "Feature",
      "geometry": {
        "type": "Point",
        "coordinates": [
          2.1888433,
          41.4240611
        ]
      },
      "properties": {
        "id": "osm-n-3114962603",
        "category": "water",
        "name": "Ajuntament de Barcelona",
        "wheelchair": null,
        "fee": "no",
        "opening_hours": null,
        "source": "osm"
      }
    },
    {
      "type": "Feature",
      "geometry": {
        "type": "Point",
        "coordinates": [
          2.1835392,
          41.4027885
        ]
      },
      "properties": {
        "id": "osm-n-3116203551",
        "category": "water",
        "name": "Ajuntament de Barcelona",
        "wheelchair": null,
        "fee": "no",
        "opening_hours": null,
        "source": "osm"
      }
    },
    {
      "type": "Feature",
      "geometry": {
        "type": "Point",
        "coordinates": [
          2.2104469,
          41.407382
        ]
      },
      "properties": {
        "id": "osm-n-3116216464",
        "category": "water",
        "name": "Ajuntament de Barcelona",
        "wheelchair": null,
        "fee": "no",
        "opening_hours": null,
        "source": "osm"
      }
    },
    {
      "type": "Feature",
      "geometry": {
        "type": "Point",
        "coordinates": [
          2.2042982,
          41.3935439
        ]
      },
      "properties": {
        "id": "osm-n-3124210225",
        "category": "charging",
        "name": "Charging",
        "wheelchair": null,
        "fee": null,
        "opening_hours": null,
        "source": "osm"
      }
    },
    {
      "type": "Feature",
      "geometry": {
        "type": "Point",
        "coordinates": [
          2.2098737,
          41.4026108
        ]
      },
      "properties": {
        "id": "osm-n-3130832253",
        "category": "water",
        "name": "Ajuntament de Barcelona",
        "wheelchair": "yes",
        "fee": "no",
        "opening_hours": null,
        "source": "osm"
      }
    },
    {
      "type": "Feature",
      "geometry": {
        "type": "Point",
        "coordinates": [
          2.2078876,
          41.4029401
        ]
      },
      "properties": {
        "id": "osm-n-3130832254",
        "category": "water",
        "name": "Ajuntament de Barcelona",
        "wheelchair": null,
        "fee": "no",
        "opening_hours": null,
        "source": "osm"
      }
    },
    {
      "type": "Feature",
      "geometry": {
        "type": "Point",
        "coordinates": [
          2.2075424,
          41.4008177
        ]
      },
      "properties": {
        "id": "osm-n-3130833330",
        "category": "water",
        "name": "Ajuntament de Barcelona",
        "wheelchair": null,
        "fee": "no",
        "opening_hours": null,
        "source": "osm"
      }
    },
    {
      "type": "Feature",
      "geometry": {
        "type": "Point",
        "coordinates": [
          2.2026934,
          41.4014782
        ]
      },
      "properties": {
        "id": "osm-n-3130840520",
        "category": "water",
        "name": "Ajuntament de Barcelona",
        "wheelchair": "yes",
        "fee": "no",
        "opening_hours": null,
        "source": "osm"
      }
    },
    {
      "type": "Feature",
      "geometry": {
        "type": "Point",
        "coordinates": [
          2.1992533,
          41.403903
        ]
      },
      "properties": {
        "id": "osm-n-3130840521",
        "category": "water",
        "name": "Ajuntament de Barcelona",
        "wheelchair": "limited",
        "fee": "no",
        "opening_hours": null,
        "source": "osm"
      }
    },
    {
      "type": "Feature",
      "geometry": {
        "type": "Point",
        "coordinates": [
          2.1938457,
          41.3983319
        ]
      },
      "properties": {
        "id": "osm-n-3131066429",
        "category": "water",
        "name": "Ajuntament de Barcelona",
        "wheelchair": null,
        "fee": "no",
        "opening_hours": null,
        "source": "osm"
      }
    },
    {
      "type": "Feature",
      "geometry": {
        "type": "Point",
        "coordinates": [
          2.2093314,
          41.4092295
        ]
      },
      "properties": {
        "id": "osm-n-3134968753",
        "category": "water",
        "name": "Ajuntament de Barcelona",
        "wheelchair": null,
        "fee": "no",
        "opening_hours": null,
        "source": "osm"
      }
    },
    {
      "type": "Feature",
      "geometry": {
        "type": "Point",
        "coordinates": [
          2.2115741,
          41.4098683
        ]
      },
      "properties": {
        "id": "osm-n-3134968754",
        "category": "water",
        "name": "Ajuntament de Barcelona",
        "wheelchair": null,
        "fee": "no",
        "opening_hours": null,
        "source": "osm"
      }
    },
    {
      "type": "Feature",
      "geometry": {
        "type": "Point",
        "coordinates": [
          2.1912567,
          41.4155672
        ]
      },
      "properties": {
        "id": "osm-n-3144669431",
        "category": "water",
        "name": "Ajuntament de Barcelona",
        "wheelchair": null,
        "fee": "no",
        "opening_hours": null,
        "source": "osm"
      }
    },
    {
      "type": "Feature",
      "geometry": {
        "type": "Point",
        "coordinates": [
          2.191461,
          41.4380649
        ]
      },
      "properties": {
        "id": "osm-n-3151768671",
        "category": "water",
        "name": "Ajuntament de Barcelona",
        "wheelchair": null,
        "fee": "no",
        "opening_hours": null,
        "source": "osm"
      }
    },
    {
      "type": "Feature",
      "geometry": {
        "type": "Point",
        "coordinates": [
          2.1836264,
          41.40983
        ]
      },
      "properties": {
        "id": "osm-n-3165823062",
        "category": "water",
        "name": "Ajuntament de Barcelona",
        "wheelchair": null,
        "fee": "no",
        "opening_hours": null,
        "source": "osm"
      }
    },
    {
      "type": "Feature",
      "geometry": {
        "type": "Point",
        "coordinates": [
          2.1852166,
          41.408968
        ]
      },
      "properties": {
        "id": "osm-n-3165823162",
        "category": "water",
        "name": "Font de l'Oca",
        "wheelchair": null,
        "fee": "no",
        "opening_hours": null,
        "source": "osm"
      }
    },
    {
      "type": "Feature",
      "geometry": {
        "type": "Point",
        "coordinates": [
          2.1843367,
          41.4093211
        ]
      },
      "properties": {
        "id": "osm-n-3165823163",
        "category": "water",
        "name": "Ajuntament de Barcelona",
        "wheelchair": null,
        "fee": "no",
        "opening_hours": null,
        "source": "osm"
      }
    },
    {
      "type": "Feature",
      "geometry": {
        "type": "Point",
        "coordinates": [
          2.1826838,
          41.4105254
        ]
      },
      "properties": {
        "id": "osm-n-3165823164",
        "category": "water",
        "name": "Ajuntament de Barcelona",
        "wheelchair": null,
        "fee": "no",
        "opening_hours": null,
        "source": "osm"
      }
    },
    {
      "type": "Feature",
      "geometry": {
        "type": "Point",
        "coordinates": [
          2.1861606,
          41.4114266
        ]
      },
      "properties": {
        "id": "osm-n-3165823363",
        "category": "water",
        "name": "Ajuntament de Barcelona",
        "wheelchair": "yes",
        "fee": "no",
        "opening_hours": null,
        "source": "osm"
      }
    },
    {
      "type": "Feature",
      "geometry": {
        "type": "Point",
        "coordinates": [
          2.2023219,
          41.3975779
        ]
      },
      "properties": {
        "id": "osm-n-3170567825",
        "category": "cafe",
        "name": "Barcelona Culture World",
        "wheelchair": null,
        "fee": null,
        "opening_hours": null,
        "source": "osm"
      }
    },
    {
      "type": "Feature",
      "geometry": {
        "type": "Point",
        "coordinates": [
          2.2328701,
          41.4416885
        ]
      },
      "properties": {
        "id": "osm-n-3278988969",
        "category": "water",
        "name": "Water",
        "wheelchair": null,
        "fee": null,
        "opening_hours": null,
        "source": "osm"
      }
    },
    {
      "type": "Feature",
      "geometry": {
        "type": "Point",
        "coordinates": [
          2.2279491,
          41.4394892
        ]
      },
      "properties": {
        "id": "osm-n-3278989589",
        "category": "water",
        "name": "Water",
        "wheelchair": null,
        "fee": null,
        "opening_hours": null,
        "source": "osm"
      }
    },
    {
      "type": "Feature",
      "geometry": {
        "type": "Point",
        "coordinates": [
          2.1831734,
          41.3873746
        ]
      },
      "properties": {
        "id": "osm-n-3288658164",
        "category": "info",
        "name": "Info",
        "wheelchair": null,
        "fee": null,
        "opening_hours": null,
        "source": "osm"
      }
    },
    {
      "type": "Feature",
      "geometry": {
        "type": "Point",
        "coordinates": [
          2.1823705,
          41.387964
        ]
      },
      "properties": {
        "id": "osm-n-3288658167",
        "category": "info",
        "name": "Info",
        "wheelchair": null,
        "fee": null,
        "opening_hours": null,
        "source": "osm"
      }
    },
    {
      "type": "Feature",
      "geometry": {
        "type": "Point",
        "coordinates": [
          2.2034854,
          41.4184569
        ]
      },
      "properties": {
        "id": "osm-n-3290621762",
        "category": "water",
        "name": "Ajuntament de Barcelona",
        "wheelchair": null,
        "fee": "no",
        "opening_hours": null,
        "source": "osm"
      }
    },
    {
      "type": "Feature",
      "geometry": {
        "type": "Point",
        "coordinates": [
          2.186404,
          41.3954324
        ]
      },
      "properties": {
        "id": "osm-n-3316542524",
        "category": "cafe",
        "name": "Churrer\u00eda J. Argil\u00e9s",
        "wheelchair": null,
        "fee": null,
        "opening_hours": "Sa-Su 00:00-24:00; Tu-Fr 08:30-21:30",
        "source": "osm"
      }
    },
    {
      "type": "Feature",
      "geometry": {
        "type": "Point",
        "coordinates": [
          2.2187664,
          41.444313
        ]
      },
      "properties": {
        "id": "osm-n-3330125993",
        "category": "water",
        "name": "Water",
        "wheelchair": null,
        "fee": null,
        "opening_hours": null,
        "source": "osm"
      }
    },
    {
      "type": "Feature",
      "geometry": {
        "type": "Point",
        "coordinates": [
          2.1749835,
          41.4037529
        ]
      },
      "properties": {
        "id": "osm-n-3350092767",
        "category": "toilet",
        "name": "Toilet",
        "wheelchair": "yes",
        "fee": null,
        "opening_hours": null,
        "source": "osm"
      }
    },
    {
      "type": "Feature",
      "geometry": {
        "type": "Point",
        "coordinates": [
          2.1802541,
          41.407036
        ]
      },
      "properties": {
        "id": "osm-n-3361982894",
        "category": "water",
        "name": "Ajuntament de Barcelona",
        "wheelchair": null,
        "fee": "no",
        "opening_hours": null,
        "source": "osm"
      }
    },
    {
      "type": "Feature",
      "geometry": {
        "type": "Point",
        "coordinates": [
          2.2048081,
          41.4361256
        ]
      },
      "properties": {
        "id": "osm-n-3397396373",
        "category": "aed",
        "name": "Bon Pastor",
        "wheelchair": "yes",
        "fee": null,
        "opening_hours": null,
        "source": "osm"
      }
    },
    {
      "type": "Feature",
      "geometry": {
        "type": "Point",
        "coordinates": [
          2.1810127,
          41.4146858
        ]
      },
      "properties": {
        "id": "osm-n-3397396374",
        "category": "aed",
        "name": "Camp de l'Arpa",
        "wheelchair": "yes",
        "fee": null,
        "opening_hours": null,
        "source": "osm"
      }
    },
    {
      "type": "Feature",
      "geometry": {
        "type": "Point",
        "coordinates": [
          2.1812853,
          41.4234164
        ]
      },
      "properties": {
        "id": "osm-n-3397396385",
        "category": "aed",
        "name": "Congr\u00e9s | Indians",
        "wheelchair": "yes",
        "fee": null,
        "opening_hours": null,
        "source": "osm"
      }
    },
    {
      "type": "Feature",
      "geometry": {
        "type": "Point",
        "coordinates": [
          2.2336924,
          41.4404408
        ]
      },
      "properties": {
        "id": "osm-n-3397396606",
        "category": "aed",
        "name": "Gorg",
        "wheelchair": "yes",
        "fee": null,
        "opening_hours": null,
        "source": "osm"
      }
    },
    {
      "type": "Feature",
      "geometry": {
        "type": "Point",
        "coordinates": [
          2.1869981,
          41.4226197
        ]
      },
      "properties": {
        "id": "osm-n-3397396616",
        "category": "aed",
        "name": "La Sagrera",
        "wheelchair": "yes",
        "fee": null,
        "opening_hours": null,
        "source": "osm"
      }
    },
    {
      "type": "Feature",
      "geometry": {
        "type": "Point",
        "coordinates": [
          2.2175477,
          41.4413034
        ]
      },
      "properties": {
        "id": "osm-n-3397396622",
        "category": "aed",
        "name": "Llefi\u00e0",
        "wheelchair": "yes",
        "fee": null,
        "opening_hours": null,
        "source": "osm"
      }
    },
    {
      "type": "Feature",
      "geometry": {
        "type": "Point",
        "coordinates": [
          2.176504,
          41.4250282
        ]
      },
      "properties": {
        "id": "osm-n-3397396625",
        "category": "aed",
        "name": "Maragall",
        "wheelchair": "yes",
        "fee": null,
        "opening_hours": null,
        "source": "osm"
      }
    },
    {
      "type": "Feature",
      "geometry": {
        "type": "Point",
        "coordinates": [
          2.193435,
          41.4297598
        ]
      },
      "properties": {
        "id": "osm-n-3397396633",
        "category": "aed",
        "name": "Onze de Setembre",
        "wheelchair": "yes",
        "fee": null,
        "opening_hours": null,
        "source": "osm"
      }
    },
    {
      "type": "Feature",
      "geometry": {
        "type": "Point",
        "coordinates": [
          2.2245758,
          41.442733
        ]
      },
      "properties": {
        "id": "osm-n-3397396687",
        "category": "aed",
        "name": "la Salut",
        "wheelchair": "yes",
        "fee": null,
        "opening_hours": null,
        "source": "osm"
      }
    },
    {
      "type": "Feature",
      "geometry": {
        "type": "Point",
        "coordinates": [
          2.1865289,
          41.4212792
        ]
      },
      "properties": {
        "id": "osm-n-3398928316",
        "category": "aed",
        "name": "La Sagrera",
        "wheelchair": "yes",
        "fee": null,
        "opening_hours": null,
        "source": "osm"
      }
    },
    {
      "type": "Feature",
      "geometry": {
        "type": "Point",
        "coordinates": [
          2.186811,
          41.4204101
        ]
      },
      "properties": {
        "id": "osm-n-3398928317",
        "category": "aed",
        "name": "La Sagrera",
        "wheelchair": "yes",
        "fee": null,
        "opening_hours": null,
        "source": "osm"
      }
    },
    {
      "type": "Feature",
      "geometry": {
        "type": "Point",
        "coordinates": [
          2.1764122,
          41.4249732
        ]
      },
      "properties": {
        "id": "osm-n-3416765893",
        "category": "water",
        "name": "Ajuntament de Barcelona",
        "wheelchair": null,
        "fee": "no",
        "opening_hours": null,
        "source": "osm"
      }
    },
    {
      "type": "Feature",
      "geometry": {
        "type": "Point",
        "coordinates": [
          2.1828099,
          41.423368
        ]
      },
      "properties": {
        "id": "osm-n-3416766893",
        "category": "water",
        "name": "Ajuntament de Barcelona",
        "wheelchair": null,
        "fee": "no",
        "opening_hours": null,
        "source": "osm"
      }
    },
    {
      "type": "Feature",
      "geometry": {
        "type": "Point",
        "coordinates": [
          2.1837326,
          41.3958115
        ]
      },
      "properties": {
        "id": "osm-n-3430441336",
        "category": "water",
        "name": "Ajuntament de Barcelona",
        "wheelchair": null,
        "fee": "no",
        "opening_hours": null,
        "source": "osm"
      }
    },
    {
      "type": "Feature",
      "geometry": {
        "type": "Point",
        "coordinates": [
          2.2259952,
          41.4358259
        ]
      },
      "properties": {
        "id": "osm-n-3430890494",
        "category": "clinic",
        "name": "Centre d'Atenci\u00f3 Prim\u00e0ria Sant Roc",
        "wheelchair": null,
        "fee": null,
        "opening_hours": null,
        "source": "osm"
      }
    },
    {
      "type": "Feature",
      "geometry": {
        "type": "Point",
        "coordinates": [
          2.2201502,
          41.4436484
        ]
      },
      "properties": {
        "id": "osm-n-3440815133",
        "category": "water",
        "name": "Water",
        "wheelchair": null,
        "fee": null,
        "opening_hours": null,
        "source": "osm"
      }
    },
    {
      "type": "Feature",
      "geometry": {
        "type": "Point",
        "coordinates": [
          2.2276216,
          41.4230946
        ]
      },
      "properties": {
        "id": "osm-n-3530460006",
        "category": "water",
        "name": "Water",
        "wheelchair": null,
        "fee": null,
        "opening_hours": null,
        "source": "osm"
      }
    },
    {
      "type": "Feature",
      "geometry": {
        "type": "Point",
        "coordinates": [
          2.2172925,
          41.4385727
        ]
      },
      "properties": {
        "id": "osm-n-3548547601",
        "category": "shop",
        "name": "Alina Supermercat",
        "wheelchair": "no",
        "fee": null,
        "opening_hours": null,
        "source": "osm"
      }
    },
    {
      "type": "Feature",
      "geometry": {
        "type": "Point",
        "coordinates": [
          2.2169753,
          41.4391311
        ]
      },
      "properties": {
        "id": "osm-n-3548548995",
        "category": "shop",
        "name": "Ali Alimentaci\u00f3",
        "wheelchair": "no",
        "fee": null,
        "opening_hours": null,
        "source": "osm"
      }
    },
    {
      "type": "Feature",
      "geometry": {
        "type": "Point",
        "coordinates": [
          2.2181061,
          41.437706
        ]
      },
      "properties": {
        "id": "osm-n-3548613493",
        "category": "cafe",
        "name": "Sant Jordi Granja Bar",
        "wheelchair": "limited",
        "fee": null,
        "opening_hours": "Mo-Fr 07:00-14:00,15:00-21:00; Sa,Su 08:00-15:00",
        "source": "osm"
      }
    },
    {
      "type": "Feature",
      "geometry": {
        "type": "Point",
        "coordinates": [
          2.2264651,
          41.4416928
        ]
      },
      "properties": {
        "id": "osm-n-3556089497",
        "category": "cafe",
        "name": "Xurreria Rodr\u00edguez",
        "wheelchair": "no",
        "fee": null,
        "opening_hours": null,
        "source": "osm"
      }
    },
    {
      "type": "Feature",
      "geometry": {
        "type": "Point",
        "coordinates": [
          2.2262697,
          41.4417361
        ]
      },
      "properties": {
        "id": "osm-n-3556089498",
        "category": "parking",
        "name": "Garatge Armengol",
        "wheelchair": "no",
        "fee": null,
        "opening_hours": null,
        "source": "osm"
      }
    },
    {
      "type": "Feature",
      "geometry": {
        "type": "Point",
        "coordinates": [
          2.2263361,
          41.4418943
        ]
      },
      "properties": {
        "id": "osm-n-3556090098",
        "category": "cafe",
        "name": "Granier",
        "wheelchair": null,
        "fee": null,
        "opening_hours": null,
        "source": "osm"
      }
    },
    {
      "type": "Feature",
      "geometry": {
        "type": "Point",
        "coordinates": [
          2.2259495,
          41.4421589
        ]
      },
      "properties": {
        "id": "osm-n-3556090694",
        "category": "shop",
        "name": "Grup La Granja",
        "wheelchair": "yes",
        "fee": null,
        "opening_hours": null,
        "source": "osm"
      }
    },
    {
      "type": "Feature",
      "geometry": {
        "type": "Point",
        "coordinates": [
          2.2236761,
          41.4443624
        ]
      },
      "properties": {
        "id": "osm-n-3560942698",
        "category": "cafe",
        "name": "Sandvitxeria Alhociema",
        "wheelchair": "limited",
        "fee": null,
        "opening_hours": null,
        "source": "osm"
      }
    },
    {
      "type": "Feature",
      "geometry": {
        "type": "Point",
        "coordinates": [
          2.2226795,
          41.4440966
        ]
      },
      "properties": {
        "id": "osm-n-3560942895",
        "category": "shop",
        "name": "Autoservicio Mari Vege",
        "wheelchair": "no",
        "fee": null,
        "opening_hours": null,
        "source": "osm"
      }
    },
    {
      "type": "Feature",
      "geometry": {
        "type": "Point",
        "coordinates": [
          2.2237319,
          41.4437143
        ]
      },
      "properties": {
        "id": "osm-n-3561003495",
        "category": "shop",
        "name": "Forn Salut Alta",
        "wheelchair": "no",
        "fee": null,
        "opening_hours": null,
        "source": "osm"
      }
    },
    {
      "type": "Feature",
      "geometry": {
        "type": "Point",
        "coordinates": [
          2.1843499,
          41.3935416
        ]
      },
      "properties": {
        "id": "osm-n-3564285296",
        "category": "cafe",
        "name": "Cafe",
        "wheelchair": null,
        "fee": null,
        "opening_hours": null,
        "source": "osm"
      }
    },
    {
      "type": "Feature",
      "geometry": {
        "type": "Point",
        "coordinates": [
          2.2183544,
          41.4360315
        ]
      },
      "properties": {
        "id": "osm-n-3595399489",
        "category": "shop",
        "name": "Tescor supermercat",
        "wheelchair": "yes",
        "fee": null,
        "opening_hours": null,
        "source": "osm"
      }
    },
    {
      "type": "Feature",
      "geometry": {
        "type": "Point",
        "coordinates": [
          2.2177792,
          41.4351399
        ]
      },
      "properties": {
        "id": "osm-n-3595400120",
        "category": "cafe",
        "name": "Punto de Caf\u00e9",
        "wheelchair": "limited",
        "fee": null,
        "opening_hours": "Mo-Fr 05:30-21:30; Sa 06:00-21:30; Su 06:00-14:30",
        "source": "osm"
      }
    },
    {
      "type": "Feature",
      "geometry": {
        "type": "Point",
        "coordinates": [
          2.2177121,
          41.4367707
        ]
      },
      "properties": {
        "id": "osm-n-3595401243",
        "category": "shop",
        "name": "Forn de pa",
        "wheelchair": "no",
        "fee": null,
        "opening_hours": "Mo-Su 08:00-23:30",
        "source": "osm"
      }
    },
    {
      "type": "Feature",
      "geometry": {
        "type": "Point",
        "coordinates": [
          2.21857,
          41.4375544
        ]
      },
      "properties": {
        "id": "osm-n-3595401320",
        "category": "shop",
        "name": "Supermercat Nusrat",
        "wheelchair": "no",
        "fee": null,
        "opening_hours": "Mo-Su 10:00-22:00",
        "source": "osm"
      }
    },
    {
      "type": "Feature",
      "geometry": {
        "type": "Point",
        "coordinates": [
          2.1733237,
          41.4105511
        ]
      },
      "properties": {
        "id": "osm-n-3601248003",
        "category": "water",
        "name": "Ajuntament de Barcelona",
        "wheelchair": null,
        "fee": "no",
        "opening_hours": null,
        "source": "osm"
      }
    },
    {
      "type": "Feature",
      "geometry": {
        "type": "Point",
        "coordinates": [
          2.1734149,
          41.4030764
        ]
      },
      "properties": {
        "id": "osm-n-3616716537",
        "category": "water",
        "name": "Ajuntament de Barcelona",
        "wheelchair": "limited",
        "fee": "no",
        "opening_hours": null,
        "source": "osm"
      }
    },
    {
      "type": "Feature",
      "geometry": {
        "type": "Point",
        "coordinates": [
          2.2238017,
          41.440092
        ]
      },
      "properties": {
        "id": "osm-n-3624045394",
        "category": "shop",
        "name": "Supermercat Pla\u00e7a de la Dona",
        "wheelchair": "no",
        "fee": null,
        "opening_hours": "Mo-Su 08:30-22:00",
        "source": "osm"
      }
    },
    {
      "type": "Feature",
      "geometry": {
        "type": "Point",
        "coordinates": [
          2.2193475,
          41.4056301
        ]
      },
      "properties": {
        "id": "osm-n-3643891414",
        "category": "toilet",
        "name": "Toilet",
        "wheelchair": null,
        "fee": "no",
        "opening_hours": "10:00-19:30",
        "source": "osm"
      }
    },
    {
      "type": "Feature",
      "geometry": {
        "type": "Point",
        "coordinates": [
          2.2173974,
          41.4122587
        ]
      },
      "properties": {
        "id": "osm-n-3651321329",
        "category": "water",
        "name": "Ajuntament de Barcelona",
        "wheelchair": null,
        "fee": "no",
        "opening_hours": null,
        "source": "osm"
      }
    },
    {
      "type": "Feature",
      "geometry": {
        "type": "Point",
        "coordinates": [
          2.1954415,
          41.3927614
        ]
      },
      "properties": {
        "id": "osm-n-3658117050",
        "category": "water",
        "name": "Ajuntament de Barcelona",
        "wheelchair": null,
        "fee": "no",
        "opening_hours": null,
        "source": "osm"
      }
    },
    {
      "type": "Feature",
      "geometry": {
        "type": "Point",
        "coordinates": [
          2.1819558,
          41.3962334
        ]
      },
      "properties": {
        "id": "osm-n-3675226225",
        "category": "cafe",
        "name": "Cafe",
        "wheelchair": null,
        "fee": null,
        "opening_hours": null,
        "source": "osm"
      }
    },
    {
      "type": "Feature",
      "geometry": {
        "type": "Point",
        "coordinates": [
          2.1808418,
          41.398513
        ]
      },
      "properties": {
        "id": "osm-n-3677466477",
        "category": "parking",
        "name": "Aparcament Carlos Maria Ruiz Cortina",
        "wheelchair": null,
        "fee": "yes",
        "opening_hours": null,
        "source": "osm"
      }
    },
    {
      "type": "Feature",
      "geometry": {
        "type": "Point",
        "coordinates": [
          2.2097345,
          41.3969521
        ]
      },
      "properties": {
        "id": "osm-n-3679522147",
        "category": "info",
        "name": "Info",
        "wheelchair": null,
        "fee": null,
        "opening_hours": null,
        "source": "osm"
      }
    },
    {
      "type": "Feature",
      "geometry": {
        "type": "Point",
        "coordinates": [
          2.1898532,
          41.4353626
        ]
      },
      "properties": {
        "id": "osm-n-3682795168",
        "category": "water",
        "name": "Ajuntament de Barcelona",
        "wheelchair": null,
        "fee": "no",
        "opening_hours": null,
        "source": "osm"
      }
    },
    {
      "type": "Feature",
      "geometry": {
        "type": "Point",
        "coordinates": [
          2.2031335,
          41.4391985
        ]
      },
      "properties": {
        "id": "osm-n-3742388626",
        "category": "water",
        "name": "Ajuntament de Barcelona",
        "wheelchair": null,
        "fee": "no",
        "opening_hours": null,
        "source": "osm"
      }
    },
    {
      "type": "Feature",
      "geometry": {
        "type": "Point",
        "coordinates": [
          2.2028842,
          41.4378989
        ]
      },
      "properties": {
        "id": "osm-n-3746899721",
        "category": "water",
        "name": "Ajuntament de Barcelona",
        "wheelchair": null,
        "fee": "no",
        "opening_hours": null,
        "source": "osm"
      }
    },
    {
      "type": "Feature",
      "geometry": {
        "type": "Point",
        "coordinates": [
          2.1740935,
          41.4023115
        ]
      },
      "properties": {
        "id": "osm-n-3749438191",
        "category": "cafe",
        "name": "Starbucks",
        "wheelchair": null,
        "fee": null,
        "opening_hours": null,
        "source": "osm"
      }
    },
    {
      "type": "Feature",
      "geometry": {
        "type": "Point",
        "coordinates": [
          2.1744198,
          41.4046681
        ]
      },
      "properties": {
        "id": "osm-n-3749438193",
        "category": "water",
        "name": "Ajuntament de Barcelona",
        "wheelchair": "yes",
        "fee": "no",
        "opening_hours": "24/7",
        "source": "osm"
      }
    },
    {
      "type": "Feature",
      "geometry": {
        "type": "Point",
        "coordinates": [
          2.1742455,
          41.418175
        ]
      },
      "properties": {
        "id": "osm-n-3758961590",
        "category": "water",
        "name": "Ajuntament de Barcelona",
        "wheelchair": null,
        "fee": "no",
        "opening_hours": "24/7",
        "source": "osm"
      }
    },
    {
      "type": "Feature",
      "geometry": {
        "type": "Point",
        "coordinates": [
          2.2163954,
          41.4396921
        ]
      },
      "properties": {
        "id": "osm-n-3769722066",
        "category": "shop",
        "name": "Vida Sana",
        "wheelchair": null,
        "fee": null,
        "opening_hours": null,
        "source": "osm"
      }
    },
    {
      "type": "Feature",
      "geometry": {
        "type": "Point",
        "coordinates": [
          2.2168157,
          41.439274
        ]
      },
      "properties": {
        "id": "osm-n-3769731973",
        "category": "shop",
        "name": "El Raco De La Fruita",
        "wheelchair": null,
        "fee": null,
        "opening_hours": null,
        "source": "osm"
      }
    },
    {
      "type": "Feature",
      "geometry": {
        "type": "Point",
        "coordinates": [
          2.2194667,
          41.4349094
        ]
      },
      "properties": {
        "id": "osm-n-3779149860",
        "category": "cafe",
        "name": "EsPan's",
        "wheelchair": "yes",
        "fee": null,
        "opening_hours": "Mo-Su 06:00-22:00; PH closed",
        "source": "osm"
      }
    },
    {
      "type": "Feature",
      "geometry": {
        "type": "Point",
        "coordinates": [
          2.2274065,
          41.4403068
        ]
      },
      "properties": {
        "id": "osm-n-3809169658",
        "category": "cafe",
        "name": "Carte d'Or",
        "wheelchair": "limited",
        "fee": null,
        "opening_hours": null,
        "source": "osm"
      }
    },
    {
      "type": "Feature",
      "geometry": {
        "type": "Point",
        "coordinates": [
          2.2271125,
          41.4408122
        ]
      },
      "properties": {
        "id": "osm-n-3809169668",
        "category": "cafe",
        "name": "Vivari",
        "wheelchair": "limited",
        "fee": null,
        "opening_hours": null,
        "source": "osm"
      }
    },
    {
      "type": "Feature",
      "geometry": {
        "type": "Point",
        "coordinates": [
          2.2269502,
          41.4408174
        ]
      },
      "properties": {
        "id": "osm-n-3809169669",
        "category": "cafe",
        "name": "Pantaiberic delicatessen",
        "wheelchair": "no",
        "fee": null,
        "opening_hours": null,
        "source": "osm"
      }
    },
    {
      "type": "Feature",
      "geometry": {
        "type": "Point",
        "coordinates": [
          2.2268003,
          41.4410159
        ]
      },
      "properties": {
        "id": "osm-n-3809169673",
        "category": "cafe",
        "name": "Bonjour cafeteria",
        "wheelchair": null,
        "fee": null,
        "opening_hours": null,
        "source": "osm"
      }
    },
    {
      "type": "Feature",
      "geometry": {
        "type": "Point",
        "coordinates": [
          2.178883,
          41.403019
        ]
      },
      "properties": {
        "id": "osm-n-3815464457",
        "category": "cafe",
        "name": "Copeta",
        "wheelchair": null,
        "fee": null,
        "opening_hours": null,
        "source": "osm"
      }
    },
    {
      "type": "Feature",
      "geometry": {
        "type": "Point",
        "coordinates": [
          2.2028397,
          41.4145732
        ]
      },
      "properties": {
        "id": "osm-n-3881231215",
        "category": "water",
        "name": "Ajuntament de Barcelona",
        "wheelchair": "yes",
        "fee": "no",
        "opening_hours": null,
        "source": "osm"
      }
    },
    {
      "type": "Feature",
      "geometry": {
        "type": "Point",
        "coordinates": [
          2.2029571,
          41.4149292
        ]
      },
      "properties": {
        "id": "osm-n-3881231220",
        "category": "water",
        "name": "Ajuntament de Barcelona",
        "wheelchair": "yes",
        "fee": "no",
        "opening_hours": null,
        "source": "osm"
      }
    },
    {
      "type": "Feature",
      "geometry": {
        "type": "Point",
        "coordinates": [
          2.1870435,
          41.4226245
        ]
      },
      "properties": {
        "id": "osm-n-3889761684",
        "category": "aed",
        "name": "La Sagrera",
        "wheelchair": "yes",
        "fee": null,
        "opening_hours": null,
        "source": "osm"
      }
    },
    {
      "type": "Feature",
      "geometry": {
        "type": "Point",
        "coordinates": [
          2.1868157,
          41.4204126
        ]
      },
      "properties": {
        "id": "osm-n-3889761685",
        "category": "aed",
        "name": "La Sagrera",
        "wheelchair": "yes",
        "fee": null,
        "opening_hours": null,
        "source": "osm"
      }
    },
    {
      "type": "Feature",
      "geometry": {
        "type": "Point",
        "coordinates": [
          2.2243876,
          41.4375014
        ]
      },
      "properties": {
        "id": "osm-n-3932312818",
        "category": "water",
        "name": "Water",
        "wheelchair": null,
        "fee": null,
        "opening_hours": null,
        "source": "osm"
      }
    },
    {
      "type": "Feature",
      "geometry": {
        "type": "Point",
        "coordinates": [
          2.2005599,
          41.3945636
        ]
      },
      "properties": {
        "id": "osm-n-3942315114",
        "category": "water",
        "name": "Ajuntament de Barcelona",
        "wheelchair": null,
        "fee": null,
        "opening_hours": null,
        "source": "osm"
      }
    },
    {
      "type": "Feature",
      "geometry": {
        "type": "Point",
        "coordinates": [
          2.2004771,
          41.3967206
        ]
      },
      "properties": {
        "id": "osm-n-3959362791",
        "category": "water",
        "name": "Ajuntament de Barcelona",
        "wheelchair": null,
        "fee": "no",
        "opening_hours": null,
        "source": "osm"
      }
    },
    {
      "type": "Feature",
      "geometry": {
        "type": "Point",
        "coordinates": [
          2.1993644,
          41.3954068
        ]
      },
      "properties": {
        "id": "osm-n-3964552794",
        "category": "water",
        "name": "Ajuntament de Barcelona",
        "wheelchair": null,
        "fee": "no",
        "opening_hours": null,
        "source": "osm"
      }
    },
    {
      "type": "Feature",
      "geometry": {
        "type": "Point",
        "coordinates": [
          2.2073445,
          41.4103227
        ]
      },
      "properties": {
        "id": "osm-n-3999997375",
        "category": "cafe",
        "name": "Rachel's",
        "wheelchair": null,
        "fee": null,
        "opening_hours": null,
        "source": "osm"
      }
    },
    {
      "type": "Feature",
      "geometry": {
        "type": "Point",
        "coordinates": [
          2.2100739,
          41.4045555
        ]
      },
      "properties": {
        "id": "osm-n-4070638089",
        "category": "water",
        "name": "Ajuntament de Barcelona",
        "wheelchair": null,
        "fee": "no",
        "opening_hours": null,
        "source": "osm"
      }
    },
    {
      "type": "Feature",
      "geometry": {
        "type": "Point",
        "coordinates": [
          2.2023059,
          41.3967801
        ]
      },
      "properties": {
        "id": "osm-n-4072115078",
        "category": "water",
        "name": "Ajuntament de Barcelona",
        "wheelchair": null,
        "fee": null,
        "opening_hours": null,
        "source": "osm"
      }
    },
    {
      "type": "Feature",
      "geometry": {
        "type": "Point",
        "coordinates": [
          2.2315301,
          41.4224468
        ]
      },
      "properties": {
        "id": "osm-n-4109418105",
        "category": "water",
        "name": "Water",
        "wheelchair": null,
        "fee": null,
        "opening_hours": null,
        "source": "osm"
      }
    },
    {
      "type": "Feature",
      "geometry": {
        "type": "Point",
        "coordinates": [
          2.2028332,
          41.4141518
        ]
      },
      "properties": {
        "id": "osm-n-4109434019",
        "category": "water",
        "name": "Ajuntament de Barcelona",
        "wheelchair": "yes",
        "fee": "no",
        "opening_hours": null,
        "source": "osm"
      }
    },
    {
      "type": "Feature",
      "geometry": {
        "type": "Point",
        "coordinates": [
          2.20861,
          41.3985689
        ]
      },
      "properties": {
        "id": "osm-n-4136727073",
        "category": "water",
        "name": "Ajuntament de Barcelona",
        "wheelchair": null,
        "fee": "no",
        "opening_hours": null,
        "source": "osm"
      }
    },
    {
      "type": "Feature",
      "geometry": {
        "type": "Point",
        "coordinates": [
          2.1913538,
          41.3970017
        ]
      },
      "properties": {
        "id": "osm-n-4138769013",
        "category": "cafe",
        "name": "SKYE Coffee",
        "wheelchair": null,
        "fee": null,
        "opening_hours": "Mo-Tu 09:00-13:30; We-Fr 09:00-17:00",
        "source": "osm"
      }
    },
    {
      "type": "Feature",
      "geometry": {
        "type": "Point",
        "coordinates": [
          2.2062065,
          41.4111801
        ]
      },
      "properties": {
        "id": "osm-n-4140583448",
        "category": "cafe",
        "name": "Siberia",
        "wheelchair": null,
        "fee": null,
        "opening_hours": null,
        "source": "osm"
      }
    },
    {
      "type": "Feature",
      "geometry": {
        "type": "Point",
        "coordinates": [
          2.2144904,
          41.4413246
        ]
      },
      "properties": {
        "id": "osm-n-4223660381",
        "category": "water",
        "name": "Water",
        "wheelchair": null,
        "fee": null,
        "opening_hours": null,
        "source": "osm"
      }
    },
    {
      "type": "Feature",
      "geometry": {
        "type": "Point",
        "coordinates": [
          2.1940691,
          41.3824585
        ]
      },
      "properties": {
        "id": "osm-n-4228966076",
        "category": "water",
        "name": "Ajuntament de Barcelona",
        "wheelchair": null,
        "fee": "no",
        "opening_hours": null,
        "source": "osm"
      }
    },
    {
      "type": "Feature",
      "geometry": {
        "type": "Point",
        "coordinates": [
          2.2190834,
          41.4252592
        ]
      },
      "properties": {
        "id": "osm-n-4230221639",
        "category": "parking",
        "name": "Parking",
        "wheelchair": null,
        "fee": null,
        "opening_hours": null,
        "source": "osm"
      }
    },
    {
      "type": "Feature",
      "geometry": {
        "type": "Point",
        "coordinates": [
          2.2165433,
          41.4403852
        ]
      },
      "properties": {
        "id": "osm-n-4244877764",
        "category": "shop",
        "name": "Fruites i verdures Llefi\u00e0",
        "wheelchair": "no",
        "fee": null,
        "opening_hours": "Mo-Su 08:30-22:00",
        "source": "osm"
      }
    },
    {
      "type": "Feature",
      "geometry": {
        "type": "Point",
        "coordinates": [
          2.2164086,
          41.4405765
        ]
      },
      "properties": {
        "id": "osm-n-4244877769",
        "category": "shop",
        "name": "Busal supermercat",
        "wheelchair": "no",
        "fee": null,
        "opening_hours": "Mo-Su 08:15-22:30",
        "source": "osm"
      }
    },
    {
      "type": "Feature",
      "geometry": {
        "type": "Point",
        "coordinates": [
          2.2184989,
          41.4414177
        ]
      },
      "properties": {
        "id": "osm-n-4244877776",
        "category": "shop",
        "name": "Hossain",
        "wheelchair": "no",
        "fee": null,
        "opening_hours": "Mo-Su 09:00-01:00",
        "source": "osm"
      }
    },
    {
      "type": "Feature",
      "geometry": {
        "type": "Point",
        "coordinates": [
          2.2177363,
          41.4415159
        ]
      },
      "properties": {
        "id": "osm-n-4244877777",
        "category": "cafe",
        "name": "Cafeteria El Metro",
        "wheelchair": "no",
        "fee": null,
        "opening_hours": "Mo-Fr 08:30-16:00; Sa 07:30-14:00; PH 07:00-14:30",
        "source": "osm"
      }
    },
    {
      "type": "Feature",
      "geometry": {
        "type": "Point",
        "coordinates": [
          2.2149112,
          41.4416567
        ]
      },
      "properties": {
        "id": "osm-n-4244877779",
        "category": "shop",
        "name": "Eric Mercado express",
        "wheelchair": "no",
        "fee": null,
        "opening_hours": null,
        "source": "osm"
      }
    },
    {
      "type": "Feature",
      "geometry": {
        "type": "Point",
        "coordinates": [
          2.2152351,
          41.441882
        ]
      },
      "properties": {
        "id": "osm-n-4244877781",
        "category": "shop",
        "name": "Pak Kashmir Halal",
        "wheelchair": "limited",
        "fee": null,
        "opening_hours": null,
        "source": "osm"
      }
    },
    {
      "type": "Feature",
      "geometry": {
        "type": "Point",
        "coordinates": [
          2.2160843,
          41.442013
        ]
      },
      "properties": {
        "id": "osm-n-4244877785",
        "category": "shop",
        "name": "Shop",
        "wheelchair": "yes",
        "fee": null,
        "opening_hours": null,
        "source": "osm"
      }
    },
    {
      "type": "Feature",
      "geometry": {
        "type": "Point",
        "coordinates": [
          2.1984562,
          41.403496
        ]
      },
      "properties": {
        "id": "osm-n-4252690721",
        "category": "shop",
        "name": "Shop",
        "wheelchair": "limited",
        "fee": null,
        "opening_hours": null,
        "source": "osm"
      }
    },
    {
      "type": "Feature",
      "geometry": {
        "type": "Point",
        "coordinates": [
          2.1929295,
          41.3967509
        ]
      },
      "properties": {
        "id": "osm-n-4254685758",
        "category": "cafe",
        "name": "Bread Bucket",
        "wheelchair": null,
        "fee": null,
        "opening_hours": null,
        "source": "osm"
      }
    },
    {
      "type": "Feature",
      "geometry": {
        "type": "Point",
        "coordinates": [
          2.1928808,
          41.3970854
        ]
      },
      "properties": {
        "id": "osm-n-4254686706",
        "category": "cafe",
        "name": "Cafe",
        "wheelchair": null,
        "fee": null,
        "opening_hours": null,
        "source": "osm"
      }
    },
    {
      "type": "Feature",
      "geometry": {
        "type": "Point",
        "coordinates": [
          2.1838687,
          41.3918333
        ]
      },
      "properties": {
        "id": "osm-n-4254694967",
        "category": "cafe",
        "name": "Espresso",
        "wheelchair": null,
        "fee": null,
        "opening_hours": null,
        "source": "osm"
      }
    },
    {
      "type": "Feature",
      "geometry": {
        "type": "Point",
        "coordinates": [
          2.1887873,
          41.3915479
        ]
      },
      "properties": {
        "id": "osm-n-4254719919",
        "category": "cafe",
        "name": "Ivin",
        "wheelchair": null,
        "fee": null,
        "opening_hours": null,
        "source": "osm"
      }
    },
    {
      "type": "Feature",
      "geometry": {
        "type": "Point",
        "coordinates": [
          2.1889144,
          41.3917707
        ]
      },
      "properties": {
        "id": "osm-n-4254721225",
        "category": "cafe",
        "name": "Dulce Parque",
        "wheelchair": null,
        "fee": null,
        "opening_hours": null,
        "source": "osm"
      }
    },
    {
      "type": "Feature",
      "geometry": {
        "type": "Point",
        "coordinates": [
          2.188782,
          41.4098372
        ]
      },
      "properties": {
        "id": "osm-n-4258760920",
        "category": "parking",
        "name": "Parking",
        "wheelchair": "yes",
        "fee": "yes",
        "opening_hours": null,
        "source": "osm"
      }
    },
    {
      "type": "Feature",
      "geometry": {
        "type": "Point",
        "coordinates": [
          2.2203976,
          41.444229
        ]
      },
      "properties": {
        "id": "osm-n-4267063589",
        "category": "shop",
        "name": "Alimentaci\u00f3n Mm",
        "wheelchair": "no",
        "fee": null,
        "opening_hours": null,
        "source": "osm"
      }
    },
    {
      "type": "Feature",
      "geometry": {
        "type": "Point",
        "coordinates": [
          2.1902037,
          41.404845
        ]
      },
      "properties": {
        "id": "osm-n-4267986396",
        "category": "parking",
        "name": "P\u00e0rking Centre Comercial Gl\u00f2ries",
        "wheelchair": null,
        "fee": "yes",
        "opening_hours": null,
        "source": "osm"
      }
    },
    {
      "type": "Feature",
      "geometry": {
        "type": "Point",
        "coordinates": [
          2.1906969,
          41.4090344
        ]
      },
      "properties": {
        "id": "osm-n-4276217088",
        "category": "water",
        "name": "Ajuntament de Barcelona",
        "wheelchair": null,
        "fee": "no",
        "opening_hours": null,
        "source": "osm"
      }
    },
    {
      "type": "Feature",
      "geometry": {
        "type": "Point",
        "coordinates": [
          2.1756287,
          41.4020879
        ]
      },
      "properties": {
        "id": "osm-n-4280573806",
        "category": "cafe",
        "name": "Miam",
        "wheelchair": null,
        "fee": null,
        "opening_hours": null,
        "source": "osm"
      }
    },
    {
      "type": "Feature",
      "geometry": {
        "type": "Point",
        "coordinates": [
          2.2168891,
          41.4336948
        ]
      },
      "properties": {
        "id": "osm-n-4283188861",
        "category": "shop",
        "name": "Supermercat del metro",
        "wheelchair": "limited",
        "fee": null,
        "opening_hours": "Mo-Su 10:00-22:00; PH closed",
        "source": "osm"
      }
    },
    {
      "type": "Feature",
      "geometry": {
        "type": "Point",
        "coordinates": [
          2.2178286,
          41.4350109
        ]
      },
      "properties": {
        "id": "osm-n-4283196823",
        "category": "shop",
        "name": "Supermercat Megna Express 15",
        "wheelchair": "no",
        "fee": null,
        "opening_hours": null,
        "source": "osm"
      }
    },
    {
      "type": "Feature",
      "geometry": {
        "type": "Point",
        "coordinates": [
          2.2280048,
          41.440614
        ]
      },
      "properties": {
        "id": "osm-n-4314764191",
        "category": "water",
        "name": "Water",
        "wheelchair": null,
        "fee": null,
        "opening_hours": null,
        "source": "osm"
      }
    },
    {
      "type": "Feature",
      "geometry": {
        "type": "Point",
        "coordinates": [
          2.2314729,
          41.4412571
        ]
      },
      "properties": {
        "id": "osm-n-4314856591",
        "category": "shop",
        "name": "La bona fruita",
        "wheelchair": "no",
        "fee": null,
        "opening_hours": null,
        "source": "osm"
      }
    },
    {
      "type": "Feature",
      "geometry": {
        "type": "Point",
        "coordinates": [
          2.1841459,
          41.3875232
        ]
      },
      "properties": {
        "id": "osm-n-4318460063",
        "category": "water",
        "name": "Ajuntament de Barcelona",
        "wheelchair": null,
        "fee": "no",
        "opening_hours": null,
        "source": "osm"
      }
    },
    {
      "type": "Feature",
      "geometry": {
        "type": "Point",
        "coordinates": [
          2.1886336,
          41.3875494
        ]
      },
      "properties": {
        "id": "osm-n-4318504183",
        "category": "water",
        "name": "Ajuntament de Barcelona",
        "wheelchair": null,
        "fee": "no",
        "opening_hours": null,
        "source": "osm"
      }
    },
    {
      "type": "Feature",
      "geometry": {
        "type": "Point",
        "coordinates": [
          2.1857854,
          41.3920883
        ]
      },
      "properties": {
        "id": "osm-n-4329228551",
        "category": "cafe",
        "name": "Bar Santa F\u00e9",
        "wheelchair": null,
        "fee": null,
        "opening_hours": "Mo-Fr 07:30-17:00",
        "source": "osm"
      }
    },
    {
      "type": "Feature",
      "geometry": {
        "type": "Point",
        "coordinates": [
          2.1880709,
          41.4097869
        ]
      },
      "properties": {
        "id": "osm-n-4335506086",
        "category": "parking",
        "name": "Saba Estaci\u00f3 Barcelona - Clot",
        "wheelchair": "yes",
        "fee": "yes",
        "opening_hours": "24/7",
        "source": "osm"
      }
    },
    {
      "type": "Feature",
      "geometry": {
        "type": "Point",
        "coordinates": [
          2.2058776,
          41.421421
        ]
      },
      "properties": {
        "id": "osm-n-4339694590",
        "category": "water",
        "name": "Ajuntament de Barcelona",
        "wheelchair": null,
        "fee": "no",
        "opening_hours": null,
        "source": "osm"
      }
    },
    {
      "type": "Feature",
      "geometry": {
        "type": "Point",
        "coordinates": [
          2.2081627,
          41.4183073
        ]
      },
      "properties": {
        "id": "osm-n-4354689034",
        "category": "parking",
        "name": "Parking",
        "wheelchair": null,
        "fee": null,
        "opening_hours": null,
        "source": "osm"
      }
    },
    {
      "type": "Feature",
      "geometry": {
        "type": "Point",
        "coordinates": [
          2.1856691,
          41.4147936
        ]
      },
      "properties": {
        "id": "osm-n-4356565090",
        "category": "water",
        "name": "Ajuntament de Barcelona",
        "wheelchair": null,
        "fee": "no",
        "opening_hours": null,
        "source": "osm"
      }
    },
    {
      "type": "Feature",
      "geometry": {
        "type": "Point",
        "coordinates": [
          2.1857281,
          41.3921285
        ]
      },
      "properties": {
        "id": "osm-n-4361491390",
        "category": "water",
        "name": "Ajuntament de Barcelona",
        "wheelchair": null,
        "fee": "no",
        "opening_hours": null,
        "source": "osm"
      }
    },
    {
      "type": "Feature",
      "geometry": {
        "type": "Point",
        "coordinates": [
          2.1954952,
          41.3841968
        ]
      },
      "properties": {
        "id": "osm-n-4362047124",
        "category": "water",
        "name": "Water",
        "wheelchair": null,
        "fee": null,
        "opening_hours": null,
        "source": "osm"
      }
    },
    {
      "type": "Feature",
      "geometry": {
        "type": "Point",
        "coordinates": [
          2.1945993,
          41.3827782
        ]
      },
      "properties": {
        "id": "osm-n-4362047125",
        "category": "water",
        "name": "Ajuntament de Barcelona",
        "wheelchair": null,
        "fee": "no",
        "opening_hours": null,
        "source": "osm"
      }
    },
    {
      "type": "Feature",
      "geometry": {
        "type": "Point",
        "coordinates": [
          2.2170577,
          41.4149686
        ]
      },
      "properties": {
        "id": "osm-n-4378968935",
        "category": "shop",
        "name": "Shop",
        "wheelchair": null,
        "fee": null,
        "opening_hours": null,
        "source": "osm"
      }
    },
    {
      "type": "Feature",
      "geometry": {
        "type": "Point",
        "coordinates": [
          2.2179992,
          41.4143208
        ]
      },
      "properties": {
        "id": "osm-n-4378972232",
        "category": "shop",
        "name": "Shop",
        "wheelchair": null,
        "fee": null,
        "opening_hours": null,
        "source": "osm"
      }
    },
    {
      "type": "Feature",
      "geometry": {
        "type": "Point",
        "coordinates": [
          2.1899196,
          41.392169
        ]
      },
      "properties": {
        "id": "osm-n-4379761790",
        "category": "water",
        "name": "Ajuntament de Barcelona",
        "wheelchair": null,
        "fee": "no",
        "opening_hours": null,
        "source": "osm"
      }
    },
    {
      "type": "Feature",
      "geometry": {
        "type": "Point",
        "coordinates": [
          2.1901531,
          41.4031283
        ]
      },
      "properties": {
        "id": "osm-n-4380551937",
        "category": "parking",
        "name": "BSM Badajoz",
        "wheelchair": "yes",
        "fee": "yes",
        "opening_hours": "24/7",
        "source": "osm"
      }
    },
    {
      "type": "Feature",
      "geometry": {
        "type": "Point",
        "coordinates": [
          2.1731975,
          41.4056399
        ]
      },
      "properties": {
        "id": "osm-n-4383729290",
        "category": "shop",
        "name": "Supercor",
        "wheelchair": null,
        "fee": null,
        "opening_hours": null,
        "source": "osm"
      }
    },
    {
      "type": "Feature",
      "geometry": {
        "type": "Point",
        "coordinates": [
          2.2076676,
          41.4041411
        ]
      },
      "properties": {
        "id": "osm-n-4387559291",
        "category": "water",
        "name": "Ajuntament de Barcelona",
        "wheelchair": null,
        "fee": "no",
        "opening_hours": null,
        "source": "osm"
      }
    },
    {
      "type": "Feature",
      "geometry": {
        "type": "Point",
        "coordinates": [
          2.198576,
          41.3922258
        ]
      },
      "properties": {
        "id": "osm-n-4391707691",
        "category": "cafe",
        "name": "Elya",
        "wheelchair": null,
        "fee": null,
        "opening_hours": null,
        "source": "osm"
      }
    },
    {
      "type": "Feature",
      "geometry": {
        "type": "Point",
        "coordinates": [
          2.1748831,
          41.39893
        ]
      },
      "properties": {
        "id": "osm-n-4392820595",
        "category": "cafe",
        "name": "Teixind\u00f3",
        "wheelchair": "limited",
        "fee": null,
        "opening_hours": null,
        "source": "osm"
      }
    },
    {
      "type": "Feature",
      "geometry": {
        "type": "Point",
        "coordinates": [
          2.2214193,
          41.4083349
        ]
      },
      "properties": {
        "id": "osm-n-4393285644",
        "category": "water",
        "name": "Ajuntament de Barcelona",
        "wheelchair": null,
        "fee": "no",
        "opening_hours": null,
        "source": "osm"
      }
    },
    {
      "type": "Feature",
      "geometry": {
        "type": "Point",
        "coordinates": [
          2.199553,
          41.390283
        ]
      },
      "properties": {
        "id": "osm-n-4396049589",
        "category": "water",
        "name": "Ajuntament de Barcelona",
        "wheelchair": null,
        "fee": "no",
        "opening_hours": null,
        "source": "osm"
      }
    },
    {
      "type": "Feature",
      "geometry": {
        "type": "Point",
        "coordinates": [
          2.1984758,
          41.3927957
        ]
      },
      "properties": {
        "id": "osm-n-4396231091",
        "category": "water",
        "name": "Ajuntament de Barcelona",
        "wheelchair": null,
        "fee": "no",
        "opening_hours": null,
        "source": "osm"
      }
    },
    {
      "type": "Feature",
      "geometry": {
        "type": "Point",
        "coordinates": [
          2.1835319,
          41.3892467
        ]
      },
      "properties": {
        "id": "osm-n-4397272294",
        "category": "info",
        "name": "Info",
        "wheelchair": null,
        "fee": null,
        "opening_hours": null,
        "source": "osm"
      }
    },
    {
      "type": "Feature",
      "geometry": {
        "type": "Point",
        "coordinates": [
          2.180042,
          41.3910918
        ]
      },
      "properties": {
        "id": "osm-n-4397272296",
        "category": "info",
        "name": "Info",
        "wheelchair": null,
        "fee": null,
        "opening_hours": null,
        "source": "osm"
      }
    },
    {
      "type": "Feature",
      "geometry": {
        "type": "Point",
        "coordinates": [
          2.1802916,
          41.391304
        ]
      },
      "properties": {
        "id": "osm-n-4397272297",
        "category": "info",
        "name": "Info",
        "wheelchair": null,
        "fee": null,
        "opening_hours": null,
        "source": "osm"
      }
    },
    {
      "type": "Feature",
      "geometry": {
        "type": "Point",
        "coordinates": [
          2.1805734,
          41.3914945
        ]
      },
      "properties": {
        "id": "osm-n-4397272299",
        "category": "info",
        "name": "Info",
        "wheelchair": null,
        "fee": null,
        "opening_hours": null,
        "source": "osm"
      }
    },
    {
      "type": "Feature",
      "geometry": {
        "type": "Point",
        "coordinates": [
          2.2097894,
          41.4180093
        ]
      },
      "properties": {
        "id": "osm-n-4400960966",
        "category": "fuel",
        "name": "Premoil",
        "wheelchair": null,
        "fee": null,
        "opening_hours": null,
        "source": "osm"
      }
    },
    {
      "type": "Feature",
      "geometry": {
        "type": "Point",
        "coordinates": [
          2.1889656,
          41.3925417
        ]
      },
      "properties": {
        "id": "osm-n-4401863490",
        "category": "water",
        "name": "Ajuntament de Barcelona",
        "wheelchair": null,
        "fee": "no",
        "opening_hours": null,
        "source": "osm"
      }
    },
    {
      "type": "Feature",
      "geometry": {
        "type": "Point",
        "coordinates": [
          2.2383307,
          41.4368353
        ]
      },
      "properties": {
        "id": "osm-n-4404025002",
        "category": "fuel",
        "name": "Evolution - Industria",
        "wheelchair": null,
        "fee": null,
        "opening_hours": "24/7",
        "source": "osm"
      }
    },
    {
      "type": "Feature",
      "geometry": {
        "type": "Point",
        "coordinates": [
          2.1860879,
          41.4324869
        ]
      },
      "properties": {
        "id": "osm-n-4406275324",
        "category": "parking",
        "name": "Parking",
        "wheelchair": null,
        "fee": null,
        "opening_hours": null,
        "source": "osm"
      }
    },
    {
      "type": "Feature",
      "geometry": {
        "type": "Point",
        "coordinates": [
          2.18639,
          41.4329348
        ]
      },
      "properties": {
        "id": "osm-n-4406275327",
        "category": "water",
        "name": "Ajuntament de Barcelona",
        "wheelchair": null,
        "fee": "no",
        "opening_hours": null,
        "source": "osm"
      }
    },
    {
      "type": "Feature",
      "geometry": {
        "type": "Point",
        "coordinates": [
          2.1787907,
          41.3956338
        ]
      },
      "properties": {
        "id": "osm-n-4406481491",
        "category": "cafe",
        "name": "El Sol",
        "wheelchair": null,
        "fee": null,
        "opening_hours": "Mo-Fr 06:00-21:00; Sa 07:00-21:00; Su 08:00-18:00",
        "source": "osm"
      }
    },
    {
      "type": "Feature",
      "geometry": {
        "type": "Point",
        "coordinates": [
          2.1841805,
          41.3918994
        ]
      },
      "properties": {
        "id": "osm-n-4406877198",
        "category": "cafe",
        "name": "Unic",
        "wheelchair": null,
        "fee": null,
        "opening_hours": null,
        "source": "osm"
      }
    },
    {
      "type": "Feature",
      "geometry": {
        "type": "Point",
        "coordinates": [
          2.1803997,
          41.3945093
        ]
      },
      "properties": {
        "id": "osm-n-4407190089",
        "category": "cafe",
        "name": "Cal Manel",
        "wheelchair": null,
        "fee": null,
        "opening_hours": "Mo-Fr 06:30-01:30; Sa-Su 08:00-01:30",
        "source": "osm"
      }
    },
    {
      "type": "Feature",
      "geometry": {
        "type": "Point",
        "coordinates": [
          2.2025886,
          41.4275882
        ]
      },
      "properties": {
        "id": "osm-n-4430971091",
        "category": "fuel",
        "name": "Gasolinera Low Cost La Sagrera",
        "wheelchair": null,
        "fee": null,
        "opening_hours": "24/7",
        "source": "osm"
      }
    },
    {
      "type": "Feature",
      "geometry": {
        "type": "Point",
        "coordinates": [
          2.1741597,
          41.4102615
        ]
      },
      "properties": {
        "id": "osm-n-4431102493",
        "category": "cafe",
        "name": "Forn Puiggr\u00f2s",
        "wheelchair": "yes",
        "fee": null,
        "opening_hours": null,
        "source": "osm"
      }
    },
    {
      "type": "Feature",
      "geometry": {
        "type": "Point",
        "coordinates": [
          2.1745102,
          41.4102719
        ]
      },
      "properties": {
        "id": "osm-n-4431178089",
        "category": "cafe",
        "name": "Cafe",
        "wheelchair": null,
        "fee": null,
        "opening_hours": null,
        "source": "osm"
      }
    },
    {
      "type": "Feature",
      "geometry": {
        "type": "Point",
        "coordinates": [
          2.218109,
          41.406436
        ]
      },
      "properties": {
        "id": "osm-n-4450636004",
        "category": "parking",
        "name": "BSM Bus Garcia F\u00e0ria",
        "wheelchair": "yes",
        "fee": null,
        "opening_hours": "24/7",
        "source": "osm"
      }
    },
    {
      "type": "Feature",
      "geometry": {
        "type": "Point",
        "coordinates": [
          2.2237906,
          41.442379
        ]
      },
      "properties": {
        "id": "osm-n-4451904191",
        "category": "shop",
        "name": "Euro Supermercat",
        "wheelchair": "limited",
        "fee": null,
        "opening_hours": null,
        "source": "osm"
      }
    },
    {
      "type": "Feature",
      "geometry": {
        "type": "Point",
        "coordinates": [
          2.2240989,
          41.4426543
        ]
      },
      "properties": {
        "id": "osm-n-4451904192",
        "category": "cafe",
        "name": "MDL",
        "wheelchair": "no",
        "fee": null,
        "opening_hours": "Sa 06:00-14:30,17:00-21:00; Su 07:00-14:30,17:00-21:00; Mo-Fr 06:00-21:00; PH 07:00-14:30,17:00-21:00",
        "source": "osm"
      }
    },
    {
      "type": "Feature",
      "geometry": {
        "type": "Point",
        "coordinates": [
          2.2241698,
          41.4427196
        ]
      },
      "properties": {
        "id": "osm-n-4451988990",
        "category": "cafe",
        "name": "365",
        "wheelchair": "yes",
        "fee": null,
        "opening_hours": null,
        "source": "osm"
      }
    },
    {
      "type": "Feature",
      "geometry": {
        "type": "Point",
        "coordinates": [
          2.2241719,
          41.4407229
        ]
      },
      "properties": {
        "id": "osm-n-4452000692",
        "category": "shop",
        "name": "Carnisseria i alimentaci\u00f3 Saif",
        "wheelchair": "limited",
        "fee": null,
        "opening_hours": null,
        "source": "osm"
      }
    },
    {
      "type": "Feature",
      "geometry": {
        "type": "Point",
        "coordinates": [
          2.2102703,
          41.400452
        ]
      },
      "properties": {
        "id": "osm-n-4477165113",
        "category": "parking",
        "name": "BSM",
        "wheelchair": null,
        "fee": "yes",
        "opening_hours": null,
        "source": "osm"
      }
    },
    {
      "type": "Feature",
      "geometry": {
        "type": "Point",
        "coordinates": [
          2.1758902,
          41.4036205
        ]
      },
      "properties": {
        "id": "osm-n-4488591590",
        "category": "cafe",
        "name": "Picasso",
        "wheelchair": null,
        "fee": null,
        "opening_hours": "Mo-Su,PH 08:00-02:00",
        "source": "osm"
      }
    },
    {
      "type": "Feature",
      "geometry": {
        "type": "Point",
        "coordinates": [
          2.1863057,
          41.3987325
        ]
      },
      "properties": {
        "id": "osm-n-4494689070",
        "category": "parking",
        "name": "BSM Pla\u00e7a de les Arts",
        "wheelchair": "yes",
        "fee": "yes",
        "opening_hours": "24/7",
        "source": "osm"
      }
    },
    {
      "type": "Feature",
      "geometry": {
        "type": "Point",
        "coordinates": [
          2.201203,
          41.4180127
        ]
      },
      "properties": {
        "id": "osm-n-4510147390",
        "category": "water",
        "name": "Ajuntament de Barcelona",
        "wheelchair": null,
        "fee": "no",
        "opening_hours": null,
        "source": "osm"
      }
    },
    {
      "type": "Feature",
      "geometry": {
        "type": "Point",
        "coordinates": [
          2.1805686,
          41.4162873
        ]
      },
      "properties": {
        "id": "osm-n-4525186033",
        "category": "parking",
        "name": "BSM Passeig Maragall",
        "wheelchair": "yes",
        "fee": "yes",
        "opening_hours": "24/7",
        "source": "osm"
      }
    },
    {
      "type": "Feature",
      "geometry": {
        "type": "Point",
        "coordinates": [
          2.1748974,
          41.4036661
        ]
      },
      "properties": {
        "id": "osm-n-4553139833",
        "category": "toilet",
        "name": "Toilet",
        "wheelchair": "yes",
        "fee": null,
        "opening_hours": null,
        "source": "osm"
      }
    },
    {
      "type": "Feature",
      "geometry": {
        "type": "Point",
        "coordinates": [
          2.214656,
          41.4220277
        ]
      },
      "properties": {
        "id": "osm-n-4555772404",
        "category": "parking",
        "name": "Parking",
        "wheelchair": null,
        "fee": null,
        "opening_hours": null,
        "source": "osm"
      }
    },
    {
      "type": "Feature",
      "geometry": {
        "type": "Point",
        "coordinates": [
          2.1944777,
          41.3823311
        ]
      },
      "properties": {
        "id": "osm-n-4561622443",
        "category": "info",
        "name": "El Centre de la Platja. Espai d'educaci\u00f3 ambiental",
        "wheelchair": null,
        "fee": null,
        "opening_hours": null,
        "source": "osm"
      }
    },
    {
      "type": "Feature",
      "geometry": {
        "type": "Point",
        "coordinates": [
          2.2165431,
          41.4350898
        ]
      },
      "properties": {
        "id": "osm-n-4568979453",
        "category": "parking",
        "name": "Parking",
        "wheelchair": null,
        "fee": null,
        "opening_hours": null,
        "source": "osm"
      }
    },
    {
      "type": "Feature",
      "geometry": {
        "type": "Point",
        "coordinates": [
          2.216075,
          41.4204777
        ]
      },
      "properties": {
        "id": "osm-n-4586938306",
        "category": "parking",
        "name": "Parking",
        "wheelchair": null,
        "fee": null,
        "opening_hours": null,
        "source": "osm"
      }
    },
    {
      "type": "Feature",
      "geometry": {
        "type": "Point",
        "coordinates": [
          2.1927024,
          41.4074456
        ]
      },
      "properties": {
        "id": "osm-n-4590629976",
        "category": "info",
        "name": "Info",
        "wheelchair": null,
        "fee": null,
        "opening_hours": null,
        "source": "osm"
      }
    },
    {
      "type": "Feature",
      "geometry": {
        "type": "Point",
        "coordinates": [
          2.1956695,
          41.4055521
        ]
      },
      "properties": {
        "id": "osm-n-4590630236",
        "category": "info",
        "name": "Info",
        "wheelchair": null,
        "fee": null,
        "opening_hours": null,
        "source": "osm"
      }
    },
    {
      "type": "Feature",
      "geometry": {
        "type": "Point",
        "coordinates": [
          2.2233364,
          41.426065
        ]
      },
      "properties": {
        "id": "osm-n-4610186438",
        "category": "water",
        "name": "Water",
        "wheelchair": null,
        "fee": null,
        "opening_hours": null,
        "source": "osm"
      }
    },
    {
      "type": "Feature",
      "geometry": {
        "type": "Point",
        "coordinates": [
          2.1751293,
          41.404656
        ]
      },
      "properties": {
        "id": "osm-n-4654612007",
        "category": "water",
        "name": "Ajuntament de Barcelona",
        "wheelchair": null,
        "fee": "no",
        "opening_hours": null,
        "source": "osm"
      }
    },
    {
      "type": "Feature",
      "geometry": {
        "type": "Point",
        "coordinates": [
          2.185337,
          41.3946251
        ]
      },
      "properties": {
        "id": "osm-n-4659929790",
        "category": "water",
        "name": "Ajuntament de Barcelona",
        "wheelchair": null,
        "fee": "no",
        "opening_hours": null,
        "source": "osm"
      }
    },
    {
      "type": "Feature",
      "geometry": {
        "type": "Point",
        "coordinates": [
          2.1894238,
          41.4263682
        ]
      },
      "properties": {
        "id": "osm-n-4674137091",
        "category": "water",
        "name": "Ajuntament de Barcelona",
        "wheelchair": null,
        "fee": "no",
        "opening_hours": null,
        "source": "osm"
      }
    },
    {
      "type": "Feature",
      "geometry": {
        "type": "Point",
        "coordinates": [
          2.1746337,
          41.4108785
        ]
      },
      "properties": {
        "id": "osm-n-4683253753",
        "category": "parking",
        "name": "BSM",
        "wheelchair": null,
        "fee": "yes",
        "opening_hours": null,
        "source": "osm"
      }
    },
    {
      "type": "Feature",
      "geometry": {
        "type": "Point",
        "coordinates": [
          2.1946066,
          41.4027857
        ]
      },
      "properties": {
        "id": "osm-n-4689134967",
        "category": "charging",
        "name": "Endolla Barcelona",
        "wheelchair": null,
        "fee": "yes",
        "opening_hours": null,
        "source": "osm"
      }
    },
    {
      "type": "Feature",
      "geometry": {
        "type": "Point",
        "coordinates": [
          2.2215053,
          41.4283439
        ]
      },
      "properties": {
        "id": "osm-n-4707030274",
        "category": "parking",
        "name": "Parking",
        "wheelchair": null,
        "fee": null,
        "opening_hours": null,
        "source": "osm"
      }
    },
    {
      "type": "Feature",
      "geometry": {
        "type": "Point",
        "coordinates": [
          2.1746185,
          41.4108943
        ]
      },
      "properties": {
        "id": "osm-n-4715218222",
        "category": "charging",
        "name": "Charging",
        "wheelchair": null,
        "fee": null,
        "opening_hours": null,
        "source": "osm"
      }
    },
    {
      "type": "Feature",
      "geometry": {
        "type": "Point",
        "coordinates": [
          2.1762621,
          41.3958038
        ]
      },
      "properties": {
        "id": "osm-n-4715485889",
        "category": "shop",
        "name": "Shop",
        "wheelchair": null,
        "fee": null,
        "opening_hours": null,
        "source": "osm"
      }
    },
    {
      "type": "Feature",
      "geometry": {
        "type": "Point",
        "coordinates": [
          2.1813218,
          41.4023546
        ]
      },
      "properties": {
        "id": "osm-n-4719115891",
        "category": "water",
        "name": "Ajuntament de Barcelona",
        "wheelchair": null,
        "fee": "no",
        "opening_hours": null,
        "source": "osm"
      }
    },
    {
      "type": "Feature",
      "geometry": {
        "type": "Point",
        "coordinates": [
          2.1865116,
          41.40648
        ]
      },
      "properties": {
        "id": "osm-n-4719233590",
        "category": "shop",
        "name": "Shop",
        "wheelchair": null,
        "fee": null,
        "opening_hours": "24/7",
        "source": "osm"
      }
    },
    {
      "type": "Feature",
      "geometry": {
        "type": "Point",
        "coordinates": [
          2.1795454,
          41.4019814
        ]
      },
      "properties": {
        "id": "osm-n-4719233591",
        "category": "shop",
        "name": "Ma Supermercat",
        "wheelchair": null,
        "fee": null,
        "opening_hours": null,
        "source": "osm"
      }
    },
    {
      "type": "Feature",
      "geometry": {
        "type": "Point",
        "coordinates": [
          2.1855576,
          41.4062342
        ]
      },
      "properties": {
        "id": "osm-n-4719259889",
        "category": "water",
        "name": "Ajuntament de Barcelona",
        "wheelchair": null,
        "fee": "no",
        "opening_hours": null,
        "source": "osm"
      }
    },
    {
      "type": "Feature",
      "geometry": {
        "type": "Point",
        "coordinates": [
          2.1802833,
          41.4179311
        ]
      },
      "properties": {
        "id": "osm-n-4721515391",
        "category": "cafe",
        "name": "La Granota",
        "wheelchair": null,
        "fee": null,
        "opening_hours": null,
        "source": "osm"
      }
    },
    {
      "type": "Feature",
      "geometry": {
        "type": "Point",
        "coordinates": [
          2.1809462,
          41.4160037
        ]
      },
      "properties": {
        "id": "osm-n-4721921292",
        "category": "cafe",
        "name": "El Raconet",
        "wheelchair": null,
        "fee": null,
        "opening_hours": null,
        "source": "osm"
      }
    },
    {
      "type": "Feature",
      "geometry": {
        "type": "Point",
        "coordinates": [
          2.1862096,
          41.4211343
        ]
      },
      "properties": {
        "id": "osm-n-4723606390",
        "category": "cafe",
        "name": "Cafe",
        "wheelchair": null,
        "fee": null,
        "opening_hours": null,
        "source": "osm"
      }
    },
    {
      "type": "Feature",
      "geometry": {
        "type": "Point",
        "coordinates": [
          2.1859241,
          41.4231683
        ]
      },
      "properties": {
        "id": "osm-n-4724496789",
        "category": "water",
        "name": "Ajuntament de Barcelona",
        "wheelchair": null,
        "fee": "no",
        "opening_hours": null,
        "source": "osm"
      }
    },
    {
      "type": "Feature",
      "geometry": {
        "type": "Point",
        "coordinates": [
          2.1762214,
          41.4190265
        ]
      },
      "properties": {
        "id": "osm-n-4726092890",
        "category": "water",
        "name": "Ajuntament de Barcelona",
        "wheelchair": null,
        "fee": "no",
        "opening_hours": null,
        "source": "osm"
      }
    },
    {
      "type": "Feature",
      "geometry": {
        "type": "Point",
        "coordinates": [
          2.181298,
          41.393468
        ]
      },
      "properties": {
        "id": "osm-n-4727953595",
        "category": "shop",
        "name": "Supermercat 24h",
        "wheelchair": "no",
        "fee": null,
        "opening_hours": "24/7",
        "source": "osm"
      }
    },
    {
      "type": "Feature",
      "geometry": {
        "type": "Point",
        "coordinates": [
          2.18306,
          41.3981178
        ]
      },
      "properties": {
        "id": "osm-n-4727954094",
        "category": "shop",
        "name": "Shop",
        "wheelchair": null,
        "fee": null,
        "opening_hours": null,
        "source": "osm"
      }
    },
    {
      "type": "Feature",
      "geometry": {
        "type": "Point",
        "coordinates": [
          2.1804725,
          41.3902982
        ]
      },
      "properties": {
        "id": "osm-n-4727954095",
        "category": "clinic",
        "name": "Centre d'Atenci\u00f3 Prim\u00e0ria Casc Antic",
        "wheelchair": "yes",
        "fee": null,
        "opening_hours": "Mo-Fr 08:00-20:00; Sa 09:00-14:00",
        "source": "osm"
      }
    },
    {
      "type": "Feature",
      "geometry": {
        "type": "Point",
        "coordinates": [
          2.1841775,
          41.4018944
        ]
      },
      "properties": {
        "id": "osm-n-4727965494",
        "category": "cafe",
        "name": "El portal dels encants",
        "wheelchair": null,
        "fee": null,
        "opening_hours": null,
        "source": "osm"
      }
    },
    {
      "type": "Feature",
      "geometry": {
        "type": "Point",
        "coordinates": [
          2.1842472,
          41.4093214
        ]
      },
      "properties": {
        "id": "osm-n-4727974990",
        "category": "cafe",
        "name": "365",
        "wheelchair": "yes",
        "fee": null,
        "opening_hours": null,
        "source": "osm"
      }
    },
    {
      "type": "Feature",
      "geometry": {
        "type": "Point",
        "coordinates": [
          2.1824872,
          41.4034983
        ]
      },
      "properties": {
        "id": "osm-n-4727974995",
        "category": "water",
        "name": "Ajuntament de Barcelona",
        "wheelchair": null,
        "fee": "no",
        "opening_hours": null,
        "source": "osm"
      }
    },
    {
      "type": "Feature",
      "geometry": {
        "type": "Point",
        "coordinates": [
          2.1805801,
          41.4169701
        ]
      },
      "properties": {
        "id": "osm-n-4728093798",
        "category": "cafe",
        "name": "Miky",
        "wheelchair": null,
        "fee": null,
        "opening_hours": null,
        "source": "osm"
      }
    },
    {
      "type": "Feature",
      "geometry": {
        "type": "Point",
        "coordinates": [
          2.1809929,
          41.4137041
        ]
      },
      "properties": {
        "id": "osm-n-4728103192",
        "category": "cafe",
        "name": "Caf\u00e8 Arrels",
        "wheelchair": null,
        "fee": null,
        "opening_hours": "Mo-Fr 07:30-17:00; Sa 07:30-14:00",
        "source": "osm"
      }
    },
    {
      "type": "Feature",
      "geometry": {
        "type": "Point",
        "coordinates": [
          2.1796623,
          41.4103721
        ]
      },
      "properties": {
        "id": "osm-n-4728122289",
        "category": "water",
        "name": "Ajuntament de Barcelona",
        "wheelchair": null,
        "fee": "no",
        "opening_hours": null,
        "source": "osm"
      }
    },
    {
      "type": "Feature",
      "geometry": {
        "type": "Point",
        "coordinates": [
          2.17457,
          41.4175859
        ]
      },
      "properties": {
        "id": "osm-n-4729303996",
        "category": "shop",
        "name": "Shop",
        "wheelchair": null,
        "fee": null,
        "opening_hours": null,
        "source": "osm"
      }
    },
    {
      "type": "Feature",
      "geometry": {
        "type": "Point",
        "coordinates": [
          2.1761175,
          41.4178847
        ]
      },
      "properties": {
        "id": "osm-n-4729342992",
        "category": "water",
        "name": "Ajuntament de Barcelona",
        "wheelchair": null,
        "fee": "no",
        "opening_hours": null,
        "source": "osm"
      }
    },
    {
      "type": "Feature",
      "geometry": {
        "type": "Point",
        "coordinates": [
          2.2180114,
          41.4072601
        ]
      },
      "properties": {
        "id": "osm-n-4733996186",
        "category": "charging",
        "name": "Charging",
        "wheelchair": null,
        "fee": null,
        "opening_hours": null,
        "source": "osm"
      }
    },
    {
      "type": "Feature",
      "geometry": {
        "type": "Point",
        "coordinates": [
          2.2076016,
          41.4051991
        ]
      },
      "properties": {
        "id": "osm-n-4734000997",
        "category": "charging",
        "name": "Charging",
        "wheelchair": null,
        "fee": null,
        "opening_hours": null,
        "source": "osm"
      }
    },
    {
      "type": "Feature",
      "geometry": {
        "type": "Point",
        "coordinates": [
          2.1928104,
          41.4057213
        ]
      },
      "properties": {
        "id": "osm-n-4736014160",
        "category": "charging",
        "name": "Ajuntament de Barcelona",
        "wheelchair": null,
        "fee": null,
        "opening_hours": null,
        "source": "osm"
      }
    },
    {
      "type": "Feature",
      "geometry": {
        "type": "Point",
        "coordinates": [
          2.1828447,
          41.3928528
        ]
      },
      "properties": {
        "id": "osm-n-4736526630",
        "category": "water",
        "name": "Ajuntament de Barcelona",
        "wheelchair": null,
        "fee": "no",
        "opening_hours": null,
        "source": "osm"
      }
    },
    {
      "type": "Feature",
      "geometry": {
        "type": "Point",
        "coordinates": [
          2.1741503,
          41.4097306
        ]
      },
      "properties": {
        "id": "osm-n-4741797361",
        "category": "parking",
        "name": "BSM Avinguda Gaud\u00ed",
        "wheelchair": "yes",
        "fee": "yes",
        "opening_hours": "24/7",
        "source": "osm"
      }
    },
    {
      "type": "Feature",
      "geometry": {
        "type": "Point",
        "coordinates": [
          2.1946403,
          41.4058943
        ]
      },
      "properties": {
        "id": "osm-n-4744933499",
        "category": "aed",
        "name": "Keisy",
        "wheelchair": "yes",
        "fee": null,
        "opening_hours": null,
        "source": "osm"
      }
    },
    {
      "type": "Feature",
      "geometry": {
        "type": "Point",
        "coordinates": [
          2.1762682,
          41.41121
        ]
      },
      "properties": {
        "id": "osm-n-4762571925",
        "category": "cafe",
        "name": "Savory Express",
        "wheelchair": "no",
        "fee": null,
        "opening_hours": null,
        "source": "osm"
      }
    },
    {
      "type": "Feature",
      "geometry": {
        "type": "Point",
        "coordinates": [
          2.1777627,
          41.396977
        ]
      },
      "properties": {
        "id": "osm-n-4762859825",
        "category": "cafe",
        "name": "Bar Cafeteria Lee 666",
        "wheelchair": "limited",
        "fee": null,
        "opening_hours": null,
        "source": "osm"
      }
    },
    {
      "type": "Feature",
      "geometry": {
        "type": "Point",
        "coordinates": [
          2.1769959,
          41.4128992
        ]
      },
      "properties": {
        "id": "osm-n-4765095411",
        "category": "shop",
        "name": "Basar",
        "wheelchair": null,
        "fee": null,
        "opening_hours": null,
        "source": "osm"
      }
    },
    {
      "type": "Feature",
      "geometry": {
        "type": "Point",
        "coordinates": [
          2.1760502,
          41.4096664
        ]
      },
      "properties": {
        "id": "osm-n-4770622244",
        "category": "shop",
        "name": "Super preu",
        "wheelchair": null,
        "fee": null,
        "opening_hours": null,
        "source": "osm"
      }
    },
    {
      "type": "Feature",
      "geometry": {
        "type": "Point",
        "coordinates": [
          2.1760077,
          41.4106022
        ]
      },
      "properties": {
        "id": "osm-n-4770622246",
        "category": "shop",
        "name": "Shop",
        "wheelchair": null,
        "fee": null,
        "opening_hours": null,
        "source": "osm"
      }
    },
    {
      "type": "Feature",
      "geometry": {
        "type": "Point",
        "coordinates": [
          2.1804391,
          41.4149336
        ]
      },
      "properties": {
        "id": "osm-n-4771286822",
        "category": "fuel",
        "name": "Gratsa",
        "wheelchair": null,
        "fee": null,
        "opening_hours": null,
        "source": "osm"
      }
    },
    {
      "type": "Feature",
      "geometry": {
        "type": "Point",
        "coordinates": [
          2.1774703,
          41.4001795
        ]
      },
      "properties": {
        "id": "osm-n-4774100730",
        "category": "water",
        "name": "Ajuntament de Barcelona",
        "wheelchair": null,
        "fee": "no",
        "opening_hours": null,
        "source": "osm"
      }
    },
    {
      "type": "Feature",
      "geometry": {
        "type": "Point",
        "coordinates": [
          2.1825758,
          41.3899356
        ]
      },
      "properties": {
        "id": "osm-n-4775071297",
        "category": "water",
        "name": "Ajuntament de Barcelona",
        "wheelchair": "no",
        "fee": "no",
        "opening_hours": null,
        "source": "osm"
      }
    },
    {
      "type": "Feature",
      "geometry": {
        "type": "Point",
        "coordinates": [
          2.1847405,
          41.4091143
        ]
      },
      "properties": {
        "id": "osm-n-4777016827",
        "category": "cafe",
        "name": "Gran Ruca",
        "wheelchair": null,
        "fee": null,
        "opening_hours": null,
        "source": "osm"
      }
    },
    {
      "type": "Feature",
      "geometry": {
        "type": "Point",
        "coordinates": [
          2.2198582,
          41.441986
        ]
      },
      "properties": {
        "id": "osm-n-4777023151",
        "category": "shop",
        "name": "Mini Market Nassiri",
        "wheelchair": "no",
        "fee": null,
        "opening_hours": null,
        "source": "osm"
      }
    },
    {
      "type": "Feature",
      "geometry": {
        "type": "Point",
        "coordinates": [
          2.1831345,
          41.4104348
        ]
      },
      "properties": {
        "id": "osm-n-4777026021",
        "category": "cafe",
        "name": "Santana",
        "wheelchair": "yes",
        "fee": null,
        "opening_hours": null,
        "source": "osm"
      }
    },
    {
      "type": "Feature",
      "geometry": {
        "type": "Point",
        "coordinates": [
          2.1867934,
          41.3890208
        ]
      },
      "properties": {
        "id": "osm-n-4777153921",
        "category": "water",
        "name": "Ajuntament de Barcelona",
        "wheelchair": null,
        "fee": "no",
        "opening_hours": null,
        "source": "osm"
      }
    },
    {
      "type": "Feature",
      "geometry": {
        "type": "Point",
        "coordinates": [
          2.1845664,
          41.3943608
        ]
      },
      "properties": {
        "id": "osm-n-4777170521",
        "category": "water",
        "name": "Ajuntament de Barcelona",
        "wheelchair": null,
        "fee": "no",
        "opening_hours": null,
        "source": "osm"
      }
    },
    {
      "type": "Feature",
      "geometry": {
        "type": "Point",
        "coordinates": [
          2.1876656,
          41.4145739
        ]
      },
      "properties": {
        "id": "osm-n-4777296921",
        "category": "shop",
        "name": "CadaDia",
        "wheelchair": null,
        "fee": null,
        "opening_hours": null,
        "source": "osm"
      }
    },
    {
      "type": "Feature",
      "geometry": {
        "type": "Point",
        "coordinates": [
          2.181197,
          41.3896891
        ]
      },
      "properties": {
        "id": "osm-n-4788596722",
        "category": "water",
        "name": "Ajuntament de Barcelona",
        "wheelchair": null,
        "fee": "no",
        "opening_hours": null,
        "source": "osm"
      }
    },
    {
      "type": "Feature",
      "geometry": {
        "type": "Point",
        "coordinates": [
          2.1807535,
          41.4166638
        ]
      },
      "properties": {
        "id": "osm-n-4789742222",
        "category": "shop",
        "name": "Basar Tonya",
        "wheelchair": null,
        "fee": null,
        "opening_hours": null,
        "source": "osm"
      }
    },
    {
      "type": "Feature",
      "geometry": {
        "type": "Point",
        "coordinates": [
          2.1785584,
          41.3976602
        ]
      },
      "properties": {
        "id": "osm-n-4791132323",
        "category": "water",
        "name": "Ajuntament de Barcelona",
        "wheelchair": null,
        "fee": "no",
        "opening_hours": null,
        "source": "osm"
      }
    },
    {
      "type": "Feature",
      "geometry": {
        "type": "Point",
        "coordinates": [
          2.1913698,
          41.3949281
        ]
      },
      "properties": {
        "id": "osm-n-4791946822",
        "category": "water",
        "name": "Ajuntament de Barcelona",
        "wheelchair": null,
        "fee": "no",
        "opening_hours": null,
        "source": "osm"
      }
    },
    {
      "type": "Feature",
      "geometry": {
        "type": "Point",
        "coordinates": [
          2.2406507,
          41.4360749
        ]
      },
      "properties": {
        "id": "osm-n-4803424845",
        "category": "aed",
        "name": "Aed",
        "wheelchair": "yes",
        "fee": null,
        "opening_hours": null,
        "source": "osm"
      }
    },
    {
      "type": "Feature",
      "geometry": {
        "type": "Point",
        "coordinates": [
          2.1742598,
          41.4032884
        ]
      },
      "properties": {
        "id": "osm-n-4806446950",
        "category": "toilet",
        "name": "Toilet",
        "wheelchair": "yes",
        "fee": "no",
        "opening_hours": null,
        "source": "osm"
      }
    },
    {
      "type": "Feature",
      "geometry": {
        "type": "Point",
        "coordinates": [
          2.2181756,
          41.441514
        ]
      },
      "properties": {
        "id": "osm-n-4816093513",
        "category": "cafe",
        "name": "Segovia",
        "wheelchair": null,
        "fee": null,
        "opening_hours": "Mo-Sa 13:00-24:00",
        "source": "osm"
      }
    },
    {
      "type": "Feature",
      "geometry": {
        "type": "Point",
        "coordinates": [
          2.2179361,
          41.4414172
        ]
      },
      "properties": {
        "id": "osm-n-4816093724",
        "category": "water",
        "name": "Water",
        "wheelchair": null,
        "fee": null,
        "opening_hours": null,
        "source": "osm"
      }
    },
    {
      "type": "Feature",
      "geometry": {
        "type": "Point",
        "coordinates": [
          2.217921,
          41.4424404
        ]
      },
      "properties": {
        "id": "osm-n-4816093733",
        "category": "cafe",
        "name": "MDL",
        "wheelchair": "limited",
        "fee": null,
        "opening_hours": null,
        "source": "osm"
      }
    },
    {
      "type": "Feature",
      "geometry": {
        "type": "Point",
        "coordinates": [
          2.2192813,
          41.4398748
        ]
      },
      "properties": {
        "id": "osm-n-4822739691",
        "category": "shop",
        "name": "Jasbir Alimentaci\u00f3n",
        "wheelchair": "no",
        "fee": null,
        "opening_hours": null,
        "source": "osm"
      }
    },
    {
      "type": "Feature",
      "geometry": {
        "type": "Point",
        "coordinates": [
          2.174849,
          41.4047827
        ]
      },
      "properties": {
        "id": "osm-n-4832171304",
        "category": "charging",
        "name": "Endesa",
        "wheelchair": null,
        "fee": null,
        "opening_hours": null,
        "source": "osm"
      }
    },
    {
      "type": "Feature",
      "geometry": {
        "type": "Point",
        "coordinates": [
          2.1834401,
          41.3890015
        ]
      },
      "properties": {
        "id": "osm-n-4839267094",
        "category": "info",
        "name": "Info",
        "wheelchair": null,
        "fee": null,
        "opening_hours": null,
        "source": "osm"
      }
    },
    {
      "type": "Feature",
      "geometry": {
        "type": "Point",
        "coordinates": [
          2.209342,
          41.3967415
        ]
      },
      "properties": {
        "id": "osm-n-4849909424",
        "category": "water",
        "name": "Ajuntament de Barcelona",
        "wheelchair": null,
        "fee": "no",
        "opening_hours": null,
        "source": "osm"
      }
    },
    {
      "type": "Feature",
      "geometry": {
        "type": "Point",
        "coordinates": [
          2.2048617,
          41.3918219
        ]
      },
      "properties": {
        "id": "osm-n-4849972722",
        "category": "toilet",
        "name": "Toilet",
        "wheelchair": "limited",
        "fee": "no",
        "opening_hours": "10:30-18:00",
        "source": "osm"
      }
    },
    {
      "type": "Feature",
      "geometry": {
        "type": "Point",
        "coordinates": [
          2.1952175,
          41.3837687
        ]
      },
      "properties": {
        "id": "osm-n-4850110121",
        "category": "water",
        "name": "Ajuntament de Barcelona",
        "wheelchair": null,
        "fee": "no",
        "opening_hours": null,
        "source": "osm"
      }
    },
    {
      "type": "Feature",
      "geometry": {
        "type": "Point",
        "coordinates": [
          2.1822065,
          41.4202645
        ]
      },
      "properties": {
        "id": "osm-n-4860084429",
        "category": "cafe",
        "name": "El rac\u00f3 de Biscaia",
        "wheelchair": null,
        "fee": null,
        "opening_hours": null,
        "source": "osm"
      }
    },
    {
      "type": "Feature",
      "geometry": {
        "type": "Point",
        "coordinates": [
          2.1765432,
          41.4186453
        ]
      },
      "properties": {
        "id": "osm-n-4861472026",
        "category": "water",
        "name": "Ajuntament de Barcelona",
        "wheelchair": null,
        "fee": "no",
        "opening_hours": null,
        "source": "osm"
      }
    },
    {
      "type": "Feature",
      "geometry": {
        "type": "Point",
        "coordinates": [
          2.1842997,
          41.4018628
        ]
      },
      "properties": {
        "id": "osm-n-4887090122",
        "category": "water",
        "name": "Ajuntament de Barcelona",
        "wheelchair": null,
        "fee": "no",
        "opening_hours": null,
        "source": "osm"
      }
    },
    {
      "type": "Feature",
      "geometry": {
        "type": "Point",
        "coordinates": [
          2.2212354,
          41.4134733
        ]
      },
      "properties": {
        "id": "osm-n-4906795957",
        "category": "info",
        "name": "Info",
        "wheelchair": null,
        "fee": null,
        "opening_hours": null,
        "source": "osm"
      }
    },
    {
      "type": "Feature",
      "geometry": {
        "type": "Point",
        "coordinates": [
          2.1978223,
          41.4184544
        ]
      },
      "properties": {
        "id": "osm-n-4911503783",
        "category": "shop",
        "name": "Shop",
        "wheelchair": null,
        "fee": null,
        "opening_hours": null,
        "source": "osm"
      }
    },
    {
      "type": "Feature",
      "geometry": {
        "type": "Point",
        "coordinates": [
          2.1745625,
          41.4008406
        ]
      },
      "properties": {
        "id": "osm-n-4937455921",
        "category": "water",
        "name": "Ajuntament de Barcelona",
        "wheelchair": null,
        "fee": "no",
        "opening_hours": null,
        "source": "osm"
      }
    },
    {
      "type": "Feature",
      "geometry": {
        "type": "Point",
        "coordinates": [
          2.1725499,
          41.4150787
        ]
      },
      "properties": {
        "id": "osm-n-4941903621",
        "category": "water",
        "name": "Ajuntament de Barcelona",
        "wheelchair": null,
        "fee": "no",
        "opening_hours": null,
        "source": "osm"
      }
    },
    {
      "type": "Feature",
      "geometry": {
        "type": "Point",
        "coordinates": [
          2.1872512,
          41.3866766
        ]
      },
      "properties": {
        "id": "osm-n-4964792621",
        "category": "toilet",
        "name": "OUT of order (as of: 21-NOV-2025)",
        "wheelchair": null,
        "fee": null,
        "opening_hours": null,
        "source": "osm"
      }
    },
    {
      "type": "Feature",
      "geometry": {
        "type": "Point",
        "coordinates": [
          2.1785965,
          41.3992208
        ]
      },
      "properties": {
        "id": "osm-n-4976703822",
        "category": "water",
        "name": "Ajuntament de Barcelona",
        "wheelchair": null,
        "fee": "no",
        "opening_hours": null,
        "source": "osm"
      }
    },
    {
      "type": "Feature",
      "geometry": {
        "type": "Point",
        "coordinates": [
          2.2048826,
          41.4325077
        ]
      },
      "properties": {
        "id": "osm-n-4979164283",
        "category": "charging",
        "name": "Charging",
        "wheelchair": null,
        "fee": null,
        "opening_hours": null,
        "source": "osm"
      }
    },
    {
      "type": "Feature",
      "geometry": {
        "type": "Point",
        "coordinates": [
          2.2040189,
          41.4329139
        ]
      },
      "properties": {
        "id": "osm-n-4979171204",
        "category": "fuel",
        "name": "Naturgy",
        "wheelchair": null,
        "fee": null,
        "opening_hours": "24/7",
        "source": "osm"
      }
    },
    {
      "type": "Feature",
      "geometry": {
        "type": "Point",
        "coordinates": [
          2.2204527,
          41.4373871
        ]
      },
      "properties": {
        "id": "osm-n-4983764942",
        "category": "shop",
        "name": "Fruites i verdures Alimentaci\u00f3",
        "wheelchair": "limited",
        "fee": null,
        "opening_hours": "Mo-Fr 08:15-23:30; Sa-Su 09:00-23:30; PH open",
        "source": "osm"
      }
    },
    {
      "type": "Feature",
      "geometry": {
        "type": "Point",
        "coordinates": [
          2.2214267,
          41.4400939
        ]
      },
      "properties": {
        "id": "osm-n-4983764955",
        "category": "shop",
        "name": "Supermercat Sant Mori 121",
        "wheelchair": "no",
        "fee": null,
        "opening_hours": "Mo-Th 09:30-24:00; Sa-Su 09:30-00:30; PH 09:30-00:30",
        "source": "osm"
      }
    },
    {
      "type": "Feature",
      "geometry": {
        "type": "Point",
        "coordinates": [
          2.222094,
          41.4408333
        ]
      },
      "properties": {
        "id": "osm-n-4983764956",
        "category": "cafe",
        "name": "El Nostre Pa",
        "wheelchair": "no",
        "fee": null,
        "opening_hours": null,
        "source": "osm"
      }
    },
    {
      "type": "Feature",
      "geometry": {
        "type": "Point",
        "coordinates": [
          2.2230858,
          41.4423988
        ]
      },
      "properties": {
        "id": "osm-n-4983764959",
        "category": "shop",
        "name": "Los Andes Supermercat",
        "wheelchair": "limited",
        "fee": null,
        "opening_hours": null,
        "source": "osm"
      }
    },
    {
      "type": "Feature",
      "geometry": {
        "type": "Point",
        "coordinates": [
          2.2217832,
          41.4396073
        ]
      },
      "properties": {
        "id": "osm-n-4983764986",
        "category": "shop",
        "name": "Supermercat Sant Mori",
        "wheelchair": "limited",
        "fee": null,
        "opening_hours": "Mo-Su 09:00-23:00 \"winter\"; Mo-Su 09:00-24:00 \"summer\"",
        "source": "osm"
      }
    },
    {
      "type": "Feature",
      "geometry": {
        "type": "Point",
        "coordinates": [
          2.2224484,
          41.4410684
        ]
      },
      "properties": {
        "id": "osm-n-4983764987",
        "category": "shop",
        "name": "Petit Supermercat La Salut",
        "wheelchair": "no",
        "fee": null,
        "opening_hours": null,
        "source": "osm"
      }
    },
    {
      "type": "Feature",
      "geometry": {
        "type": "Point",
        "coordinates": [
          2.2225575,
          41.4403303
        ]
      },
      "properties": {
        "id": "osm-n-4983765005",
        "category": "cafe",
        "name": "365",
        "wheelchair": "yes",
        "fee": null,
        "opening_hours": "Mo-Su 06:00-22:00; PH closed",
        "source": "osm"
      }
    },
    {
      "type": "Feature",
      "geometry": {
        "type": "Point",
        "coordinates": [
          2.2231672,
          41.4430195
        ]
      },
      "properties": {
        "id": "osm-n-4983765014",
        "category": "shop",
        "name": "N.S. alimentaci\u00f3n y fruter\u00eda",
        "wheelchair": "no",
        "fee": null,
        "opening_hours": null,
        "source": "osm"
      }
    },
    {
      "type": "Feature",
      "geometry": {
        "type": "Point",
        "coordinates": [
          2.220602,
          41.439266
        ]
      },
      "properties": {
        "id": "osm-n-4983765018",
        "category": "cafe",
        "name": "La que hemos liado BDN",
        "wheelchair": "yes",
        "fee": null,
        "opening_hours": "Mo-Fr 07:30-20:00; Sa 08:00-20:00; Su 08:00-14:00; PH closed",
        "source": "osm"
      }
    },
    {
      "type": "Feature",
      "geometry": {
        "type": "Point",
        "coordinates": [
          2.2228517,
          41.4436848
        ]
      },
      "properties": {
        "id": "osm-n-4983765625",
        "category": "shop",
        "name": "Sarim supermercat",
        "wheelchair": "no",
        "fee": null,
        "opening_hours": null,
        "source": "osm"
      }
    },
    {
      "type": "Feature",
      "geometry": {
        "type": "Point",
        "coordinates": [
          2.2010098,
          41.4373626
        ]
      },
      "properties": {
        "id": "osm-n-4985105538",
        "category": "fuel",
        "name": "Fuel",
        "wheelchair": null,
        "fee": null,
        "opening_hours": null,
        "source": "osm"
      }
    },
    {
      "type": "Feature",
      "geometry": {
        "type": "Point",
        "coordinates": [
          2.2017059,
          41.4200154
        ]
      },
      "properties": {
        "id": "osm-n-4995150110",
        "category": "charging",
        "name": "Charging",
        "wheelchair": null,
        "fee": null,
        "opening_hours": null,
        "source": "osm"
      }
    },
    {
      "type": "Feature",
      "geometry": {
        "type": "Point",
        "coordinates": [
          2.1771384,
          41.4100132
        ]
      },
      "properties": {
        "id": "osm-n-5003726953",
        "category": "parking",
        "name": "parking Creu Roja",
        "wheelchair": null,
        "fee": "yes",
        "opening_hours": null,
        "source": "osm"
      }
    },
    {
      "type": "Feature",
      "geometry": {
        "type": "Point",
        "coordinates": [
          2.1736567,
          41.4029688
        ]
      },
      "properties": {
        "id": "osm-n-5005274327",
        "category": "info",
        "name": "Info",
        "wheelchair": null,
        "fee": null,
        "opening_hours": null,
        "source": "osm"
      }
    },
    {
      "type": "Feature",
      "geometry": {
        "type": "Point",
        "coordinates": [
          2.2189833,
          41.4114128
        ]
      },
      "properties": {
        "id": "osm-n-5006873295",
        "category": "info",
        "name": "Info",
        "wheelchair": null,
        "fee": null,
        "opening_hours": null,
        "source": "osm"
      }
    },
    {
      "type": "Feature",
      "geometry": {
        "type": "Point",
        "coordinates": [
          2.2191834,
          41.4112144
        ]
      },
      "properties": {
        "id": "osm-n-5006873303",
        "category": "info",
        "name": "Info",
        "wheelchair": null,
        "fee": null,
        "opening_hours": null,
        "source": "osm"
      }
    },
    {
      "type": "Feature",
      "geometry": {
        "type": "Point",
        "coordinates": [
          2.1955517,
          41.3979292
        ]
      },
      "properties": {
        "id": "osm-n-5010794821",
        "category": "cafe",
        "name": "Nomad Frutas Selectas",
        "wheelchair": "yes",
        "fee": null,
        "opening_hours": "Mo-Fr 09:00-17:00",
        "source": "osm"
      }
    },
    {
      "type": "Feature",
      "geometry": {
        "type": "Point",
        "coordinates": [
          2.2007589,
          41.390088
        ]
      },
      "properties": {
        "id": "osm-n-5018172524",
        "category": "water",
        "name": "Ajuntament de Barcelona",
        "wheelchair": null,
        "fee": "no",
        "opening_hours": null,
        "source": "osm"
      }
    },
    {
      "type": "Feature",
      "geometry": {
        "type": "Point",
        "coordinates": [
          2.1989314,
          41.416548
        ]
      },
      "properties": {
        "id": "osm-n-5018221166",
        "category": "water",
        "name": "Ajuntament de Barcelona",
        "wheelchair": null,
        "fee": "no",
        "opening_hours": null,
        "source": "osm"
      }
    },
    {
      "type": "Feature",
      "geometry": {
        "type": "Point",
        "coordinates": [
          2.1950702,
          41.3987513
        ]
      },
      "properties": {
        "id": "osm-n-5028979721",
        "category": "cafe",
        "name": "Espai Joliu",
        "wheelchair": null,
        "fee": null,
        "opening_hours": "Mo-Fr 09:00-19:00; Sa 10:00-15:00",
        "source": "osm"
      }
    },
    {
      "type": "Feature",
      "geometry": {
        "type": "Point",
        "coordinates": [
          2.1789851,
          41.4113972
        ]
      },
      "properties": {
        "id": "osm-n-5030568924",
        "category": "water",
        "name": "Ajuntament de Barcelona",
        "wheelchair": null,
        "fee": "no",
        "opening_hours": null,
        "source": "osm"
      }
    },
    {
      "type": "Feature",
      "geometry": {
        "type": "Point",
        "coordinates": [
          2.1919188,
          41.4116246
        ]
      },
      "properties": {
        "id": "osm-n-5034331722",
        "category": "cafe",
        "name": "Old School",
        "wheelchair": null,
        "fee": null,
        "opening_hours": null,
        "source": "osm"
      }
    },
    {
      "type": "Feature",
      "geometry": {
        "type": "Point",
        "coordinates": [
          2.1803243,
          41.4085696
        ]
      },
      "properties": {
        "id": "osm-n-5036244822",
        "category": "shop",
        "name": "miAroma higiene natural - jabones a granel eco",
        "wheelchair": null,
        "fee": null,
        "opening_hours": null,
        "source": "osm"
      }
    },
    {
      "type": "Feature",
      "geometry": {
        "type": "Point",
        "coordinates": [
          2.1931792,
          41.405114
        ]
      },
      "properties": {
        "id": "osm-n-5055818021",
        "category": "toilet",
        "name": "Toilet",
        "wheelchair": null,
        "fee": "no",
        "opening_hours": null,
        "source": "osm"
      }
    },
    {
      "type": "Feature",
      "geometry": {
        "type": "Point",
        "coordinates": [
          2.1833931,
          41.4311482
        ]
      },
      "properties": {
        "id": "osm-n-5071116152",
        "category": "charging",
        "name": "Endolla Barcelona",
        "wheelchair": null,
        "fee": "yes",
        "opening_hours": null,
        "source": "osm"
      }
    },
    {
      "type": "Feature",
      "geometry": {
        "type": "Point",
        "coordinates": [
          2.2228142,
          41.4388256
        ]
      },
      "properties": {
        "id": "osm-n-5076268947",
        "category": "water",
        "name": "Water",
        "wheelchair": null,
        "fee": null,
        "opening_hours": null,
        "source": "osm"
      }
    },
    {
      "type": "Feature",
      "geometry": {
        "type": "Point",
        "coordinates": [
          2.2228938,
          41.4388135
        ]
      },
      "properties": {
        "id": "osm-n-5076268976",
        "category": "toilet",
        "name": "Toilet",
        "wheelchair": null,
        "fee": "yes",
        "opening_hours": null,
        "source": "osm"
      }
    },
    {
      "type": "Feature",
      "geometry": {
        "type": "Point",
        "coordinates": [
          2.1783741,
          41.3935625
        ]
      },
      "properties": {
        "id": "osm-n-5101885078",
        "category": "parking",
        "name": "Finques Tor",
        "wheelchair": null,
        "fee": null,
        "opening_hours": null,
        "source": "osm"
      }
    },
    {
      "type": "Feature",
      "geometry": {
        "type": "Point",
        "coordinates": [
          2.1857022,
          41.4010079
        ]
      },
      "properties": {
        "id": "osm-n-5104085060",
        "category": "parking",
        "name": "BSM Encants",
        "wheelchair": "yes",
        "fee": "yes",
        "opening_hours": "24/7",
        "source": "osm"
      }
    },
    {
      "type": "Feature",
      "geometry": {
        "type": "Point",
        "coordinates": [
          2.1782891,
          41.3952104
        ]
      },
      "properties": {
        "id": "osm-n-5108322925",
        "category": "parking",
        "name": "Aparcamiento Casp",
        "wheelchair": null,
        "fee": "yes",
        "opening_hours": null,
        "source": "osm"
      }
    },
    {
      "type": "Feature",
      "geometry": {
        "type": "Point",
        "coordinates": [
          2.1819135,
          41.4069087
        ]
      },
      "properties": {
        "id": "osm-n-5109943021",
        "category": "cafe",
        "name": "Blat-caf\u00e9 Dos de Maig",
        "wheelchair": null,
        "fee": null,
        "opening_hours": null,
        "source": "osm"
      }
    },
    {
      "type": "Feature",
      "geometry": {
        "type": "Point",
        "coordinates": [
          2.1818712,
          41.407369
        ]
      },
      "properties": {
        "id": "osm-n-5109943022",
        "category": "cafe",
        "name": "Vivari",
        "wheelchair": null,
        "fee": null,
        "opening_hours": null,
        "source": "osm"
      }
    },
    {
      "type": "Feature",
      "geometry": {
        "type": "Point",
        "coordinates": [
          2.1757234,
          41.4014243
        ]
      },
      "properties": {
        "id": "osm-n-5112684192",
        "category": "parking",
        "name": "Aparcament S\u00e1nchez Turet",
        "wheelchair": null,
        "fee": null,
        "opening_hours": null,
        "source": "osm"
      }
    },
    {
      "type": "Feature",
      "geometry": {
        "type": "Point",
        "coordinates": [
          2.2156289,
          41.4423312
        ]
      },
      "properties": {
        "id": "osm-n-5118124300",
        "category": "shop",
        "name": "Shop",
        "wheelchair": "no",
        "fee": null,
        "opening_hours": null,
        "source": "osm"
      }
    },
    {
      "type": "Feature",
      "geometry": {
        "type": "Point",
        "coordinates": [
          2.2188668,
          41.4417943
        ]
      },
      "properties": {
        "id": "osm-n-5118124310",
        "category": "shop",
        "name": "Super Preu",
        "wheelchair": "limited",
        "fee": null,
        "opening_hours": "Mo-Su 09:00-23:00",
        "source": "osm"
      }
    },
    {
      "type": "Feature",
      "geometry": {
        "type": "Point",
        "coordinates": [
          2.2155265,
          41.4346016
        ]
      },
      "properties": {
        "id": "osm-n-5118126427",
        "category": "shop",
        "name": "Luna",
        "wheelchair": "no",
        "fee": null,
        "opening_hours": null,
        "source": "osm"
      }
    },
    {
      "type": "Feature",
      "geometry": {
        "type": "Point",
        "coordinates": [
          2.2140702,
          41.4410462
        ]
      },
      "properties": {
        "id": "osm-n-5118126429",
        "category": "shop",
        "name": "Mister Pan",
        "wheelchair": "no",
        "fee": null,
        "opening_hours": null,
        "source": "osm"
      }
    },
    {
      "type": "Feature",
      "geometry": {
        "type": "Point",
        "coordinates": [
          2.2160725,
          41.4342551
        ]
      },
      "properties": {
        "id": "osm-n-5118126433",
        "category": "shop",
        "name": "Forn de pa",
        "wheelchair": "no",
        "fee": null,
        "opening_hours": null,
        "source": "osm"
      }
    },
    {
      "type": "Feature",
      "geometry": {
        "type": "Point",
        "coordinates": [
          2.2174982,
          41.4332655
        ]
      },
      "properties": {
        "id": "osm-n-5118126435",
        "category": "cafe",
        "name": "Cafeteria i Forn de pa Grey",
        "wheelchair": "limited",
        "fee": null,
        "opening_hours": null,
        "source": "osm"
      }
    },
    {
      "type": "Feature",
      "geometry": {
        "type": "Point",
        "coordinates": [
          2.2139278,
          41.4408626
        ]
      },
      "properties": {
        "id": "osm-n-5118126437",
        "category": "shop",
        "name": "Alimentaci\u00f3 Abijhot Multani",
        "wheelchair": "limited",
        "fee": null,
        "opening_hours": null,
        "source": "osm"
      }
    },
    {
      "type": "Feature",
      "geometry": {
        "type": "Point",
        "coordinates": [
          2.1918403,
          41.405652
        ]
      },
      "properties": {
        "id": "osm-n-5120412932",
        "category": "aed",
        "name": "Carrefour",
        "wheelchair": "yes",
        "fee": null,
        "opening_hours": null,
        "source": "osm"
      }
    },
    {
      "type": "Feature",
      "geometry": {
        "type": "Point",
        "coordinates": [
          2.1754858,
          41.4172978
        ]
      },
      "properties": {
        "id": "osm-n-5121521912",
        "category": "clinic",
        "name": "Cematec",
        "wheelchair": null,
        "fee": null,
        "opening_hours": null,
        "source": "osm"
      }
    },
    {
      "type": "Feature",
      "geometry": {
        "type": "Point",
        "coordinates": [
          2.1995097,
          41.40674
        ]
      },
      "properties": {
        "id": "osm-n-5125419922",
        "category": "toilet",
        "name": "Toilet",
        "wheelchair": null,
        "fee": null,
        "opening_hours": null,
        "source": "osm"
      }
    },
    {
      "type": "Feature",
      "geometry": {
        "type": "Point",
        "coordinates": [
          2.1790203,
          41.4090994
        ]
      },
      "properties": {
        "id": "osm-n-5130442541",
        "category": "cafe",
        "name": "Brazilian World Cafe",
        "wheelchair": null,
        "fee": null,
        "opening_hours": null,
        "source": "osm"
      }
    },
    {
      "type": "Feature",
      "geometry": {
        "type": "Point",
        "coordinates": [
          2.195602,
          41.3886663
        ]
      },
      "properties": {
        "id": "osm-n-5131089223",
        "category": "shop",
        "name": "London supermercat",
        "wheelchair": null,
        "fee": null,
        "opening_hours": "24/7",
        "source": "osm"
      }
    },
    {
      "type": "Feature",
      "geometry": {
        "type": "Point",
        "coordinates": [
          2.1846624,
          41.4102582
        ]
      },
      "properties": {
        "id": "osm-n-5135763223",
        "category": "cafe",
        "name": "Forn de pa Granier",
        "wheelchair": null,
        "fee": null,
        "opening_hours": null,
        "source": "osm"
      }
    },
    {
      "type": "Feature",
      "geometry": {
        "type": "Point",
        "coordinates": [
          2.185069,
          41.4105534
        ]
      },
      "properties": {
        "id": "osm-n-5135763225",
        "category": "cafe",
        "name": "Forn de pa Col\u00f3n",
        "wheelchair": null,
        "fee": null,
        "opening_hours": null,
        "source": "osm"
      }
    },
    {
      "type": "Feature",
      "geometry": {
        "type": "Point",
        "coordinates": [
          2.1854011,
          41.4105405
        ]
      },
      "properties": {
        "id": "osm-n-5135763226",
        "category": "cafe",
        "name": "Granja catalana",
        "wheelchair": null,
        "fee": null,
        "opening_hours": null,
        "source": "osm"
      }
    },
    {
      "type": "Feature",
      "geometry": {
        "type": "Point",
        "coordinates": [
          2.2201689,
          41.4371063
        ]
      },
      "properties": {
        "id": "osm-n-5144745896",
        "category": "cafe",
        "name": "Mokka",
        "wheelchair": "no",
        "fee": null,
        "opening_hours": "Mo-Fr 07:00-19:00; Sa 08:00-15:00",
        "source": "osm"
      }
    },
    {
      "type": "Feature",
      "geometry": {
        "type": "Point",
        "coordinates": [
          2.189723,
          41.4129849
        ]
      },
      "properties": {
        "id": "osm-n-5156670222",
        "category": "cafe",
        "name": "El Taller",
        "wheelchair": null,
        "fee": null,
        "opening_hours": null,
        "source": "osm"
      }
    },
    {
      "type": "Feature",
      "geometry": {
        "type": "Point",
        "coordinates": [
          2.1891588,
          41.4157111
        ]
      },
      "properties": {
        "id": "osm-n-5156690130",
        "category": "cafe",
        "name": "Hogar Feliz bar cafeteria",
        "wheelchair": null,
        "fee": null,
        "opening_hours": null,
        "source": "osm"
      }
    },
    {
      "type": "Feature",
      "geometry": {
        "type": "Point",
        "coordinates": [
          2.1894331,
          41.414872
        ]
      },
      "properties": {
        "id": "osm-n-5156690132",
        "category": "cafe",
        "name": "Forn Biscaia",
        "wheelchair": null,
        "fee": null,
        "opening_hours": null,
        "source": "osm"
      }
    },
    {
      "type": "Feature",
      "geometry": {
        "type": "Point",
        "coordinates": [
          2.1886224,
          41.4092668
        ]
      },
      "properties": {
        "id": "osm-n-5156691330",
        "category": "cafe",
        "name": "Coffee Clot",
        "wheelchair": "limited",
        "fee": null,
        "opening_hours": null,
        "source": "osm"
      }
    },
    {
      "type": "Feature",
      "geometry": {
        "type": "Point",
        "coordinates": [
          2.1894075,
          41.4112743
        ]
      },
      "properties": {
        "id": "osm-n-5156725622",
        "category": "cafe",
        "name": "La K-\u00f1a",
        "wheelchair": null,
        "fee": null,
        "opening_hours": null,
        "source": "osm"
      }
    },
    {
      "type": "Feature",
      "geometry": {
        "type": "Point",
        "coordinates": [
          2.1893062,
          41.4101612
        ]
      },
      "properties": {
        "id": "osm-n-5156725923",
        "category": "cafe",
        "name": "La Habana",
        "wheelchair": null,
        "fee": null,
        "opening_hours": null,
        "source": "osm"
      }
    },
    {
      "type": "Feature",
      "geometry": {
        "type": "Point",
        "coordinates": [
          2.188652,
          41.4093282
        ]
      },
      "properties": {
        "id": "osm-n-5156726121",
        "category": "cafe",
        "name": "Yuan",
        "wheelchair": "limited",
        "fee": null,
        "opening_hours": null,
        "source": "osm"
      }
    },
    {
      "type": "Feature",
      "geometry": {
        "type": "Point",
        "coordinates": [
          2.1872611,
          41.4082317
        ]
      },
      "properties": {
        "id": "osm-n-5158418222",
        "category": "cafe",
        "name": "Smart Bar",
        "wheelchair": "limited",
        "fee": null,
        "opening_hours": null,
        "source": "osm"
      }
    },
    {
      "type": "Feature",
      "geometry": {
        "type": "Point",
        "coordinates": [
          2.1871986,
          41.4081961
        ]
      },
      "properties": {
        "id": "osm-n-5158418223",
        "category": "cafe",
        "name": "365",
        "wheelchair": "limited",
        "fee": null,
        "opening_hours": null,
        "source": "osm"
      }
    },
    {
      "type": "Feature",
      "geometry": {
        "type": "Point",
        "coordinates": [
          2.1938457,
          41.4005262
        ]
      },
      "properties": {
        "id": "osm-n-5159768295",
        "category": "aed",
        "name": "Aed",
        "wheelchair": null,
        "fee": null,
        "opening_hours": null,
        "source": "osm"
      }
    },
    {
      "type": "Feature",
      "geometry": {
        "type": "Point",
        "coordinates": [
          2.1752621,
          41.4185314
        ]
      },
      "properties": {
        "id": "osm-n-5163148225",
        "category": "cafe",
        "name": "Mas Guinard\u00f3 Petanca",
        "wheelchair": null,
        "fee": null,
        "opening_hours": null,
        "source": "osm"
      }
    },
    {
      "type": "Feature",
      "geometry": {
        "type": "Point",
        "coordinates": [
          2.2249849,
          41.4125982
        ]
      },
      "properties": {
        "id": "osm-n-5169512268",
        "category": "water",
        "name": "Ajuntament de Barcelona",
        "wheelchair": null,
        "fee": "no",
        "opening_hours": null,
        "source": "osm"
      }
    },
    {
      "type": "Feature",
      "geometry": {
        "type": "Point",
        "coordinates": [
          2.1828684,
          41.4075161
        ]
      },
      "properties": {
        "id": "osm-n-5186368921",
        "category": "cafe",
        "name": "El Forn del Barri",
        "wheelchair": null,
        "fee": null,
        "opening_hours": null,
        "source": "osm"
      }
    },
    {
      "type": "Feature",
      "geometry": {
        "type": "Point",
        "coordinates": [
          2.1835657,
          41.4074633
        ]
      },
      "properties": {
        "id": "osm-n-5186368923",
        "category": "cafe",
        "name": "Cafeteria H",
        "wheelchair": null,
        "fee": null,
        "opening_hours": "Mo-Su 07:00-22:00",
        "source": "osm"
      }
    },
    {
      "type": "Feature",
      "geometry": {
        "type": "Point",
        "coordinates": [
          2.1866069,
          41.3890146
        ]
      },
      "properties": {
        "id": "osm-n-5198231408",
        "category": "toilet",
        "name": "Toilet",
        "wheelchair": "yes",
        "fee": "no",
        "opening_hours": null,
        "source": "osm"
      }
    },
    {
      "type": "Feature",
      "geometry": {
        "type": "Point",
        "coordinates": [
          2.1881731,
          41.4178462
        ]
      },
      "properties": {
        "id": "osm-n-5200142528",
        "category": "cafe",
        "name": "A' Boroa",
        "wheelchair": null,
        "fee": null,
        "opening_hours": null,
        "source": "osm"
      }
    },
    {
      "type": "Feature",
      "geometry": {
        "type": "Point",
        "coordinates": [
          2.1886494,
          41.4186889
        ]
      },
      "properties": {
        "id": "osm-n-5200151924",
        "category": "cafe",
        "name": "Il Trovatore",
        "wheelchair": "limited",
        "fee": null,
        "opening_hours": null,
        "source": "osm"
      }
    },
    {
      "type": "Feature",
      "geometry": {
        "type": "Point",
        "coordinates": [
          2.1872409,
          41.4153388
        ]
      },
      "properties": {
        "id": "osm-n-5200163225",
        "category": "cafe",
        "name": "365",
        "wheelchair": null,
        "fee": null,
        "opening_hours": null,
        "source": "osm"
      }
    },
    {
      "type": "Feature",
      "geometry": {
        "type": "Point",
        "coordinates": [
          2.2035886,
          41.4080664
        ]
      },
      "properties": {
        "id": "osm-n-5202989792",
        "category": "shop",
        "name": "Shop",
        "wheelchair": null,
        "fee": null,
        "opening_hours": null,
        "source": "osm"
      }
    },
    {
      "type": "Feature",
      "geometry": {
        "type": "Point",
        "coordinates": [
          2.2100922,
          41.4082597
        ]
      },
      "properties": {
        "id": "osm-n-5204462378",
        "category": "shop",
        "name": "Basar BHATTI",
        "wheelchair": null,
        "fee": null,
        "opening_hours": null,
        "source": "osm"
      }
    },
    {
      "type": "Feature",
      "geometry": {
        "type": "Point",
        "coordinates": [
          2.1879799,
          41.3923734
        ]
      },
      "properties": {
        "id": "osm-n-5216444739",
        "category": "info",
        "name": "Info",
        "wheelchair": null,
        "fee": null,
        "opening_hours": null,
        "source": "osm"
      }
    },
    {
      "type": "Feature",
      "geometry": {
        "type": "Point",
        "coordinates": [
          2.2253266,
          41.4388265
        ]
      },
      "properties": {
        "id": "osm-n-5218828496",
        "category": "cafe",
        "name": "Conecta",
        "wheelchair": "limited",
        "fee": null,
        "opening_hours": "Mo-Sa 06:00-23:00; Su 08:00-23:00; PH closed",
        "source": "osm"
      }
    },
    {
      "type": "Feature",
      "geometry": {
        "type": "Point",
        "coordinates": [
          2.2254351,
          41.4385456
        ]
      },
      "properties": {
        "id": "osm-n-5218828499",
        "category": "cafe",
        "name": "Sweet dol\u00e7",
        "wheelchair": "yes",
        "fee": null,
        "opening_hours": "Mo-Su 07:00-23:00",
        "source": "osm"
      }
    },
    {
      "type": "Feature",
      "geometry": {
        "type": "Point",
        "coordinates": [
          2.183224,
          41.3972671
        ]
      },
      "properties": {
        "id": "osm-n-5221784522",
        "category": "water",
        "name": "Ajuntament de Barcelona",
        "wheelchair": null,
        "fee": "no",
        "opening_hours": null,
        "source": "osm"
      }
    },
    {
      "type": "Feature",
      "geometry": {
        "type": "Point",
        "coordinates": [
          2.1746446,
          41.4116736
        ]
      },
      "properties": {
        "id": "osm-n-5238211521",
        "category": "toilet",
        "name": "Toilet",
        "wheelchair": null,
        "fee": null,
        "opening_hours": null,
        "source": "osm"
      }
    },
    {
      "type": "Feature",
      "geometry": {
        "type": "Point",
        "coordinates": [
          2.1809092,
          41.3921143
        ]
      },
      "properties": {
        "id": "osm-n-5264057227",
        "category": "aed",
        "name": "Arc de Triomf",
        "wheelchair": "yes",
        "fee": null,
        "opening_hours": null,
        "source": "osm"
      }
    },
    {
      "type": "Feature",
      "geometry": {
        "type": "Point",
        "coordinates": [
          2.179637,
          41.3983946
        ]
      },
      "properties": {
        "id": "osm-n-5279620331",
        "category": "clinic",
        "name": "Cualtis",
        "wheelchair": null,
        "fee": null,
        "opening_hours": "Mo-Th 07:00-17:00, 09:00-18:00; Fr 07:00-15:00",
        "source": "osm"
      }
    },
    {
      "type": "Feature",
      "geometry": {
        "type": "Point",
        "coordinates": [
          2.2239591,
          41.4437723
        ]
      },
      "properties": {
        "id": "osm-n-5286467104",
        "category": "cafe",
        "name": "Granja Monsul",
        "wheelchair": "limited",
        "fee": null,
        "opening_hours": null,
        "source": "osm"
      }
    },
    {
      "type": "Feature",
      "geometry": {
        "type": "Point",
        "coordinates": [
          2.1878562,
          41.3922779
        ]
      },
      "properties": {
        "id": "osm-n-5288062505",
        "category": "info",
        "name": "Info",
        "wheelchair": null,
        "fee": null,
        "opening_hours": null,
        "source": "osm"
      }
    },
    {
      "type": "Feature",
      "geometry": {
        "type": "Point",
        "coordinates": [
          2.2252501,
          41.4396388
        ]
      },
      "properties": {
        "id": "osm-n-5298404559",
        "category": "shop",
        "name": "Umar Hayat",
        "wheelchair": "limited",
        "fee": null,
        "opening_hours": null,
        "source": "osm"
      }
    },
    {
      "type": "Feature",
      "geometry": {
        "type": "Point",
        "coordinates": [
          2.2243189,
          41.4386314
        ]
      },
      "properties": {
        "id": "osm-n-5298405333",
        "category": "shop",
        "name": "Campey",
        "wheelchair": null,
        "fee": null,
        "opening_hours": "Mo-Fr 09:00-14:00,17:00-20:00; Sa 09:00-14:00",
        "source": "osm"
      }
    },
    {
      "type": "Feature",
      "geometry": {
        "type": "Point",
        "coordinates": [
          2.2254471,
          41.4389963
        ]
      },
      "properties": {
        "id": "osm-n-5298405342",
        "category": "shop",
        "name": "Shop",
        "wheelchair": "no",
        "fee": null,
        "opening_hours": null,
        "source": "osm"
      }
    },
    {
      "type": "Feature",
      "geometry": {
        "type": "Point",
        "coordinates": [
          2.2252239,
          41.4385009
        ]
      },
      "properties": {
        "id": "osm-n-5298405353",
        "category": "aed",
        "name": "Dr Roque Pe\u00f1alver",
        "wheelchair": "yes",
        "fee": null,
        "opening_hours": null,
        "source": "osm"
      }
    },
    {
      "type": "Feature",
      "geometry": {
        "type": "Point",
        "coordinates": [
          2.2246954,
          41.4387132
        ]
      },
      "properties": {
        "id": "osm-n-5298405370",
        "category": "shop",
        "name": "Hnos. Serentill",
        "wheelchair": "no",
        "fee": null,
        "opening_hours": "Mo-Fr 08:30-14:00,16:30-20:00; Sa 08:30-14:00",
        "source": "osm"
      }
    },
    {
      "type": "Feature",
      "geometry": {
        "type": "Point",
        "coordinates": [
          2.219796,
          41.4347908
        ]
      },
      "properties": {
        "id": "osm-n-5299921738",
        "category": "shop",
        "name": "Supermercat Johana",
        "wheelchair": "no",
        "fee": null,
        "opening_hours": null,
        "source": "osm"
      }
    },
    {
      "type": "Feature",
      "geometry": {
        "type": "Point",
        "coordinates": [
          2.2194009,
          41.4348555
        ]
      },
      "properties": {
        "id": "osm-n-5299921759",
        "category": "shop",
        "name": "Awami Cash & Carry",
        "wheelchair": null,
        "fee": null,
        "opening_hours": null,
        "source": "osm"
      }
    },
    {
      "type": "Feature",
      "geometry": {
        "type": "Point",
        "coordinates": [
          2.2246091,
          41.4376132
        ]
      },
      "properties": {
        "id": "osm-n-5299921765",
        "category": "shop",
        "name": "Sumar supermercat",
        "wheelchair": "no",
        "fee": null,
        "opening_hours": "Mo-Su 08:00-04:00",
        "source": "osm"
      }
    },
    {
      "type": "Feature",
      "geometry": {
        "type": "Point",
        "coordinates": [
          2.2222412,
          41.4363622
        ]
      },
      "properties": {
        "id": "osm-n-5299921797",
        "category": "shop",
        "name": "Shop",
        "wheelchair": "no",
        "fee": null,
        "opening_hours": null,
        "source": "osm"
      }
    },
    {
      "type": "Feature",
      "geometry": {
        "type": "Point",
        "coordinates": [
          2.2221164,
          41.4363015
        ]
      },
      "properties": {
        "id": "osm-n-5299922527",
        "category": "shop",
        "name": "Shop",
        "wheelchair": "no",
        "fee": null,
        "opening_hours": null,
        "source": "osm"
      }
    },
    {
      "type": "Feature",
      "geometry": {
        "type": "Point",
        "coordinates": [
          2.221508,
          41.4355534
        ]
      },
      "properties": {
        "id": "osm-n-5299922528",
        "category": "cafe",
        "name": "Crispan",
        "wheelchair": "limited",
        "fee": null,
        "opening_hours": null,
        "source": "osm"
      }
    },
    {
      "type": "Feature",
      "geometry": {
        "type": "Point",
        "coordinates": [
          2.218054,
          41.433908
        ]
      },
      "properties": {
        "id": "osm-n-5299922530",
        "category": "info",
        "name": "Info",
        "wheelchair": null,
        "fee": null,
        "opening_hours": null,
        "source": "osm"
      }
    },
    {
      "type": "Feature",
      "geometry": {
        "type": "Point",
        "coordinates": [
          2.1732764,
          41.4088586
        ]
      },
      "properties": {
        "id": "osm-n-5303267327",
        "category": "water",
        "name": "Ajuntament de Barcelona",
        "wheelchair": null,
        "fee": "no",
        "opening_hours": null,
        "source": "osm"
      }
    },
    {
      "type": "Feature",
      "geometry": {
        "type": "Point",
        "coordinates": [
          2.2175726,
          41.4337214
        ]
      },
      "properties": {
        "id": "osm-n-5307598389",
        "category": "aed",
        "name": "Artigues | Sant Adri\u00e0",
        "wheelchair": "yes",
        "fee": null,
        "opening_hours": null,
        "source": "osm"
      }
    },
    {
      "type": "Feature",
      "geometry": {
        "type": "Point",
        "coordinates": [
          2.1870242,
          41.4226234
        ]
      },
      "properties": {
        "id": "osm-n-5308480500",
        "category": "aed",
        "name": "La Sagrera",
        "wheelchair": "yes",
        "fee": null,
        "opening_hours": null,
        "source": "osm"
      }
    },
    {
      "type": "Feature",
      "geometry": {
        "type": "Point",
        "coordinates": [
          2.1868156,
          41.4204104
        ]
      },
      "properties": {
        "id": "osm-n-5308481070",
        "category": "aed",
        "name": "La Sagrera",
        "wheelchair": "yes",
        "fee": null,
        "opening_hours": null,
        "source": "osm"
      }
    },
    {
      "type": "Feature",
      "geometry": {
        "type": "Point",
        "coordinates": [
          2.1865743,
          41.4212779
        ]
      },
      "properties": {
        "id": "osm-n-5308481074",
        "category": "aed",
        "name": "La Sagrera",
        "wheelchair": "yes",
        "fee": null,
        "opening_hours": null,
        "source": "osm"
      }
    },
    {
      "type": "Feature",
      "geometry": {
        "type": "Point",
        "coordinates": [
          2.1738819,
          41.4040337
        ]
      },
      "properties": {
        "id": "osm-n-5308859849",
        "category": "aed",
        "name": "Sagrada Fam\u00edlia",
        "wheelchair": "yes",
        "fee": null,
        "opening_hours": null,
        "source": "osm"
      }
    },
    {
      "type": "Feature",
      "geometry": {
        "type": "Point",
        "coordinates": [
          2.1751136,
          41.4039801
        ]
      },
      "properties": {
        "id": "osm-n-5308901391",
        "category": "aed",
        "name": "Sagrada Fam\u00edlia",
        "wheelchair": "yes",
        "fee": null,
        "opening_hours": null,
        "source": "osm"
      }
    },
    {
      "type": "Feature",
      "geometry": {
        "type": "Point",
        "coordinates": [
          2.1836388,
          41.4297809
        ]
      },
      "properties": {
        "id": "osm-n-5310387159",
        "category": "aed",
        "name": "Fabra i Puig",
        "wheelchair": "yes",
        "fee": null,
        "opening_hours": null,
        "source": "osm"
      }
    },
    {
      "type": "Feature",
      "geometry": {
        "type": "Point",
        "coordinates": [
          2.2102857,
          41.4444722
        ]
      },
      "properties": {
        "id": "osm-n-5310784729",
        "category": "aed",
        "name": "Can Peixauet",
        "wheelchair": "yes",
        "fee": null,
        "opening_hours": null,
        "source": "osm"
      }
    },
    {
      "type": "Feature",
      "geometry": {
        "type": "Point",
        "coordinates": [
          2.2278605,
          41.4353172
        ]
      },
      "properties": {
        "id": "osm-n-5313275890",
        "category": "aed",
        "name": "Sant Roc",
        "wheelchair": "yes",
        "fee": null,
        "opening_hours": null,
        "source": "osm"
      }
    },
    {
      "type": "Feature",
      "geometry": {
        "type": "Point",
        "coordinates": [
          2.1794545,
          41.4005241
        ]
      },
      "properties": {
        "id": "osm-n-5313296732",
        "category": "aed",
        "name": "Monumental",
        "wheelchair": "yes",
        "fee": null,
        "opening_hours": null,
        "source": "osm"
      }
    },
    {
      "type": "Feature",
      "geometry": {
        "type": "Point",
        "coordinates": [
          2.205618,
          41.4240389
        ]
      },
      "properties": {
        "id": "osm-n-5313315534",
        "category": "aed",
        "name": "La Pau",
        "wheelchair": "yes",
        "fee": null,
        "opening_hours": null,
        "source": "osm"
      }
    },
    {
      "type": "Feature",
      "geometry": {
        "type": "Point",
        "coordinates": [
          2.2097745,
          41.4298896
        ]
      },
      "properties": {
        "id": "osm-n-5313315536",
        "category": "aed",
        "name": "Verneda",
        "wheelchair": "yes",
        "fee": null,
        "opening_hours": null,
        "source": "osm"
      }
    },
    {
      "type": "Feature",
      "geometry": {
        "type": "Point",
        "coordinates": [
          2.1951059,
          41.4148814
        ]
      },
      "properties": {
        "id": "osm-n-5313328726",
        "category": "aed",
        "name": "Bac de Roda",
        "wheelchair": "yes",
        "fee": null,
        "opening_hours": null,
        "source": "osm"
      }
    },
    {
      "type": "Feature",
      "geometry": {
        "type": "Point",
        "coordinates": [
          2.1934762,
          41.3878465
        ]
      },
      "properties": {
        "id": "osm-n-5313340299",
        "category": "aed",
        "name": "Ciutadella | Vila Ol\u00edmpica",
        "wheelchair": "yes",
        "fee": null,
        "opening_hours": null,
        "source": "osm"
      }
    },
    {
      "type": "Feature",
      "geometry": {
        "type": "Point",
        "coordinates": [
          2.1920399,
          41.3950987
        ]
      },
      "properties": {
        "id": "osm-n-5313340300",
        "category": "aed",
        "name": "Bogatell",
        "wheelchair": "yes",
        "fee": null,
        "opening_hours": null,
        "source": "osm"
      }
    },
    {
      "type": "Feature",
      "geometry": {
        "type": "Point",
        "coordinates": [
          2.197649,
          41.3993809
        ]
      },
      "properties": {
        "id": "osm-n-5313340301",
        "category": "aed",
        "name": "Llacuna",
        "wheelchair": "yes",
        "fee": null,
        "opening_hours": null,
        "source": "osm"
      }
    },
    {
      "type": "Feature",
      "geometry": {
        "type": "Point",
        "coordinates": [
          2.2032751,
          41.4036418
        ]
      },
      "properties": {
        "id": "osm-n-5313340302",
        "category": "aed",
        "name": "Poblenou",
        "wheelchair": "yes",
        "fee": null,
        "opening_hours": null,
        "source": "osm"
      }
    },
    {
      "type": "Feature",
      "geometry": {
        "type": "Point",
        "coordinates": [
          2.2091094,
          41.4080147
        ]
      },
      "properties": {
        "id": "osm-n-5313340303",
        "category": "aed",
        "name": "Selva de Mar",
        "wheelchair": "yes",
        "fee": null,
        "opening_hours": null,
        "source": "osm"
      }
    },
    {
      "type": "Feature",
      "geometry": {
        "type": "Point",
        "coordinates": [
          2.2166779,
          41.4117753
        ]
      },
      "properties": {
        "id": "osm-n-5313340304",
        "category": "aed",
        "name": "El Maresme | F\u00f2rum",
        "wheelchair": "yes",
        "fee": null,
        "opening_hours": null,
        "source": "osm"
      }
    },
    {
      "type": "Feature",
      "geometry": {
        "type": "Point",
        "coordinates": [
          2.2097125,
          41.4203693
        ]
      },
      "properties": {
        "id": "osm-n-5313340305",
        "category": "aed",
        "name": "Bes\u00f2s",
        "wheelchair": "yes",
        "fee": null,
        "opening_hours": null,
        "source": "osm"
      }
    },
    {
      "type": "Feature",
      "geometry": {
        "type": "Point",
        "coordinates": [
          2.2160851,
          41.4150936
        ]
      },
      "properties": {
        "id": "osm-n-5313340306",
        "category": "aed",
        "name": "Bes\u00f2s Mar",
        "wheelchair": "yes",
        "fee": null,
        "opening_hours": null,
        "source": "osm"
      }
    },
    {
      "type": "Feature",
      "geometry": {
        "type": "Point",
        "coordinates": [
          2.2007307,
          41.4190565
        ]
      },
      "properties": {
        "id": "osm-n-5313340852",
        "category": "aed",
        "name": "Sant Mart\u00ed",
        "wheelchair": "yes",
        "fee": null,
        "opening_hours": null,
        "source": "osm"
      }
    },
    {
      "type": "Feature",
      "geometry": {
        "type": "Point",
        "coordinates": [
          2.1869158,
          41.4101394
        ]
      },
      "properties": {
        "id": "osm-n-5313434190",
        "category": "aed",
        "name": "El Clot",
        "wheelchair": "yes",
        "fee": null,
        "opening_hours": null,
        "source": "osm"
      }
    },
    {
      "type": "Feature",
      "geometry": {
        "type": "Point",
        "coordinates": [
          2.1868163,
          41.4229907
        ]
      },
      "properties": {
        "id": "osm-n-5313898364",
        "category": "aed",
        "name": "Barcelona-La Sagrera-Meridiana",
        "wheelchair": "yes",
        "fee": null,
        "opening_hours": null,
        "source": "osm"
      }
    },
    {
      "type": "Feature",
      "geometry": {
        "type": "Point",
        "coordinates": [
          2.1867776,
          41.4229693
        ]
      },
      "properties": {
        "id": "osm-n-5313898365",
        "category": "aed",
        "name": "Barcelona-La Sagrera-Meridiana",
        "wheelchair": "yes",
        "fee": null,
        "opening_hours": null,
        "source": "osm"
      }
    },
    {
      "type": "Feature",
      "geometry": {
        "type": "Point",
        "coordinates": [
          2.1868615,
          41.4229702
        ]
      },
      "properties": {
        "id": "osm-n-5313898366",
        "category": "aed",
        "name": "Barcelona-La Sagrera-Meridiana",
        "wheelchair": "yes",
        "fee": null,
        "opening_hours": null,
        "source": "osm"
      }
    },
    {
      "type": "Feature",
      "geometry": {
        "type": "Point",
        "coordinates": [
          2.1773979,
          41.4231064
        ]
      },
      "properties": {
        "id": "osm-n-5314028226",
        "category": "aed",
        "name": "Maragall",
        "wheelchair": "yes",
        "fee": null,
        "opening_hours": null,
        "source": "osm"
      }
    },
    {
      "type": "Feature",
      "geometry": {
        "type": "Point",
        "coordinates": [
          2.175983,
          41.4107312
        ]
      },
      "properties": {
        "id": "osm-n-5314028227",
        "category": "aed",
        "name": "Sant Pau | Dos de Maig",
        "wheelchair": "yes",
        "fee": null,
        "opening_hours": null,
        "source": "osm"
      }
    },
    {
      "type": "Feature",
      "geometry": {
        "type": "Point",
        "coordinates": [
          2.1887912,
          41.3928979
        ]
      },
      "properties": {
        "id": "osm-n-5314940929",
        "category": "info",
        "name": "Info",
        "wheelchair": null,
        "fee": null,
        "opening_hours": null,
        "source": "osm"
      }
    },
    {
      "type": "Feature",
      "geometry": {
        "type": "Point",
        "coordinates": [
          2.174074,
          41.4160751
        ]
      },
      "properties": {
        "id": "osm-n-5315505599",
        "category": "aed",
        "name": "Guinard\u00f3 | Hospital de Sant Pau",
        "wheelchair": "yes",
        "fee": null,
        "opening_hours": null,
        "source": "osm"
      }
    },
    {
      "type": "Feature",
      "geometry": {
        "type": "Point",
        "coordinates": [
          2.1862682,
          41.3949958
        ]
      },
      "properties": {
        "id": "osm-n-5318792450",
        "category": "aed",
        "name": "Marina",
        "wheelchair": "yes",
        "fee": null,
        "opening_hours": null,
        "source": "osm"
      }
    },
    {
      "type": "Feature",
      "geometry": {
        "type": "Point",
        "coordinates": [
          2.1875183,
          41.4022111
        ]
      },
      "properties": {
        "id": "osm-n-5318926007",
        "category": "aed",
        "name": "Gl\u00f2ries",
        "wheelchair": "yes",
        "fee": null,
        "opening_hours": null,
        "source": "osm"
      }
    },
    {
      "type": "Feature",
      "geometry": {
        "type": "Point",
        "coordinates": [
          2.1869379,
          41.4160445
        ]
      },
      "properties": {
        "id": "osm-n-5319133652",
        "category": "aed",
        "name": "Navas",
        "wheelchair": "yes",
        "fee": null,
        "opening_hours": null,
        "source": "osm"
      }
    },
    {
      "type": "Feature",
      "geometry": {
        "type": "Point",
        "coordinates": [
          2.1911382,
          41.4366293
        ]
      },
      "properties": {
        "id": "osm-n-5319156658",
        "category": "aed",
        "name": "Sant Andreu",
        "wheelchair": "yes",
        "fee": null,
        "opening_hours": null,
        "source": "osm"
      }
    },
    {
      "type": "Feature",
      "geometry": {
        "type": "Point",
        "coordinates": [
          2.1867259,
          41.4102828
        ]
      },
      "properties": {
        "id": "osm-n-5319230410",
        "category": "aed",
        "name": "El Clot",
        "wheelchair": "yes",
        "fee": null,
        "opening_hours": null,
        "source": "osm"
      }
    },
    {
      "type": "Feature",
      "geometry": {
        "type": "Point",
        "coordinates": [
          2.2051956,
          41.4236829
        ]
      },
      "properties": {
        "id": "osm-n-5319269956",
        "category": "aed",
        "name": "La Pau",
        "wheelchair": "yes",
        "fee": null,
        "opening_hours": null,
        "source": "osm"
      }
    },
    {
      "type": "Feature",
      "geometry": {
        "type": "Point",
        "coordinates": [
          2.2337073,
          41.4405041
        ]
      },
      "properties": {
        "id": "osm-n-5331527850",
        "category": "aed",
        "name": "Gorg",
        "wheelchair": "yes",
        "fee": null,
        "opening_hours": null,
        "source": "osm"
      }
    },
    {
      "type": "Feature",
      "geometry": {
        "type": "Point",
        "coordinates": [
          2.2165092,
          41.4338262
        ]
      },
      "properties": {
        "id": "osm-n-5335591521",
        "category": "cafe",
        "name": "Churrer\u00eda Pati",
        "wheelchair": null,
        "fee": null,
        "opening_hours": null,
        "source": "osm"
      }
    },
    {
      "type": "Feature",
      "geometry": {
        "type": "Point",
        "coordinates": [
          2.2180605,
          41.434327
        ]
      },
      "properties": {
        "id": "osm-n-5339783266",
        "category": "cafe",
        "name": "Bar Shisha Gold",
        "wheelchair": "limited",
        "fee": null,
        "opening_hours": null,
        "source": "osm"
      }
    },
    {
      "type": "Feature",
      "geometry": {
        "type": "Point",
        "coordinates": [
          2.2030778,
          41.4084744
        ]
      },
      "properties": {
        "id": "osm-n-5356563841",
        "category": "charging",
        "name": "Charging",
        "wheelchair": null,
        "fee": null,
        "opening_hours": null,
        "source": "osm"
      }
    },
    {
      "type": "Feature",
      "geometry": {
        "type": "Point",
        "coordinates": [
          2.1881778,
          41.4022944
        ]
      },
      "properties": {
        "id": "osm-n-5363506797",
        "category": "cafe",
        "name": "Cafe",
        "wheelchair": "yes",
        "fee": null,
        "opening_hours": null,
        "source": "osm"
      }
    },
    {
      "type": "Feature",
      "geometry": {
        "type": "Point",
        "coordinates": [
          2.2167366,
          41.4359355
        ]
      },
      "properties": {
        "id": "osm-n-5363964402",
        "category": "cafe",
        "name": "El gran croissant",
        "wheelchair": "no",
        "fee": null,
        "opening_hours": null,
        "source": "osm"
      }
    },
    {
      "type": "Feature",
      "geometry": {
        "type": "Point",
        "coordinates": [
          2.1744377,
          41.4181848
        ]
      },
      "properties": {
        "id": "osm-n-5370688723",
        "category": "shop",
        "name": "La bodegueta de la avia Victoria",
        "wheelchair": null,
        "fee": null,
        "opening_hours": null,
        "source": "osm"
      }
    },
    {
      "type": "Feature",
      "geometry": {
        "type": "Point",
        "coordinates": [
          2.1788525,
          41.4175408
        ]
      },
      "properties": {
        "id": "osm-n-5382496222",
        "category": "water",
        "name": "Ajuntament de Barcelona",
        "wheelchair": null,
        "fee": "no",
        "opening_hours": null,
        "source": "osm"
      }
    },
    {
      "type": "Feature",
      "geometry": {
        "type": "Point",
        "coordinates": [
          2.1756671,
          41.4072028
        ]
      },
      "properties": {
        "id": "osm-n-5387442250",
        "category": "water",
        "name": "Ajuntament de Barcelona",
        "wheelchair": null,
        "fee": "no",
        "opening_hours": null,
        "source": "osm"
      }
    },
    {
      "type": "Feature",
      "geometry": {
        "type": "Point",
        "coordinates": [
          2.1780241,
          41.4053687
        ]
      },
      "properties": {
        "id": "osm-n-5390655031",
        "category": "water",
        "name": "Ajuntament de Barcelona",
        "wheelchair": null,
        "fee": "no",
        "opening_hours": null,
        "source": "osm"
      }
    },
    {
      "type": "Feature",
      "geometry": {
        "type": "Point",
        "coordinates": [
          2.191364,
          41.3949163
        ]
      },
      "properties": {
        "id": "osm-n-5451332003",
        "category": "info",
        "name": "Pere IV. Passatge Major del Poblenou",
        "wheelchair": null,
        "fee": null,
        "opening_hours": null,
        "source": "osm"
      }
    },
    {
      "type": "Feature",
      "geometry": {
        "type": "Point",
        "coordinates": [
          2.1936547,
          41.3977104
        ]
      },
      "properties": {
        "id": "osm-n-5451347215",
        "category": "info",
        "name": "Pere IV. Passatge Major del Poblenou",
        "wheelchair": null,
        "fee": null,
        "opening_hours": null,
        "source": "osm"
      }
    },
    {
      "type": "Feature",
      "geometry": {
        "type": "Point",
        "coordinates": [
          2.1880159,
          41.4305292
        ]
      },
      "properties": {
        "id": "osm-n-5454332891",
        "category": "parking",
        "name": "BSM Sant Andreu Teatre",
        "wheelchair": "yes",
        "fee": "yes",
        "opening_hours": "24/7",
        "source": "osm"
      }
    },
    {
      "type": "Feature",
      "geometry": {
        "type": "Point",
        "coordinates": [
          2.2196224,
          41.4112142
        ]
      },
      "properties": {
        "id": "osm-n-5458481521",
        "category": "info",
        "name": "Info",
        "wheelchair": null,
        "fee": null,
        "opening_hours": null,
        "source": "osm"
      }
    },
    {
      "type": "Feature",
      "geometry": {
        "type": "Point",
        "coordinates": [
          2.200575,
          41.4062958
        ]
      },
      "properties": {
        "id": "osm-n-5459578571",
        "category": "info",
        "name": "Pere IV Passatge Major del Poblenou",
        "wheelchair": null,
        "fee": null,
        "opening_hours": null,
        "source": "osm"
      }
    },
    {
      "type": "Feature",
      "geometry": {
        "type": "Point",
        "coordinates": [
          2.2183315,
          41.4364578
        ]
      },
      "properties": {
        "id": "osm-n-5474276057",
        "category": "shop",
        "name": "Danish Mini Super",
        "wheelchair": "no",
        "fee": null,
        "opening_hours": null,
        "source": "osm"
      }
    },
    {
      "type": "Feature",
      "geometry": {
        "type": "Point",
        "coordinates": [
          2.1764667,
          41.3973535
        ]
      },
      "properties": {
        "id": "osm-n-5484292322",
        "category": "water",
        "name": "Ajuntament de Barcelona",
        "wheelchair": null,
        "fee": "no",
        "opening_hours": null,
        "source": "osm"
      }
    },
    {
      "type": "Feature",
      "geometry": {
        "type": "Point",
        "coordinates": [
          2.1737147,
          41.4101912
        ]
      },
      "properties": {
        "id": "osm-n-5485060121",
        "category": "cafe",
        "name": "Hand Made",
        "wheelchair": "yes",
        "fee": null,
        "opening_hours": "Th-Tu 08:30-20:00",
        "source": "osm"
      }
    },
    {
      "type": "Feature",
      "geometry": {
        "type": "Point",
        "coordinates": [
          2.2234981,
          41.4446016
        ]
      },
      "properties": {
        "id": "osm-n-5496834215",
        "category": "shop",
        "name": "Merey Pan",
        "wheelchair": "no",
        "fee": null,
        "opening_hours": null,
        "source": "osm"
      }
    },
    {
      "type": "Feature",
      "geometry": {
        "type": "Point",
        "coordinates": [
          2.205952,
          41.3940951
        ]
      },
      "properties": {
        "id": "osm-n-5510428122",
        "category": "water",
        "name": "Ajuntament de Barcelona",
        "wheelchair": null,
        "fee": "no",
        "opening_hours": null,
        "source": "osm"
      }
    },
    {
      "type": "Feature",
      "geometry": {
        "type": "Point",
        "coordinates": [
          2.2043434,
          41.3919838
        ]
      },
      "properties": {
        "id": "osm-n-5510428721",
        "category": "water",
        "name": "Ajuntament de Barcelona",
        "wheelchair": null,
        "fee": "no",
        "opening_hours": null,
        "source": "osm"
      }
    },
    {
      "type": "Feature",
      "geometry": {
        "type": "Point",
        "coordinates": [
          2.1770383,
          41.4205376
        ]
      },
      "properties": {
        "id": "osm-n-5510667021",
        "category": "cafe",
        "name": "Due Pani",
        "wheelchair": null,
        "fee": null,
        "opening_hours": null,
        "source": "osm"
      }
    },
    {
      "type": "Feature",
      "geometry": {
        "type": "Point",
        "coordinates": [
          2.2046732,
          41.391971
        ]
      },
      "properties": {
        "id": "osm-n-5512348371",
        "category": "info",
        "name": "Info",
        "wheelchair": null,
        "fee": null,
        "opening_hours": null,
        "source": "osm"
      }
    },
    {
      "type": "Feature",
      "geometry": {
        "type": "Point",
        "coordinates": [
          2.185923,
          41.389376
        ]
      },
      "properties": {
        "id": "osm-n-5513291791",
        "category": "water",
        "name": "Ajuntament de Barcelona",
        "wheelchair": null,
        "fee": "no",
        "opening_hours": null,
        "source": "osm"
      }
    },
    {
      "type": "Feature",
      "geometry": {
        "type": "Point",
        "coordinates": [
          2.1857395,
          41.3992977
        ]
      },
      "properties": {
        "id": "osm-n-5518736433",
        "category": "parking",
        "name": "Zona Bus",
        "wheelchair": null,
        "fee": "yes",
        "opening_hours": null,
        "source": "osm"
      }
    },
    {
      "type": "Feature",
      "geometry": {
        "type": "Point",
        "coordinates": [
          2.1846642,
          41.4001177
        ]
      },
      "properties": {
        "id": "osm-n-5518736570",
        "category": "parking",
        "name": "Zona Bus",
        "wheelchair": null,
        "fee": "yes",
        "opening_hours": null,
        "source": "osm"
      }
    },
    {
      "type": "Feature",
      "geometry": {
        "type": "Point",
        "coordinates": [
          2.1852033,
          41.3996968
        ]
      },
      "properties": {
        "id": "osm-n-5518736737",
        "category": "parking",
        "name": "Zona Bus",
        "wheelchair": null,
        "fee": "yes",
        "opening_hours": null,
        "source": "osm"
      }
    },
    {
      "type": "Feature",
      "geometry": {
        "type": "Point",
        "coordinates": [
          2.1862415,
          41.3989146
        ]
      },
      "properties": {
        "id": "osm-n-5518737165",
        "category": "parking",
        "name": "Zona Bus",
        "wheelchair": null,
        "fee": "yes",
        "opening_hours": null,
        "source": "osm"
      }
    },
    {
      "type": "Feature",
      "geometry": {
        "type": "Point",
        "coordinates": [
          2.1842747,
          41.3950513
        ]
      },
      "properties": {
        "id": "osm-n-5518737340",
        "category": "parking",
        "name": "Zona Bus",
        "wheelchair": null,
        "fee": null,
        "opening_hours": null,
        "source": "osm"
      }
    },
    {
      "type": "Feature",
      "geometry": {
        "type": "Point",
        "coordinates": [
          2.1838825,
          41.3953479
        ]
      },
      "properties": {
        "id": "osm-n-5518738408",
        "category": "parking",
        "name": "Zona Bus",
        "wheelchair": null,
        "fee": null,
        "opening_hours": null,
        "source": "osm"
      }
    },
    {
      "type": "Feature",
      "geometry": {
        "type": "Point",
        "coordinates": [
          2.2196653,
          41.4064914
        ]
      },
      "properties": {
        "id": "osm-n-5518746652",
        "category": "parking",
        "name": "Parking Bus",
        "wheelchair": null,
        "fee": null,
        "opening_hours": null,
        "source": "osm"
      }
    },
    {
      "type": "Feature",
      "geometry": {
        "type": "Point",
        "coordinates": [
          2.2200456,
          41.406734
        ]
      },
      "properties": {
        "id": "osm-n-5518751677",
        "category": "parking",
        "name": "Parking Bus",
        "wheelchair": null,
        "fee": null,
        "opening_hours": null,
        "source": "osm"
      }
    },
    {
      "type": "Feature",
      "geometry": {
        "type": "Point",
        "coordinates": [
          2.1974847,
          41.4023736
        ]
      },
      "properties": {
        "id": "osm-n-5522263722",
        "category": "info",
        "name": "Pere IV Passatge Major del Poblenou",
        "wheelchair": null,
        "fee": null,
        "opening_hours": null,
        "source": "osm"
      }
    },
    {
      "type": "Feature",
      "geometry": {
        "type": "Point",
        "coordinates": [
          2.1925863,
          41.3964232
        ]
      },
      "properties": {
        "id": "osm-n-5522265221",
        "category": "info",
        "name": "Pere IV, Passatge Major del Poblenou",
        "wheelchair": null,
        "fee": null,
        "opening_hours": null,
        "source": "osm"
      }
    },
    {
      "type": "Feature",
      "geometry": {
        "type": "Point",
        "coordinates": [
          2.1943399,
          41.3984841
        ]
      },
      "properties": {
        "id": "osm-n-5522265222",
        "category": "info",
        "name": "Pere IV, Passatge Major del Poblenou",
        "wheelchair": null,
        "fee": null,
        "opening_hours": null,
        "source": "osm"
      }
    },
    {
      "type": "Feature",
      "geometry": {
        "type": "Point",
        "coordinates": [
          2.1955439,
          41.4000703
        ]
      },
      "properties": {
        "id": "osm-n-5522265821",
        "category": "info",
        "name": "Pere IV, Passatge Major del Poblenou",
        "wheelchair": null,
        "fee": null,
        "opening_hours": null,
        "source": "osm"
      }
    },
    {
      "type": "Feature",
      "geometry": {
        "type": "Point",
        "coordinates": [
          2.1983401,
          41.4034503
        ]
      },
      "properties": {
        "id": "osm-n-5522814235",
        "category": "info",
        "name": "Pere IV Passatge Major del Poblenou",
        "wheelchair": null,
        "fee": null,
        "opening_hours": null,
        "source": "osm"
      }
    },
    {
      "type": "Feature",
      "geometry": {
        "type": "Point",
        "coordinates": [
          2.2123926,
          41.4416877
        ]
      },
      "properties": {
        "id": "osm-n-5535643594",
        "category": "aed",
        "name": "Aed",
        "wheelchair": null,
        "fee": null,
        "opening_hours": null,
        "source": "osm"
      }
    },
    {
      "type": "Feature",
      "geometry": {
        "type": "Point",
        "coordinates": [
          2.2101699,
          41.4440727
        ]
      },
      "properties": {
        "id": "osm-n-5535643597",
        "category": "aed",
        "name": "Aed",
        "wheelchair": "yes",
        "fee": null,
        "opening_hours": null,
        "source": "osm"
      }
    },
    {
      "type": "Feature",
      "geometry": {
        "type": "Point",
        "coordinates": [
          2.224875,
          41.4401141
        ]
      },
      "properties": {
        "id": "osm-n-5536153342",
        "category": "shop",
        "name": "Shop",
        "wheelchair": "yes",
        "fee": null,
        "opening_hours": null,
        "source": "osm"
      }
    },
    {
      "type": "Feature",
      "geometry": {
        "type": "Point",
        "coordinates": [
          2.2244348,
          41.4395647
        ]
      },
      "properties": {
        "id": "osm-n-5536153352",
        "category": "cafe",
        "name": "Cafeteria bar La nina",
        "wheelchair": "no",
        "fee": null,
        "opening_hours": null,
        "source": "osm"
      }
    },
    {
      "type": "Feature",
      "geometry": {
        "type": "Point",
        "coordinates": [
          2.224647,
          41.4404549
        ]
      },
      "properties": {
        "id": "osm-n-5536153356",
        "category": "shop",
        "name": "Singh Alimentaci\u00f3",
        "wheelchair": "no",
        "fee": null,
        "opening_hours": null,
        "source": "osm"
      }
    },
    {
      "type": "Feature",
      "geometry": {
        "type": "Point",
        "coordinates": [
          2.2242727,
          41.4396715
        ]
      },
      "properties": {
        "id": "osm-n-5536153362",
        "category": "cafe",
        "name": "Cafeteria La Dona",
        "wheelchair": "limited",
        "fee": null,
        "opening_hours": "Mo-Su 08:30-22:00",
        "source": "osm"
      }
    },
    {
      "type": "Feature",
      "geometry": {
        "type": "Point",
        "coordinates": [
          2.1785126,
          41.4191956
        ]
      },
      "properties": {
        "id": "osm-n-5537597324",
        "category": "clinic",
        "name": "Centre d'Atenci\u00f3 Prim\u00e0ria Guinard\u00f3",
        "wheelchair": "yes",
        "fee": null,
        "opening_hours": null,
        "source": "osm"
      }
    },
    {
      "type": "Feature",
      "geometry": {
        "type": "Point",
        "coordinates": [
          2.1779635,
          41.4192342
        ]
      },
      "properties": {
        "id": "osm-n-5537610021",
        "category": "water",
        "name": "Ajuntament de Barcelona",
        "wheelchair": null,
        "fee": "no",
        "opening_hours": null,
        "source": "osm"
      }
    },
    {
      "type": "Feature",
      "geometry": {
        "type": "Point",
        "coordinates": [
          2.2095494,
          41.3985003
        ]
      },
      "properties": {
        "id": "osm-n-5545849721",
        "category": "water",
        "name": "Ajuntament de Barcelona",
        "wheelchair": null,
        "fee": "no",
        "opening_hours": null,
        "source": "osm"
      }
    },
    {
      "type": "Feature",
      "geometry": {
        "type": "Point",
        "coordinates": [
          2.2016728,
          41.407756
        ]
      },
      "properties": {
        "id": "osm-n-5546040421",
        "category": "water",
        "name": "Ajuntament de Barcelona",
        "wheelchair": null,
        "fee": "no",
        "opening_hours": null,
        "source": "osm"
      }
    },
    {
      "type": "Feature",
      "geometry": {
        "type": "Point",
        "coordinates": [
          2.199204,
          41.4044776
        ]
      },
      "properties": {
        "id": "osm-n-5546040422",
        "category": "info",
        "name": "Pere IV Passatge Major del Poblenou",
        "wheelchair": null,
        "fee": null,
        "opening_hours": null,
        "source": "osm"
      }
    },
    {
      "type": "Feature",
      "geometry": {
        "type": "Point",
        "coordinates": [
          2.2137202,
          41.4001091
        ]
      },
      "properties": {
        "id": "osm-n-5546306017",
        "category": "info",
        "name": "Info",
        "wheelchair": null,
        "fee": null,
        "opening_hours": null,
        "source": "osm"
      }
    },
    {
      "type": "Feature",
      "geometry": {
        "type": "Point",
        "coordinates": [
          2.1828949,
          41.4060616
        ]
      },
      "properties": {
        "id": "osm-n-5550471922",
        "category": "water",
        "name": "Ajuntament de Barcelona",
        "wheelchair": null,
        "fee": "no",
        "opening_hours": null,
        "source": "osm"
      }
    },
    {
      "type": "Feature",
      "geometry": {
        "type": "Point",
        "coordinates": [
          2.1977695,
          41.4048806
        ]
      },
      "properties": {
        "id": "osm-n-5550666821",
        "category": "water",
        "name": "Ajuntament de Barcelona",
        "wheelchair": null,
        "fee": "no",
        "opening_hours": null,
        "source": "osm"
      }
    },
    {
      "type": "Feature",
      "geometry": {
        "type": "Point",
        "coordinates": [
          2.1801975,
          41.3963117
        ]
      },
      "properties": {
        "id": "osm-n-5552069659",
        "category": "water",
        "name": "Ajuntament de Barcelona",
        "wheelchair": null,
        "fee": "no",
        "opening_hours": null,
        "source": "osm"
      }
    },
    {
      "type": "Feature",
      "geometry": {
        "type": "Point",
        "coordinates": [
          2.1816107,
          41.4066081
        ]
      },
      "properties": {
        "id": "osm-n-5552708122",
        "category": "toilet",
        "name": "Mercadona",
        "wheelchair": "yes",
        "fee": "no",
        "opening_hours": "Mo-Sa 09:15-21:15",
        "source": "osm"
      }
    },
    {
      "type": "Feature",
      "geometry": {
        "type": "Point",
        "coordinates": [
          2.1808214,
          41.4023463
        ]
      },
      "properties": {
        "id": "osm-n-5553016484",
        "category": "parking",
        "name": "Zona Bus",
        "wheelchair": null,
        "fee": "yes",
        "opening_hours": null,
        "source": "osm"
      }
    },
    {
      "type": "Feature",
      "geometry": {
        "type": "Point",
        "coordinates": [
          2.1733848,
          41.4038375
        ]
      },
      "properties": {
        "id": "osm-n-5578654623",
        "category": "toilet",
        "name": "Mc Donald's",
        "wheelchair": null,
        "fee": "no",
        "opening_hours": null,
        "source": "osm"
      }
    },
    {
      "type": "Feature",
      "geometry": {
        "type": "Point",
        "coordinates": [
          2.2053152,
          41.4039719
        ]
      },
      "properties": {
        "id": "osm-n-5583949421",
        "category": "water",
        "name": "Ajuntament de Barcelona",
        "wheelchair": null,
        "fee": "no",
        "opening_hours": null,
        "source": "osm"
      }
    },
    {
      "type": "Feature",
      "geometry": {
        "type": "Point",
        "coordinates": [
          2.2200561,
          41.4410221
        ]
      },
      "properties": {
        "id": "osm-n-5595137121",
        "category": "shop",
        "name": "Alimentaci\u00f3",
        "wheelchair": "limited",
        "fee": null,
        "opening_hours": null,
        "source": "osm"
      }
    },
    {
      "type": "Feature",
      "geometry": {
        "type": "Point",
        "coordinates": [
          2.1756113,
          41.4105269
        ]
      },
      "properties": {
        "id": "osm-n-5600424622",
        "category": "water",
        "name": "Ajuntament de Barcelona",
        "wheelchair": null,
        "fee": "no",
        "opening_hours": null,
        "source": "osm"
      }
    },
    {
      "type": "Feature",
      "geometry": {
        "type": "Point",
        "coordinates": [
          2.1743326,
          41.4024253
        ]
      },
      "properties": {
        "id": "osm-n-5611733921",
        "category": "cafe",
        "name": "Buenas Migas",
        "wheelchair": "limited",
        "fee": null,
        "opening_hours": "Mo-Su 08:00-23:00",
        "source": "osm"
      }
    },
    {
      "type": "Feature",
      "geometry": {
        "type": "Point",
        "coordinates": [
          2.2229351,
          41.4452687
        ]
      },
      "properties": {
        "id": "osm-n-5635131975",
        "category": "shop",
        "name": "Al Rehman",
        "wheelchair": "no",
        "fee": null,
        "opening_hours": null,
        "source": "osm"
      }
    },
    {
      "type": "Feature",
      "geometry": {
        "type": "Point",
        "coordinates": [
          2.2243536,
          41.4446979
        ]
      },
      "properties": {
        "id": "osm-n-5635131985",
        "category": "shop",
        "name": "Shop",
        "wheelchair": null,
        "fee": null,
        "opening_hours": null,
        "source": "osm"
      }
    },
    {
      "type": "Feature",
      "geometry": {
        "type": "Point",
        "coordinates": [
          2.1881447,
          41.3898852
        ]
      },
      "properties": {
        "id": "osm-n-5658501621",
        "category": "water",
        "name": "Ajuntament de Barcelona",
        "wheelchair": null,
        "fee": "no",
        "opening_hours": null,
        "source": "osm"
      }
    },
    {
      "type": "Feature",
      "geometry": {
        "type": "Point",
        "coordinates": [
          2.1878937,
          41.3887963
        ]
      },
      "properties": {
        "id": "osm-n-5658715540",
        "category": "water",
        "name": "Ajuntament de Barcelona",
        "wheelchair": null,
        "fee": "no",
        "opening_hours": null,
        "source": "osm"
      }
    },
    {
      "type": "Feature",
      "geometry": {
        "type": "Point",
        "coordinates": [
          2.189776,
          41.388353
        ]
      },
      "properties": {
        "id": "osm-n-5658715824",
        "category": "water",
        "name": "Ajuntament de Barcelona",
        "wheelchair": null,
        "fee": "no",
        "opening_hours": null,
        "source": "osm"
      }
    },
    {
      "type": "Feature",
      "geometry": {
        "type": "Point",
        "coordinates": [
          2.1892726,
          41.3858392
        ]
      },
      "properties": {
        "id": "osm-n-5658941923",
        "category": "water",
        "name": "Ajuntament de Barcelona",
        "wheelchair": null,
        "fee": "no",
        "opening_hours": null,
        "source": "osm"
      }
    },
    {
      "type": "Feature",
      "geometry": {
        "type": "Point",
        "coordinates": [
          2.1908843,
          41.387416
        ]
      },
      "properties": {
        "id": "osm-n-5658954221",
        "category": "water",
        "name": "Ajuntament de Barcelona",
        "wheelchair": null,
        "fee": "no",
        "opening_hours": null,
        "source": "osm"
      }
    },
    {
      "type": "Feature",
      "geometry": {
        "type": "Point",
        "coordinates": [
          2.1919468,
          41.4089196
        ]
      },
      "properties": {
        "id": "osm-n-5688170251",
        "category": "aed",
        "name": "Aed",
        "wheelchair": "yes",
        "fee": null,
        "opening_hours": null,
        "source": "osm"
      }
    },
    {
      "type": "Feature",
      "geometry": {
        "type": "Point",
        "coordinates": [
          2.2274915,
          41.4230466
        ]
      },
      "properties": {
        "id": "osm-n-5688186383",
        "category": "info",
        "name": "Ronda Verda - Sector Bes\u00f2s",
        "wheelchair": null,
        "fee": null,
        "opening_hours": null,
        "source": "osm"
      }
    },
    {
      "type": "Feature",
      "geometry": {
        "type": "Point",
        "coordinates": [
          2.2273801,
          41.4232642
        ]
      },
      "properties": {
        "id": "osm-n-5688186384",
        "category": "info",
        "name": "Info",
        "wheelchair": null,
        "fee": null,
        "opening_hours": null,
        "source": "osm"
      }
    },
    {
      "type": "Feature",
      "geometry": {
        "type": "Point",
        "coordinates": [
          2.2303587,
          41.4219977
        ]
      },
      "properties": {
        "id": "osm-n-5688186385",
        "category": "info",
        "name": "Info",
        "wheelchair": null,
        "fee": null,
        "opening_hours": null,
        "source": "osm"
      }
    },
    {
      "type": "Feature",
      "geometry": {
        "type": "Point",
        "coordinates": [
          2.2015857,
          41.4079553
        ]
      },
      "properties": {
        "id": "osm-n-5688195561",
        "category": "info",
        "name": "Pere IV Passatge Major de Poblenou",
        "wheelchair": null,
        "fee": null,
        "opening_hours": null,
        "source": "osm"
      }
    },
    {
      "type": "Feature",
      "geometry": {
        "type": "Point",
        "coordinates": [
          2.2213727,
          41.4134039
        ]
      },
      "properties": {
        "id": "osm-n-5715990966",
        "category": "info",
        "name": "Info",
        "wheelchair": null,
        "fee": null,
        "opening_hours": null,
        "source": "osm"
      }
    },
    {
      "type": "Feature",
      "geometry": {
        "type": "Point",
        "coordinates": [
          2.1836422,
          41.407741
        ]
      },
      "properties": {
        "id": "osm-n-5717135521",
        "category": "water",
        "name": "Ajuntament de Barcelona",
        "wheelchair": null,
        "fee": "no",
        "opening_hours": null,
        "source": "osm"
      }
    },
    {
      "type": "Feature",
      "geometry": {
        "type": "Point",
        "coordinates": [
          2.1815188,
          41.4116649
        ]
      },
      "properties": {
        "id": "osm-n-5717969424",
        "category": "water",
        "name": "Ajuntament de Barcelona",
        "wheelchair": null,
        "fee": "no",
        "opening_hours": null,
        "source": "osm"
      }
    },
    {
      "type": "Feature",
      "geometry": {
        "type": "Point",
        "coordinates": [
          2.2193724,
          41.4441956
        ]
      },
      "properties": {
        "id": "osm-n-5760916070",
        "category": "aed",
        "name": "Aed",
        "wheelchair": null,
        "fee": null,
        "opening_hours": null,
        "source": "osm"
      }
    },
    {
      "type": "Feature",
      "geometry": {
        "type": "Point",
        "coordinates": [
          2.1881907,
          41.4023662
        ]
      },
      "properties": {
        "id": "osm-n-5773396635",
        "category": "aed",
        "name": "Museu del Diseny. Ajuntament de Barcelona",
        "wheelchair": "yes",
        "fee": null,
        "opening_hours": null,
        "source": "osm"
      }
    },
    {
      "type": "Feature",
      "geometry": {
        "type": "Point",
        "coordinates": [
          2.1911269,
          41.4003931
        ]
      },
      "properties": {
        "id": "osm-n-5787388645",
        "category": "aed",
        "name": "Aed",
        "wheelchair": null,
        "fee": null,
        "opening_hours": null,
        "source": "osm"
      }
    },
    {
      "type": "Feature",
      "geometry": {
        "type": "Point",
        "coordinates": [
          2.1835174,
          41.4139188
        ]
      },
      "properties": {
        "id": "osm-n-5790147053",
        "category": "water",
        "name": "Ajuntament de Barcelona",
        "wheelchair": null,
        "fee": "no",
        "opening_hours": null,
        "source": "osm"
      }
    },
    {
      "type": "Feature",
      "geometry": {
        "type": "Point",
        "coordinates": [
          2.2006018,
          41.4062598
        ]
      },
      "properties": {
        "id": "osm-n-5801844575",
        "category": "parking",
        "name": "Parking",
        "wheelchair": null,
        "fee": "yes",
        "opening_hours": null,
        "source": "osm"
      }
    },
    {
      "type": "Feature",
      "geometry": {
        "type": "Point",
        "coordinates": [
          2.1911669,
          41.4359727
        ]
      },
      "properties": {
        "id": "osm-n-5820816956",
        "category": "water",
        "name": "Ajuntament de Barcelona",
        "wheelchair": null,
        "fee": "no",
        "opening_hours": null,
        "source": "osm"
      }
    },
    {
      "type": "Feature",
      "geometry": {
        "type": "Point",
        "coordinates": [
          2.1981955,
          41.4396013
        ]
      },
      "properties": {
        "id": "osm-n-5834511057",
        "category": "cafe",
        "name": "Yogurter\u00eda Danone",
        "wheelchair": null,
        "fee": null,
        "opening_hours": null,
        "source": "osm"
      }
    },
    {
      "type": "Feature",
      "geometry": {
        "type": "Point",
        "coordinates": [
          2.1976027,
          41.4399109
        ]
      },
      "properties": {
        "id": "osm-n-5834511058",
        "category": "cafe",
        "name": "Starbucks",
        "wheelchair": null,
        "fee": null,
        "opening_hours": null,
        "source": "osm"
      }
    },
    {
      "type": "Feature",
      "geometry": {
        "type": "Point",
        "coordinates": [
          2.1975625,
          41.4396838
        ]
      },
      "properties": {
        "id": "osm-n-5834511342",
        "category": "info",
        "name": "Prensa Gratis",
        "wheelchair": null,
        "fee": null,
        "opening_hours": null,
        "source": "osm"
      }
    },
    {
      "type": "Feature",
      "geometry": {
        "type": "Point",
        "coordinates": [
          2.1977261,
          41.4405443
        ]
      },
      "properties": {
        "id": "osm-n-5834511357",
        "category": "info",
        "name": "Info",
        "wheelchair": null,
        "fee": null,
        "opening_hours": null,
        "source": "osm"
      }
    },
    {
      "type": "Feature",
      "geometry": {
        "type": "Point",
        "coordinates": [
          2.198351,
          41.4417306
        ]
      },
      "properties": {
        "id": "osm-n-5834511366",
        "category": "cafe",
        "name": "Enrique Tom\u00e1s",
        "wheelchair": null,
        "fee": null,
        "opening_hours": null,
        "source": "osm"
      }
    },
    {
      "type": "Feature",
      "geometry": {
        "type": "Point",
        "coordinates": [
          2.1964325,
          41.3910144
        ]
      },
      "properties": {
        "id": "osm-n-5863134138",
        "category": "charging",
        "name": "Charging",
        "wheelchair": null,
        "fee": null,
        "opening_hours": null,
        "source": "osm"
      }
    },
    {
      "type": "Feature",
      "geometry": {
        "type": "Point",
        "coordinates": [
          2.1770548,
          41.4039916
        ]
      },
      "properties": {
        "id": "osm-n-5880539485",
        "category": "cafe",
        "name": "Cafe",
        "wheelchair": "limited",
        "fee": null,
        "opening_hours": null,
        "source": "osm"
      }
    },
    {
      "type": "Feature",
      "geometry": {
        "type": "Point",
        "coordinates": [
          2.2069591,
          41.4168139
        ]
      },
      "properties": {
        "id": "osm-n-5890439228",
        "category": "cafe",
        "name": "Bar Cafeteria Capitan",
        "wheelchair": null,
        "fee": null,
        "opening_hours": null,
        "source": "osm"
      }
    },
    {
      "type": "Feature",
      "geometry": {
        "type": "Point",
        "coordinates": [
          2.172473,
          41.4145451
        ]
      },
      "properties": {
        "id": "osm-n-5891494517",
        "category": "charging",
        "name": "Endolla Barcelona",
        "wheelchair": null,
        "fee": "yes",
        "opening_hours": null,
        "source": "osm"
      }
    },
    {
      "type": "Feature",
      "geometry": {
        "type": "Point",
        "coordinates": [
          2.1746227,
          41.4108756
        ]
      },
      "properties": {
        "id": "osm-n-5891504462",
        "category": "charging",
        "name": "BSM",
        "wheelchair": null,
        "fee": null,
        "opening_hours": null,
        "source": "osm"
      }
    },
    {
      "type": "Feature",
      "geometry": {
        "type": "Point",
        "coordinates": [
          2.1855239,
          41.4080976
        ]
      },
      "properties": {
        "id": "osm-n-5892441486",
        "category": "cafe",
        "name": "The Catalan Sandwich",
        "wheelchair": null,
        "fee": null,
        "opening_hours": null,
        "source": "osm"
      }
    },
    {
      "type": "Feature",
      "geometry": {
        "type": "Point",
        "coordinates": [
          2.2301283,
          41.4248009
        ]
      },
      "properties": {
        "id": "osm-n-5918101199",
        "category": "shop",
        "name": "Petit Super",
        "wheelchair": null,
        "fee": null,
        "opening_hours": null,
        "source": "osm"
      }
    },
    {
      "type": "Feature",
      "geometry": {
        "type": "Point",
        "coordinates": [
          2.2257072,
          41.4269955
        ]
      },
      "properties": {
        "id": "osm-n-5918325687",
        "category": "shop",
        "name": "Trady's supermercats",
        "wheelchair": null,
        "fee": null,
        "opening_hours": null,
        "source": "osm"
      }
    },
    {
      "type": "Feature",
      "geometry": {
        "type": "Point",
        "coordinates": [
          2.2227098,
          41.4253634
        ]
      },
      "properties": {
        "id": "osm-n-5920479085",
        "category": "water",
        "name": "Water",
        "wheelchair": null,
        "fee": null,
        "opening_hours": null,
        "source": "osm"
      }
    },
    {
      "type": "Feature",
      "geometry": {
        "type": "Point",
        "coordinates": [
          2.2163709,
          41.438074
        ]
      },
      "properties": {
        "id": "osm-n-5937662800",
        "category": "water",
        "name": "Water",
        "wheelchair": null,
        "fee": null,
        "opening_hours": null,
        "source": "osm"
      }
    },
    {
      "type": "Feature",
      "geometry": {
        "type": "Point",
        "coordinates": [
          2.2171422,
          41.4406264
        ]
      },
      "properties": {
        "id": "osm-n-5937662811",
        "category": "water",
        "name": "Water",
        "wheelchair": null,
        "fee": null,
        "opening_hours": null,
        "source": "osm"
      }
    },
    {
      "type": "Feature",
      "geometry": {
        "type": "Point",
        "coordinates": [
          2.2164339,
          41.4394359
        ]
      },
      "properties": {
        "id": "osm-n-5937662821",
        "category": "parking",
        "name": "Parking",
        "wheelchair": null,
        "fee": null,
        "opening_hours": null,
        "source": "osm"
      }
    },
    {
      "type": "Feature",
      "geometry": {
        "type": "Point",
        "coordinates": [
          2.2284913,
          41.4212553
        ]
      },
      "properties": {
        "id": "osm-n-5958557185",
        "category": "info",
        "name": "Info",
        "wheelchair": null,
        "fee": null,
        "opening_hours": null,
        "source": "osm"
      }
    },
    {
      "type": "Feature",
      "geometry": {
        "type": "Point",
        "coordinates": [
          2.2303643,
          41.4233345
        ]
      },
      "properties": {
        "id": "osm-n-5958557186",
        "category": "info",
        "name": "Info",
        "wheelchair": null,
        "fee": null,
        "opening_hours": null,
        "source": "osm"
      }
    },
    {
      "type": "Feature",
      "geometry": {
        "type": "Point",
        "coordinates": [
          2.2303106,
          41.4233525
        ]
      },
      "properties": {
        "id": "osm-n-5958557187",
        "category": "info",
        "name": "Ronda Verda - Sector Bes\u00f2s",
        "wheelchair": null,
        "fee": null,
        "opening_hours": null,
        "source": "osm"
      }
    },
    {
      "type": "Feature",
      "geometry": {
        "type": "Point",
        "coordinates": [
          2.1908866,
          41.4121287
        ]
      },
      "properties": {
        "id": "osm-n-5958681586",
        "category": "water",
        "name": "Ajuntament de Barcelona",
        "wheelchair": null,
        "fee": "no",
        "opening_hours": null,
        "source": "osm"
      }
    },
    {
      "type": "Feature",
      "geometry": {
        "type": "Point",
        "coordinates": [
          2.1951713,
          41.3959059
        ]
      },
      "properties": {
        "id": "osm-n-5971679485",
        "category": "water",
        "name": "Ajuntament de Barcelona",
        "wheelchair": null,
        "fee": "no",
        "opening_hours": null,
        "source": "osm"
      }
    },
    {
      "type": "Feature",
      "geometry": {
        "type": "Point",
        "coordinates": [
          2.1911253,
          41.4368817
        ]
      },
      "properties": {
        "id": "osm-n-6002183386",
        "category": "charging",
        "name": "Charging",
        "wheelchair": null,
        "fee": null,
        "opening_hours": null,
        "source": "osm"
      }
    },
    {
      "type": "Feature",
      "geometry": {
        "type": "Point",
        "coordinates": [
          2.1892763,
          41.4375933
        ]
      },
      "properties": {
        "id": "osm-n-6002298976",
        "category": "water",
        "name": "Ajuntament de Barcelona",
        "wheelchair": null,
        "fee": "no",
        "opening_hours": null,
        "source": "osm"
      }
    },
    {
      "type": "Feature",
      "geometry": {
        "type": "Point",
        "coordinates": [
          2.225372,
          41.4412637
        ]
      },
      "properties": {
        "id": "osm-n-6010958534",
        "category": "shop",
        "name": "M. Ali. Cash y Carry SL",
        "wheelchair": "no",
        "fee": null,
        "opening_hours": null,
        "source": "osm"
      }
    },
    {
      "type": "Feature",
      "geometry": {
        "type": "Point",
        "coordinates": [
          2.2185056,
          41.4343632
        ]
      },
      "properties": {
        "id": "osm-n-6010958543",
        "category": "cafe",
        "name": "La Ca\u00f1a",
        "wheelchair": "yes",
        "fee": null,
        "opening_hours": "Mo-Su 06:00-22:00; PH closed",
        "source": "osm"
      }
    },
    {
      "type": "Feature",
      "geometry": {
        "type": "Point",
        "coordinates": [
          2.1841734,
          41.4102302
        ]
      },
      "properties": {
        "id": "osm-n-6051214647",
        "category": "parking",
        "name": "GRATSA",
        "wheelchair": null,
        "fee": "yes",
        "opening_hours": null,
        "source": "osm"
      }
    },
    {
      "type": "Feature",
      "geometry": {
        "type": "Point",
        "coordinates": [
          2.1863564,
          41.4086066
        ]
      },
      "properties": {
        "id": "osm-n-6052524190",
        "category": "cafe",
        "name": "Pa Ci\u00e8ncia",
        "wheelchair": "yes",
        "fee": null,
        "opening_hours": null,
        "source": "osm"
      }
    },
    {
      "type": "Feature",
      "geometry": {
        "type": "Point",
        "coordinates": [
          2.1863848,
          41.4087137
        ]
      },
      "properties": {
        "id": "osm-n-6052524191",
        "category": "cafe",
        "name": "Frankfurt Punt de trobada",
        "wheelchair": null,
        "fee": null,
        "opening_hours": null,
        "source": "osm"
      }
    },
    {
      "type": "Feature",
      "geometry": {
        "type": "Point",
        "coordinates": [
          2.1859376,
          41.4087306
        ]
      },
      "properties": {
        "id": "osm-n-6052525687",
        "category": "cafe",
        "name": "Caracas",
        "wheelchair": null,
        "fee": null,
        "opening_hours": null,
        "source": "osm"
      }
    },
    {
      "type": "Feature",
      "geometry": {
        "type": "Point",
        "coordinates": [
          2.1851737,
          41.3856816
        ]
      },
      "properties": {
        "id": "osm-n-6053050067",
        "category": "cafe",
        "name": "Alsur",
        "wheelchair": null,
        "fee": null,
        "opening_hours": "Mo-We,Su 09:00-21:00; Th-Sa 09:00-22:30",
        "source": "osm"
      }
    },
    {
      "type": "Feature",
      "geometry": {
        "type": "Point",
        "coordinates": [
          2.2051781,
          41.4006443
        ]
      },
      "properties": {
        "id": "osm-n-6053299749",
        "category": "water",
        "name": "Ajuntament de Barcelona",
        "wheelchair": null,
        "fee": "no",
        "opening_hours": null,
        "source": "osm"
      }
    },
    {
      "type": "Feature",
      "geometry": {
        "type": "Point",
        "coordinates": [
          2.1855635,
          41.4259415
        ]
      },
      "properties": {
        "id": "osm-n-6061526303",
        "category": "clinic",
        "name": "Espai Salut DKV",
        "wheelchair": null,
        "fee": null,
        "opening_hours": null,
        "source": "osm"
      }
    },
    {
      "type": "Feature",
      "geometry": {
        "type": "Point",
        "coordinates": [
          2.2191989,
          41.4451658
        ]
      },
      "properties": {
        "id": "osm-n-6066258247",
        "category": "shop",
        "name": "Autoservei",
        "wheelchair": "no",
        "fee": null,
        "opening_hours": null,
        "source": "osm"
      }
    },
    {
      "type": "Feature",
      "geometry": {
        "type": "Point",
        "coordinates": [
          2.2207438,
          41.4456666
        ]
      },
      "properties": {
        "id": "osm-n-6066258251",
        "category": "shop",
        "name": "Shop",
        "wheelchair": "no",
        "fee": null,
        "opening_hours": null,
        "source": "osm"
      }
    },
    {
      "type": "Feature",
      "geometry": {
        "type": "Point",
        "coordinates": [
          2.2223452,
          41.445035
        ]
      },
      "properties": {
        "id": "osm-n-6066258260",
        "category": "shop",
        "name": "Merey Pan",
        "wheelchair": "limited",
        "fee": null,
        "opening_hours": null,
        "source": "osm"
      }
    },
    {
      "type": "Feature",
      "geometry": {
        "type": "Point",
        "coordinates": [
          2.1876767,
          41.4071096
        ]
      },
      "properties": {
        "id": "osm-n-6093942018",
        "category": "shop",
        "name": "J. Solans",
        "wheelchair": "yes",
        "fee": null,
        "opening_hours": null,
        "source": "osm"
      }
    },
    {
      "type": "Feature",
      "geometry": {
        "type": "Point",
        "coordinates": [
          2.1874651,
          41.4071645
        ]
      },
      "properties": {
        "id": "osm-n-6093944885",
        "category": "shop",
        "name": "Naim",
        "wheelchair": null,
        "fee": null,
        "opening_hours": null,
        "source": "osm"
      }
    },
    {
      "type": "Feature",
      "geometry": {
        "type": "Point",
        "coordinates": [
          2.1758043,
          41.3971142
        ]
      },
      "properties": {
        "id": "osm-n-6101403366",
        "category": "shop",
        "name": "Diputaci\u00f3",
        "wheelchair": null,
        "fee": null,
        "opening_hours": null,
        "source": "osm"
      }
    },
    {
      "type": "Feature",
      "geometry": {
        "type": "Point",
        "coordinates": [
          2.1782798,
          41.398694
        ]
      },
      "properties": {
        "id": "osm-n-6101403370",
        "category": "shop",
        "name": "Barcelona",
        "wheelchair": "yes",
        "fee": null,
        "opening_hours": "24/7",
        "source": "osm"
      }
    },
    {
      "type": "Feature",
      "geometry": {
        "type": "Point",
        "coordinates": [
          2.1973671,
          41.4020955
        ]
      },
      "properties": {
        "id": "osm-n-6111551186",
        "category": "cafe",
        "name": "Little Fern",
        "wheelchair": null,
        "fee": null,
        "opening_hours": null,
        "source": "osm"
      }
    },
    {
      "type": "Feature",
      "geometry": {
        "type": "Point",
        "coordinates": [
          2.1843839,
          41.4095127
        ]
      },
      "properties": {
        "id": "osm-n-6113060482",
        "category": "cafe",
        "name": "Creps Clot",
        "wheelchair": null,
        "fee": null,
        "opening_hours": null,
        "source": "osm"
      }
    },
    {
      "type": "Feature",
      "geometry": {
        "type": "Point",
        "coordinates": [
          2.1863598,
          41.4084129
        ]
      },
      "properties": {
        "id": "osm-n-6122183724",
        "category": "shop",
        "name": "Super Clot",
        "wheelchair": null,
        "fee": null,
        "opening_hours": "24/7",
        "source": "osm"
      }
    },
    {
      "type": "Feature",
      "geometry": {
        "type": "Point",
        "coordinates": [
          2.1857604,
          41.407557
        ]
      },
      "properties": {
        "id": "osm-n-6122393579",
        "category": "shop",
        "name": "Supermarket",
        "wheelchair": null,
        "fee": null,
        "opening_hours": null,
        "source": "osm"
      }
    },
    {
      "type": "Feature",
      "geometry": {
        "type": "Point",
        "coordinates": [
          2.1873726,
          41.4082721
        ]
      },
      "properties": {
        "id": "osm-n-6125393737",
        "category": "shop",
        "name": "Mini Mercado",
        "wheelchair": null,
        "fee": null,
        "opening_hours": null,
        "source": "osm"
      }
    },
    {
      "type": "Feature",
      "geometry": {
        "type": "Point",
        "coordinates": [
          2.1829143,
          41.4075751
        ]
      },
      "properties": {
        "id": "osm-n-6125429034",
        "category": "shop",
        "name": "Tasfia",
        "wheelchair": null,
        "fee": null,
        "opening_hours": null,
        "source": "osm"
      }
    },
    {
      "type": "Feature",
      "geometry": {
        "type": "Point",
        "coordinates": [
          2.1833333,
          41.4062475
        ]
      },
      "properties": {
        "id": "osm-n-6125478781",
        "category": "shop",
        "name": "Lucky's",
        "wheelchair": null,
        "fee": null,
        "opening_hours": null,
        "source": "osm"
      }
    },
    {
      "type": "Feature",
      "geometry": {
        "type": "Point",
        "coordinates": [
          2.1944456,
          41.3989667
        ]
      },
      "properties": {
        "id": "osm-n-6138906896",
        "category": "cafe",
        "name": "Poblenou Roasting Company",
        "wheelchair": null,
        "fee": null,
        "opening_hours": null,
        "source": "osm"
      }
    },
    {
      "type": "Feature",
      "geometry": {
        "type": "Point",
        "coordinates": [
          2.1766545,
          41.4012924
        ]
      },
      "properties": {
        "id": "osm-n-6181425077",
        "category": "shop",
        "name": "Shop",
        "wheelchair": null,
        "fee": null,
        "opening_hours": null,
        "source": "osm"
      }
    },
    {
      "type": "Feature",
      "geometry": {
        "type": "Point",
        "coordinates": [
          2.1835056,
          41.4022354
        ]
      },
      "properties": {
        "id": "osm-n-6181434656",
        "category": "shop",
        "name": "Shop",
        "wheelchair": null,
        "fee": null,
        "opening_hours": null,
        "source": "osm"
      }
    },
    {
      "type": "Feature",
      "geometry": {
        "type": "Point",
        "coordinates": [
          2.1846694,
          41.4011237
        ]
      },
      "properties": {
        "id": "osm-n-6181435256",
        "category": "shop",
        "name": "Shop",
        "wheelchair": null,
        "fee": null,
        "opening_hours": null,
        "source": "osm"
      }
    },
    {
      "type": "Feature",
      "geometry": {
        "type": "Point",
        "coordinates": [
          2.1745805,
          41.4069489
        ]
      },
      "properties": {
        "id": "osm-n-6183340487",
        "category": "cafe",
        "name": "Santagloria",
        "wheelchair": "yes",
        "fee": null,
        "opening_hours": null,
        "source": "osm"
      }
    },
    {
      "type": "Feature",
      "geometry": {
        "type": "Point",
        "coordinates": [
          2.200645,
          41.4060191
        ]
      },
      "properties": {
        "id": "osm-n-6184425628",
        "category": "parking",
        "name": "Apk2 Meli\u00e0 - Sky",
        "wheelchair": null,
        "fee": "yes",
        "opening_hours": null,
        "source": "osm"
      }
    },
    {
      "type": "Feature",
      "geometry": {
        "type": "Point",
        "coordinates": [
          2.1804927,
          41.3917648
        ]
      },
      "properties": {
        "id": "osm-n-6188916635",
        "category": "shop",
        "name": "Shop",
        "wheelchair": null,
        "fee": null,
        "opening_hours": null,
        "source": "osm"
      }
    },
    {
      "type": "Feature",
      "geometry": {
        "type": "Point",
        "coordinates": [
          2.1756449,
          41.4099771
        ]
      },
      "properties": {
        "id": "osm-n-6216759046",
        "category": "cafe",
        "name": "L\u00ednia Blanca",
        "wheelchair": null,
        "fee": null,
        "opening_hours": null,
        "source": "osm"
      }
    },
    {
      "type": "Feature",
      "geometry": {
        "type": "Point",
        "coordinates": [
          2.1962372,
          41.4196327
        ]
      },
      "properties": {
        "id": "osm-n-6251142517",
        "category": "parking",
        "name": "Parking",
        "wheelchair": null,
        "fee": "yes",
        "opening_hours": null,
        "source": "osm"
      }
    },
    {
      "type": "Feature",
      "geometry": {
        "type": "Point",
        "coordinates": [
          2.2003231,
          41.3965963
        ]
      },
      "properties": {
        "id": "osm-n-6273962858",
        "category": "charging",
        "name": "Charging",
        "wheelchair": null,
        "fee": null,
        "opening_hours": null,
        "source": "osm"
      }
    },
    {
      "type": "Feature",
      "geometry": {
        "type": "Point",
        "coordinates": [
          2.1773882,
          41.4067698
        ]
      },
      "properties": {
        "id": "osm-n-6321588561",
        "category": "shop",
        "name": "Granel",
        "wheelchair": null,
        "fee": null,
        "opening_hours": null,
        "source": "osm"
      }
    },
    {
      "type": "Feature",
      "geometry": {
        "type": "Point",
        "coordinates": [
          2.2302351,
          41.4368158
        ]
      },
      "properties": {
        "id": "osm-n-6353347390",
        "category": "water",
        "name": "Water",
        "wheelchair": null,
        "fee": null,
        "opening_hours": null,
        "source": "osm"
      }
    },
    {
      "type": "Feature",
      "geometry": {
        "type": "Point",
        "coordinates": [
          2.1912088,
          41.4037577
        ]
      },
      "properties": {
        "id": "osm-n-6364500992",
        "category": "aed",
        "name": "Aed",
        "wheelchair": null,
        "fee": null,
        "opening_hours": null,
        "source": "osm"
      }
    },
    {
      "type": "Feature",
      "geometry": {
        "type": "Point",
        "coordinates": [
          2.1739831,
          41.4110539
        ]
      },
      "properties": {
        "id": "osm-n-6364550856",
        "category": "cafe",
        "name": "365",
        "wheelchair": null,
        "fee": null,
        "opening_hours": "Mo-Su 08:00-22:00+",
        "source": "osm"
      }
    },
    {
      "type": "Feature",
      "geometry": {
        "type": "Point",
        "coordinates": [
          2.183147,
          41.397233
        ]
      },
      "properties": {
        "id": "osm-n-6371980485",
        "category": "cafe",
        "name": "Three Marks Coffee",
        "wheelchair": "limited",
        "fee": null,
        "opening_hours": "Mo-Fr 08:30-16:00; Sa-Su 09:30-17:00",
        "source": "osm"
      }
    },
    {
      "type": "Feature",
      "geometry": {
        "type": "Point",
        "coordinates": [
          2.1757602,
          41.4163227
        ]
      },
      "properties": {
        "id": "osm-n-6387470290",
        "category": "water",
        "name": "Ajuntament de Barcelona",
        "wheelchair": null,
        "fee": "no",
        "opening_hours": null,
        "source": "osm"
      }
    },
    {
      "type": "Feature",
      "geometry": {
        "type": "Point",
        "coordinates": [
          2.1909083,
          41.3902138
        ]
      },
      "properties": {
        "id": "osm-n-6400682245",
        "category": "cafe",
        "name": "El Caf\u00e8 de la Pompeu",
        "wheelchair": null,
        "fee": null,
        "opening_hours": null,
        "source": "osm"
      }
    },
    {
      "type": "Feature",
      "geometry": {
        "type": "Point",
        "coordinates": [
          2.1803482,
          41.423627
        ]
      },
      "properties": {
        "id": "osm-n-6404029585",
        "category": "cafe",
        "name": "Cal Enr\u00edc",
        "wheelchair": null,
        "fee": null,
        "opening_hours": null,
        "source": "osm"
      }
    },
    {
      "type": "Feature",
      "geometry": {
        "type": "Point",
        "coordinates": [
          2.1868759,
          41.4061604
        ]
      },
      "properties": {
        "id": "osm-n-6420370487",
        "category": "water",
        "name": "Ajuntament de Barcelona",
        "wheelchair": null,
        "fee": "no",
        "opening_hours": null,
        "source": "osm"
      }
    },
    {
      "type": "Feature",
      "geometry": {
        "type": "Point",
        "coordinates": [
          2.1869051,
          41.4074952
        ]
      },
      "properties": {
        "id": "osm-n-6420370489",
        "category": "water",
        "name": "Ajuntament de Barcelona",
        "wheelchair": null,
        "fee": "no",
        "opening_hours": null,
        "source": "osm"
      }
    },
    {
      "type": "Feature",
      "geometry": {
        "type": "Point",
        "coordinates": [
          2.1779954,
          41.4236457
        ]
      },
      "properties": {
        "id": "osm-n-6420556871",
        "category": "water",
        "name": "Ajuntament de Barcelona",
        "wheelchair": null,
        "fee": "no",
        "opening_hours": null,
        "source": "osm"
      }
    },
    {
      "type": "Feature",
      "geometry": {
        "type": "Point",
        "coordinates": [
          2.1808282,
          41.4177763
        ]
      },
      "properties": {
        "id": "osm-n-6420565897",
        "category": "water",
        "name": "Ajuntament de Barcelona",
        "wheelchair": null,
        "fee": "no",
        "opening_hours": null,
        "source": "osm"
      }
    },
    {
      "type": "Feature",
      "geometry": {
        "type": "Point",
        "coordinates": [
          2.220218,
          41.4451127
        ]
      },
      "properties": {
        "id": "osm-n-6434260826",
        "category": "shop",
        "name": "Supermercat Kundon",
        "wheelchair": null,
        "fee": null,
        "opening_hours": null,
        "source": "osm"
      }
    },
    {
      "type": "Feature",
      "geometry": {
        "type": "Point",
        "coordinates": [
          2.2113705,
          41.3983214
        ]
      },
      "properties": {
        "id": "osm-n-6444894425",
        "category": "info",
        "name": "Ronda Verda - Sector Front Mar\u00edtim",
        "wheelchair": null,
        "fee": null,
        "opening_hours": null,
        "source": "osm"
      }
    },
    {
      "type": "Feature",
      "geometry": {
        "type": "Point",
        "coordinates": [
          2.2218578,
          41.4392718
        ]
      },
      "properties": {
        "id": "osm-n-6479004362",
        "category": "cafe",
        "name": "Vallespan",
        "wheelchair": null,
        "fee": null,
        "opening_hours": null,
        "source": "osm"
      }
    },
    {
      "type": "Feature",
      "geometry": {
        "type": "Point",
        "coordinates": [
          2.2213448,
          41.4235337
        ]
      },
      "properties": {
        "id": "osm-n-6499951334",
        "category": "parking",
        "name": "Parking",
        "wheelchair": null,
        "fee": null,
        "opening_hours": null,
        "source": "osm"
      }
    },
    {
      "type": "Feature",
      "geometry": {
        "type": "Point",
        "coordinates": [
          2.2200059,
          41.4245546
        ]
      },
      "properties": {
        "id": "osm-n-6499951335",
        "category": "parking",
        "name": "Parking",
        "wheelchair": null,
        "fee": null,
        "opening_hours": null,
        "source": "osm"
      }
    },
    {
      "type": "Feature",
      "geometry": {
        "type": "Point",
        "coordinates": [
          2.2285031,
          41.439316
        ]
      },
      "properties": {
        "id": "osm-n-6501200795",
        "category": "cafe",
        "name": "MDL",
        "wheelchair": null,
        "fee": null,
        "opening_hours": null,
        "source": "osm"
      }
    },
    {
      "type": "Feature",
      "geometry": {
        "type": "Point",
        "coordinates": [
          2.1901005,
          41.4003684
        ]
      },
      "properties": {
        "id": "osm-n-6532239887",
        "category": "shop",
        "name": "David",
        "wheelchair": null,
        "fee": null,
        "opening_hours": null,
        "source": "osm"
      }
    },
    {
      "type": "Feature",
      "geometry": {
        "type": "Point",
        "coordinates": [
          2.2003294,
          41.4053616
        ]
      },
      "properties": {
        "id": "osm-n-6532297485",
        "category": "cafe",
        "name": "Suzanne",
        "wheelchair": null,
        "fee": null,
        "opening_hours": null,
        "source": "osm"
      }
    },
    {
      "type": "Feature",
      "geometry": {
        "type": "Point",
        "coordinates": [
          2.201252,
          41.4047113
        ]
      },
      "properties": {
        "id": "osm-n-6532297486",
        "category": "cafe",
        "name": "Vivari",
        "wheelchair": null,
        "fee": null,
        "opening_hours": null,
        "source": "osm"
      }
    },
    {
      "type": "Feature",
      "geometry": {
        "type": "Point",
        "coordinates": [
          2.1995456,
          41.4048149
        ]
      },
      "properties": {
        "id": "osm-n-6535101785",
        "category": "cafe",
        "name": "Monsieur Bosc",
        "wheelchair": null,
        "fee": null,
        "opening_hours": null,
        "source": "osm"
      }
    },
    {
      "type": "Feature",
      "geometry": {
        "type": "Point",
        "coordinates": [
          2.1913121,
          41.3909925
        ]
      },
      "properties": {
        "id": "osm-n-6537967422",
        "category": "shop",
        "name": "Bon Supermercat",
        "wheelchair": null,
        "fee": null,
        "opening_hours": null,
        "source": "osm"
      }
    },
    {
      "type": "Feature",
      "geometry": {
        "type": "Point",
        "coordinates": [
          2.1885988,
          41.3929076
        ]
      },
      "properties": {
        "id": "osm-n-6538030943",
        "category": "shop",
        "name": "M.M Supermercat",
        "wheelchair": null,
        "fee": null,
        "opening_hours": "24/7",
        "source": "osm"
      }
    },
    {
      "type": "Feature",
      "geometry": {
        "type": "Point",
        "coordinates": [
          2.184103,
          41.3897255
        ]
      },
      "properties": {
        "id": "osm-n-6538034098",
        "category": "shop",
        "name": "Bon Supermercat",
        "wheelchair": null,
        "fee": null,
        "opening_hours": null,
        "source": "osm"
      }
    },
    {
      "type": "Feature",
      "geometry": {
        "type": "Point",
        "coordinates": [
          2.1908654,
          41.392151
        ]
      },
      "properties": {
        "id": "osm-n-6538040896",
        "category": "shop",
        "name": "Marina Parc",
        "wheelchair": null,
        "fee": null,
        "opening_hours": "24/7",
        "source": "osm"
      }
    },
    {
      "type": "Feature",
      "geometry": {
        "type": "Point",
        "coordinates": [
          2.1877886,
          41.4015544
        ]
      },
      "properties": {
        "id": "osm-n-6554618085",
        "category": "water",
        "name": "Ajuntament de Barcelona",
        "wheelchair": null,
        "fee": "no",
        "opening_hours": null,
        "source": "osm"
      }
    },
    {
      "type": "Feature",
      "geometry": {
        "type": "Point",
        "coordinates": [
          2.2112577,
          41.4451032
        ]
      },
      "properties": {
        "id": "osm-n-6569396803",
        "category": "charging",
        "name": "Ajuntament de Santa Coloma de Gramenet",
        "wheelchair": null,
        "fee": null,
        "opening_hours": null,
        "source": "osm"
      }
    },
    {
      "type": "Feature",
      "geometry": {
        "type": "Point",
        "coordinates": [
          2.1883527,
          41.4010388
        ]
      },
      "properties": {
        "id": "osm-n-6576045085",
        "category": "shop",
        "name": "Alimentaci\u00f3 Escribano",
        "wheelchair": null,
        "fee": null,
        "opening_hours": "Mo-Sa 07:45-15:00, 17:00-21:00",
        "source": "osm"
      }
    },
    {
      "type": "Feature",
      "geometry": {
        "type": "Point",
        "coordinates": [
          2.1921041,
          41.4077053
        ]
      },
      "properties": {
        "id": "osm-n-6579626787",
        "category": "cafe",
        "name": "Gloria bean's coffee",
        "wheelchair": null,
        "fee": null,
        "opening_hours": null,
        "source": "osm"
      }
    },
    {
      "type": "Feature",
      "geometry": {
        "type": "Point",
        "coordinates": [
          2.1907209,
          41.4066509
        ]
      },
      "properties": {
        "id": "osm-n-6579626985",
        "category": "cafe",
        "name": "Carlu",
        "wheelchair": null,
        "fee": null,
        "opening_hours": null,
        "source": "osm"
      }
    },
    {
      "type": "Feature",
      "geometry": {
        "type": "Point",
        "coordinates": [
          2.204883,
          41.4000938
        ]
      },
      "properties": {
        "id": "osm-n-6634324693",
        "category": "shop",
        "name": "Grocery Store",
        "wheelchair": null,
        "fee": null,
        "opening_hours": null,
        "source": "osm"
      }
    },
    {
      "type": "Feature",
      "geometry": {
        "type": "Point",
        "coordinates": [
          2.1857745,
          41.3926249
        ]
      },
      "properties": {
        "id": "osm-n-6641746885",
        "category": "cafe",
        "name": "Orval",
        "wheelchair": null,
        "fee": null,
        "opening_hours": null,
        "source": "osm"
      }
    },
    {
      "type": "Feature",
      "geometry": {
        "type": "Point",
        "coordinates": [
          2.187718,
          41.3858117
        ]
      },
      "properties": {
        "id": "osm-n-6680687875",
        "category": "water",
        "name": "Water",
        "wheelchair": null,
        "fee": null,
        "opening_hours": null,
        "source": "osm"
      }
    },
    {
      "type": "Feature",
      "geometry": {
        "type": "Point",
        "coordinates": [
          2.2361941,
          41.4423568
        ]
      },
      "properties": {
        "id": "osm-n-6690464610",
        "category": "water",
        "name": "Water",
        "wheelchair": null,
        "fee": null,
        "opening_hours": null,
        "source": "osm"
      }
    },
    {
      "type": "Feature",
      "geometry": {
        "type": "Point",
        "coordinates": [
          2.2383367,
          41.4410948
        ]
      },
      "properties": {
        "id": "osm-n-6690464611",
        "category": "water",
        "name": "Water",
        "wheelchair": null,
        "fee": null,
        "opening_hours": null,
        "source": "osm"
      }
    },
    {
      "type": "Feature",
      "geometry": {
        "type": "Point",
        "coordinates": [
          2.1792596,
          41.4059832
        ]
      },
      "properties": {
        "id": "osm-n-6750085587",
        "category": "cafe",
        "name": "Pittier",
        "wheelchair": null,
        "fee": null,
        "opening_hours": null,
        "source": "osm"
      }
    },
    {
      "type": "Feature",
      "geometry": {
        "type": "Point",
        "coordinates": [
          2.1785638,
          41.4043447
        ]
      },
      "properties": {
        "id": "osm-n-6750085594",
        "category": "cafe",
        "name": "365 Obrador",
        "wheelchair": null,
        "fee": null,
        "opening_hours": "Mo-Su 06:00-22:00",
        "source": "osm"
      }
    },
    {
      "type": "Feature",
      "geometry": {
        "type": "Point",
        "coordinates": [
          2.1803639,
          41.4051464
        ]
      },
      "properties": {
        "id": "osm-n-6750095386",
        "category": "cafe",
        "name": "Bar Esteban",
        "wheelchair": null,
        "fee": null,
        "opening_hours": null,
        "source": "osm"
      }
    },
    {
      "type": "Feature",
      "geometry": {
        "type": "Point",
        "coordinates": [
          2.1799089,
          41.4066439
        ]
      },
      "properties": {
        "id": "osm-n-6750095389",
        "category": "cafe",
        "name": "La Fusteria",
        "wheelchair": null,
        "fee": null,
        "opening_hours": null,
        "source": "osm"
      }
    },
    {
      "type": "Feature",
      "geometry": {
        "type": "Point",
        "coordinates": [
          2.1810842,
          41.4062641
        ]
      },
      "properties": {
        "id": "osm-n-6750095391",
        "category": "cafe",
        "name": "L'Obrador",
        "wheelchair": "yes",
        "fee": null,
        "opening_hours": "Mo-Su 06:00-22:00",
        "source": "osm"
      }
    },
    {
      "type": "Feature",
      "geometry": {
        "type": "Point",
        "coordinates": [
          2.1772147,
          41.4033361
        ]
      },
      "properties": {
        "id": "osm-n-6750690390",
        "category": "cafe",
        "name": "el Taller de Supan",
        "wheelchair": null,
        "fee": null,
        "opening_hours": null,
        "source": "osm"
      }
    },
    {
      "type": "Feature",
      "geometry": {
        "type": "Point",
        "coordinates": [
          2.1803588,
          41.4030669
        ]
      },
      "properties": {
        "id": "osm-n-6757278787",
        "category": "cafe",
        "name": "La Light",
        "wheelchair": null,
        "fee": null,
        "opening_hours": null,
        "source": "osm"
      }
    },
    {
      "type": "Feature",
      "geometry": {
        "type": "Point",
        "coordinates": [
          2.1774223,
          41.4020637
        ]
      },
      "properties": {
        "id": "osm-n-6757314487",
        "category": "cafe",
        "name": "Marina",
        "wheelchair": null,
        "fee": null,
        "opening_hours": null,
        "source": "osm"
      }
    },
    {
      "type": "Feature",
      "geometry": {
        "type": "Point",
        "coordinates": [
          2.1780999,
          41.4053273
        ]
      },
      "properties": {
        "id": "osm-n-6766272997",
        "category": "cafe",
        "name": "l'Obrador",
        "wheelchair": null,
        "fee": null,
        "opening_hours": null,
        "source": "osm"
      }
    },
    {
      "type": "Feature",
      "geometry": {
        "type": "Point",
        "coordinates": [
          2.177702,
          41.4054943
        ]
      },
      "properties": {
        "id": "osm-n-6766273103",
        "category": "cafe",
        "name": "SandwiChez",
        "wheelchair": null,
        "fee": null,
        "opening_hours": "PH,Mo-Su 07:15-21:00",
        "source": "osm"
      }
    },
    {
      "type": "Feature",
      "geometry": {
        "type": "Point",
        "coordinates": [
          2.1847648,
          41.4032425
        ]
      },
      "properties": {
        "id": "osm-n-6766273106",
        "category": "cafe",
        "name": "Kiosk Naturam",
        "wheelchair": null,
        "fee": null,
        "opening_hours": null,
        "source": "osm"
      }
    },
    {
      "type": "Feature",
      "geometry": {
        "type": "Point",
        "coordinates": [
          2.2033972,
          41.4097336
        ]
      },
      "properties": {
        "id": "osm-n-6766631062",
        "category": "charging",
        "name": "Charging",
        "wheelchair": null,
        "fee": null,
        "opening_hours": null,
        "source": "osm"
      }
    },
    {
      "type": "Feature",
      "geometry": {
        "type": "Point",
        "coordinates": [
          2.1884605,
          41.4069581
        ]
      },
      "properties": {
        "id": "osm-n-6771862885",
        "category": "shop",
        "name": "Comestibles Herrero",
        "wheelchair": null,
        "fee": null,
        "opening_hours": null,
        "source": "osm"
      }
    },
    {
      "type": "Feature",
      "geometry": {
        "type": "Point",
        "coordinates": [
          2.1806373,
          41.4075309
        ]
      },
      "properties": {
        "id": "osm-n-6772044085",
        "category": "cafe",
        "name": "Quatre14",
        "wheelchair": null,
        "fee": null,
        "opening_hours": null,
        "source": "osm"
      }
    },
    {
      "type": "Feature",
      "geometry": {
        "type": "Point",
        "coordinates": [
          2.1847311,
          41.4065854
        ]
      },
      "properties": {
        "id": "osm-n-6772044091",
        "category": "cafe",
        "name": "Las Glorias",
        "wheelchair": null,
        "fee": null,
        "opening_hours": null,
        "source": "osm"
      }
    },
    {
      "type": "Feature",
      "geometry": {
        "type": "Point",
        "coordinates": [
          2.1844447,
          41.4066542
        ]
      },
      "properties": {
        "id": "osm-n-6772044186",
        "category": "shop",
        "name": "Supermercat",
        "wheelchair": null,
        "fee": null,
        "opening_hours": null,
        "source": "osm"
      }
    },
    {
      "type": "Feature",
      "geometry": {
        "type": "Point",
        "coordinates": [
          2.1817953,
          41.4084281
        ]
      },
      "properties": {
        "id": "osm-n-6772044285",
        "category": "cafe",
        "name": "Mendieta (pastisseria artesanal)",
        "wheelchair": null,
        "fee": null,
        "opening_hours": null,
        "source": "osm"
      }
    },
    {
      "type": "Feature",
      "geometry": {
        "type": "Point",
        "coordinates": [
          2.1792742,
          41.4042685
        ]
      },
      "properties": {
        "id": "osm-n-6776761592",
        "category": "cafe",
        "name": "Pans & Coffee",
        "wheelchair": null,
        "fee": null,
        "opening_hours": null,
        "source": "osm"
      }
    },
    {
      "type": "Feature",
      "geometry": {
        "type": "Point",
        "coordinates": [
          2.1861882,
          41.4086606
        ]
      },
      "properties": {
        "id": "osm-n-6784441595",
        "category": "cafe",
        "name": "Forn el 7",
        "wheelchair": null,
        "fee": null,
        "opening_hours": null,
        "source": "osm"
      }
    },
    {
      "type": "Feature",
      "geometry": {
        "type": "Point",
        "coordinates": [
          2.1907751,
          41.4138697
        ]
      },
      "properties": {
        "id": "osm-n-6785659269",
        "category": "cafe",
        "name": "Un Dos Tres",
        "wheelchair": null,
        "fee": null,
        "opening_hours": null,
        "source": "osm"
      }
    },
    {
      "type": "Feature",
      "geometry": {
        "type": "Point",
        "coordinates": [
          2.1844464,
          41.4054282
        ]
      },
      "properties": {
        "id": "osm-n-6786005886",
        "category": "cafe",
        "name": "Pipa's Bar",
        "wheelchair": null,
        "fee": null,
        "opening_hours": null,
        "source": "osm"
      }
    },
    {
      "type": "Feature",
      "geometry": {
        "type": "Point",
        "coordinates": [
          2.1762052,
          41.4033171
        ]
      },
      "properties": {
        "id": "osm-n-6790645693",
        "category": "cafe",
        "name": "Coffe time",
        "wheelchair": null,
        "fee": null,
        "opening_hours": null,
        "source": "osm"
      }
    },
    {
      "type": "Feature",
      "geometry": {
        "type": "Point",
        "coordinates": [
          2.1746312,
          41.4025726
        ]
      },
      "properties": {
        "id": "osm-n-6790695790",
        "category": "cafe",
        "name": "Condal",
        "wheelchair": null,
        "fee": null,
        "opening_hours": null,
        "source": "osm"
      }
    },
    {
      "type": "Feature",
      "geometry": {
        "type": "Point",
        "coordinates": [
          2.1763696,
          41.4031796
        ]
      },
      "properties": {
        "id": "osm-n-6790710687",
        "category": "cafe",
        "name": "Molles",
        "wheelchair": null,
        "fee": null,
        "opening_hours": null,
        "source": "osm"
      }
    },
    {
      "type": "Feature",
      "geometry": {
        "type": "Point",
        "coordinates": [
          2.176918,
          41.4077931
        ]
      },
      "properties": {
        "id": "osm-n-6805602988",
        "category": "cafe",
        "name": "Luichi's",
        "wheelchair": null,
        "fee": null,
        "opening_hours": null,
        "source": "osm"
      }
    },
    {
      "type": "Feature",
      "geometry": {
        "type": "Point",
        "coordinates": [
          2.1754677,
          41.4067448
        ]
      },
      "properties": {
        "id": "osm-n-6805602991",
        "category": "cafe",
        "name": "Lliso Lis",
        "wheelchair": null,
        "fee": null,
        "opening_hours": null,
        "source": "osm"
      }
    },
    {
      "type": "Feature",
      "geometry": {
        "type": "Point",
        "coordinates": [
          2.1755741,
          41.4072268
        ]
      },
      "properties": {
        "id": "osm-n-6805613087",
        "category": "cafe",
        "name": "Bracaf\u00e8",
        "wheelchair": null,
        "fee": null,
        "opening_hours": null,
        "source": "osm"
      }
    },
    {
      "type": "Feature",
      "geometry": {
        "type": "Point",
        "coordinates": [
          2.1769199,
          41.4078789
        ]
      },
      "properties": {
        "id": "osm-n-6805613285",
        "category": "shop",
        "name": "Tot Qualitat",
        "wheelchair": null,
        "fee": null,
        "opening_hours": null,
        "source": "osm"
      }
    },
    {
      "type": "Feature",
      "geometry": {
        "type": "Point",
        "coordinates": [
          2.1760468,
          41.4064271
        ]
      },
      "properties": {
        "id": "osm-n-6805613586",
        "category": "cafe",
        "name": "S\u00c3O",
        "wheelchair": null,
        "fee": null,
        "opening_hours": null,
        "source": "osm"
      }
    },
    {
      "type": "Feature",
      "geometry": {
        "type": "Point",
        "coordinates": [
          2.1762188,
          41.4056405
        ]
      },
      "properties": {
        "id": "osm-n-6812099585",
        "category": "cafe",
        "name": "Pantry brunch & coffee",
        "wheelchair": null,
        "fee": null,
        "opening_hours": null,
        "source": "osm"
      }
    },
    {
      "type": "Feature",
      "geometry": {
        "type": "Point",
        "coordinates": [
          2.1750674,
          41.4050667
        ]
      },
      "properties": {
        "id": "osm-n-6812099586",
        "category": "shop",
        "name": "United",
        "wheelchair": null,
        "fee": null,
        "opening_hours": "24/7",
        "source": "osm"
      }
    },
    {
      "type": "Feature",
      "geometry": {
        "type": "Point",
        "coordinates": [
          2.1750002,
          41.4050102
        ]
      },
      "properties": {
        "id": "osm-n-6812099686",
        "category": "cafe",
        "name": "La Xurreria de Maria",
        "wheelchair": null,
        "fee": null,
        "opening_hours": "Mo-Su 08:00-20:00",
        "source": "osm"
      }
    },
    {
      "type": "Feature",
      "geometry": {
        "type": "Point",
        "coordinates": [
          2.173808,
          41.4041287
        ]
      },
      "properties": {
        "id": "osm-n-6812099785",
        "category": "cafe",
        "name": "pannus",
        "wheelchair": null,
        "fee": null,
        "opening_hours": null,
        "source": "osm"
      }
    },
    {
      "type": "Feature",
      "geometry": {
        "type": "Point",
        "coordinates": [
          2.1885983,
          41.4071043
        ]
      },
      "properties": {
        "id": "osm-n-6898274060",
        "category": "parking",
        "name": "Parkng Mercat del Clot",
        "wheelchair": null,
        "fee": null,
        "opening_hours": null,
        "source": "osm"
      }
    },
    {
      "type": "Feature",
      "geometry": {
        "type": "Point",
        "coordinates": [
          2.1906403,
          41.4045194
        ]
      },
      "properties": {
        "id": "osm-n-6906246500",
        "category": "aed",
        "name": "Aed",
        "wheelchair": "yes",
        "fee": null,
        "opening_hours": null,
        "source": "osm"
      }
    },
    {
      "type": "Feature",
      "geometry": {
        "type": "Point",
        "coordinates": [
          2.1780775,
          41.3934249
        ]
      },
      "properties": {
        "id": "osm-n-6910427026",
        "category": "cafe",
        "name": "SandwiChez*",
        "wheelchair": null,
        "fee": null,
        "opening_hours": "Mo-Su 08:00-23:00",
        "source": "osm"
      }
    },
    {
      "type": "Feature",
      "geometry": {
        "type": "Point",
        "coordinates": [
          2.1841327,
          41.4085272
        ]
      },
      "properties": {
        "id": "osm-n-6913157387",
        "category": "cafe",
        "name": "Empanadas and co.",
        "wheelchair": null,
        "fee": null,
        "opening_hours": null,
        "source": "osm"
      }
    },
    {
      "type": "Feature",
      "geometry": {
        "type": "Point",
        "coordinates": [
          2.19915,
          41.39378
        ]
      },
      "properties": {
        "id": "osm-n-6952132886",
        "category": "parking",
        "name": "Hotel SB Ic\u00e0ria Barcelona - HB-004247",
        "wheelchair": null,
        "fee": null,
        "opening_hours": null,
        "source": "osm"
      }
    },
    {
      "type": "Feature",
      "geometry": {
        "type": "Point",
        "coordinates": [
          2.17988,
          41.3909
        ]
      },
      "properties": {
        "id": "osm-n-6952166286",
        "category": "parking",
        "name": "Aparcament SABA Llu\u00eds Companys",
        "wheelchair": null,
        "fee": null,
        "opening_hours": null,
        "source": "osm"
      }
    },
    {
      "type": "Feature",
      "geometry": {
        "type": "Point",
        "coordinates": [
          2.175202,
          41.4215699
        ]
      },
      "properties": {
        "id": "osm-n-6971061090",
        "category": "water",
        "name": "Ajuntament de Barcelona",
        "wheelchair": null,
        "fee": "no",
        "opening_hours": null,
        "source": "osm"
      }
    },
    {
      "type": "Feature",
      "geometry": {
        "type": "Point",
        "coordinates": [
          2.1941864,
          41.3965047
        ]
      },
      "properties": {
        "id": "osm-n-6973926711",
        "category": "cafe",
        "name": "Syra Coffee",
        "wheelchair": "no",
        "fee": null,
        "opening_hours": null,
        "source": "osm"
      }
    },
    {
      "type": "Feature",
      "geometry": {
        "type": "Point",
        "coordinates": [
          2.1858617,
          41.4129445
        ]
      },
      "properties": {
        "id": "osm-n-6985267889",
        "category": "parking",
        "name": "Parking",
        "wheelchair": null,
        "fee": null,
        "opening_hours": null,
        "source": "osm"
      }
    },
    {
      "type": "Feature",
      "geometry": {
        "type": "Point",
        "coordinates": [
          2.1814758,
          41.4163111
        ]
      },
      "properties": {
        "id": "osm-n-7002646358",
        "category": "aed",
        "name": "Aed",
        "wheelchair": "yes",
        "fee": null,
        "opening_hours": null,
        "source": "osm"
      }
    },
    {
      "type": "Feature",
      "geometry": {
        "type": "Point",
        "coordinates": [
          2.1858392,
          41.3858952
        ]
      },
      "properties": {
        "id": "osm-n-7007970805",
        "category": "toilet",
        "name": "Toilet",
        "wheelchair": "yes",
        "fee": "yes",
        "opening_hours": "24/7",
        "source": "osm"
      }
    },
    {
      "type": "Feature",
      "geometry": {
        "type": "Point",
        "coordinates": [
          2.1882941,
          41.4226357
        ]
      },
      "properties": {
        "id": "osm-n-7023310386",
        "category": "parking",
        "name": "Saba Institut Guttmann Barcelona",
        "wheelchair": "yes",
        "fee": "yes",
        "opening_hours": null,
        "source": "osm"
      }
    },
    {
      "type": "Feature",
      "geometry": {
        "type": "Point",
        "coordinates": [
          2.2070184,
          41.4045336
        ]
      },
      "properties": {
        "id": "osm-n-7037173052",
        "category": "water",
        "name": "Ajuntament de Barcelona",
        "wheelchair": null,
        "fee": "no",
        "opening_hours": null,
        "source": "osm"
      }
    },
    {
      "type": "Feature",
      "geometry": {
        "type": "Point",
        "coordinates": [
          2.1925191,
          41.3936528
        ]
      },
      "properties": {
        "id": "osm-n-7040898589",
        "category": "cafe",
        "name": "almogavares 2",
        "wheelchair": null,
        "fee": null,
        "opening_hours": null,
        "source": "osm"
      }
    },
    {
      "type": "Feature",
      "geometry": {
        "type": "Point",
        "coordinates": [
          2.1938209,
          41.3946338
        ]
      },
      "properties": {
        "id": "osm-n-7040899089",
        "category": "cafe",
        "name": "carme",
        "wheelchair": null,
        "fee": null,
        "opening_hours": null,
        "source": "osm"
      }
    },
    {
      "type": "Feature",
      "geometry": {
        "type": "Point",
        "coordinates": [
          2.220713,
          41.4130171
        ]
      },
      "properties": {
        "id": "osm-n-7055142571",
        "category": "charging",
        "name": "Bus TMB",
        "wheelchair": null,
        "fee": null,
        "opening_hours": null,
        "source": "osm"
      }
    },
    {
      "type": "Feature",
      "geometry": {
        "type": "Point",
        "coordinates": [
          2.1824814,
          41.3933123
        ]
      },
      "properties": {
        "id": "osm-n-7056769445",
        "category": "aed",
        "name": "Aed",
        "wheelchair": null,
        "fee": null,
        "opening_hours": "24/7",
        "source": "osm"
      }
    },
    {
      "type": "Feature",
      "geometry": {
        "type": "Point",
        "coordinates": [
          2.1825131,
          41.3960662
        ]
      },
      "properties": {
        "id": "osm-n-7056769455",
        "category": "aed",
        "name": "Aed",
        "wheelchair": null,
        "fee": null,
        "opening_hours": null,
        "source": "osm"
      }
    },
    {
      "type": "Feature",
      "geometry": {
        "type": "Point",
        "coordinates": [
          2.1980304,
          41.3867342
        ]
      },
      "properties": {
        "id": "osm-n-7086916791",
        "category": "info",
        "name": "Info",
        "wheelchair": null,
        "fee": null,
        "opening_hours": null,
        "source": "osm"
      }
    },
    {
      "type": "Feature",
      "geometry": {
        "type": "Point",
        "coordinates": [
          2.2156438,
          41.4187881
        ]
      },
      "properties": {
        "id": "osm-n-7087019757",
        "category": "parking",
        "name": "Parking",
        "wheelchair": null,
        "fee": "no",
        "opening_hours": null,
        "source": "osm"
      }
    },
    {
      "type": "Feature",
      "geometry": {
        "type": "Point",
        "coordinates": [
          2.1860375,
          41.432903
        ]
      },
      "properties": {
        "id": "osm-n-7097973388",
        "category": "water",
        "name": "Ajuntament de Barcelona",
        "wheelchair": null,
        "fee": "no",
        "opening_hours": null,
        "source": "osm"
      }
    },
    {
      "type": "Feature",
      "geometry": {
        "type": "Point",
        "coordinates": [
          2.1867705,
          41.4342508
        ]
      },
      "properties": {
        "id": "osm-n-7098019585",
        "category": "water",
        "name": "Ajuntament de Barcelona",
        "wheelchair": null,
        "fee": "no",
        "opening_hours": null,
        "source": "osm"
      }
    },
    {
      "type": "Feature",
      "geometry": {
        "type": "Point",
        "coordinates": [
          2.1891754,
          41.4349215
        ]
      },
      "properties": {
        "id": "osm-n-7098019586",
        "category": "water",
        "name": "Ajuntament de Barcelona",
        "wheelchair": null,
        "fee": "no",
        "opening_hours": null,
        "source": "osm"
      }
    },
    {
      "type": "Feature",
      "geometry": {
        "type": "Point",
        "coordinates": [
          2.1892624,
          41.4340729
        ]
      },
      "properties": {
        "id": "osm-n-7098025886",
        "category": "cafe",
        "name": "El Club del Caf\u00e9",
        "wheelchair": null,
        "fee": null,
        "opening_hours": null,
        "source": "osm"
      }
    },
    {
      "type": "Feature",
      "geometry": {
        "type": "Point",
        "coordinates": [
          2.1883873,
          41.4102662
        ]
      },
      "properties": {
        "id": "osm-n-7106762293",
        "category": "parking",
        "name": "Parking",
        "wheelchair": null,
        "fee": null,
        "opening_hours": null,
        "source": "osm"
      }
    },
    {
      "type": "Feature",
      "geometry": {
        "type": "Point",
        "coordinates": [
          2.1875741,
          41.4082223
        ]
      },
      "properties": {
        "id": "osm-n-7107839718",
        "category": "shop",
        "name": "Queviures Los Ma\u00f1os",
        "wheelchair": "no",
        "fee": null,
        "opening_hours": null,
        "source": "osm"
      }
    },
    {
      "type": "Feature",
      "geometry": {
        "type": "Point",
        "coordinates": [
          2.2184912,
          41.4116471
        ]
      },
      "properties": {
        "id": "osm-n-7117521691",
        "category": "charging",
        "name": "Charging",
        "wheelchair": null,
        "fee": null,
        "opening_hours": null,
        "source": "osm"
      }
    },
    {
      "type": "Feature",
      "geometry": {
        "type": "Point",
        "coordinates": [
          2.1775677,
          41.3998419
        ]
      },
      "properties": {
        "id": "osm-n-7150994121",
        "category": "cafe",
        "name": "Vivari",
        "wheelchair": null,
        "fee": null,
        "opening_hours": null,
        "source": "osm"
      }
    },
    {
      "type": "Feature",
      "geometry": {
        "type": "Point",
        "coordinates": [
          2.1940886,
          41.4063488
        ]
      },
      "properties": {
        "id": "osm-n-7151060830",
        "category": "aed",
        "name": "Centre Dental Milenium",
        "wheelchair": null,
        "fee": null,
        "opening_hours": null,
        "source": "osm"
      }
    },
    {
      "type": "Feature",
      "geometry": {
        "type": "Point",
        "coordinates": [
          2.1944781,
          41.4069358
        ]
      },
      "properties": {
        "id": "osm-n-7171577384",
        "category": "aed",
        "name": "InnoBA",
        "wheelchair": "yes",
        "fee": null,
        "opening_hours": null,
        "source": "osm"
      }
    },
    {
      "type": "Feature",
      "geometry": {
        "type": "Point",
        "coordinates": [
          2.1865038,
          41.391908
        ]
      },
      "properties": {
        "id": "osm-n-7177389087",
        "category": "cafe",
        "name": "Juice Dudes",
        "wheelchair": "yes",
        "fee": null,
        "opening_hours": null,
        "source": "osm"
      }
    },
    {
      "type": "Feature",
      "geometry": {
        "type": "Point",
        "coordinates": [
          2.1915969,
          41.4336525
        ]
      },
      "properties": {
        "id": "osm-n-7198084822",
        "category": "info",
        "name": "Punt d'informaci\u00f3 de Recinte Fabra i Coats",
        "wheelchair": null,
        "fee": null,
        "opening_hours": null,
        "source": "osm"
      }
    },
    {
      "type": "Feature",
      "geometry": {
        "type": "Point",
        "coordinates": [
          2.1874108,
          41.4090696
        ]
      },
      "properties": {
        "id": "osm-n-7201979114",
        "category": "aed",
        "name": "Barcelona-El Clot",
        "wheelchair": "yes",
        "fee": null,
        "opening_hours": null,
        "source": "osm"
      }
    },
    {
      "type": "Feature",
      "geometry": {
        "type": "Point",
        "coordinates": [
          2.180403,
          41.4030687
        ]
      },
      "properties": {
        "id": "osm-n-7206383085",
        "category": "cafe",
        "name": "La Light",
        "wheelchair": null,
        "fee": null,
        "opening_hours": null,
        "source": "osm"
      }
    },
    {
      "type": "Feature",
      "geometry": {
        "type": "Point",
        "coordinates": [
          2.1797243,
          41.4013343
        ]
      },
      "properties": {
        "id": "osm-n-7206383087",
        "category": "cafe",
        "name": "El Tropic Corner",
        "wheelchair": null,
        "fee": null,
        "opening_hours": null,
        "source": "osm"
      }
    },
    {
      "type": "Feature",
      "geometry": {
        "type": "Point",
        "coordinates": [
          2.2030802,
          41.4246185
        ]
      },
      "properties": {
        "id": "osm-n-7221240617",
        "category": "water",
        "name": "Ajuntament de Barcelona",
        "wheelchair": null,
        "fee": "no",
        "opening_hours": null,
        "source": "osm"
      }
    },
    {
      "type": "Feature",
      "geometry": {
        "type": "Point",
        "coordinates": [
          2.1756615,
          41.4195157
        ]
      },
      "properties": {
        "id": "osm-n-7226952688",
        "category": "water",
        "name": "Ajuntament de Barcelona",
        "wheelchair": null,
        "fee": "no",
        "opening_hours": null,
        "source": "osm"
      }
    },
    {
      "type": "Feature",
      "geometry": {
        "type": "Point",
        "coordinates": [
          2.173564,
          41.4164646
        ]
      },
      "properties": {
        "id": "osm-n-7227334141",
        "category": "parking",
        "name": "Parking",
        "wheelchair": null,
        "fee": null,
        "opening_hours": null,
        "source": "osm"
      }
    },
    {
      "type": "Feature",
      "geometry": {
        "type": "Point",
        "coordinates": [
          2.1842008,
          41.3898014
        ]
      },
      "properties": {
        "id": "osm-n-7249235285",
        "category": "cafe",
        "name": "Euro",
        "wheelchair": null,
        "fee": null,
        "opening_hours": null,
        "source": "osm"
      }
    },
    {
      "type": "Feature",
      "geometry": {
        "type": "Point",
        "coordinates": [
          2.1730164,
          41.4108009
        ]
      },
      "properties": {
        "id": "osm-n-7272699189",
        "category": "cafe",
        "name": "SISTERS",
        "wheelchair": "limited",
        "fee": null,
        "opening_hours": null,
        "source": "osm"
      }
    },
    {
      "type": "Feature",
      "geometry": {
        "type": "Point",
        "coordinates": [
          2.1776394,
          41.3998161
        ]
      },
      "properties": {
        "id": "osm-n-7272699190",
        "category": "cafe",
        "name": "Vivari",
        "wheelchair": null,
        "fee": null,
        "opening_hours": null,
        "source": "osm"
      }
    },
    {
      "type": "Feature",
      "geometry": {
        "type": "Point",
        "coordinates": [
          2.1753651,
          41.3981606
        ]
      },
      "properties": {
        "id": "osm-n-7272699192",
        "category": "cafe",
        "name": "La Bar",
        "wheelchair": null,
        "fee": null,
        "opening_hours": null,
        "source": "osm"
      }
    },
    {
      "type": "Feature",
      "geometry": {
        "type": "Point",
        "coordinates": [
          2.1766623,
          41.3989935
        ]
      },
      "properties": {
        "id": "osm-n-7272699791",
        "category": "cafe",
        "name": "Els tres sols",
        "wheelchair": "yes",
        "fee": null,
        "opening_hours": null,
        "source": "osm"
      }
    },
    {
      "type": "Feature",
      "geometry": {
        "type": "Point",
        "coordinates": [
          2.1819079,
          41.4034289
        ]
      },
      "properties": {
        "id": "osm-n-7272700185",
        "category": "cafe",
        "name": "Consejo de Ciento",
        "wheelchair": null,
        "fee": null,
        "opening_hours": null,
        "source": "osm"
      }
    },
    {
      "type": "Feature",
      "geometry": {
        "type": "Point",
        "coordinates": [
          2.1764175,
          41.398971
        ]
      },
      "properties": {
        "id": "osm-n-7272701085",
        "category": "cafe",
        "name": "La Vespa",
        "wheelchair": null,
        "fee": null,
        "opening_hours": null,
        "source": "osm"
      }
    },
    {
      "type": "Feature",
      "geometry": {
        "type": "Point",
        "coordinates": [
          2.1736874,
          41.4101965
        ]
      },
      "properties": {
        "id": "osm-n-7281907485",
        "category": "cafe",
        "name": "Bravoh!",
        "wheelchair": null,
        "fee": null,
        "opening_hours": null,
        "source": "osm"
      }
    },
    {
      "type": "Feature",
      "geometry": {
        "type": "Point",
        "coordinates": [
          2.1758642,
          41.4085658
        ]
      },
      "properties": {
        "id": "osm-n-7281907486",
        "category": "cafe",
        "name": "La Marquesa",
        "wheelchair": null,
        "fee": null,
        "opening_hours": null,
        "source": "osm"
      }
    },
    {
      "type": "Feature",
      "geometry": {
        "type": "Point",
        "coordinates": [
          2.2085254,
          41.4364879
        ]
      },
      "properties": {
        "id": "osm-n-7284527685",
        "category": "water",
        "name": "Ajuntament de Barcelona",
        "wheelchair": null,
        "fee": "no",
        "opening_hours": null,
        "source": "osm"
      }
    },
    {
      "type": "Feature",
      "geometry": {
        "type": "Point",
        "coordinates": [
          2.1732427,
          41.4072946
        ]
      },
      "properties": {
        "id": "osm-n-7287736687",
        "category": "cafe",
        "name": "El Petit de Casajuana",
        "wheelchair": null,
        "fee": null,
        "opening_hours": null,
        "source": "osm"
      }
    },
    {
      "type": "Feature",
      "geometry": {
        "type": "Point",
        "coordinates": [
          2.1995917,
          41.4058872
        ]
      },
      "properties": {
        "id": "osm-n-7294352653",
        "category": "parking",
        "name": "Parking",
        "wheelchair": null,
        "fee": null,
        "opening_hours": null,
        "source": "osm"
      }
    },
    {
      "type": "Feature",
      "geometry": {
        "type": "Point",
        "coordinates": [
          2.1886614,
          41.409062
        ]
      },
      "properties": {
        "id": "osm-n-7323621778",
        "category": "shop",
        "name": "Fruites congel",
        "wheelchair": null,
        "fee": null,
        "opening_hours": null,
        "source": "osm"
      }
    },
    {
      "type": "Feature",
      "geometry": {
        "type": "Point",
        "coordinates": [
          2.1837372,
          41.3941799
        ]
      },
      "properties": {
        "id": "osm-n-7376762932",
        "category": "aed",
        "name": "Aed",
        "wheelchair": null,
        "fee": null,
        "opening_hours": null,
        "source": "osm"
      }
    },
    {
      "type": "Feature",
      "geometry": {
        "type": "Point",
        "coordinates": [
          2.1794619,
          41.4205197
        ]
      },
      "properties": {
        "id": "osm-n-7395420924",
        "category": "shop",
        "name": "Shop",
        "wheelchair": null,
        "fee": null,
        "opening_hours": null,
        "source": "osm"
      }
    },
    {
      "type": "Feature",
      "geometry": {
        "type": "Point",
        "coordinates": [
          2.1801342,
          41.4236061
        ]
      },
      "properties": {
        "id": "osm-n-7442304437",
        "category": "shop",
        "name": "Shop",
        "wheelchair": null,
        "fee": null,
        "opening_hours": null,
        "source": "osm"
      }
    },
    {
      "type": "Feature",
      "geometry": {
        "type": "Point",
        "coordinates": [
          2.1805107,
          41.4233789
        ]
      },
      "properties": {
        "id": "osm-n-7442304439",
        "category": "cafe",
        "name": "Cafe",
        "wheelchair": null,
        "fee": null,
        "opening_hours": null,
        "source": "osm"
      }
    },
    {
      "type": "Feature",
      "geometry": {
        "type": "Point",
        "coordinates": [
          2.182155,
          41.4234619
        ]
      },
      "properties": {
        "id": "osm-n-7442304443",
        "category": "shop",
        "name": "Shop",
        "wheelchair": null,
        "fee": null,
        "opening_hours": null,
        "source": "osm"
      }
    },
    {
      "type": "Feature",
      "geometry": {
        "type": "Point",
        "coordinates": [
          2.1984611,
          41.4051522
        ]
      },
      "properties": {
        "id": "osm-n-7457040233",
        "category": "aed",
        "name": "Aed",
        "wheelchair": null,
        "fee": null,
        "opening_hours": null,
        "source": "osm"
      }
    },
    {
      "type": "Feature",
      "geometry": {
        "type": "Point",
        "coordinates": [
          2.1886805,
          41.4250008
        ]
      },
      "properties": {
        "id": "osm-n-7468285315",
        "category": "parking",
        "name": "Parking",
        "wheelchair": null,
        "fee": null,
        "opening_hours": null,
        "source": "osm"
      }
    },
    {
      "type": "Feature",
      "geometry": {
        "type": "Point",
        "coordinates": [
          2.1876395,
          41.4249099
        ]
      },
      "properties": {
        "id": "osm-n-7468285316",
        "category": "parking",
        "name": "Parking",
        "wheelchair": null,
        "fee": null,
        "opening_hours": null,
        "source": "osm"
      }
    },
    {
      "type": "Feature",
      "geometry": {
        "type": "Point",
        "coordinates": [
          2.1996962,
          41.4059359
        ]
      },
      "properties": {
        "id": "osm-n-7492192905",
        "category": "aed",
        "name": "Aed",
        "wheelchair": "yes",
        "fee": null,
        "opening_hours": null,
        "source": "osm"
      }
    },
    {
      "type": "Feature",
      "geometry": {
        "type": "Point",
        "coordinates": [
          2.206407,
          41.4162534
        ]
      },
      "properties": {
        "id": "osm-n-7492207417",
        "category": "water",
        "name": "Ajuntament de Barcelona",
        "wheelchair": null,
        "fee": "no",
        "opening_hours": null,
        "source": "osm"
      }
    },
    {
      "type": "Feature",
      "geometry": {
        "type": "Point",
        "coordinates": [
          2.2077021,
          41.4212482
        ]
      },
      "properties": {
        "id": "osm-n-7503664656",
        "category": "water",
        "name": "Ajuntament de Barcelona",
        "wheelchair": null,
        "fee": "no",
        "opening_hours": null,
        "source": "osm"
      }
    },
    {
      "type": "Feature",
      "geometry": {
        "type": "Point",
        "coordinates": [
          2.1877859,
          41.4109006
        ]
      },
      "properties": {
        "id": "osm-n-7525220187",
        "category": "cafe",
        "name": "Bracaf\u00e9",
        "wheelchair": null,
        "fee": null,
        "opening_hours": null,
        "source": "osm"
      }
    },
    {
      "type": "Feature",
      "geometry": {
        "type": "Point",
        "coordinates": [
          2.1772167,
          41.4212943
        ]
      },
      "properties": {
        "id": "osm-n-7525323487",
        "category": "water",
        "name": "Ajuntament de Barcelona",
        "wheelchair": null,
        "fee": "no",
        "opening_hours": null,
        "source": "osm"
      }
    },
    {
      "type": "Feature",
      "geometry": {
        "type": "Point",
        "coordinates": [
          2.1837554,
          41.4196683
        ]
      },
      "properties": {
        "id": "osm-n-7525395587",
        "category": "water",
        "name": "Ajuntament de Barcelona",
        "wheelchair": null,
        "fee": "no",
        "opening_hours": null,
        "source": "osm"
      }
    },
    {
      "type": "Feature",
      "geometry": {
        "type": "Point",
        "coordinates": [
          2.1863634,
          41.4186003
        ]
      },
      "properties": {
        "id": "osm-n-7525395886",
        "category": "water",
        "name": "Ajuntament de Barcelona",
        "wheelchair": null,
        "fee": "no",
        "opening_hours": null,
        "source": "osm"
      }
    },
    {
      "type": "Feature",
      "geometry": {
        "type": "Point",
        "coordinates": [
          2.1900663,
          41.4071861
        ]
      },
      "properties": {
        "id": "osm-n-7530009209",
        "category": "water",
        "name": "Ajuntament de Barcelona",
        "wheelchair": null,
        "fee": "no",
        "opening_hours": null,
        "source": "osm"
      }
    },
    {
      "type": "Feature",
      "geometry": {
        "type": "Point",
        "coordinates": [
          2.2158398,
          41.4138907
        ]
      },
      "properties": {
        "id": "osm-n-7547149544",
        "category": "water",
        "name": "Ajuntament de Barcelona",
        "wheelchair": null,
        "fee": "no",
        "opening_hours": null,
        "source": "osm"
      }
    },
    {
      "type": "Feature",
      "geometry": {
        "type": "Point",
        "coordinates": [
          2.2186753,
          41.4118441
        ]
      },
      "properties": {
        "id": "osm-n-7547160453",
        "category": "water",
        "name": "Ajuntament de Barcelona",
        "wheelchair": null,
        "fee": "no",
        "opening_hours": null,
        "source": "osm"
      }
    },
    {
      "type": "Feature",
      "geometry": {
        "type": "Point",
        "coordinates": [
          2.2165072,
          41.4135385
        ]
      },
      "properties": {
        "id": "osm-n-7547172875",
        "category": "water",
        "name": "Ajuntament de Barcelona",
        "wheelchair": null,
        "fee": "no",
        "opening_hours": null,
        "source": "osm"
      }
    },
    {
      "type": "Feature",
      "geometry": {
        "type": "Point",
        "coordinates": [
          2.2126781,
          41.416309
        ]
      },
      "properties": {
        "id": "osm-n-7547176664",
        "category": "water",
        "name": "Ajuntament de Barcelona",
        "wheelchair": null,
        "fee": "no",
        "opening_hours": null,
        "source": "osm"
      }
    },
    {
      "type": "Feature",
      "geometry": {
        "type": "Point",
        "coordinates": [
          2.2169416,
          41.4131277
        ]
      },
      "properties": {
        "id": "osm-n-7547186088",
        "category": "water",
        "name": "Ajuntament de Barcelona",
        "wheelchair": null,
        "fee": "no",
        "opening_hours": null,
        "source": "osm"
      }
    },
    {
      "type": "Feature",
      "geometry": {
        "type": "Point",
        "coordinates": [
          2.2146901,
          41.4147543
        ]
      },
      "properties": {
        "id": "osm-n-7547197790",
        "category": "water",
        "name": "Ajuntament de Barcelona",
        "wheelchair": null,
        "fee": "no",
        "opening_hours": null,
        "source": "osm"
      }
    },
    {
      "type": "Feature",
      "geometry": {
        "type": "Point",
        "coordinates": [
          2.2121184,
          41.4167387
        ]
      },
      "properties": {
        "id": "osm-n-7547199384",
        "category": "water",
        "name": "Ajuntament de Barcelona",
        "wheelchair": null,
        "fee": "no",
        "opening_hours": null,
        "source": "osm"
      }
    },
    {
      "type": "Feature",
      "geometry": {
        "type": "Point",
        "coordinates": [
          2.2135663,
          41.4156061
        ]
      },
      "properties": {
        "id": "osm-n-7547201506",
        "category": "water",
        "name": "Ajuntament de Barcelona",
        "wheelchair": null,
        "fee": "no",
        "opening_hours": null,
        "source": "osm"
      }
    },
    {
      "type": "Feature",
      "geometry": {
        "type": "Point",
        "coordinates": [
          2.2073224,
          41.4240886
        ]
      },
      "properties": {
        "id": "osm-n-7547263516",
        "category": "water",
        "name": "Ajuntament de Barcelona",
        "wheelchair": null,
        "fee": "no",
        "opening_hours": null,
        "source": "osm"
      }
    },
    {
      "type": "Feature",
      "geometry": {
        "type": "Point",
        "coordinates": [
          2.202954,
          41.4248837
        ]
      },
      "properties": {
        "id": "osm-n-7547273518",
        "category": "water",
        "name": "Ajuntament de Barcelona",
        "wheelchair": null,
        "fee": "no",
        "opening_hours": null,
        "source": "osm"
      }
    },
    {
      "type": "Feature",
      "geometry": {
        "type": "Point",
        "coordinates": [
          2.201026,
          41.4250771
        ]
      },
      "properties": {
        "id": "osm-n-7547274100",
        "category": "water",
        "name": "Ajuntament de Barcelona",
        "wheelchair": null,
        "fee": "no",
        "opening_hours": null,
        "source": "osm"
      }
    },
    {
      "type": "Feature",
      "geometry": {
        "type": "Point",
        "coordinates": [
          2.2023297,
          41.4253151
        ]
      },
      "properties": {
        "id": "osm-n-7547284092",
        "category": "water",
        "name": "Ajuntament de Barcelona",
        "wheelchair": null,
        "fee": "no",
        "opening_hours": null,
        "source": "osm"
      }
    },
    {
      "type": "Feature",
      "geometry": {
        "type": "Point",
        "coordinates": [
          2.201769,
          41.4197897
        ]
      },
      "properties": {
        "id": "osm-n-7547293099",
        "category": "water",
        "name": "Ajuntament de Barcelona",
        "wheelchair": null,
        "fee": "no",
        "opening_hours": null,
        "source": "osm"
      }
    },
    {
      "type": "Feature",
      "geometry": {
        "type": "Point",
        "coordinates": [
          2.1997683,
          41.418413
        ]
      },
      "properties": {
        "id": "osm-n-7547335831",
        "category": "water",
        "name": "Ajuntament de Barcelona",
        "wheelchair": null,
        "fee": "no",
        "opening_hours": null,
        "source": "osm"
      }
    },
    {
      "type": "Feature",
      "geometry": {
        "type": "Point",
        "coordinates": [
          2.1964079,
          41.4158908
        ]
      },
      "properties": {
        "id": "osm-n-7547338593",
        "category": "water",
        "name": "Ajuntament de Barcelona",
        "wheelchair": null,
        "fee": "no",
        "opening_hours": null,
        "source": "osm"
      }
    },
    {
      "type": "Feature",
      "geometry": {
        "type": "Point",
        "coordinates": [
          2.187624,
          41.4092124
        ]
      },
      "properties": {
        "id": "osm-n-7547402920",
        "category": "water",
        "name": "Ajuntament de Barcelona",
        "wheelchair": null,
        "fee": "no",
        "opening_hours": null,
        "source": "osm"
      }
    },
    {
      "type": "Feature",
      "geometry": {
        "type": "Point",
        "coordinates": [
          2.1897794,
          41.4083231
        ]
      },
      "properties": {
        "id": "osm-n-7547450420",
        "category": "info",
        "name": "Info",
        "wheelchair": null,
        "fee": null,
        "opening_hours": null,
        "source": "osm"
      }
    },
    {
      "type": "Feature",
      "geometry": {
        "type": "Point",
        "coordinates": [
          2.2076233,
          41.4191853
        ]
      },
      "properties": {
        "id": "osm-n-7549222098",
        "category": "parking",
        "name": "Parking",
        "wheelchair": null,
        "fee": null,
        "opening_hours": null,
        "source": "osm"
      }
    },
    {
      "type": "Feature",
      "geometry": {
        "type": "Point",
        "coordinates": [
          2.1767757,
          41.4025991
        ]
      },
      "properties": {
        "id": "osm-n-7550912685",
        "category": "water",
        "name": "Ajuntament de Barcelona",
        "wheelchair": null,
        "fee": "no",
        "opening_hours": null,
        "source": "osm"
      }
    },
    {
      "type": "Feature",
      "geometry": {
        "type": "Point",
        "coordinates": [
          2.2316832,
          41.4193879
        ]
      },
      "properties": {
        "id": "osm-n-7555726449",
        "category": "info",
        "name": "el Bes\u00f3s",
        "wheelchair": null,
        "fee": null,
        "opening_hours": null,
        "source": "osm"
      }
    },
    {
      "type": "Feature",
      "geometry": {
        "type": "Point",
        "coordinates": [
          2.1947619,
          41.40441
        ]
      },
      "properties": {
        "id": "osm-n-7556742392",
        "category": "cafe",
        "name": "Malhumor",
        "wheelchair": null,
        "fee": null,
        "opening_hours": "Su 10:00-17:00; We 10:00-18:00; Th-Sa 10:00-21:30",
        "source": "osm"
      }
    },
    {
      "type": "Feature",
      "geometry": {
        "type": "Point",
        "coordinates": [
          2.2013014,
          41.4008943
        ]
      },
      "properties": {
        "id": "osm-n-7556742585",
        "category": "shop",
        "name": "Needle",
        "wheelchair": null,
        "fee": null,
        "opening_hours": null,
        "source": "osm"
      }
    },
    {
      "type": "Feature",
      "geometry": {
        "type": "Point",
        "coordinates": [
          2.1974487,
          41.4037638
        ]
      },
      "properties": {
        "id": "osm-n-7557017826",
        "category": "cafe",
        "name": "Kaapeh",
        "wheelchair": null,
        "fee": null,
        "opening_hours": null,
        "source": "osm"
      }
    },
    {
      "type": "Feature",
      "geometry": {
        "type": "Point",
        "coordinates": [
          2.193362,
          41.4073121
        ]
      },
      "properties": {
        "id": "osm-n-7559151838",
        "category": "shop",
        "name": "Shop",
        "wheelchair": null,
        "fee": null,
        "opening_hours": null,
        "source": "osm"
      }
    },
    {
      "type": "Feature",
      "geometry": {
        "type": "Point",
        "coordinates": [
          2.1856579,
          41.3974365
        ]
      },
      "properties": {
        "id": "osm-n-7572650399",
        "category": "shop",
        "name": "Shop",
        "wheelchair": null,
        "fee": null,
        "opening_hours": null,
        "source": "osm"
      }
    },
    {
      "type": "Feature",
      "geometry": {
        "type": "Point",
        "coordinates": [
          2.2172272,
          41.4091358
        ]
      },
      "properties": {
        "id": "osm-n-7595154092",
        "category": "parking",
        "name": "Mercaderies Diagonal Mar",
        "wheelchair": null,
        "fee": null,
        "opening_hours": null,
        "source": "osm"
      }
    },
    {
      "type": "Feature",
      "geometry": {
        "type": "Point",
        "coordinates": [
          2.2180707,
          41.4095839
        ]
      },
      "properties": {
        "id": "osm-n-7595154100",
        "category": "parking",
        "name": "Parking",
        "wheelchair": null,
        "fee": null,
        "opening_hours": null,
        "source": "osm"
      }
    },
    {
      "type": "Feature",
      "geometry": {
        "type": "Point",
        "coordinates": [
          2.1841176,
          41.4256792
        ]
      },
      "properties": {
        "id": "osm-n-7599478285",
        "category": "water",
        "name": "Ajuntament de Barcelona",
        "wheelchair": null,
        "fee": "no",
        "opening_hours": null,
        "source": "osm"
      }
    },
    {
      "type": "Feature",
      "geometry": {
        "type": "Point",
        "coordinates": [
          2.1825823,
          41.4263557
        ]
      },
      "properties": {
        "id": "osm-n-7599478286",
        "category": "clinic",
        "name": "Centre M\u00e8dic Congr\u00e9s",
        "wheelchair": null,
        "fee": null,
        "opening_hours": null,
        "source": "osm"
      }
    },
    {
      "type": "Feature",
      "geometry": {
        "type": "Point",
        "coordinates": [
          2.1817735,
          41.4314892
        ]
      },
      "properties": {
        "id": "osm-n-7599490186",
        "category": "info",
        "name": "Llegim en braile",
        "wheelchair": null,
        "fee": null,
        "opening_hours": null,
        "source": "osm"
      }
    },
    {
      "type": "Feature",
      "geometry": {
        "type": "Point",
        "coordinates": [
          2.1894727,
          41.4334228
        ]
      },
      "properties": {
        "id": "osm-n-7599509385",
        "category": "aed",
        "name": "Aed",
        "wheelchair": "yes",
        "fee": null,
        "opening_hours": null,
        "source": "osm"
      }
    },
    {
      "type": "Feature",
      "geometry": {
        "type": "Point",
        "coordinates": [
          2.1907198,
          41.4270404
        ]
      },
      "properties": {
        "id": "osm-n-7599531085",
        "category": "aed",
        "name": "Aed",
        "wheelchair": null,
        "fee": null,
        "opening_hours": null,
        "source": "osm"
      }
    },
    {
      "type": "Feature",
      "geometry": {
        "type": "Point",
        "coordinates": [
          2.1840539,
          41.4258512
        ]
      },
      "properties": {
        "id": "osm-n-7600240178",
        "category": "parking",
        "name": "BSM Concepci\u00f3 Arenal",
        "wheelchair": "yes",
        "fee": "yes",
        "opening_hours": "24/7",
        "source": "osm"
      }
    },
    {
      "type": "Feature",
      "geometry": {
        "type": "Point",
        "coordinates": [
          2.1809457,
          41.421732
        ]
      },
      "properties": {
        "id": "osm-n-7614356496",
        "category": "parking",
        "name": "Parking Manau",
        "wheelchair": null,
        "fee": null,
        "opening_hours": null,
        "source": "osm"
      }
    },
    {
      "type": "Feature",
      "geometry": {
        "type": "Point",
        "coordinates": [
          2.2139706,
          41.3999663
        ]
      },
      "properties": {
        "id": "osm-n-7614958347",
        "category": "water",
        "name": "Ajuntament de Barcelona",
        "wheelchair": null,
        "fee": "no",
        "opening_hours": null,
        "source": "osm"
      }
    },
    {
      "type": "Feature",
      "geometry": {
        "type": "Point",
        "coordinates": [
          2.2023234,
          41.3995862
        ]
      },
      "properties": {
        "id": "osm-n-7615998985",
        "category": "shop",
        "name": "King supermercat",
        "wheelchair": null,
        "fee": null,
        "opening_hours": null,
        "source": "osm"
      }
    },
    {
      "type": "Feature",
      "geometry": {
        "type": "Point",
        "coordinates": [
          2.1883052,
          41.4100171
        ]
      },
      "properties": {
        "id": "osm-n-7644933199",
        "category": "cafe",
        "name": "Almirall",
        "wheelchair": null,
        "fee": null,
        "opening_hours": null,
        "source": "osm"
      }
    },
    {
      "type": "Feature",
      "geometry": {
        "type": "Point",
        "coordinates": [
          2.1788179,
          41.4021136
        ]
      },
      "properties": {
        "id": "osm-n-7772960188",
        "category": "water",
        "name": "Ajuntament de Barcelona",
        "wheelchair": null,
        "fee": "no",
        "opening_hours": null,
        "source": "osm"
      }
    },
    {
      "type": "Feature",
      "geometry": {
        "type": "Point",
        "coordinates": [
          2.1913268,
          41.4049345
        ]
      },
      "properties": {
        "id": "osm-n-7777999388",
        "category": "cafe",
        "name": "Starbucks",
        "wheelchair": null,
        "fee": null,
        "opening_hours": null,
        "source": "osm"
      }
    },
    {
      "type": "Feature",
      "geometry": {
        "type": "Point",
        "coordinates": [
          2.2170488,
          41.4098784
        ]
      },
      "properties": {
        "id": "osm-n-7806928324",
        "category": "aed",
        "name": "Aed",
        "wheelchair": null,
        "fee": null,
        "opening_hours": null,
        "source": "osm"
      }
    },
    {
      "type": "Feature",
      "geometry": {
        "type": "Point",
        "coordinates": [
          2.2067371,
          41.4355495
        ]
      },
      "properties": {
        "id": "osm-n-7856230557",
        "category": "water",
        "name": "Ajuntament de Barcelona",
        "wheelchair": null,
        "fee": "no",
        "opening_hours": null,
        "source": "osm"
      }
    },
    {
      "type": "Feature",
      "geometry": {
        "type": "Point",
        "coordinates": [
          2.1808449,
          41.4006694
        ]
      },
      "properties": {
        "id": "osm-n-7861773082",
        "category": "parking",
        "name": "Zona Bus",
        "wheelchair": null,
        "fee": "yes",
        "opening_hours": null,
        "source": "osm"
      }
    },
    {
      "type": "Feature",
      "geometry": {
        "type": "Point",
        "coordinates": [
          2.1805094,
          41.4004191
        ]
      },
      "properties": {
        "id": "osm-n-7861773083",
        "category": "parking",
        "name": "Zona Bus",
        "wheelchair": null,
        "fee": "yes",
        "opening_hours": null,
        "source": "osm"
      }
    },
    {
      "type": "Feature",
      "geometry": {
        "type": "Point",
        "coordinates": [
          2.1921734,
          41.4276256
        ]
      },
      "properties": {
        "id": "osm-n-7889180985",
        "category": "aed",
        "name": "Aed",
        "wheelchair": null,
        "fee": null,
        "opening_hours": null,
        "source": "osm"
      }
    },
    {
      "type": "Feature",
      "geometry": {
        "type": "Point",
        "coordinates": [
          2.1835184,
          41.430858
        ]
      },
      "properties": {
        "id": "osm-n-7889291785",
        "category": "water",
        "name": "Ajuntament de Barcelona",
        "wheelchair": null,
        "fee": null,
        "opening_hours": null,
        "source": "osm"
      }
    },
    {
      "type": "Feature",
      "geometry": {
        "type": "Point",
        "coordinates": [
          2.1811216,
          41.4291289
        ]
      },
      "properties": {
        "id": "osm-n-7889296186",
        "category": "water",
        "name": "Ajuntament de Barcelona",
        "wheelchair": null,
        "fee": "no",
        "opening_hours": null,
        "source": "osm"
      }
    },
    {
      "type": "Feature",
      "geometry": {
        "type": "Point",
        "coordinates": [
          2.1731912,
          41.4072713
        ]
      },
      "properties": {
        "id": "osm-n-7923018888",
        "category": "cafe",
        "name": "El petit de Casajuana",
        "wheelchair": null,
        "fee": null,
        "opening_hours": null,
        "source": "osm"
      }
    },
    {
      "type": "Feature",
      "geometry": {
        "type": "Point",
        "coordinates": [
          2.17333,
          41.4067736
        ]
      },
      "properties": {
        "id": "osm-n-7923018889",
        "category": "cafe",
        "name": "La cepa",
        "wheelchair": null,
        "fee": null,
        "opening_hours": null,
        "source": "osm"
      }
    },
    {
      "type": "Feature",
      "geometry": {
        "type": "Point",
        "coordinates": [
          2.2220978,
          41.4089422
        ]
      },
      "properties": {
        "id": "osm-n-7984501948",
        "category": "info",
        "name": "Ronda Verda - Sector Front Mar\u00edtim",
        "wheelchair": null,
        "fee": null,
        "opening_hours": null,
        "source": "osm"
      }
    },
    {
      "type": "Feature",
      "geometry": {
        "type": "Point",
        "coordinates": [
          2.1749213,
          41.4214468
        ]
      },
      "properties": {
        "id": "osm-n-7987114385",
        "category": "cafe",
        "name": "CAT Guinard\u00f3",
        "wheelchair": null,
        "fee": null,
        "opening_hours": null,
        "source": "osm"
      }
    },
    {
      "type": "Feature",
      "geometry": {
        "type": "Point",
        "coordinates": [
          2.1896547,
          41.4299667
        ]
      },
      "properties": {
        "id": "osm-n-7987297986",
        "category": "cafe",
        "name": "Ca l'Albert",
        "wheelchair": null,
        "fee": null,
        "opening_hours": null,
        "source": "osm"
      }
    },
    {
      "type": "Feature",
      "geometry": {
        "type": "Point",
        "coordinates": [
          2.1908208,
          41.4258992
        ]
      },
      "properties": {
        "id": "osm-n-7987379788",
        "category": "cafe",
        "name": "Montferri",
        "wheelchair": null,
        "fee": null,
        "opening_hours": null,
        "source": "osm"
      }
    },
    {
      "type": "Feature",
      "geometry": {
        "type": "Point",
        "coordinates": [
          2.1751441,
          41.4086184
        ]
      },
      "properties": {
        "id": "osm-n-7989010685",
        "category": "cafe",
        "name": "Palmer",
        "wheelchair": null,
        "fee": null,
        "opening_hours": null,
        "source": "osm"
      }
    },
    {
      "type": "Feature",
      "geometry": {
        "type": "Point",
        "coordinates": [
          2.1761328,
          41.409574
        ]
      },
      "properties": {
        "id": "osm-n-7989010689",
        "category": "cafe",
        "name": "Bar Linense",
        "wheelchair": null,
        "fee": null,
        "opening_hours": null,
        "source": "osm"
      }
    },
    {
      "type": "Feature",
      "geometry": {
        "type": "Point",
        "coordinates": [
          2.1758363,
          41.4098666
        ]
      },
      "properties": {
        "id": "osm-n-7989010788",
        "category": "cafe",
        "name": "Fleca del Metro",
        "wheelchair": null,
        "fee": null,
        "opening_hours": null,
        "source": "osm"
      }
    },
    {
      "type": "Feature",
      "geometry": {
        "type": "Point",
        "coordinates": [
          2.1732318,
          41.4118451
        ]
      },
      "properties": {
        "id": "osm-n-7989010791",
        "category": "cafe",
        "name": "Play Point",
        "wheelchair": null,
        "fee": null,
        "opening_hours": "Mo-Fr 16:00-21:00+, Sa,Su 10:00-14:00; Sa 16:00-23:00+",
        "source": "osm"
      }
    },
    {
      "type": "Feature",
      "geometry": {
        "type": "Point",
        "coordinates": [
          2.1793441,
          41.4075358
        ]
      },
      "properties": {
        "id": "osm-n-7989010885",
        "category": "cafe",
        "name": "823 Caf\u00e9 i m\u00e9s",
        "wheelchair": null,
        "fee": null,
        "opening_hours": null,
        "source": "osm"
      }
    },
    {
      "type": "Feature",
      "geometry": {
        "type": "Point",
        "coordinates": [
          2.1777298,
          41.4083954
        ]
      },
      "properties": {
        "id": "osm-n-7989011085",
        "category": "cafe",
        "name": "Portofinocaf\u00e8",
        "wheelchair": null,
        "fee": null,
        "opening_hours": null,
        "source": "osm"
      }
    },
    {
      "type": "Feature",
      "geometry": {
        "type": "Point",
        "coordinates": [
          2.1755686,
          41.4100626
        ]
      },
      "properties": {
        "id": "osm-n-7989011185",
        "category": "cafe",
        "name": "365",
        "wheelchair": null,
        "fee": null,
        "opening_hours": null,
        "source": "osm"
      }
    },
    {
      "type": "Feature",
      "geometry": {
        "type": "Point",
        "coordinates": [
          2.1735583,
          41.4115767
        ]
      },
      "properties": {
        "id": "osm-n-7989011192",
        "category": "cafe",
        "name": "Pintxin",
        "wheelchair": null,
        "fee": null,
        "opening_hours": null,
        "source": "osm"
      }
    },
    {
      "type": "Feature",
      "geometry": {
        "type": "Point",
        "coordinates": [
          2.1724912,
          41.4124136
        ]
      },
      "properties": {
        "id": "osm-n-7989011195",
        "category": "cafe",
        "name": "Gregor",
        "wheelchair": null,
        "fee": null,
        "opening_hours": null,
        "source": "osm"
      }
    },
    {
      "type": "Feature",
      "geometry": {
        "type": "Point",
        "coordinates": [
          2.178525,
          41.3991918
        ]
      },
      "properties": {
        "id": "osm-n-7996797786",
        "category": "cafe",
        "name": "Pannia",
        "wheelchair": null,
        "fee": null,
        "opening_hours": null,
        "source": "osm"
      }
    },
    {
      "type": "Feature",
      "geometry": {
        "type": "Point",
        "coordinates": [
          2.179381,
          41.3998061
        ]
      },
      "properties": {
        "id": "osm-n-7996813185",
        "category": "cafe",
        "name": "Caf\u00e9 Lilo",
        "wheelchair": "yes",
        "fee": null,
        "opening_hours": "Mo-Fr 09:30-17:00; Sa-Su 09:30-18:00",
        "source": "osm"
      }
    },
    {
      "type": "Feature",
      "geometry": {
        "type": "Point",
        "coordinates": [
          2.1729373,
          41.4085906
        ]
      },
      "properties": {
        "id": "osm-n-8004557288",
        "category": "cafe",
        "name": "Armony",
        "wheelchair": null,
        "fee": null,
        "opening_hours": null,
        "source": "osm"
      }
    },
    {
      "type": "Feature",
      "geometry": {
        "type": "Point",
        "coordinates": [
          2.1732524,
          41.4084248
        ]
      },
      "properties": {
        "id": "osm-n-8004557289",
        "category": "cafe",
        "name": "Dalila Caf\u00e8 Panader\u00eda y Cafeter\u00eda Italiana",
        "wheelchair": null,
        "fee": null,
        "opening_hours": null,
        "source": "osm"
      }
    },
    {
      "type": "Feature",
      "geometry": {
        "type": "Point",
        "coordinates": [
          2.176104,
          41.4066962
        ]
      },
      "properties": {
        "id": "osm-n-8004557292",
        "category": "cafe",
        "name": "Camelia Art Caf\u00e9",
        "wheelchair": null,
        "fee": null,
        "opening_hours": "Mo-Fr 08:30-20:00; Sa,Su,PH 09:00-20:00",
        "source": "osm"
      }
    },
    {
      "type": "Feature",
      "geometry": {
        "type": "Point",
        "coordinates": [
          2.1751385,
          41.4054539
        ]
      },
      "properties": {
        "id": "osm-n-8004557293",
        "category": "cafe",
        "name": "Fashion",
        "wheelchair": null,
        "fee": null,
        "opening_hours": null,
        "source": "osm"
      }
    },
    {
      "type": "Feature",
      "geometry": {
        "type": "Point",
        "coordinates": [
          2.1764487,
          41.4047761
        ]
      },
      "properties": {
        "id": "osm-n-8004557395",
        "category": "cafe",
        "name": "Bodega de Barri",
        "wheelchair": null,
        "fee": null,
        "opening_hours": null,
        "source": "osm"
      }
    },
    {
      "type": "Feature",
      "geometry": {
        "type": "Point",
        "coordinates": [
          2.1781312,
          41.4035165
        ]
      },
      "properties": {
        "id": "osm-n-8004557397",
        "category": "cafe",
        "name": "La Herradura",
        "wheelchair": null,
        "fee": null,
        "opening_hours": null,
        "source": "osm"
      }
    },
    {
      "type": "Feature",
      "geometry": {
        "type": "Point",
        "coordinates": [
          2.1796834,
          41.4052532
        ]
      },
      "properties": {
        "id": "osm-n-8004598686",
        "category": "shop",
        "name": "Sprint",
        "wheelchair": null,
        "fee": null,
        "opening_hours": null,
        "source": "osm"
      }
    },
    {
      "type": "Feature",
      "geometry": {
        "type": "Point",
        "coordinates": [
          2.1722412,
          41.406442
        ]
      },
      "properties": {
        "id": "osm-n-8005860691",
        "category": "cafe",
        "name": "La Boulangerie",
        "wheelchair": null,
        "fee": null,
        "opening_hours": "Mo-Fr 07:00-20:00; Sa-Su 07:30-14:00",
        "source": "osm"
      }
    },
    {
      "type": "Feature",
      "geometry": {
        "type": "Point",
        "coordinates": [
          2.1736457,
          41.4054203
        ]
      },
      "properties": {
        "id": "osm-n-8005873988",
        "category": "cafe",
        "name": "Bar les Gal\u00e0xies",
        "wheelchair": null,
        "fee": null,
        "opening_hours": null,
        "source": "osm"
      }
    },
    {
      "type": "Feature",
      "geometry": {
        "type": "Point",
        "coordinates": [
          2.1997847,
          41.3959993
        ]
      },
      "properties": {
        "id": "osm-n-8034967286",
        "category": "cafe",
        "name": "Puro Cafe",
        "wheelchair": null,
        "fee": null,
        "opening_hours": null,
        "source": "osm"
      }
    },
    {
      "type": "Feature",
      "geometry": {
        "type": "Point",
        "coordinates": [
          2.1998865,
          41.3971067
        ]
      },
      "properties": {
        "id": "osm-n-8034975586",
        "category": "shop",
        "name": "Needle",
        "wheelchair": null,
        "fee": null,
        "opening_hours": null,
        "source": "osm"
      }
    },
    {
      "type": "Feature",
      "geometry": {
        "type": "Point",
        "coordinates": [
          2.20027,
          41.3963902
        ]
      },
      "properties": {
        "id": "osm-n-8034975686",
        "category": "shop",
        "name": "Needle",
        "wheelchair": null,
        "fee": null,
        "opening_hours": null,
        "source": "osm"
      }
    },
    {
      "type": "Feature",
      "geometry": {
        "type": "Point",
        "coordinates": [
          2.1999855,
          41.3970406
        ]
      },
      "properties": {
        "id": "osm-n-8034999885",
        "category": "cafe",
        "name": "Bricks",
        "wheelchair": null,
        "fee": null,
        "opening_hours": "Mo-Fr 08:00-15:00; Sa 09:00-14:00",
        "source": "osm"
      }
    },
    {
      "type": "Feature",
      "geometry": {
        "type": "Point",
        "coordinates": [
          2.1986941,
          41.3980284
        ]
      },
      "properties": {
        "id": "osm-n-8034999886",
        "category": "cafe",
        "name": "Costa Dorada",
        "wheelchair": null,
        "fee": null,
        "opening_hours": null,
        "source": "osm"
      }
    },
    {
      "type": "Feature",
      "geometry": {
        "type": "Point",
        "coordinates": [
          2.1948725,
          41.4009994
        ]
      },
      "properties": {
        "id": "osm-n-8035012788",
        "category": "info",
        "name": "El jard\u00ed del sol",
        "wheelchair": null,
        "fee": null,
        "opening_hours": null,
        "source": "osm"
      }
    },
    {
      "type": "Feature",
      "geometry": {
        "type": "Point",
        "coordinates": [
          2.1941695,
          41.4017058
        ]
      },
      "properties": {
        "id": "osm-n-8035019188",
        "category": "water",
        "name": "Ajuntament de Barcelona",
        "wheelchair": null,
        "fee": "no",
        "opening_hours": null,
        "source": "osm"
      }
    },
    {
      "type": "Feature",
      "geometry": {
        "type": "Point",
        "coordinates": [
          2.2054006,
          41.4007521
        ]
      },
      "properties": {
        "id": "osm-n-8040028485",
        "category": "aed",
        "name": "Aed",
        "wheelchair": "yes",
        "fee": null,
        "opening_hours": "24/7",
        "source": "osm"
      }
    },
    {
      "type": "Feature",
      "geometry": {
        "type": "Point",
        "coordinates": [
          2.2076895,
          41.3982905
        ]
      },
      "properties": {
        "id": "osm-n-8049731585",
        "category": "water",
        "name": "Ajuntament de Barcelona",
        "wheelchair": null,
        "fee": "no",
        "opening_hours": null,
        "source": "osm"
      }
    },
    {
      "type": "Feature",
      "geometry": {
        "type": "Point",
        "coordinates": [
          2.2039023,
          41.400844
        ]
      },
      "properties": {
        "id": "osm-n-8049731792",
        "category": "shop",
        "name": "Corbera",
        "wheelchair": null,
        "fee": null,
        "opening_hours": null,
        "source": "osm"
      }
    },
    {
      "type": "Feature",
      "geometry": {
        "type": "Point",
        "coordinates": [
          2.1954143,
          41.4066239
        ]
      },
      "properties": {
        "id": "osm-n-8049731800",
        "category": "cafe",
        "name": "El rebost de la Lola",
        "wheelchair": null,
        "fee": null,
        "opening_hours": null,
        "source": "osm"
      }
    },
    {
      "type": "Feature",
      "geometry": {
        "type": "Point",
        "coordinates": [
          2.1983111,
          41.4043747
        ]
      },
      "properties": {
        "id": "osm-n-8049732298",
        "category": "cafe",
        "name": "L'Artesana",
        "wheelchair": null,
        "fee": null,
        "opening_hours": null,
        "source": "osm"
      }
    },
    {
      "type": "Feature",
      "geometry": {
        "type": "Point",
        "coordinates": [
          2.2039768,
          41.4072976
        ]
      },
      "properties": {
        "id": "osm-n-8062015185",
        "category": "cafe",
        "name": "Tapea & BB",
        "wheelchair": null,
        "fee": null,
        "opening_hours": null,
        "source": "osm"
      }
    },
    {
      "type": "Feature",
      "geometry": {
        "type": "Point",
        "coordinates": [
          2.2058974,
          41.4058034
        ]
      },
      "properties": {
        "id": "osm-n-8062015287",
        "category": "cafe",
        "name": "Fresh roasted coffee",
        "wheelchair": null,
        "fee": null,
        "opening_hours": null,
        "source": "osm"
      }
    },
    {
      "type": "Feature",
      "geometry": {
        "type": "Point",
        "coordinates": [
          2.203253,
          41.4034478
        ]
      },
      "properties": {
        "id": "osm-n-8062015289",
        "category": "shop",
        "name": "Shop",
        "wheelchair": null,
        "fee": null,
        "opening_hours": null,
        "source": "osm"
      }
    },
    {
      "type": "Feature",
      "geometry": {
        "type": "Point",
        "coordinates": [
          2.2012078,
          41.4022269
        ]
      },
      "properties": {
        "id": "osm-n-8062015292",
        "category": "shop",
        "name": "Shop",
        "wheelchair": null,
        "fee": null,
        "opening_hours": null,
        "source": "osm"
      }
    },
    {
      "type": "Feature",
      "geometry": {
        "type": "Point",
        "coordinates": [
          2.2051676,
          41.4064274
        ]
      },
      "properties": {
        "id": "osm-n-8062015385",
        "category": "cafe",
        "name": "El Rebost de l'Esther",
        "wheelchair": null,
        "fee": null,
        "opening_hours": null,
        "source": "osm"
      }
    },
    {
      "type": "Feature",
      "geometry": {
        "type": "Point",
        "coordinates": [
          2.2057728,
          41.4056873
        ]
      },
      "properties": {
        "id": "osm-n-8062015585",
        "category": "clinic",
        "name": "Nou Mar osteopatia",
        "wheelchair": null,
        "fee": null,
        "opening_hours": null,
        "source": "osm"
      }
    },
    {
      "type": "Feature",
      "geometry": {
        "type": "Point",
        "coordinates": [
          2.2057971,
          41.4053914
        ]
      },
      "properties": {
        "id": "osm-n-8062015885",
        "category": "shop",
        "name": "Shop",
        "wheelchair": null,
        "fee": null,
        "opening_hours": null,
        "source": "osm"
      }
    },
    {
      "type": "Feature",
      "geometry": {
        "type": "Point",
        "coordinates": [
          2.2050772,
          41.4052434
        ]
      },
      "properties": {
        "id": "osm-n-8062016085",
        "category": "cafe",
        "name": "Grana y oro",
        "wheelchair": null,
        "fee": null,
        "opening_hours": null,
        "source": "osm"
      }
    },
    {
      "type": "Feature",
      "geometry": {
        "type": "Point",
        "coordinates": [
          2.2029209,
          41.4035709
        ]
      },
      "properties": {
        "id": "osm-n-8062016187",
        "category": "shop",
        "name": "Shop",
        "wheelchair": null,
        "fee": null,
        "opening_hours": null,
        "source": "osm"
      }
    },
    {
      "type": "Feature",
      "geometry": {
        "type": "Point",
        "coordinates": [
          2.2014634,
          41.4021002
        ]
      },
      "properties": {
        "id": "osm-n-8062016195",
        "category": "cafe",
        "name": "artemisia",
        "wheelchair": null,
        "fee": null,
        "opening_hours": null,
        "source": "osm"
      }
    },
    {
      "type": "Feature",
      "geometry": {
        "type": "Point",
        "coordinates": [
          2.2043509,
          41.4046113
        ]
      },
      "properties": {
        "id": "osm-n-8062017288",
        "category": "cafe",
        "name": "La taverna 249",
        "wheelchair": null,
        "fee": null,
        "opening_hours": null,
        "source": "osm"
      }
    },
    {
      "type": "Feature",
      "geometry": {
        "type": "Point",
        "coordinates": [
          2.19194,
          41.4032605
        ]
      },
      "properties": {
        "id": "osm-n-8063925196",
        "category": "aed",
        "name": "Aed",
        "wheelchair": "yes",
        "fee": null,
        "opening_hours": null,
        "source": "osm"
      }
    },
    {
      "type": "Feature",
      "geometry": {
        "type": "Point",
        "coordinates": [
          2.2016875,
          41.3914013
        ]
      },
      "properties": {
        "id": "osm-n-8064785185",
        "category": "water",
        "name": "Ajuntament de Barcelona",
        "wheelchair": null,
        "fee": "no",
        "opening_hours": null,
        "source": "osm"
      }
    },
    {
      "type": "Feature",
      "geometry": {
        "type": "Point",
        "coordinates": [
          2.1975182,
          41.3956935
        ]
      },
      "properties": {
        "id": "osm-n-8064871086",
        "category": "cafe",
        "name": "Cafe",
        "wheelchair": null,
        "fee": null,
        "opening_hours": null,
        "source": "osm"
      }
    },
    {
      "type": "Feature",
      "geometry": {
        "type": "Point",
        "coordinates": [
          2.1981354,
          41.3954631
        ]
      },
      "properties": {
        "id": "osm-n-8064873885",
        "category": "cafe",
        "name": "Skye cofee",
        "wheelchair": null,
        "fee": null,
        "opening_hours": null,
        "source": "osm"
      }
    },
    {
      "type": "Feature",
      "geometry": {
        "type": "Point",
        "coordinates": [
          2.1920928,
          41.3993018
        ]
      },
      "properties": {
        "id": "osm-n-8064873987",
        "category": "cafe",
        "name": "Oasis",
        "wheelchair": null,
        "fee": null,
        "opening_hours": null,
        "source": "osm"
      }
    },
    {
      "type": "Feature",
      "geometry": {
        "type": "Point",
        "coordinates": [
          2.1935012,
          41.396382
        ]
      },
      "properties": {
        "id": "osm-n-8064874185",
        "category": "cafe",
        "name": "El primer caf\u00e9",
        "wheelchair": null,
        "fee": null,
        "opening_hours": null,
        "source": "osm"
      }
    },
    {
      "type": "Feature",
      "geometry": {
        "type": "Point",
        "coordinates": [
          2.191518,
          41.3996416
        ]
      },
      "properties": {
        "id": "osm-n-8064874187",
        "category": "aed",
        "name": "Aed",
        "wheelchair": null,
        "fee": null,
        "opening_hours": null,
        "source": "osm"
      }
    },
    {
      "type": "Feature",
      "geometry": {
        "type": "Point",
        "coordinates": [
          2.1771913,
          41.405538
        ]
      },
      "properties": {
        "id": "osm-n-8065986286",
        "category": "aed",
        "name": "Aed",
        "wheelchair": "yes",
        "fee": null,
        "opening_hours": null,
        "source": "osm"
      }
    },
    {
      "type": "Feature",
      "geometry": {
        "type": "Point",
        "coordinates": [
          2.1771233,
          41.4051848
        ]
      },
      "properties": {
        "id": "osm-n-8065986287",
        "category": "toilet",
        "name": "Toilet",
        "wheelchair": "yes",
        "fee": "no",
        "opening_hours": null,
        "source": "osm"
      }
    },
    {
      "type": "Feature",
      "geometry": {
        "type": "Point",
        "coordinates": [
          2.1935126,
          41.4037175
        ]
      },
      "properties": {
        "id": "osm-n-8073887018",
        "category": "aed",
        "name": "Aed",
        "wheelchair": null,
        "fee": null,
        "opening_hours": null,
        "source": "osm"
      }
    },
    {
      "type": "Feature",
      "geometry": {
        "type": "Point",
        "coordinates": [
          2.2050637,
          41.398827
        ]
      },
      "properties": {
        "id": "osm-n-8077063518",
        "category": "cafe",
        "name": "T44",
        "wheelchair": null,
        "fee": null,
        "opening_hours": null,
        "source": "osm"
      }
    },
    {
      "type": "Feature",
      "geometry": {
        "type": "Point",
        "coordinates": [
          2.1787105,
          41.4193544
        ]
      },
      "properties": {
        "id": "osm-n-8080371922",
        "category": "aed",
        "name": "Aed",
        "wheelchair": "yes",
        "fee": null,
        "opening_hours": null,
        "source": "osm"
      }
    },
    {
      "type": "Feature",
      "geometry": {
        "type": "Point",
        "coordinates": [
          2.2074289,
          41.4058187
        ]
      },
      "properties": {
        "id": "osm-n-8087274917",
        "category": "aed",
        "name": "Aed",
        "wheelchair": "yes",
        "fee": null,
        "opening_hours": null,
        "source": "osm"
      }
    },
    {
      "type": "Feature",
      "geometry": {
        "type": "Point",
        "coordinates": [
          2.2071821,
          41.4056144
        ]
      },
      "properties": {
        "id": "osm-n-8087275117",
        "category": "aed",
        "name": "Aed",
        "wheelchair": "yes",
        "fee": null,
        "opening_hours": null,
        "source": "osm"
      }
    },
    {
      "type": "Feature",
      "geometry": {
        "type": "Point",
        "coordinates": [
          2.1971462,
          41.4067023
        ]
      },
      "properties": {
        "id": "osm-n-8148305217",
        "category": "water",
        "name": "Ajuntament de Barcelona",
        "wheelchair": null,
        "fee": "no",
        "opening_hours": null,
        "source": "osm"
      }
    },
    {
      "type": "Feature",
      "geometry": {
        "type": "Point",
        "coordinates": [
          2.1933437,
          41.4044363
        ]
      },
      "properties": {
        "id": "osm-n-8149012556",
        "category": "aed",
        "name": "Aed",
        "wheelchair": "yes",
        "fee": null,
        "opening_hours": null,
        "source": "osm"
      }
    },
    {
      "type": "Feature",
      "geometry": {
        "type": "Point",
        "coordinates": [
          2.1777441,
          41.4015569
        ]
      },
      "properties": {
        "id": "osm-n-8169752117",
        "category": "water",
        "name": "Ajuntament de Barcelona",
        "wheelchair": null,
        "fee": "no",
        "opening_hours": null,
        "source": "osm"
      }
    },
    {
      "type": "Feature",
      "geometry": {
        "type": "Point",
        "coordinates": [
          2.1994873,
          41.3887269
        ]
      },
      "properties": {
        "id": "osm-n-8196838068",
        "category": "info",
        "name": "Info",
        "wheelchair": null,
        "fee": null,
        "opening_hours": null,
        "source": "osm"
      }
    },
    {
      "type": "Feature",
      "geometry": {
        "type": "Point",
        "coordinates": [
          2.1959932,
          41.3883398
        ]
      },
      "properties": {
        "id": "osm-n-8196838074",
        "category": "info",
        "name": "Info",
        "wheelchair": null,
        "fee": null,
        "opening_hours": null,
        "source": "osm"
      }
    },
    {
      "type": "Feature",
      "geometry": {
        "type": "Point",
        "coordinates": [
          2.215487,
          41.4405992
        ]
      },
      "properties": {
        "id": "osm-n-8220806948",
        "category": "water",
        "name": "Water",
        "wheelchair": null,
        "fee": null,
        "opening_hours": null,
        "source": "osm"
      }
    },
    {
      "type": "Feature",
      "geometry": {
        "type": "Point",
        "coordinates": [
          2.2197231,
          41.4388314
        ]
      },
      "properties": {
        "id": "osm-n-8245829989",
        "category": "water",
        "name": "Water",
        "wheelchair": null,
        "fee": null,
        "opening_hours": null,
        "source": "osm"
      }
    },
    {
      "type": "Feature",
      "geometry": {
        "type": "Point",
        "coordinates": [
          2.1730788,
          41.4037484
        ]
      },
      "properties": {
        "id": "osm-n-8265453917",
        "category": "cafe",
        "name": "Gust Celestial",
        "wheelchair": null,
        "fee": null,
        "opening_hours": null,
        "source": "osm"
      }
    },
    {
      "type": "Feature",
      "geometry": {
        "type": "Point",
        "coordinates": [
          2.2305247,
          41.424879
        ]
      },
      "properties": {
        "id": "osm-n-8296383419",
        "category": "info",
        "name": "Refugis de la Rereguarda",
        "wheelchair": null,
        "fee": null,
        "opening_hours": null,
        "source": "osm"
      }
    },
    {
      "type": "Feature",
      "geometry": {
        "type": "Point",
        "coordinates": [
          2.1745072,
          41.4006488
        ]
      },
      "properties": {
        "id": "osm-n-8363573918",
        "category": "cafe",
        "name": "Xue",
        "wheelchair": null,
        "fee": null,
        "opening_hours": null,
        "source": "osm"
      }
    },
    {
      "type": "Feature",
      "geometry": {
        "type": "Point",
        "coordinates": [
          2.2199483,
          41.4423568
        ]
      },
      "properties": {
        "id": "osm-n-8414566857",
        "category": "aed",
        "name": "Aed",
        "wheelchair": null,
        "fee": null,
        "opening_hours": null,
        "source": "osm"
      }
    },
    {
      "type": "Feature",
      "geometry": {
        "type": "Point",
        "coordinates": [
          2.1918005,
          41.4053896
        ]
      },
      "properties": {
        "id": "osm-n-8489755907",
        "category": "cafe",
        "name": "Buenas Migas",
        "wheelchair": null,
        "fee": null,
        "opening_hours": "Mo-Fr 07:30-22:00; Sa-Su 09:00-21:00",
        "source": "osm"
      }
    },
    {
      "type": "Feature",
      "geometry": {
        "type": "Point",
        "coordinates": [
          2.174976,
          41.4097702
        ]
      },
      "properties": {
        "id": "osm-n-8497996120",
        "category": "cafe",
        "name": "Iaia' Nita",
        "wheelchair": null,
        "fee": null,
        "opening_hours": null,
        "source": "osm"
      }
    },
    {
      "type": "Feature",
      "geometry": {
        "type": "Point",
        "coordinates": [
          2.1725591,
          41.4097041
        ]
      },
      "properties": {
        "id": "osm-n-8504663218",
        "category": "cafe",
        "name": "Xocolateria Carri\u00f3",
        "wheelchair": null,
        "fee": null,
        "opening_hours": null,
        "source": "osm"
      }
    },
    {
      "type": "Feature",
      "geometry": {
        "type": "Point",
        "coordinates": [
          2.1787059,
          41.4074624
        ]
      },
      "properties": {
        "id": "osm-n-8506256246",
        "category": "cafe",
        "name": "La Granja del Barri",
        "wheelchair": null,
        "fee": null,
        "opening_hours": null,
        "source": "osm"
      }
    },
    {
      "type": "Feature",
      "geometry": {
        "type": "Point",
        "coordinates": [
          2.1736467,
          41.4074777
        ]
      },
      "properties": {
        "id": "osm-n-8512874417",
        "category": "cafe",
        "name": "Bread & Coffee",
        "wheelchair": null,
        "fee": null,
        "opening_hours": null,
        "source": "osm"
      }
    },
    {
      "type": "Feature",
      "geometry": {
        "type": "Point",
        "coordinates": [
          2.1749707,
          41.4064013
        ]
      },
      "properties": {
        "id": "osm-n-8512874520",
        "category": "cafe",
        "name": "Bar Trebol",
        "wheelchair": null,
        "fee": null,
        "opening_hours": null,
        "source": "osm"
      }
    },
    {
      "type": "Feature",
      "geometry": {
        "type": "Point",
        "coordinates": [
          2.1741583,
          41.4058184
        ]
      },
      "properties": {
        "id": "osm-n-8512874717",
        "category": "cafe",
        "name": "Dante",
        "wheelchair": null,
        "fee": null,
        "opening_hours": "\"Two different sign, one stating open every day of the year from 10:30AM to 13:30PM, the other stating Winter opening hours with three different opening hours for different group of days.\"",
        "source": "osm"
      }
    },
    {
      "type": "Feature",
      "geometry": {
        "type": "Point",
        "coordinates": [
          2.173021,
          41.4044877
        ]
      },
      "properties": {
        "id": "osm-n-8519988017",
        "category": "water",
        "name": "Ajuntament de Barcelona",
        "wheelchair": null,
        "fee": "no",
        "opening_hours": null,
        "source": "osm"
      }
    },
    {
      "type": "Feature",
      "geometry": {
        "type": "Point",
        "coordinates": [
          2.1761679,
          41.4056089
        ]
      },
      "properties": {
        "id": "osm-n-8553081918",
        "category": "cafe",
        "name": "Una trobada per un bon caf\u00e8",
        "wheelchair": null,
        "fee": null,
        "opening_hours": null,
        "source": "osm"
      }
    },
    {
      "type": "Feature",
      "geometry": {
        "type": "Point",
        "coordinates": [
          2.2241065,
          41.4397288
        ]
      },
      "properties": {
        "id": "osm-n-8561873432",
        "category": "water",
        "name": "Water",
        "wheelchair": null,
        "fee": null,
        "opening_hours": null,
        "source": "osm"
      }
    },
    {
      "type": "Feature",
      "geometry": {
        "type": "Point",
        "coordinates": [
          2.1751134,
          41.411623
        ]
      },
      "properties": {
        "id": "osm-n-8564811127",
        "category": "cafe",
        "name": "Pan Pers\u00f3tt",
        "wheelchair": null,
        "fee": null,
        "opening_hours": null,
        "source": "osm"
      }
    },
    {
      "type": "Feature",
      "geometry": {
        "type": "Point",
        "coordinates": [
          2.1753486,
          41.4117588
        ]
      },
      "properties": {
        "id": "osm-n-8564873019",
        "category": "cafe",
        "name": "COFFEE & P\u00c2TISSERIE",
        "wheelchair": "limited",
        "fee": null,
        "opening_hours": "Mo-Fr 09:30-14:00,17:30-20:00+; Sa 10:00-14:00+",
        "source": "osm"
      }
    },
    {
      "type": "Feature",
      "geometry": {
        "type": "Point",
        "coordinates": [
          2.1779577,
          41.4106767
        ]
      },
      "properties": {
        "id": "osm-n-8564873318",
        "category": "cafe",
        "name": "Naya",
        "wheelchair": null,
        "fee": null,
        "opening_hours": null,
        "source": "osm"
      }
    },
    {
      "type": "Feature",
      "geometry": {
        "type": "Point",
        "coordinates": [
          2.2247174,
          41.4243018
        ]
      },
      "properties": {
        "id": "osm-n-8609731317",
        "category": "info",
        "name": "Biodiversitat del Bes\u00f2s: Ocells del riu",
        "wheelchair": null,
        "fee": null,
        "opening_hours": null,
        "source": "osm"
      }
    },
    {
      "type": "Feature",
      "geometry": {
        "type": "Point",
        "coordinates": [
          2.2108123,
          41.4367363
        ]
      },
      "properties": {
        "id": "osm-n-8609806717",
        "category": "info",
        "name": "Biodiversitat del Bes\u00f2s: Ocells del riu",
        "wheelchair": null,
        "fee": null,
        "opening_hours": null,
        "source": "osm"
      }
    },
    {
      "type": "Feature",
      "geometry": {
        "type": "Point",
        "coordinates": [
          2.2227038,
          41.4420339
        ]
      },
      "properties": {
        "id": "osm-n-8612406443",
        "category": "water",
        "name": "Water",
        "wheelchair": null,
        "fee": null,
        "opening_hours": null,
        "source": "osm"
      }
    },
    {
      "type": "Feature",
      "geometry": {
        "type": "Point",
        "coordinates": [
          2.1946029,
          41.402533
        ]
      },
      "properties": {
        "id": "osm-n-8662232235",
        "category": "aed",
        "name": "Aed",
        "wheelchair": null,
        "fee": null,
        "opening_hours": null,
        "source": "osm"
      }
    },
    {
      "type": "Feature",
      "geometry": {
        "type": "Point",
        "coordinates": [
          2.1828653,
          41.4048831
        ]
      },
      "properties": {
        "id": "osm-n-8675712218",
        "category": "aed",
        "name": "Aed",
        "wheelchair": null,
        "fee": null,
        "opening_hours": null,
        "source": "osm"
      }
    },
    {
      "type": "Feature",
      "geometry": {
        "type": "Point",
        "coordinates": [
          2.1914489,
          41.4226359
        ]
      },
      "properties": {
        "id": "osm-n-8708349489",
        "category": "water",
        "name": "Font de Can Gaig",
        "wheelchair": null,
        "fee": "no",
        "opening_hours": null,
        "source": "osm"
      }
    },
    {
      "type": "Feature",
      "geometry": {
        "type": "Point",
        "coordinates": [
          2.1751038,
          41.4018279
        ]
      },
      "properties": {
        "id": "osm-n-8722531417",
        "category": "cafe",
        "name": "Sun coffee & bakery",
        "wheelchair": null,
        "fee": null,
        "opening_hours": null,
        "source": "osm"
      }
    },
    {
      "type": "Feature",
      "geometry": {
        "type": "Point",
        "coordinates": [
          2.1787725,
          41.3918668
        ]
      },
      "properties": {
        "id": "osm-n-8742046653",
        "category": "shop",
        "name": "Super Mercat",
        "wheelchair": null,
        "fee": null,
        "opening_hours": "24/7",
        "source": "osm"
      }
    },
    {
      "type": "Feature",
      "geometry": {
        "type": "Point",
        "coordinates": [
          2.1979859,
          41.3860481
        ]
      },
      "properties": {
        "id": "osm-n-8760518883",
        "category": "info",
        "name": "Ronda Verda - Sector Front Mar\u00edtim",
        "wheelchair": null,
        "fee": null,
        "opening_hours": null,
        "source": "osm"
      }
    },
    {
      "type": "Feature",
      "geometry": {
        "type": "Point",
        "coordinates": [
          2.1992319,
          41.3888221
        ]
      },
      "properties": {
        "id": "osm-n-8760518884",
        "category": "info",
        "name": "Ronda Verda - Sector Front Mar\u00edtim",
        "wheelchair": null,
        "fee": null,
        "opening_hours": null,
        "source": "osm"
      }
    },
    {
      "type": "Feature",
      "geometry": {
        "type": "Point",
        "coordinates": [
          2.2003731,
          41.3994943
        ]
      },
      "properties": {
        "id": "osm-n-8760560770",
        "category": "cafe",
        "name": "That's l-fe",
        "wheelchair": "yes",
        "fee": null,
        "opening_hours": null,
        "source": "osm"
      }
    },
    {
      "type": "Feature",
      "geometry": {
        "type": "Point",
        "coordinates": [
          2.2008097,
          41.3988649
        ]
      },
      "properties": {
        "id": "osm-n-8760560772",
        "category": "cafe",
        "name": "Cafe",
        "wheelchair": null,
        "fee": null,
        "opening_hours": null,
        "source": "osm"
      }
    },
    {
      "type": "Feature",
      "geometry": {
        "type": "Point",
        "coordinates": [
          2.1812776,
          41.3887745
        ]
      },
      "properties": {
        "id": "osm-n-8778940926",
        "category": "cafe",
        "name": "The Little Basket",
        "wheelchair": null,
        "fee": null,
        "opening_hours": null,
        "source": "osm"
      }
    },
    {
      "type": "Feature",
      "geometry": {
        "type": "Point",
        "coordinates": [
          2.2267263,
          41.4100856
        ]
      },
      "properties": {
        "id": "osm-n-8788260318",
        "category": "toilet",
        "name": "Toilet",
        "wheelchair": null,
        "fee": null,
        "opening_hours": null,
        "source": "osm"
      }
    },
    {
      "type": "Feature",
      "geometry": {
        "type": "Point",
        "coordinates": [
          2.227089,
          41.4117664
        ]
      },
      "properties": {
        "id": "osm-n-8788260319",
        "category": "toilet",
        "name": "Toilet",
        "wheelchair": null,
        "fee": null,
        "opening_hours": null,
        "source": "osm"
      }
    },
    {
      "type": "Feature",
      "geometry": {
        "type": "Point",
        "coordinates": [
          2.2220794,
          41.4089071
        ]
      },
      "properties": {
        "id": "osm-n-8788623000",
        "category": "info",
        "name": "Ronda Verda",
        "wheelchair": null,
        "fee": null,
        "opening_hours": null,
        "source": "osm"
      }
    },
    {
      "type": "Feature",
      "geometry": {
        "type": "Point",
        "coordinates": [
          2.2243888,
          41.4246604
        ]
      },
      "properties": {
        "id": "osm-n-8790308076",
        "category": "water",
        "name": "Water",
        "wheelchair": null,
        "fee": null,
        "opening_hours": null,
        "source": "osm"
      }
    },
    {
      "type": "Feature",
      "geometry": {
        "type": "Point",
        "coordinates": [
          2.2262653,
          41.4237863
        ]
      },
      "properties": {
        "id": "osm-n-8790324558",
        "category": "water",
        "name": "Water",
        "wheelchair": null,
        "fee": null,
        "opening_hours": null,
        "source": "osm"
      }
    },
    {
      "type": "Feature",
      "geometry": {
        "type": "Point",
        "coordinates": [
          2.2138198,
          41.4323974
        ]
      },
      "properties": {
        "id": "osm-n-8790376959",
        "category": "water",
        "name": "Water",
        "wheelchair": null,
        "fee": null,
        "opening_hours": null,
        "source": "osm"
      }
    },
    {
      "type": "Feature",
      "geometry": {
        "type": "Point",
        "coordinates": [
          2.1788705,
          41.4114623
        ]
      },
      "properties": {
        "id": "osm-n-8809092817",
        "category": "cafe",
        "name": "Vivari",
        "wheelchair": null,
        "fee": null,
        "opening_hours": null,
        "source": "osm"
      }
    },
    {
      "type": "Feature",
      "geometry": {
        "type": "Point",
        "coordinates": [
          2.1777254,
          41.4118391
        ]
      },
      "properties": {
        "id": "osm-n-8809092917",
        "category": "cafe",
        "name": "Pannia",
        "wheelchair": null,
        "fee": null,
        "opening_hours": "Mo-Su 07:00-22:00+",
        "source": "osm"
      }
    },
    {
      "type": "Feature",
      "geometry": {
        "type": "Point",
        "coordinates": [
          2.18007,
          41.3924017
        ]
      },
      "properties": {
        "id": "osm-n-8813987717",
        "category": "clinic",
        "name": "Anex al Centte d\"Atenci\u00f3 Prim\u00e0ria Passeig de Sant Joan",
        "wheelchair": null,
        "fee": null,
        "opening_hours": null,
        "source": "osm"
      }
    },
    {
      "type": "Feature",
      "geometry": {
        "type": "Point",
        "coordinates": [
          2.1921659,
          41.4018091
        ]
      },
      "properties": {
        "id": "osm-n-8814067117",
        "category": "aed",
        "name": "Aed",
        "wheelchair": "yes",
        "fee": null,
        "opening_hours": null,
        "source": "osm"
      }
    },
    {
      "type": "Feature",
      "geometry": {
        "type": "Point",
        "coordinates": [
          2.1924877,
          41.406635
        ]
      },
      "properties": {
        "id": "osm-n-8842403919",
        "category": "aed",
        "name": "Aed",
        "wheelchair": null,
        "fee": null,
        "opening_hours": null,
        "source": "osm"
      }
    },
    {
      "type": "Feature",
      "geometry": {
        "type": "Point",
        "coordinates": [
          2.2058638,
          41.4004191
        ]
      },
      "properties": {
        "id": "osm-n-8846098926",
        "category": "cafe",
        "name": "Zero Barcelona Cafe",
        "wheelchair": null,
        "fee": null,
        "opening_hours": "Mo-Su 08:00-22:00",
        "source": "osm"
      }
    },
    {
      "type": "Feature",
      "geometry": {
        "type": "Point",
        "coordinates": [
          2.1949171,
          41.406184
        ]
      },
      "properties": {
        "id": "osm-n-8913451442",
        "category": "aed",
        "name": "Aed",
        "wheelchair": "yes",
        "fee": null,
        "opening_hours": null,
        "source": "osm"
      }
    },
    {
      "type": "Feature",
      "geometry": {
        "type": "Point",
        "coordinates": [
          2.179024,
          41.3970939
        ]
      },
      "properties": {
        "id": "osm-n-8933868917",
        "category": "cafe",
        "name": "Vivari",
        "wheelchair": null,
        "fee": null,
        "opening_hours": null,
        "source": "osm"
      }
    },
    {
      "type": "Feature",
      "geometry": {
        "type": "Point",
        "coordinates": [
          2.1932472,
          41.3996198
        ]
      },
      "properties": {
        "id": "osm-n-8937579318",
        "category": "aed",
        "name": "Aed",
        "wheelchair": null,
        "fee": null,
        "opening_hours": null,
        "source": "osm"
      }
    },
    {
      "type": "Feature",
      "geometry": {
        "type": "Point",
        "coordinates": [
          2.1854242,
          41.3922642
        ]
      },
      "properties": {
        "id": "osm-n-8937602617",
        "category": "aed",
        "name": "Aed",
        "wheelchair": null,
        "fee": null,
        "opening_hours": null,
        "source": "osm"
      }
    },
    {
      "type": "Feature",
      "geometry": {
        "type": "Point",
        "coordinates": [
          2.1845521,
          41.3916754
        ]
      },
      "properties": {
        "id": "osm-n-8937602618",
        "category": "cafe",
        "name": "El caf\u00e9 del Sandaru",
        "wheelchair": null,
        "fee": null,
        "opening_hours": null,
        "source": "osm"
      }
    },
    {
      "type": "Feature",
      "geometry": {
        "type": "Point",
        "coordinates": [
          2.1822733,
          41.3884012
        ]
      },
      "properties": {
        "id": "osm-n-8950996826",
        "category": "charging",
        "name": "Charging",
        "wheelchair": null,
        "fee": null,
        "opening_hours": null,
        "source": "osm"
      }
    },
    {
      "type": "Feature",
      "geometry": {
        "type": "Point",
        "coordinates": [
          2.191247,
          41.4300534
        ]
      },
      "properties": {
        "id": "osm-n-8979094817",
        "category": "water",
        "name": "Ajuntament de Barcelona",
        "wheelchair": null,
        "fee": "no",
        "opening_hours": null,
        "source": "osm"
      }
    },
    {
      "type": "Feature",
      "geometry": {
        "type": "Point",
        "coordinates": [
          2.192419,
          41.433918
        ]
      },
      "properties": {
        "id": "osm-n-8979112417",
        "category": "water",
        "name": "Ajuntament de Barcelona",
        "wheelchair": null,
        "fee": "no",
        "opening_hours": null,
        "source": "osm"
      }
    },
    {
      "type": "Feature",
      "geometry": {
        "type": "Point",
        "coordinates": [
          2.1926105,
          41.4395398
        ]
      },
      "properties": {
        "id": "osm-n-8979168319",
        "category": "water",
        "name": "Ajuntament de Barcelona",
        "wheelchair": null,
        "fee": "no",
        "opening_hours": null,
        "source": "osm"
      }
    },
    {
      "type": "Feature",
      "geometry": {
        "type": "Point",
        "coordinates": [
          2.1854705,
          41.4289794
        ]
      },
      "properties": {
        "id": "osm-n-8990571930",
        "category": "parking",
        "name": "Parking",
        "wheelchair": null,
        "fee": null,
        "opening_hours": null,
        "source": "osm"
      }
    },
    {
      "type": "Feature",
      "geometry": {
        "type": "Point",
        "coordinates": [
          2.198184,
          41.3907283
        ]
      },
      "properties": {
        "id": "osm-n-9014586826",
        "category": "aed",
        "name": "Aed",
        "wheelchair": "yes",
        "fee": null,
        "opening_hours": null,
        "source": "osm"
      }
    },
    {
      "type": "Feature",
      "geometry": {
        "type": "Point",
        "coordinates": [
          2.2016748,
          41.3975519
        ]
      },
      "properties": {
        "id": "osm-n-9016812532",
        "category": "fuel",
        "name": "Benzinera Poblenou",
        "wheelchair": null,
        "fee": null,
        "opening_hours": null,
        "source": "osm"
      }
    },
    {
      "type": "Feature",
      "geometry": {
        "type": "Point",
        "coordinates": [
          2.2178345,
          41.410033
        ]
      },
      "properties": {
        "id": "osm-n-9019833448",
        "category": "toilet",
        "name": "Toilet",
        "wheelchair": null,
        "fee": "no",
        "opening_hours": null,
        "source": "osm"
      }
    },
    {
      "type": "Feature",
      "geometry": {
        "type": "Point",
        "coordinates": [
          2.2178418,
          41.410021
        ]
      },
      "properties": {
        "id": "osm-n-9019920984",
        "category": "toilet",
        "name": "Toilet",
        "wheelchair": "yes",
        "fee": "no",
        "opening_hours": null,
        "source": "osm"
      }
    },
    {
      "type": "Feature",
      "geometry": {
        "type": "Point",
        "coordinates": [
          2.2032138,
          41.4099174
        ]
      },
      "properties": {
        "id": "osm-n-9023220317",
        "category": "info",
        "name": "Pere IV Passatge Major de Poblenou",
        "wheelchair": null,
        "fee": null,
        "opening_hours": null,
        "source": "osm"
      }
    },
    {
      "type": "Feature",
      "geometry": {
        "type": "Point",
        "coordinates": [
          2.205061,
          41.4123971
        ]
      },
      "properties": {
        "id": "osm-n-9023222418",
        "category": "info",
        "name": "Pere IV Passatge Major de Poblenou",
        "wheelchair": null,
        "fee": null,
        "opening_hours": null,
        "source": "osm"
      }
    },
    {
      "type": "Feature",
      "geometry": {
        "type": "Point",
        "coordinates": [
          2.2071823,
          41.4150238
        ]
      },
      "properties": {
        "id": "osm-n-9023246717",
        "category": "info",
        "name": "Pere IV Passatge Major de Poblenou",
        "wheelchair": null,
        "fee": null,
        "opening_hours": null,
        "source": "osm"
      }
    },
    {
      "type": "Feature",
      "geometry": {
        "type": "Point",
        "coordinates": [
          2.2081358,
          41.4161621
        ]
      },
      "properties": {
        "id": "osm-n-9023249617",
        "category": "info",
        "name": "Pere IV Passatge Major de Poblenou",
        "wheelchair": null,
        "fee": null,
        "opening_hours": null,
        "source": "osm"
      }
    },
    {
      "type": "Feature",
      "geometry": {
        "type": "Point",
        "coordinates": [
          2.209716,
          41.4181341
        ]
      },
      "properties": {
        "id": "osm-n-9023249618",
        "category": "info",
        "name": "Pere IV Passatge Major de Poblenou",
        "wheelchair": null,
        "fee": null,
        "opening_hours": null,
        "source": "osm"
      }
    },
    {
      "type": "Feature",
      "geometry": {
        "type": "Point",
        "coordinates": [
          2.2041562,
          41.4113089
        ]
      },
      "properties": {
        "id": "osm-n-9034277718",
        "category": "info",
        "name": "Pere IV Passatge Major de Poblenou",
        "wheelchair": null,
        "fee": null,
        "opening_hours": null,
        "source": "osm"
      }
    },
    {
      "type": "Feature",
      "geometry": {
        "type": "Point",
        "coordinates": [
          2.2051996,
          41.4009762
        ]
      },
      "properties": {
        "id": "osm-n-9052669617",
        "category": "toilet",
        "name": "Toilet",
        "wheelchair": null,
        "fee": "no",
        "opening_hours": null,
        "source": "osm"
      }
    },
    {
      "type": "Feature",
      "geometry": {
        "type": "Point",
        "coordinates": [
          2.1901387,
          41.3990621
        ]
      },
      "properties": {
        "id": "osm-n-9116536524",
        "category": "aed",
        "name": "Aed",
        "wheelchair": "yes",
        "fee": null,
        "opening_hours": null,
        "source": "osm"
      }
    },
    {
      "type": "Feature",
      "geometry": {
        "type": "Point",
        "coordinates": [
          2.1888871,
          41.3968342
        ]
      },
      "properties": {
        "id": "osm-n-9124922432",
        "category": "cafe",
        "name": "Caf\u00e9 de Finca",
        "wheelchair": null,
        "fee": null,
        "opening_hours": null,
        "source": "osm"
      }
    },
    {
      "type": "Feature",
      "geometry": {
        "type": "Point",
        "coordinates": [
          2.1813386,
          41.3982583
        ]
      },
      "properties": {
        "id": "osm-n-9131410417",
        "category": "water",
        "name": "Ajuntament de Barcelona",
        "wheelchair": null,
        "fee": "no",
        "opening_hours": null,
        "source": "osm"
      }
    },
    {
      "type": "Feature",
      "geometry": {
        "type": "Point",
        "coordinates": [
          2.2104979,
          41.4271916
        ]
      },
      "properties": {
        "id": "osm-n-9155652937",
        "category": "fuel",
        "name": "Galp",
        "wheelchair": null,
        "fee": null,
        "opening_hours": "Mo-Su 06:00-22:00",
        "source": "osm"
      }
    },
    {
      "type": "Feature",
      "geometry": {
        "type": "Point",
        "coordinates": [
          2.1954008,
          41.3847924
        ]
      },
      "properties": {
        "id": "osm-n-9180423916",
        "category": "cafe",
        "name": "Proa a la Mar",
        "wheelchair": null,
        "fee": null,
        "opening_hours": null,
        "source": "osm"
      }
    },
    {
      "type": "Feature",
      "geometry": {
        "type": "Point",
        "coordinates": [
          2.1933365,
          41.4277438
        ]
      },
      "properties": {
        "id": "osm-n-9197788611",
        "category": "aed",
        "name": "Ajuntament de Barcelona",
        "wheelchair": "yes",
        "fee": null,
        "opening_hours": null,
        "source": "osm"
      }
    },
    {
      "type": "Feature",
      "geometry": {
        "type": "Point",
        "coordinates": [
          2.1910973,
          41.4329169
        ]
      },
      "properties": {
        "id": "osm-n-9197801697",
        "category": "aed",
        "name": "Aed",
        "wheelchair": null,
        "fee": null,
        "opening_hours": null,
        "source": "osm"
      }
    },
    {
      "type": "Feature",
      "geometry": {
        "type": "Point",
        "coordinates": [
          2.187799,
          41.3925284
        ]
      },
      "properties": {
        "id": "osm-n-9210223967",
        "category": "water",
        "name": "Ajuntament de Barcelona",
        "wheelchair": null,
        "fee": "no",
        "opening_hours": null,
        "source": "osm"
      }
    },
    {
      "type": "Feature",
      "geometry": {
        "type": "Point",
        "coordinates": [
          2.1914428,
          41.4226401
        ]
      },
      "properties": {
        "id": "osm-n-9216671135",
        "category": "info",
        "name": "Font de Can Gaig",
        "wheelchair": null,
        "fee": null,
        "opening_hours": null,
        "source": "osm"
      }
    },
    {
      "type": "Feature",
      "geometry": {
        "type": "Point",
        "coordinates": [
          2.201213,
          41.4199108
        ]
      },
      "properties": {
        "id": "osm-n-9217104800",
        "category": "charging",
        "name": "Endolla Barcelona",
        "wheelchair": null,
        "fee": null,
        "opening_hours": null,
        "source": "osm"
      }
    },
    {
      "type": "Feature",
      "geometry": {
        "type": "Point",
        "coordinates": [
          2.1791556,
          41.3911673
        ]
      },
      "properties": {
        "id": "osm-n-9232386351",
        "category": "cafe",
        "name": "365",
        "wheelchair": "yes",
        "fee": null,
        "opening_hours": null,
        "source": "osm"
      }
    },
    {
      "type": "Feature",
      "geometry": {
        "type": "Point",
        "coordinates": [
          2.1842529,
          41.4005247
        ]
      },
      "properties": {
        "id": "osm-n-9233572532",
        "category": "cafe",
        "name": "Caf\u00e9 del Teatre",
        "wheelchair": null,
        "fee": null,
        "opening_hours": null,
        "source": "osm"
      }
    },
    {
      "type": "Feature",
      "geometry": {
        "type": "Point",
        "coordinates": [
          2.2140423,
          41.4120566
        ]
      },
      "properties": {
        "id": "osm-n-9240267915",
        "category": "cafe",
        "name": "Cafe",
        "wheelchair": null,
        "fee": null,
        "opening_hours": null,
        "source": "osm"
      }
    },
    {
      "type": "Feature",
      "geometry": {
        "type": "Point",
        "coordinates": [
          2.2135528,
          41.412025
        ]
      },
      "properties": {
        "id": "osm-n-9240267916",
        "category": "cafe",
        "name": "Cafe",
        "wheelchair": null,
        "fee": null,
        "opening_hours": null,
        "source": "osm"
      }
    },
    {
      "type": "Feature",
      "geometry": {
        "type": "Point",
        "coordinates": [
          2.2151003,
          41.4316983
        ]
      },
      "properties": {
        "id": "osm-n-9254580082",
        "category": "info",
        "name": "Cam\u00ed Ral de Sant Adri\u00e0 de Bes\u00f3s",
        "wheelchair": null,
        "fee": null,
        "opening_hours": null,
        "source": "osm"
      }
    },
    {
      "type": "Feature",
      "geometry": {
        "type": "Point",
        "coordinates": [
          2.2145836,
          41.4312435
        ]
      },
      "properties": {
        "id": "osm-n-9254580084",
        "category": "info",
        "name": "Pont dels Passadors",
        "wheelchair": null,
        "fee": null,
        "opening_hours": null,
        "source": "osm"
      }
    },
    {
      "type": "Feature",
      "geometry": {
        "type": "Point",
        "coordinates": [
          2.218767,
          41.4308091
        ]
      },
      "properties": {
        "id": "osm-n-9254610200",
        "category": "info",
        "name": "Memorial Democr\u00e0tic. Refugis de la Rereguarda",
        "wheelchair": null,
        "fee": null,
        "opening_hours": null,
        "source": "osm"
      }
    },
    {
      "type": "Feature",
      "geometry": {
        "type": "Point",
        "coordinates": [
          2.1891718,
          41.4224631
        ]
      },
      "properties": {
        "id": "osm-n-9268156062",
        "category": "water",
        "name": "Ajuntament de Barcelona",
        "wheelchair": null,
        "fee": "no",
        "opening_hours": null,
        "source": "osm"
      }
    },
    {
      "type": "Feature",
      "geometry": {
        "type": "Point",
        "coordinates": [
          2.2047337,
          41.4191917
        ]
      },
      "properties": {
        "id": "osm-n-9277038517",
        "category": "info",
        "name": "La Palmera i el Mur",
        "wheelchair": null,
        "fee": null,
        "opening_hours": null,
        "source": "osm"
      }
    },
    {
      "type": "Feature",
      "geometry": {
        "type": "Point",
        "coordinates": [
          2.1879966,
          41.4207142
        ]
      },
      "properties": {
        "id": "osm-n-9277199918",
        "category": "water",
        "name": "Ajuntament de Barcelona",
        "wheelchair": null,
        "fee": "no",
        "opening_hours": null,
        "source": "osm"
      }
    },
    {
      "type": "Feature",
      "geometry": {
        "type": "Point",
        "coordinates": [
          2.2208923,
          41.4238749
        ]
      },
      "properties": {
        "id": "osm-n-9282788145",
        "category": "parking",
        "name": "Parking",
        "wheelchair": null,
        "fee": null,
        "opening_hours": null,
        "source": "osm"
      }
    },
    {
      "type": "Feature",
      "geometry": {
        "type": "Point",
        "coordinates": [
          2.1877361,
          41.396056
        ]
      },
      "properties": {
        "id": "osm-n-9331381634",
        "category": "aed",
        "name": "Aed",
        "wheelchair": null,
        "fee": null,
        "opening_hours": null,
        "source": "osm"
      }
    },
    {
      "type": "Feature",
      "geometry": {
        "type": "Point",
        "coordinates": [
          2.2214288,
          41.4278765
        ]
      },
      "properties": {
        "id": "osm-n-9345761917",
        "category": "water",
        "name": "Water",
        "wheelchair": null,
        "fee": null,
        "opening_hours": null,
        "source": "osm"
      }
    },
    {
      "type": "Feature",
      "geometry": {
        "type": "Point",
        "coordinates": [
          2.219086,
          41.4248292
        ]
      },
      "properties": {
        "id": "osm-n-9345778617",
        "category": "water",
        "name": "Water",
        "wheelchair": null,
        "fee": null,
        "opening_hours": null,
        "source": "osm"
      }
    },
    {
      "type": "Feature",
      "geometry": {
        "type": "Point",
        "coordinates": [
          2.2083787,
          41.4434877
        ]
      },
      "properties": {
        "id": "osm-n-9350840947",
        "category": "info",
        "name": "Bicivia 8 - Ruta Mediterr\u00e0nia 3",
        "wheelchair": null,
        "fee": null,
        "opening_hours": null,
        "source": "osm"
      }
    },
    {
      "type": "Feature",
      "geometry": {
        "type": "Point",
        "coordinates": [
          2.2097528,
          41.4407633
        ]
      },
      "properties": {
        "id": "osm-n-9350858310",
        "category": "info",
        "name": "Bicivia 8 - Ruta Mediterr\u00e0nia 3",
        "wheelchair": null,
        "fee": null,
        "opening_hours": null,
        "source": "osm"
      }
    },
    {
      "type": "Feature",
      "geometry": {
        "type": "Point",
        "coordinates": [
          2.2199455,
          41.4271758
        ]
      },
      "properties": {
        "id": "osm-n-9356032653",
        "category": "info",
        "name": "Ronda Verda",
        "wheelchair": null,
        "fee": null,
        "opening_hours": null,
        "source": "osm"
      }
    },
    {
      "type": "Feature",
      "geometry": {
        "type": "Point",
        "coordinates": [
          2.1862008,
          41.4136373
        ]
      },
      "properties": {
        "id": "osm-n-9358609558",
        "category": "water",
        "name": "Ajuntament de Barcelona",
        "wheelchair": null,
        "fee": "no",
        "opening_hours": null,
        "source": "osm"
      }
    },
    {
      "type": "Feature",
      "geometry": {
        "type": "Point",
        "coordinates": [
          2.1832657,
          41.3971033
        ]
      },
      "properties": {
        "id": "osm-n-9368558631",
        "category": "charging",
        "name": "Endolla Barcelona",
        "wheelchair": null,
        "fee": null,
        "opening_hours": null,
        "source": "osm"
      }
    },
    {
      "type": "Feature",
      "geometry": {
        "type": "Point",
        "coordinates": [
          2.2416758,
          41.4370813
        ]
      },
      "properties": {
        "id": "osm-n-9391492117",
        "category": "info",
        "name": "Eurovelo 8 Bicivia 1",
        "wheelchair": null,
        "fee": null,
        "opening_hours": null,
        "source": "osm"
      }
    },
    {
      "type": "Feature",
      "geometry": {
        "type": "Point",
        "coordinates": [
          2.2260364,
          41.4184839
        ]
      },
      "properties": {
        "id": "osm-n-9391859863",
        "category": "info",
        "name": "Info",
        "wheelchair": null,
        "fee": null,
        "opening_hours": null,
        "source": "osm"
      }
    },
    {
      "type": "Feature",
      "geometry": {
        "type": "Point",
        "coordinates": [
          2.2302622,
          41.4233494
        ]
      },
      "properties": {
        "id": "osm-n-9392268185",
        "category": "info",
        "name": "Info",
        "wheelchair": null,
        "fee": null,
        "opening_hours": null,
        "source": "osm"
      }
    },
    {
      "type": "Feature",
      "geometry": {
        "type": "Point",
        "coordinates": [
          2.2429495,
          41.4376093
        ]
      },
      "properties": {
        "id": "osm-n-9392301144",
        "category": "info",
        "name": "Eurovelo 8 Bicivia 1",
        "wheelchair": null,
        "fee": null,
        "opening_hours": null,
        "source": "osm"
      }
    },
    {
      "type": "Feature",
      "geometry": {
        "type": "Point",
        "coordinates": [
          2.2423593,
          41.4377608
        ]
      },
      "properties": {
        "id": "osm-n-9392301145",
        "category": "info",
        "name": "Eurovelo 8 Bicivia 1",
        "wheelchair": null,
        "fee": null,
        "opening_hours": null,
        "source": "osm"
      }
    },
    {
      "type": "Feature",
      "geometry": {
        "type": "Point",
        "coordinates": [
          2.227612,
          41.4216469
        ]
      },
      "properties": {
        "id": "osm-n-9423730637",
        "category": "info",
        "name": "El riu Bes\u00f2s i la migraci\u00f3 dels ocells",
        "wheelchair": null,
        "fee": null,
        "opening_hours": null,
        "source": "osm"
      }
    },
    {
      "type": "Feature",
      "geometry": {
        "type": "Point",
        "coordinates": [
          2.2303273,
          41.4233448
        ]
      },
      "properties": {
        "id": "osm-n-9431214770",
        "category": "info",
        "name": "Ruta Mediterr\u00e0nia 3",
        "wheelchair": null,
        "fee": null,
        "opening_hours": null,
        "source": "osm"
      }
    },
    {
      "type": "Feature",
      "geometry": {
        "type": "Point",
        "coordinates": [
          2.2312801,
          41.4227708
        ]
      },
      "properties": {
        "id": "osm-n-9431214771",
        "category": "info",
        "name": "Ruta Mediterr\u00e0nia 3 Bicivia 8",
        "wheelchair": null,
        "fee": null,
        "opening_hours": null,
        "source": "osm"
      }
    },
    {
      "type": "Feature",
      "geometry": {
        "type": "Point",
        "coordinates": [
          2.2391316,
          41.4341986
        ]
      },
      "properties": {
        "id": "osm-n-9431214772",
        "category": "info",
        "name": "Eurovelo 8 Bicivia 1",
        "wheelchair": null,
        "fee": null,
        "opening_hours": null,
        "source": "osm"
      }
    },
    {
      "type": "Feature",
      "geometry": {
        "type": "Point",
        "coordinates": [
          2.2396647,
          41.4345741
        ]
      },
      "properties": {
        "id": "osm-n-9431214773",
        "category": "info",
        "name": "Eurovelo 8 Bicivia 1",
        "wheelchair": null,
        "fee": null,
        "opening_hours": null,
        "source": "osm"
      }
    },
    {
      "type": "Feature",
      "geometry": {
        "type": "Point",
        "coordinates": [
          2.2415205,
          41.4370188
        ]
      },
      "properties": {
        "id": "osm-n-9431214774",
        "category": "info",
        "name": "Eurovelo 8 Bicivia 1",
        "wheelchair": null,
        "fee": null,
        "opening_hours": null,
        "source": "osm"
      }
    },
    {
      "type": "Feature",
      "geometry": {
        "type": "Point",
        "coordinates": [
          2.1906692,
          41.404745
        ]
      },
      "properties": {
        "id": "osm-n-9431243824",
        "category": "toilet",
        "name": "Toilet",
        "wheelchair": null,
        "fee": null,
        "opening_hours": null,
        "source": "osm"
      }
    },
    {
      "type": "Feature",
      "geometry": {
        "type": "Point",
        "coordinates": [
          2.2083569,
          41.3961126
        ]
      },
      "properties": {
        "id": "osm-n-9451164962",
        "category": "info",
        "name": "Info",
        "wheelchair": null,
        "fee": null,
        "opening_hours": null,
        "source": "osm"
      }
    },
    {
      "type": "Feature",
      "geometry": {
        "type": "Point",
        "coordinates": [
          2.2093494,
          41.3967242
        ]
      },
      "properties": {
        "id": "osm-n-9451164963",
        "category": "info",
        "name": "Info",
        "wheelchair": null,
        "fee": null,
        "opening_hours": null,
        "source": "osm"
      }
    },
    {
      "type": "Feature",
      "geometry": {
        "type": "Point",
        "coordinates": [
          2.2106963,
          41.3975225
        ]
      },
      "properties": {
        "id": "osm-n-9451164964",
        "category": "info",
        "name": "Info",
        "wheelchair": null,
        "fee": null,
        "opening_hours": null,
        "source": "osm"
      }
    },
    {
      "type": "Feature",
      "geometry": {
        "type": "Point",
        "coordinates": [
          2.1800324,
          41.391488
        ]
      },
      "properties": {
        "id": "osm-n-9454059615",
        "category": "info",
        "name": "Info",
        "wheelchair": null,
        "fee": null,
        "opening_hours": null,
        "source": "osm"
      }
    },
    {
      "type": "Feature",
      "geometry": {
        "type": "Point",
        "coordinates": [
          2.1861395,
          41.390971
        ]
      },
      "properties": {
        "id": "osm-n-9454059616",
        "category": "info",
        "name": "Info",
        "wheelchair": null,
        "fee": null,
        "opening_hours": null,
        "source": "osm"
      }
    },
    {
      "type": "Feature",
      "geometry": {
        "type": "Point",
        "coordinates": [
          2.1968782,
          41.3877583
        ]
      },
      "properties": {
        "id": "osm-n-9454077269",
        "category": "info",
        "name": "Info",
        "wheelchair": null,
        "fee": null,
        "opening_hours": null,
        "source": "osm"
      }
    },
    {
      "type": "Feature",
      "geometry": {
        "type": "Point",
        "coordinates": [
          2.196807,
          41.3878884
        ]
      },
      "properties": {
        "id": "osm-n-9454077270",
        "category": "info",
        "name": "Info",
        "wheelchair": null,
        "fee": null,
        "opening_hours": null,
        "source": "osm"
      }
    },
    {
      "type": "Feature",
      "geometry": {
        "type": "Point",
        "coordinates": [
          2.2007109,
          41.3901567
        ]
      },
      "properties": {
        "id": "osm-n-9454077271",
        "category": "info",
        "name": "Info",
        "wheelchair": null,
        "fee": null,
        "opening_hours": null,
        "source": "osm"
      }
    },
    {
      "type": "Feature",
      "geometry": {
        "type": "Point",
        "coordinates": [
          2.204411,
          41.3921343
        ]
      },
      "properties": {
        "id": "osm-n-9454077272",
        "category": "info",
        "name": "Info",
        "wheelchair": null,
        "fee": null,
        "opening_hours": null,
        "source": "osm"
      }
    },
    {
      "type": "Feature",
      "geometry": {
        "type": "Point",
        "coordinates": [
          2.1893944,
          41.3928745
        ]
      },
      "properties": {
        "id": "osm-n-9454087454",
        "category": "info",
        "name": "Info",
        "wheelchair": null,
        "fee": null,
        "opening_hours": null,
        "source": "osm"
      }
    },
    {
      "type": "Feature",
      "geometry": {
        "type": "Point",
        "coordinates": [
          2.1917661,
          41.3910857
        ]
      },
      "properties": {
        "id": "osm-n-9454087455",
        "category": "info",
        "name": "Info",
        "wheelchair": null,
        "fee": null,
        "opening_hours": null,
        "source": "osm"
      }
    },
    {
      "type": "Feature",
      "geometry": {
        "type": "Point",
        "coordinates": [
          2.1941146,
          41.3893196
        ]
      },
      "properties": {
        "id": "osm-n-9454087456",
        "category": "info",
        "name": "Info",
        "wheelchair": null,
        "fee": null,
        "opening_hours": null,
        "source": "osm"
      }
    },
    {
      "type": "Feature",
      "geometry": {
        "type": "Point",
        "coordinates": [
          2.1946833,
          41.3888825
        ]
      },
      "properties": {
        "id": "osm-n-9454087457",
        "category": "info",
        "name": "Info",
        "wheelchair": null,
        "fee": null,
        "opening_hours": null,
        "source": "osm"
      }
    },
    {
      "type": "Feature",
      "geometry": {
        "type": "Point",
        "coordinates": [
          2.186621,
          41.3913356
        ]
      },
      "properties": {
        "id": "osm-n-9454140323",
        "category": "info",
        "name": "Info",
        "wheelchair": null,
        "fee": null,
        "opening_hours": null,
        "source": "osm"
      }
    },
    {
      "type": "Feature",
      "geometry": {
        "type": "Point",
        "coordinates": [
          2.2172114,
          41.4322528
        ]
      },
      "properties": {
        "id": "osm-n-9474136962",
        "category": "parking",
        "name": "Parking",
        "wheelchair": null,
        "fee": "yes",
        "opening_hours": null,
        "source": "osm"
      }
    },
    {
      "type": "Feature",
      "geometry": {
        "type": "Point",
        "coordinates": [
          2.2213399,
          41.4282501
        ]
      },
      "properties": {
        "id": "osm-n-9474377239",
        "category": "parking",
        "name": "Parking",
        "wheelchair": null,
        "fee": null,
        "opening_hours": null,
        "source": "osm"
      }
    },
    {
      "type": "Feature",
      "geometry": {
        "type": "Point",
        "coordinates": [
          2.2008609,
          41.3988285
        ]
      },
      "properties": {
        "id": "osm-n-9476185118",
        "category": "cafe",
        "name": "La Marmiteria",
        "wheelchair": null,
        "fee": null,
        "opening_hours": null,
        "source": "osm"
      }
    },
    {
      "type": "Feature",
      "geometry": {
        "type": "Point",
        "coordinates": [
          2.1834912,
          41.3965073
        ]
      },
      "properties": {
        "id": "osm-n-9480575717",
        "category": "water",
        "name": "Ajuntament de Barcelona",
        "wheelchair": null,
        "fee": "no",
        "opening_hours": null,
        "source": "osm"
      }
    },
    {
      "type": "Feature",
      "geometry": {
        "type": "Point",
        "coordinates": [
          2.2238938,
          41.4279419
        ]
      },
      "properties": {
        "id": "osm-n-9488108611",
        "category": "water",
        "name": "Water",
        "wheelchair": null,
        "fee": null,
        "opening_hours": null,
        "source": "osm"
      }
    },
    {
      "type": "Feature",
      "geometry": {
        "type": "Point",
        "coordinates": [
          2.2238852,
          41.4279466
        ]
      },
      "properties": {
        "id": "osm-n-9488108612",
        "category": "water",
        "name": "Water",
        "wheelchair": null,
        "fee": null,
        "opening_hours": null,
        "source": "osm"
      }
    },
    {
      "type": "Feature",
      "geometry": {
        "type": "Point",
        "coordinates": [
          2.1934337,
          41.3809193
        ]
      },
      "properties": {
        "id": "osm-n-9491731119",
        "category": "water",
        "name": "Ajuntament de Barcelona",
        "wheelchair": null,
        "fee": "no",
        "opening_hours": null,
        "source": "osm"
      }
    },
    {
      "type": "Feature",
      "geometry": {
        "type": "Point",
        "coordinates": [
          2.2070223,
          41.4174069
        ]
      },
      "properties": {
        "id": "osm-n-9497422635",
        "category": "water",
        "name": "Ajuntament de Barcelona",
        "wheelchair": null,
        "fee": "no",
        "opening_hours": null,
        "source": "osm"
      }
    },
    {
      "type": "Feature",
      "geometry": {
        "type": "Point",
        "coordinates": [
          2.2226015,
          41.4115139
        ]
      },
      "properties": {
        "id": "osm-n-9497502000",
        "category": "water",
        "name": "Ajuntament de Barcelona",
        "wheelchair": null,
        "fee": "no",
        "opening_hours": null,
        "source": "osm"
      }
    },
    {
      "type": "Feature",
      "geometry": {
        "type": "Point",
        "coordinates": [
          2.2258553,
          41.4120828
        ]
      },
      "properties": {
        "id": "osm-n-9497517171",
        "category": "water",
        "name": "Ajuntament de Barcelona",
        "wheelchair": null,
        "fee": "no",
        "opening_hours": null,
        "source": "osm"
      }
    },
    {
      "type": "Feature",
      "geometry": {
        "type": "Point",
        "coordinates": [
          2.2269395,
          41.4131462
        ]
      },
      "properties": {
        "id": "osm-n-9497524458",
        "category": "water",
        "name": "Ajuntament de Barcelona",
        "wheelchair": null,
        "fee": "no",
        "opening_hours": null,
        "source": "osm"
      }
    },
    {
      "type": "Feature",
      "geometry": {
        "type": "Point",
        "coordinates": [
          2.202968,
          41.4136864
        ]
      },
      "properties": {
        "id": "osm-n-9497692480",
        "category": "water",
        "name": "Ajuntament de Barcelona",
        "wheelchair": null,
        "fee": "no",
        "opening_hours": null,
        "source": "osm"
      }
    },
    {
      "type": "Feature",
      "geometry": {
        "type": "Point",
        "coordinates": [
          2.2219748,
          41.4098069
        ]
      },
      "properties": {
        "id": "osm-n-9497769447",
        "category": "water",
        "name": "Ajuntament de Barcelona",
        "wheelchair": null,
        "fee": "no",
        "opening_hours": null,
        "source": "osm"
      }
    },
    {
      "type": "Feature",
      "geometry": {
        "type": "Point",
        "coordinates": [
          2.2010548,
          41.4079145
        ]
      },
      "properties": {
        "id": "osm-n-9498214219",
        "category": "water",
        "name": "Ajuntament de Barcelona",
        "wheelchair": null,
        "fee": "no",
        "opening_hours": null,
        "source": "osm"
      }
    },
    {
      "type": "Feature",
      "geometry": {
        "type": "Point",
        "coordinates": [
          2.2003676,
          41.4076421
        ]
      },
      "properties": {
        "id": "osm-n-9498214317",
        "category": "water",
        "name": "Ajuntament de Barcelona",
        "wheelchair": null,
        "fee": "no",
        "opening_hours": null,
        "source": "osm"
      }
    },
    {
      "type": "Feature",
      "geometry": {
        "type": "Point",
        "coordinates": [
          2.2013647,
          41.407686
        ]
      },
      "properties": {
        "id": "osm-n-9498222117",
        "category": "water",
        "name": "Ajuntament de Barcelona",
        "wheelchair": null,
        "fee": "no",
        "opening_hours": null,
        "source": "osm"
      }
    },
    {
      "type": "Feature",
      "geometry": {
        "type": "Point",
        "coordinates": [
          2.2028498,
          41.4081557
        ]
      },
      "properties": {
        "id": "osm-n-9498241017",
        "category": "water",
        "name": "Ajuntament de Barcelona",
        "wheelchair": null,
        "fee": "no",
        "opening_hours": null,
        "source": "osm"
      }
    },
    {
      "type": "Feature",
      "geometry": {
        "type": "Point",
        "coordinates": [
          2.2076969,
          41.409295
        ]
      },
      "properties": {
        "id": "osm-n-9498254019",
        "category": "water",
        "name": "Ajuntament de Barcelona",
        "wheelchair": null,
        "fee": "no",
        "opening_hours": null,
        "source": "osm"
      }
    },
    {
      "type": "Feature",
      "geometry": {
        "type": "Point",
        "coordinates": [
          2.2101983,
          41.4095403
        ]
      },
      "properties": {
        "id": "osm-n-9498286717",
        "category": "water",
        "name": "Ajuntament de Barcelona",
        "wheelchair": null,
        "fee": "no",
        "opening_hours": null,
        "source": "osm"
      }
    },
    {
      "type": "Feature",
      "geometry": {
        "type": "Point",
        "coordinates": [
          2.2131028,
          41.4102284
        ]
      },
      "properties": {
        "id": "osm-n-9498295917",
        "category": "water",
        "name": "Ajuntament de Barcelona",
        "wheelchair": null,
        "fee": "no",
        "opening_hours": null,
        "source": "osm"
      }
    },
    {
      "type": "Feature",
      "geometry": {
        "type": "Point",
        "coordinates": [
          2.2074357,
          41.4037502
        ]
      },
      "properties": {
        "id": "osm-n-9498372319",
        "category": "water",
        "name": "Ajuntament de Barcelona",
        "wheelchair": null,
        "fee": "no",
        "opening_hours": null,
        "source": "osm"
      }
    },
    {
      "type": "Feature",
      "geometry": {
        "type": "Point",
        "coordinates": [
          2.2143023,
          41.4076245
        ]
      },
      "properties": {
        "id": "osm-n-9500986746",
        "category": "info",
        "name": "Vegetaci\u00f3 aqu\u00e0tica del parc",
        "wheelchair": null,
        "fee": null,
        "opening_hours": null,
        "source": "osm"
      }
    },
    {
      "type": "Feature",
      "geometry": {
        "type": "Point",
        "coordinates": [
          2.2023738,
          41.407823
        ]
      },
      "properties": {
        "id": "osm-n-9501016633",
        "category": "info",
        "name": "El cr\u00e0ter i el pou del m\u00f3n",
        "wheelchair": null,
        "fee": null,
        "opening_hours": null,
        "source": "osm"
      }
    },
    {
      "type": "Feature",
      "geometry": {
        "type": "Point",
        "coordinates": [
          2.1914184,
          41.4276401
        ]
      },
      "properties": {
        "id": "osm-n-9502309617",
        "category": "water",
        "name": "Ajuntament de Barcelona",
        "wheelchair": null,
        "fee": "no",
        "opening_hours": null,
        "source": "osm"
      }
    },
    {
      "type": "Feature",
      "geometry": {
        "type": "Point",
        "coordinates": [
          2.1902128,
          41.4276703
        ]
      },
      "properties": {
        "id": "osm-n-9502309618",
        "category": "water",
        "name": "Ajuntament de Barcelona",
        "wheelchair": null,
        "fee": "no",
        "opening_hours": null,
        "source": "osm"
      }
    },
    {
      "type": "Feature",
      "geometry": {
        "type": "Point",
        "coordinates": [
          2.1892619,
          41.4276133
        ]
      },
      "properties": {
        "id": "osm-n-9502315017",
        "category": "info",
        "name": "Joc singular",
        "wheelchair": null,
        "fee": null,
        "opening_hours": null,
        "source": "osm"
      }
    },
    {
      "type": "Feature",
      "geometry": {
        "type": "Point",
        "coordinates": [
          2.1883558,
          41.4271614
        ]
      },
      "properties": {
        "id": "osm-n-9502330617",
        "category": "water",
        "name": "Ajuntament de Barcelona",
        "wheelchair": null,
        "fee": "no",
        "opening_hours": null,
        "source": "osm"
      }
    },
    {
      "type": "Feature",
      "geometry": {
        "type": "Point",
        "coordinates": [
          2.1879374,
          41.4274583
        ]
      },
      "properties": {
        "id": "osm-n-9502330717",
        "category": "toilet",
        "name": "Toilet",
        "wheelchair": null,
        "fee": null,
        "opening_hours": null,
        "source": "osm"
      }
    },
    {
      "type": "Feature",
      "geometry": {
        "type": "Point",
        "coordinates": [
          2.1876852,
          41.4275488
        ]
      },
      "properties": {
        "id": "osm-n-9502330817",
        "category": "water",
        "name": "Ajuntament de Barcelona",
        "wheelchair": null,
        "fee": "no",
        "opening_hours": null,
        "source": "osm"
      }
    },
    {
      "type": "Feature",
      "geometry": {
        "type": "Point",
        "coordinates": [
          2.1883854,
          41.4247303
        ]
      },
      "properties": {
        "id": "osm-n-9502349617",
        "category": "water",
        "name": "Ajuntament de Barcelona",
        "wheelchair": null,
        "fee": "no",
        "opening_hours": null,
        "source": "osm"
      }
    },
    {
      "type": "Feature",
      "geometry": {
        "type": "Point",
        "coordinates": [
          2.1883495,
          41.4168187
        ]
      },
      "properties": {
        "id": "osm-n-9502372420",
        "category": "water",
        "name": "Ajuntament de Barcelona",
        "wheelchair": null,
        "fee": "no",
        "opening_hours": null,
        "source": "osm"
      }
    },
    {
      "type": "Feature",
      "geometry": {
        "type": "Point",
        "coordinates": [
          2.1918996,
          41.4129304
        ]
      },
      "properties": {
        "id": "osm-n-9502379520",
        "category": "water",
        "name": "Ajuntament de Barcelona",
        "wheelchair": null,
        "fee": "no",
        "opening_hours": null,
        "source": "osm"
      }
    },
    {
      "type": "Feature",
      "geometry": {
        "type": "Point",
        "coordinates": [
          2.2089397,
          41.4178213
        ]
      },
      "properties": {
        "id": "osm-n-9512995517",
        "category": "water",
        "name": "Ajuntament de Barcelona",
        "wheelchair": null,
        "fee": null,
        "opening_hours": null,
        "source": "osm"
      }
    },
    {
      "type": "Feature",
      "geometry": {
        "type": "Point",
        "coordinates": [
          2.2118025,
          41.4178368
        ]
      },
      "properties": {
        "id": "osm-n-9513008217",
        "category": "water",
        "name": "Ajuntament de Barcelona",
        "wheelchair": null,
        "fee": "no",
        "opening_hours": null,
        "source": "osm"
      }
    },
    {
      "type": "Feature",
      "geometry": {
        "type": "Point",
        "coordinates": [
          2.2125471,
          41.4177369
        ]
      },
      "properties": {
        "id": "osm-n-9513010417",
        "category": "water",
        "name": "Ajuntament de Barcelona",
        "wheelchair": null,
        "fee": "no",
        "opening_hours": null,
        "source": "osm"
      }
    },
    {
      "type": "Feature",
      "geometry": {
        "type": "Point",
        "coordinates": [
          2.2174723,
          41.4138421
        ]
      },
      "properties": {
        "id": "osm-n-9513033217",
        "category": "water",
        "name": "Ajuntament de Barcelona",
        "wheelchair": null,
        "fee": "no",
        "opening_hours": null,
        "source": "osm"
      }
    },
    {
      "type": "Feature",
      "geometry": {
        "type": "Point",
        "coordinates": [
          2.2184692,
          41.4114383
        ]
      },
      "properties": {
        "id": "osm-n-9513075017",
        "category": "info",
        "name": "Camp de la Bota",
        "wheelchair": null,
        "fee": null,
        "opening_hours": null,
        "source": "osm"
      }
    },
    {
      "type": "Feature",
      "geometry": {
        "type": "Point",
        "coordinates": [
          2.2210278,
          41.4095991
        ]
      },
      "properties": {
        "id": "osm-n-9513081917",
        "category": "water",
        "name": "Ajuntament de Barcelona",
        "wheelchair": null,
        "fee": "no",
        "opening_hours": null,
        "source": "osm"
      }
    },
    {
      "type": "Feature",
      "geometry": {
        "type": "Point",
        "coordinates": [
          2.2189559,
          41.4077756
        ]
      },
      "properties": {
        "id": "osm-n-9513099917",
        "category": "water",
        "name": "Ajuntament de Barcelona",
        "wheelchair": null,
        "fee": "no",
        "opening_hours": null,
        "source": "osm"
      }
    },
    {
      "type": "Feature",
      "geometry": {
        "type": "Point",
        "coordinates": [
          2.2115388,
          41.4025576
        ]
      },
      "properties": {
        "id": "osm-n-9513140818",
        "category": "water",
        "name": "Ajuntament de Barcelona",
        "wheelchair": null,
        "fee": "no",
        "opening_hours": null,
        "source": "osm"
      }
    },
    {
      "type": "Feature",
      "geometry": {
        "type": "Point",
        "coordinates": [
          2.210188,
          41.4020672
        ]
      },
      "properties": {
        "id": "osm-n-9513148117",
        "category": "water",
        "name": "Ajuntament de Barcelona",
        "wheelchair": null,
        "fee": "no",
        "opening_hours": null,
        "source": "osm"
      }
    },
    {
      "type": "Feature",
      "geometry": {
        "type": "Point",
        "coordinates": [
          2.2095318,
          41.4008444
        ]
      },
      "properties": {
        "id": "osm-n-9513150217",
        "category": "water",
        "name": "Ajuntament de Barcelona",
        "wheelchair": null,
        "fee": "no",
        "opening_hours": null,
        "source": "osm"
      }
    },
    {
      "type": "Feature",
      "geometry": {
        "type": "Point",
        "coordinates": [
          2.2044933,
          41.3946376
        ]
      },
      "properties": {
        "id": "osm-n-9515811417",
        "category": "water",
        "name": "Ajuntament de Barcelona",
        "wheelchair": null,
        "fee": "no",
        "opening_hours": null,
        "source": "osm"
      }
    },
    {
      "type": "Feature",
      "geometry": {
        "type": "Point",
        "coordinates": [
          2.2040461,
          41.394284
        ]
      },
      "properties": {
        "id": "osm-n-9515822217",
        "category": "water",
        "name": "Ajuntament de Barcelona",
        "wheelchair": null,
        "fee": "no",
        "opening_hours": null,
        "source": "osm"
      }
    },
    {
      "type": "Feature",
      "geometry": {
        "type": "Point",
        "coordinates": [
          2.2029311,
          41.3932774
        ]
      },
      "properties": {
        "id": "osm-n-9515876517",
        "category": "charging",
        "name": "Charging",
        "wheelchair": null,
        "fee": null,
        "opening_hours": null,
        "source": "osm"
      }
    },
    {
      "type": "Feature",
      "geometry": {
        "type": "Point",
        "coordinates": [
          2.1916561,
          41.3821403
        ]
      },
      "properties": {
        "id": "osm-n-9515909717",
        "category": "charging",
        "name": "Charging",
        "wheelchair": null,
        "fee": null,
        "opening_hours": null,
        "source": "osm"
      }
    },
    {
      "type": "Feature",
      "geometry": {
        "type": "Point",
        "coordinates": [
          2.1940258,
          41.3815982
        ]
      },
      "properties": {
        "id": "osm-n-9532065480",
        "category": "toilet",
        "name": "Toilet",
        "wheelchair": null,
        "fee": "no",
        "opening_hours": null,
        "source": "osm"
      }
    },
    {
      "type": "Feature",
      "geometry": {
        "type": "Point",
        "coordinates": [
          2.1818511,
          41.4046862
        ]
      },
      "properties": {
        "id": "osm-n-9554548517",
        "category": "water",
        "name": "Ajuntament de Barcelona",
        "wheelchair": null,
        "fee": "no",
        "opening_hours": null,
        "source": "osm"
      }
    },
    {
      "type": "Feature",
      "geometry": {
        "type": "Point",
        "coordinates": [
          2.2135283,
          41.4187755
        ]
      },
      "properties": {
        "id": "osm-n-9561988017",
        "category": "water",
        "name": "Ajuntament de Barcelona",
        "wheelchair": null,
        "fee": "no",
        "opening_hours": null,
        "source": "osm"
      }
    },
    {
      "type": "Feature",
      "geometry": {
        "type": "Point",
        "coordinates": [
          2.2159619,
          41.4176889
        ]
      },
      "properties": {
        "id": "osm-n-9561999617",
        "category": "water",
        "name": "Ajuntament de Barcelona",
        "wheelchair": null,
        "fee": "no",
        "opening_hours": null,
        "source": "osm"
      }
    },
    {
      "type": "Feature",
      "geometry": {
        "type": "Point",
        "coordinates": [
          2.2169617,
          41.4167269
        ]
      },
      "properties": {
        "id": "osm-n-9562010918",
        "category": "water",
        "name": "Ajuntament de Barcelona",
        "wheelchair": null,
        "fee": "no",
        "opening_hours": null,
        "source": "osm"
      }
    },
    {
      "type": "Feature",
      "geometry": {
        "type": "Point",
        "coordinates": [
          2.2166492,
          41.4163344
        ]
      },
      "properties": {
        "id": "osm-n-9562013517",
        "category": "water",
        "name": "Ajuntament de Barcelona",
        "wheelchair": null,
        "fee": "no",
        "opening_hours": null,
        "source": "osm"
      }
    },
    {
      "type": "Feature",
      "geometry": {
        "type": "Point",
        "coordinates": [
          2.2173737,
          41.4150984
        ]
      },
      "properties": {
        "id": "osm-n-9562024417",
        "category": "water",
        "name": "Ajuntament de Barcelona",
        "wheelchair": null,
        "fee": "no",
        "opening_hours": null,
        "source": "osm"
      }
    },
    {
      "type": "Feature",
      "geometry": {
        "type": "Point",
        "coordinates": [
          2.2159776,
          41.4132911
        ]
      },
      "properties": {
        "id": "osm-n-9562029817",
        "category": "water",
        "name": "Ajuntament de Barcelona",
        "wheelchair": null,
        "fee": "no",
        "opening_hours": null,
        "source": "osm"
      }
    },
    {
      "type": "Feature",
      "geometry": {
        "type": "Point",
        "coordinates": [
          2.2126547,
          41.4109395
        ]
      },
      "properties": {
        "id": "osm-n-9562052017",
        "category": "water",
        "name": "Ajuntament de Barcelona",
        "wheelchair": null,
        "fee": "no",
        "opening_hours": null,
        "source": "osm"
      }
    },
    {
      "type": "Feature",
      "geometry": {
        "type": "Point",
        "coordinates": [
          2.2118249,
          41.4109046
        ]
      },
      "properties": {
        "id": "osm-n-9562052417",
        "category": "water",
        "name": "Ajuntament de Barcelona",
        "wheelchair": null,
        "fee": "no",
        "opening_hours": null,
        "source": "osm"
      }
    },
    {
      "type": "Feature",
      "geometry": {
        "type": "Point",
        "coordinates": [
          2.2116171,
          41.4195615
        ]
      },
      "properties": {
        "id": "osm-n-9565421817",
        "category": "water",
        "name": "Ajuntament de Barcelona",
        "wheelchair": null,
        "fee": "no",
        "opening_hours": null,
        "source": "osm"
      }
    },
    {
      "type": "Feature",
      "geometry": {
        "type": "Point",
        "coordinates": [
          2.2124023,
          41.420153
        ]
      },
      "properties": {
        "id": "osm-n-9565423017",
        "category": "water",
        "name": "Ajuntament de Barcelona",
        "wheelchair": null,
        "fee": "no",
        "opening_hours": null,
        "source": "osm"
      }
    },
    {
      "type": "Feature",
      "geometry": {
        "type": "Point",
        "coordinates": [
          2.2174866,
          41.4206167
        ]
      },
      "properties": {
        "id": "osm-n-9565436117",
        "category": "water",
        "name": "Water",
        "wheelchair": null,
        "fee": null,
        "opening_hours": null,
        "source": "osm"
      }
    },
    {
      "type": "Feature",
      "geometry": {
        "type": "Point",
        "coordinates": [
          2.2046665,
          41.4193924
        ]
      },
      "properties": {
        "id": "osm-n-9570296617",
        "category": "water",
        "name": "Ajuntament de Barcelona",
        "wheelchair": null,
        "fee": "no",
        "opening_hours": null,
        "source": "osm"
      }
    },
    {
      "type": "Feature",
      "geometry": {
        "type": "Point",
        "coordinates": [
          2.2035788,
          41.4216397
        ]
      },
      "properties": {
        "id": "osm-n-9570329517",
        "category": "water",
        "name": "Ajuntament de Barcelona",
        "wheelchair": null,
        "fee": "no",
        "opening_hours": null,
        "source": "osm"
      }
    },
    {
      "type": "Feature",
      "geometry": {
        "type": "Point",
        "coordinates": [
          2.1922002,
          41.4087513
        ]
      },
      "properties": {
        "id": "osm-n-9570510859",
        "category": "water",
        "name": "Ajuntament de Barcelona",
        "wheelchair": null,
        "fee": "no",
        "opening_hours": null,
        "source": "osm"
      }
    },
    {
      "type": "Feature",
      "geometry": {
        "type": "Point",
        "coordinates": [
          2.2135372,
          41.42269
        ]
      },
      "properties": {
        "id": "osm-n-9580050117",
        "category": "water",
        "name": "Water",
        "wheelchair": null,
        "fee": null,
        "opening_hours": null,
        "source": "osm"
      }
    },
    {
      "type": "Feature",
      "geometry": {
        "type": "Point",
        "coordinates": [
          2.2075201,
          41.4182759
        ]
      },
      "properties": {
        "id": "osm-n-9580077017",
        "category": "water",
        "name": "Ajuntament de Barcelona",
        "wheelchair": "yes",
        "fee": "no",
        "opening_hours": null,
        "source": "osm"
      }
    },
    {
      "type": "Feature",
      "geometry": {
        "type": "Point",
        "coordinates": [
          2.2015779,
          41.4138915
        ]
      },
      "properties": {
        "id": "osm-n-9580085317",
        "category": "water",
        "name": "Ajuntament de Barcelona",
        "wheelchair": null,
        "fee": "no",
        "opening_hours": null,
        "source": "osm"
      }
    },
    {
      "type": "Feature",
      "geometry": {
        "type": "Point",
        "coordinates": [
          2.2004441,
          41.4130425
        ]
      },
      "properties": {
        "id": "osm-n-9580090417",
        "category": "water",
        "name": "Ajuntament de Barcelona",
        "wheelchair": null,
        "fee": "no",
        "opening_hours": null,
        "source": "osm"
      }
    },
    {
      "type": "Feature",
      "geometry": {
        "type": "Point",
        "coordinates": [
          2.1995458,
          41.4121991
        ]
      },
      "properties": {
        "id": "osm-n-9580112717",
        "category": "water",
        "name": "Ajuntament de Barcelona",
        "wheelchair": null,
        "fee": "no",
        "opening_hours": null,
        "source": "osm"
      }
    },
    {
      "type": "Feature",
      "geometry": {
        "type": "Point",
        "coordinates": [
          2.1983687,
          41.411302
        ]
      },
      "properties": {
        "id": "osm-n-9580112817",
        "category": "water",
        "name": "Ajuntament de Barcelona",
        "wheelchair": null,
        "fee": "no",
        "opening_hours": null,
        "source": "osm"
      }
    },
    {
      "type": "Feature",
      "geometry": {
        "type": "Point",
        "coordinates": [
          2.1936199,
          41.4298348
        ]
      },
      "properties": {
        "id": "osm-n-9582505517",
        "category": "water",
        "name": "Ajuntament de Barcelona",
        "wheelchair": null,
        "fee": "no",
        "opening_hours": null,
        "source": "osm"
      }
    },
    {
      "type": "Feature",
      "geometry": {
        "type": "Point",
        "coordinates": [
          2.1937193,
          41.4256186
        ]
      },
      "properties": {
        "id": "osm-n-9582558117",
        "category": "toilet",
        "name": "Toilet",
        "wheelchair": null,
        "fee": null,
        "opening_hours": null,
        "source": "osm"
      }
    },
    {
      "type": "Feature",
      "geometry": {
        "type": "Point",
        "coordinates": [
          2.1933133,
          41.4277381
        ]
      },
      "properties": {
        "id": "osm-n-9583823692",
        "category": "toilet",
        "name": "Toilet",
        "wheelchair": null,
        "fee": null,
        "opening_hours": null,
        "source": "osm"
      }
    },
    {
      "type": "Feature",
      "geometry": {
        "type": "Point",
        "coordinates": [
          2.19396,
          41.4290866
        ]
      },
      "properties": {
        "id": "osm-n-9583874800",
        "category": "aed",
        "name": "Aed",
        "wheelchair": null,
        "fee": null,
        "opening_hours": null,
        "source": "osm"
      }
    },
    {
      "type": "Feature",
      "geometry": {
        "type": "Point",
        "coordinates": [
          2.1762285,
          41.4187885
        ]
      },
      "properties": {
        "id": "osm-n-9583879308",
        "category": "info",
        "name": "Horta-Guinard\u00f3",
        "wheelchair": null,
        "fee": null,
        "opening_hours": null,
        "source": "osm"
      }
    },
    {
      "type": "Feature",
      "geometry": {
        "type": "Point",
        "coordinates": [
          2.1762277,
          41.418793
        ]
      },
      "properties": {
        "id": "osm-n-9583879309",
        "category": "info",
        "name": "Info",
        "wheelchair": null,
        "fee": null,
        "opening_hours": null,
        "source": "osm"
      }
    },
    {
      "type": "Feature",
      "geometry": {
        "type": "Point",
        "coordinates": [
          2.2012171,
          41.4053569
        ]
      },
      "properties": {
        "id": "osm-n-9585597417",
        "category": "water",
        "name": "Ajuntament de Barcelona",
        "wheelchair": null,
        "fee": "no",
        "opening_hours": null,
        "source": "osm"
      }
    },
    {
      "type": "Feature",
      "geometry": {
        "type": "Point",
        "coordinates": [
          2.2022127,
          41.406135
        ]
      },
      "properties": {
        "id": "osm-n-9585597418",
        "category": "water",
        "name": "Ajuntament de Barcelona",
        "wheelchair": null,
        "fee": "no",
        "opening_hours": null,
        "source": "osm"
      }
    },
    {
      "type": "Feature",
      "geometry": {
        "type": "Point",
        "coordinates": [
          2.1990244,
          41.4017073
        ]
      },
      "properties": {
        "id": "osm-n-9585732917",
        "category": "water",
        "name": "Ajuntament de Barcelona",
        "wheelchair": null,
        "fee": "no",
        "opening_hours": null,
        "source": "osm"
      }
    },
    {
      "type": "Feature",
      "geometry": {
        "type": "Point",
        "coordinates": [
          2.177028,
          41.3963737
        ]
      },
      "properties": {
        "id": "osm-n-9589488617",
        "category": "cafe",
        "name": "Petit Princep Brunch",
        "wheelchair": null,
        "fee": null,
        "opening_hours": null,
        "source": "osm"
      }
    },
    {
      "type": "Feature",
      "geometry": {
        "type": "Point",
        "coordinates": [
          2.2029239,
          41.403483
        ]
      },
      "properties": {
        "id": "osm-n-9594088619",
        "category": "info",
        "name": "Sant Mart\u00ed",
        "wheelchair": null,
        "fee": null,
        "opening_hours": null,
        "source": "osm"
      }
    },
    {
      "type": "Feature",
      "geometry": {
        "type": "Point",
        "coordinates": [
          2.2029188,
          41.4034875
        ]
      },
      "properties": {
        "id": "osm-n-9594088620",
        "category": "info",
        "name": "Info",
        "wheelchair": null,
        "fee": null,
        "opening_hours": null,
        "source": "osm"
      }
    },
    {
      "type": "Feature",
      "geometry": {
        "type": "Point",
        "coordinates": [
          2.1821128,
          41.4159305
        ]
      },
      "properties": {
        "id": "osm-n-9605130017",
        "category": "toilet",
        "name": "Toilet",
        "wheelchair": null,
        "fee": null,
        "opening_hours": null,
        "source": "osm"
      }
    },
    {
      "type": "Feature",
      "geometry": {
        "type": "Point",
        "coordinates": [
          2.1829246,
          41.4164312
        ]
      },
      "properties": {
        "id": "osm-n-9605135517",
        "category": "water",
        "name": "Ajuntament de Barcelona",
        "wheelchair": null,
        "fee": "no",
        "opening_hours": null,
        "source": "osm"
      }
    },
    {
      "type": "Feature",
      "geometry": {
        "type": "Point",
        "coordinates": [
          2.1883758,
          41.412142
        ]
      },
      "properties": {
        "id": "osm-n-9605170617",
        "category": "water",
        "name": "Ajuntament de Barcelona",
        "wheelchair": null,
        "fee": "no",
        "opening_hours": null,
        "source": "osm"
      }
    },
    {
      "type": "Feature",
      "geometry": {
        "type": "Point",
        "coordinates": [
          2.1739513,
          41.4050307
        ]
      },
      "properties": {
        "id": "osm-n-9610630759",
        "category": "cafe",
        "name": "Fargo Caf\u00e9",
        "wheelchair": null,
        "fee": null,
        "opening_hours": "Mo-Fr 08:30-18:00; Sa, Su 09:00-18:00",
        "source": "osm"
      }
    },
    {
      "type": "Feature",
      "geometry": {
        "type": "Point",
        "coordinates": [
          2.1745191,
          41.4027103
        ]
      },
      "properties": {
        "id": "osm-n-9655608617",
        "category": "water",
        "name": "Ajuntament de Barcelona",
        "wheelchair": null,
        "fee": "no",
        "opening_hours": null,
        "source": "osm"
      }
    },
    {
      "type": "Feature",
      "geometry": {
        "type": "Point",
        "coordinates": [
          2.2175482,
          41.4088243
        ]
      },
      "properties": {
        "id": "osm-n-9657887219",
        "category": "charging",
        "name": "Charging",
        "wheelchair": null,
        "fee": null,
        "opening_hours": null,
        "source": "osm"
      }
    },
    {
      "type": "Feature",
      "geometry": {
        "type": "Point",
        "coordinates": [
          2.1881484,
          41.4025338
        ]
      },
      "properties": {
        "id": "osm-n-9692635718",
        "category": "toilet",
        "name": "Toilet",
        "wheelchair": null,
        "fee": null,
        "opening_hours": null,
        "source": "osm"
      }
    },
    {
      "type": "Feature",
      "geometry": {
        "type": "Point",
        "coordinates": [
          2.2078487,
          41.444469
        ]
      },
      "properties": {
        "id": "osm-n-9694479517",
        "category": "water",
        "name": "Water",
        "wheelchair": null,
        "fee": null,
        "opening_hours": null,
        "source": "osm"
      }
    },
    {
      "type": "Feature",
      "geometry": {
        "type": "Point",
        "coordinates": [
          2.1794021,
          41.3912499
        ]
      },
      "properties": {
        "id": "osm-n-9699791022",
        "category": "cafe",
        "name": "Trole",
        "wheelchair": null,
        "fee": null,
        "opening_hours": null,
        "source": "osm"
      }
    },
    {
      "type": "Feature",
      "geometry": {
        "type": "Point",
        "coordinates": [
          2.2018578,
          41.3952738
        ]
      },
      "properties": {
        "id": "osm-n-9699875717",
        "category": "info",
        "name": "Cementiri del Poblenou",
        "wheelchair": null,
        "fee": null,
        "opening_hours": null,
        "source": "osm"
      }
    },
    {
      "type": "Feature",
      "geometry": {
        "type": "Point",
        "coordinates": [
          2.2018353,
          41.3953543
        ]
      },
      "properties": {
        "id": "osm-n-9699877417",
        "category": "aed",
        "name": "Aed",
        "wheelchair": "yes",
        "fee": null,
        "opening_hours": null,
        "source": "osm"
      }
    },
    {
      "type": "Feature",
      "geometry": {
        "type": "Point",
        "coordinates": [
          2.1817035,
          41.4066162
        ]
      },
      "properties": {
        "id": "osm-n-9700850105",
        "category": "parking",
        "name": "Mercadona",
        "wheelchair": null,
        "fee": "yes",
        "opening_hours": null,
        "source": "osm"
      }
    },
    {
      "type": "Feature",
      "geometry": {
        "type": "Point",
        "coordinates": [
          2.2273899,
          41.4233108
        ]
      },
      "properties": {
        "id": "osm-n-9710866872",
        "category": "info",
        "name": "Ruta Mediterr\u00e0nia",
        "wheelchair": null,
        "fee": null,
        "opening_hours": null,
        "source": "osm"
      }
    },
    {
      "type": "Feature",
      "geometry": {
        "type": "Point",
        "coordinates": [
          2.2274081,
          41.4233497
        ]
      },
      "properties": {
        "id": "osm-n-9710866873",
        "category": "info",
        "name": "Ruta Mediterr\u00e0nia 3 Bicivia 8",
        "wheelchair": null,
        "fee": null,
        "opening_hours": null,
        "source": "osm"
      }
    },
    {
      "type": "Feature",
      "geometry": {
        "type": "Point",
        "coordinates": [
          2.2306752,
          41.4219958
        ]
      },
      "properties": {
        "id": "osm-n-9710866874",
        "category": "info",
        "name": "Parc del Litoral",
        "wheelchair": null,
        "fee": null,
        "opening_hours": null,
        "source": "osm"
      }
    },
    {
      "type": "Feature",
      "geometry": {
        "type": "Point",
        "coordinates": [
          2.1907448,
          41.3824199
        ]
      },
      "properties": {
        "id": "osm-n-9713207917",
        "category": "water",
        "name": "Ajuntament de Barcelona",
        "wheelchair": null,
        "fee": "no",
        "opening_hours": null,
        "source": "osm"
      }
    },
    {
      "type": "Feature",
      "geometry": {
        "type": "Point",
        "coordinates": [
          2.2255043,
          41.4139432
        ]
      },
      "properties": {
        "id": "osm-n-9754914398",
        "category": "toilet",
        "name": "Toilet",
        "wheelchair": null,
        "fee": null,
        "opening_hours": null,
        "source": "osm"
      }
    },
    {
      "type": "Feature",
      "geometry": {
        "type": "Point",
        "coordinates": [
          2.1826563,
          41.4007163
        ]
      },
      "properties": {
        "id": "osm-n-9759117417",
        "category": "water",
        "name": "Water",
        "wheelchair": null,
        "fee": null,
        "opening_hours": null,
        "source": "osm"
      }
    },
    {
      "type": "Feature",
      "geometry": {
        "type": "Point",
        "coordinates": [
          2.2003841,
          41.4158035
        ]
      },
      "properties": {
        "id": "osm-n-9768777020",
        "category": "water",
        "name": "Ajuntament de Barcelona",
        "wheelchair": null,
        "fee": "no",
        "opening_hours": null,
        "source": "osm"
      }
    },
    {
      "type": "Feature",
      "geometry": {
        "type": "Point",
        "coordinates": [
          2.2063755,
          41.4218006
        ]
      },
      "properties": {
        "id": "osm-n-9768821717",
        "category": "water",
        "name": "Ajuntament de Barcelona",
        "wheelchair": null,
        "fee": "no",
        "opening_hours": null,
        "source": "osm"
      }
    },
    {
      "type": "Feature",
      "geometry": {
        "type": "Point",
        "coordinates": [
          2.208178,
          41.4229531
        ]
      },
      "properties": {
        "id": "osm-n-9768822018",
        "category": "water",
        "name": "Ajuntament de Barcelona",
        "wheelchair": null,
        "fee": "no",
        "opening_hours": null,
        "source": "osm"
      }
    },
    {
      "type": "Feature",
      "geometry": {
        "type": "Point",
        "coordinates": [
          2.2060447,
          41.4272985
        ]
      },
      "properties": {
        "id": "osm-n-9768869222",
        "category": "water",
        "name": "Ajuntament de Barcelona",
        "wheelchair": null,
        "fee": "no",
        "opening_hours": null,
        "source": "osm"
      }
    },
    {
      "type": "Feature",
      "geometry": {
        "type": "Point",
        "coordinates": [
          2.1978364,
          41.4206094
        ]
      },
      "properties": {
        "id": "osm-n-9768994920",
        "category": "water",
        "name": "Water",
        "wheelchair": null,
        "fee": null,
        "opening_hours": null,
        "source": "osm"
      }
    },
    {
      "type": "Feature",
      "geometry": {
        "type": "Point",
        "coordinates": [
          2.1976425,
          41.4200653
        ]
      },
      "properties": {
        "id": "osm-n-9769035817",
        "category": "water",
        "name": "Ajuntament de Barcelona",
        "wheelchair": null,
        "fee": "no",
        "opening_hours": null,
        "source": "osm"
      }
    },
    {
      "type": "Feature",
      "geometry": {
        "type": "Point",
        "coordinates": [
          2.1786563,
          41.3999826
        ]
      },
      "properties": {
        "id": "osm-n-9774416017",
        "category": "water",
        "name": "Ajuntament de Barcelona",
        "wheelchair": null,
        "fee": "no",
        "opening_hours": null,
        "source": "osm"
      }
    },
    {
      "type": "Feature",
      "geometry": {
        "type": "Point",
        "coordinates": [
          2.1801451,
          41.4008981
        ]
      },
      "properties": {
        "id": "osm-n-9774429017",
        "category": "water",
        "name": "Ajuntament de Barcelona",
        "wheelchair": null,
        "fee": "no",
        "opening_hours": null,
        "source": "osm"
      }
    },
    {
      "type": "Feature",
      "geometry": {
        "type": "Point",
        "coordinates": [
          2.1953803,
          41.3870337
        ]
      },
      "properties": {
        "id": "osm-n-9775366700",
        "category": "info",
        "name": "Info",
        "wheelchair": null,
        "fee": null,
        "opening_hours": null,
        "source": "osm"
      }
    },
    {
      "type": "Feature",
      "geometry": {
        "type": "Point",
        "coordinates": [
          2.1878315,
          41.4147595
        ]
      },
      "properties": {
        "id": "osm-n-9782414820",
        "category": "shop",
        "name": "Desatascos Joannet",
        "wheelchair": null,
        "fee": null,
        "opening_hours": "24/7",
        "source": "osm"
      }
    },
    {
      "type": "Feature",
      "geometry": {
        "type": "Point",
        "coordinates": [
          2.1905541,
          41.4160387
        ]
      },
      "properties": {
        "id": "osm-n-9782461917",
        "category": "shop",
        "name": "bombas de agua Barcelona",
        "wheelchair": null,
        "fee": null,
        "opening_hours": null,
        "source": "osm"
      }
    },
    {
      "type": "Feature",
      "geometry": {
        "type": "Point",
        "coordinates": [
          2.1991113,
          41.3987827
        ]
      },
      "properties": {
        "id": "osm-n-9787566317",
        "category": "water",
        "name": "Ajuntament de Barcelona",
        "wheelchair": null,
        "fee": "no",
        "opening_hours": null,
        "source": "osm"
      }
    },
    {
      "type": "Feature",
      "geometry": {
        "type": "Point",
        "coordinates": [
          2.1984615,
          41.4001622
        ]
      },
      "properties": {
        "id": "osm-n-9812455818",
        "category": "shop",
        "name": "Supermercat",
        "wheelchair": null,
        "fee": null,
        "opening_hours": null,
        "source": "osm"
      }
    },
    {
      "type": "Feature",
      "geometry": {
        "type": "Point",
        "coordinates": [
          2.1906868,
          41.3889862
        ]
      },
      "properties": {
        "id": "osm-n-9819167218",
        "category": "water",
        "name": "Water",
        "wheelchair": null,
        "fee": null,
        "opening_hours": null,
        "source": "osm"
      }
    },
    {
      "type": "Feature",
      "geometry": {
        "type": "Point",
        "coordinates": [
          2.1788794,
          41.4087444
        ]
      },
      "properties": {
        "id": "osm-n-9852691618",
        "category": "water",
        "name": "Ajuntament de Barcelona",
        "wheelchair": null,
        "fee": "no",
        "opening_hours": null,
        "source": "osm"
      }
    },
    {
      "type": "Feature",
      "geometry": {
        "type": "Point",
        "coordinates": [
          2.1873753,
          41.3883453
        ]
      },
      "properties": {
        "id": "osm-n-9867465217",
        "category": "info",
        "name": "Info",
        "wheelchair": null,
        "fee": null,
        "opening_hours": null,
        "source": "osm"
      }
    },
    {
      "type": "Feature",
      "geometry": {
        "type": "Point",
        "coordinates": [
          2.1849443,
          41.3869249
        ]
      },
      "properties": {
        "id": "osm-n-9867569617",
        "category": "info",
        "name": "Umbracle",
        "wheelchair": null,
        "fee": null,
        "opening_hours": null,
        "source": "osm"
      }
    },
    {
      "type": "Feature",
      "geometry": {
        "type": "Point",
        "coordinates": [
          2.1837175,
          41.3877361
        ]
      },
      "properties": {
        "id": "osm-n-9867606017",
        "category": "info",
        "name": "L'hivernacle",
        "wheelchair": null,
        "fee": null,
        "opening_hours": null,
        "source": "osm"
      }
    },
    {
      "type": "Feature",
      "geometry": {
        "type": "Point",
        "coordinates": [
          2.1862372,
          41.3855222
        ]
      },
      "properties": {
        "id": "osm-n-9867913689",
        "category": "info",
        "name": "Parc Esportiu Urb\u00e1 Ciutadella",
        "wheelchair": null,
        "fee": null,
        "opening_hours": null,
        "source": "osm"
      }
    },
    {
      "type": "Feature",
      "geometry": {
        "type": "Point",
        "coordinates": [
          2.1857976,
          41.3858407
        ]
      },
      "properties": {
        "id": "osm-n-9868026133",
        "category": "water",
        "name": "Ajuntament de Barcelona",
        "wheelchair": "limited",
        "fee": "no",
        "opening_hours": null,
        "source": "osm"
      }
    },
    {
      "type": "Feature",
      "geometry": {
        "type": "Point",
        "coordinates": [
          2.1864037,
          41.3884423
        ]
      },
      "properties": {
        "id": "osm-n-9868026134",
        "category": "info",
        "name": "Info",
        "wheelchair": null,
        "fee": null,
        "opening_hours": null,
        "source": "osm"
      }
    },
    {
      "type": "Feature",
      "geometry": {
        "type": "Point",
        "coordinates": [
          2.187068,
          41.3890506
        ]
      },
      "properties": {
        "id": "osm-n-9868074499",
        "category": "info",
        "name": "Mamut",
        "wheelchair": null,
        "fee": null,
        "opening_hours": null,
        "source": "osm"
      }
    },
    {
      "type": "Feature",
      "geometry": {
        "type": "Point",
        "coordinates": [
          2.1835111,
          41.3888152
        ]
      },
      "properties": {
        "id": "osm-n-9868074500",
        "category": "info",
        "name": "Parc de la Ciutadella",
        "wheelchair": null,
        "fee": null,
        "opening_hours": null,
        "source": "osm"
      }
    },
    {
      "type": "Feature",
      "geometry": {
        "type": "Point",
        "coordinates": [
          2.1859357,
          41.3858521
        ]
      },
      "properties": {
        "id": "osm-n-9868074506",
        "category": "info",
        "name": "Parc de la Ciutadella",
        "wheelchair": null,
        "fee": null,
        "opening_hours": null,
        "source": "osm"
      }
    },
    {
      "type": "Feature",
      "geometry": {
        "type": "Point",
        "coordinates": [
          2.193574,
          41.3809436
        ]
      },
      "properties": {
        "id": "osm-n-9868265383",
        "category": "info",
        "name": "Espai de Mar",
        "wheelchair": null,
        "fee": null,
        "opening_hours": null,
        "source": "osm"
      }
    },
    {
      "type": "Feature",
      "geometry": {
        "type": "Point",
        "coordinates": [
          2.1960728,
          41.3846352
        ]
      },
      "properties": {
        "id": "osm-n-9868416050",
        "category": "info",
        "name": "Platja del Somorrostro",
        "wheelchair": null,
        "fee": null,
        "opening_hours": null,
        "source": "osm"
      }
    },
    {
      "type": "Feature",
      "geometry": {
        "type": "Point",
        "coordinates": [
          2.1878354,
          41.4137902
        ]
      },
      "properties": {
        "id": "osm-n-9869646321",
        "category": "water",
        "name": "Ajuntament de Barcelona",
        "wheelchair": null,
        "fee": "no",
        "opening_hours": null,
        "source": "osm"
      }
    },
    {
      "type": "Feature",
      "geometry": {
        "type": "Point",
        "coordinates": [
          2.1845194,
          41.4189076
        ]
      },
      "properties": {
        "id": "osm-n-9869660425",
        "category": "info",
        "name": "Navas",
        "wheelchair": null,
        "fee": null,
        "opening_hours": null,
        "source": "osm"
      }
    },
    {
      "type": "Feature",
      "geometry": {
        "type": "Point",
        "coordinates": [
          2.187146,
          41.4158433
        ]
      },
      "properties": {
        "id": "osm-n-9869660634",
        "category": "info",
        "name": "Navas",
        "wheelchair": null,
        "fee": null,
        "opening_hours": null,
        "source": "osm"
      }
    },
    {
      "type": "Feature",
      "geometry": {
        "type": "Point",
        "coordinates": [
          2.1839559,
          41.419508
        ]
      },
      "properties": {
        "id": "osm-n-9869670617",
        "category": "charging",
        "name": "Charging",
        "wheelchair": null,
        "fee": null,
        "opening_hours": null,
        "source": "osm"
      }
    },
    {
      "type": "Feature",
      "geometry": {
        "type": "Point",
        "coordinates": [
          2.1835322,
          41.4213423
        ]
      },
      "properties": {
        "id": "osm-n-9869670618",
        "category": "water",
        "name": "Ajuntament de Barcelona",
        "wheelchair": null,
        "fee": "no",
        "opening_hours": null,
        "source": "osm"
      }
    },
    {
      "type": "Feature",
      "geometry": {
        "type": "Point",
        "coordinates": [
          2.1835299,
          41.4231232
        ]
      },
      "properties": {
        "id": "osm-n-9869682219",
        "category": "info",
        "name": "Congr\u00e9s-Indians",
        "wheelchair": null,
        "fee": null,
        "opening_hours": null,
        "source": "osm"
      }
    },
    {
      "type": "Feature",
      "geometry": {
        "type": "Point",
        "coordinates": [
          2.1827808,
          41.421272
        ]
      },
      "properties": {
        "id": "osm-n-9869682317",
        "category": "water",
        "name": "Ajuntament de Barcelona",
        "wheelchair": null,
        "fee": "no",
        "opening_hours": null,
        "source": "osm"
      }
    },
    {
      "type": "Feature",
      "geometry": {
        "type": "Point",
        "coordinates": [
          2.1832215,
          41.4311336
        ]
      },
      "properties": {
        "id": "osm-n-9869760222",
        "category": "cafe",
        "name": "Cafe",
        "wheelchair": null,
        "fee": null,
        "opening_hours": null,
        "source": "osm"
      }
    },
    {
      "type": "Feature",
      "geometry": {
        "type": "Point",
        "coordinates": [
          2.1831693,
          41.4311332
        ]
      },
      "properties": {
        "id": "osm-n-9869760223",
        "category": "aed",
        "name": "Aed",
        "wheelchair": "yes",
        "fee": null,
        "opening_hours": "24/7",
        "source": "osm"
      }
    },
    {
      "type": "Feature",
      "geometry": {
        "type": "Point",
        "coordinates": [
          2.1830174,
          41.4310485
        ]
      },
      "properties": {
        "id": "osm-n-9869760224",
        "category": "toilet",
        "name": "Toilet",
        "wheelchair": null,
        "fee": null,
        "opening_hours": null,
        "source": "osm"
      }
    },
    {
      "type": "Feature",
      "geometry": {
        "type": "Point",
        "coordinates": [
          2.183101,
          41.4310483
        ]
      },
      "properties": {
        "id": "osm-n-9869760719",
        "category": "cafe",
        "name": "Cafe",
        "wheelchair": null,
        "fee": null,
        "opening_hours": null,
        "source": "osm"
      }
    },
    {
      "type": "Feature",
      "geometry": {
        "type": "Point",
        "coordinates": [
          2.1831723,
          41.4308568
        ]
      },
      "properties": {
        "id": "osm-n-9869760721",
        "category": "aed",
        "name": "Aed",
        "wheelchair": null,
        "fee": null,
        "opening_hours": null,
        "source": "osm"
      }
    },
    {
      "type": "Feature",
      "geometry": {
        "type": "Point",
        "coordinates": [
          2.1911419,
          41.4343227
        ]
      },
      "properties": {
        "id": "osm-n-9869846517",
        "category": "aed",
        "name": "Aed",
        "wheelchair": null,
        "fee": null,
        "opening_hours": null,
        "source": "osm"
      }
    },
    {
      "type": "Feature",
      "geometry": {
        "type": "Point",
        "coordinates": [
          2.1951377,
          41.4135938
        ]
      },
      "properties": {
        "id": "osm-n-9871149518",
        "category": "water",
        "name": "Ajuntament de Barcelona",
        "wheelchair": null,
        "fee": "no",
        "opening_hours": null,
        "source": "osm"
      }
    },
    {
      "type": "Feature",
      "geometry": {
        "type": "Point",
        "coordinates": [
          2.1859806,
          41.401305
        ]
      },
      "properties": {
        "id": "osm-n-9894958484",
        "category": "toilet",
        "name": "Toilet",
        "wheelchair": null,
        "fee": "no",
        "opening_hours": "Mo,We,Fr,Sa 09:00-20:00",
        "source": "osm"
      }
    },
    {
      "type": "Feature",
      "geometry": {
        "type": "Point",
        "coordinates": [
          2.2208934,
          41.4228759
        ]
      },
      "properties": {
        "id": "osm-n-9904677217",
        "category": "water",
        "name": "Water",
        "wheelchair": null,
        "fee": null,
        "opening_hours": null,
        "source": "osm"
      }
    },
    {
      "type": "Feature",
      "geometry": {
        "type": "Point",
        "coordinates": [
          2.1847197,
          41.413135
        ]
      },
      "properties": {
        "id": "osm-n-9905111917",
        "category": "water",
        "name": "Ajuntament de Barcelona",
        "wheelchair": null,
        "fee": "no",
        "opening_hours": null,
        "source": "osm"
      }
    },
    {
      "type": "Feature",
      "geometry": {
        "type": "Point",
        "coordinates": [
          2.1882236,
          41.4052516
        ]
      },
      "properties": {
        "id": "osm-n-9914088717",
        "category": "cafe",
        "name": "Els Titons de Las Palmeras",
        "wheelchair": null,
        "fee": null,
        "opening_hours": null,
        "source": "osm"
      }
    },
    {
      "type": "Feature",
      "geometry": {
        "type": "Point",
        "coordinates": [
          2.2093755,
          41.4213903
        ]
      },
      "properties": {
        "id": "osm-n-9916326617",
        "category": "water",
        "name": "Ajuntament de Barcelona",
        "wheelchair": null,
        "fee": "no",
        "opening_hours": null,
        "source": "osm"
      }
    },
    {
      "type": "Feature",
      "geometry": {
        "type": "Point",
        "coordinates": [
          2.2101923,
          41.4213553
        ]
      },
      "properties": {
        "id": "osm-n-9916331617",
        "category": "water",
        "name": "Ajuntament de Barcelona",
        "wheelchair": null,
        "fee": "no",
        "opening_hours": null,
        "source": "osm"
      }
    },
    {
      "type": "Feature",
      "geometry": {
        "type": "Point",
        "coordinates": [
          2.2108892,
          41.4225139
        ]
      },
      "properties": {
        "id": "osm-n-9916331818",
        "category": "water",
        "name": "Ajuntament de Barcelona",
        "wheelchair": null,
        "fee": "no",
        "opening_hours": null,
        "source": "osm"
      }
    },
    {
      "type": "Feature",
      "geometry": {
        "type": "Point",
        "coordinates": [
          2.2092944,
          41.4254352
        ]
      },
      "properties": {
        "id": "osm-n-9916370619",
        "category": "info",
        "name": "Bicivia 3",
        "wheelchair": null,
        "fee": null,
        "opening_hours": null,
        "source": "osm"
      }
    },
    {
      "type": "Feature",
      "geometry": {
        "type": "Point",
        "coordinates": [
          2.1990153,
          41.419585
        ]
      },
      "properties": {
        "id": "osm-n-9916452517",
        "category": "info",
        "name": "Parc de Sant Mart\u00ed",
        "wheelchair": null,
        "fee": null,
        "opening_hours": null,
        "source": "osm"
      }
    },
    {
      "type": "Feature",
      "geometry": {
        "type": "Point",
        "coordinates": [
          2.1982437,
          41.4190082
        ]
      },
      "properties": {
        "id": "osm-n-9916466017",
        "category": "info",
        "name": "Parc de Sant Mart\u00ed",
        "wheelchair": null,
        "fee": null,
        "opening_hours": null,
        "source": "osm"
      }
    },
    {
      "type": "Feature",
      "geometry": {
        "type": "Point",
        "coordinates": [
          2.1904217,
          41.4180379
        ]
      },
      "properties": {
        "id": "osm-n-9917212051",
        "category": "water",
        "name": "Ajuntament de Barcelona",
        "wheelchair": "yes",
        "fee": "no",
        "opening_hours": null,
        "source": "osm"
      }
    },
    {
      "type": "Feature",
      "geometry": {
        "type": "Point",
        "coordinates": [
          2.1996627,
          41.4146252
        ]
      },
      "properties": {
        "id": "osm-n-9929807619",
        "category": "water",
        "name": "Ajuntament de Barcelona",
        "wheelchair": null,
        "fee": "no",
        "opening_hours": null,
        "source": "osm"
      }
    },
    {
      "type": "Feature",
      "geometry": {
        "type": "Point",
        "coordinates": [
          2.1922693,
          41.4111226
        ]
      },
      "properties": {
        "id": "osm-n-9929929617",
        "category": "info",
        "name": "Sant Mart\u00ed",
        "wheelchair": null,
        "fee": null,
        "opening_hours": null,
        "source": "osm"
      }
    },
    {
      "type": "Feature",
      "geometry": {
        "type": "Point",
        "coordinates": [
          2.195045,
          41.3898649
        ]
      },
      "properties": {
        "id": "osm-n-9947235518",
        "category": "cafe",
        "name": "Caf\u00e9 Ninoska",
        "wheelchair": null,
        "fee": null,
        "opening_hours": null,
        "source": "osm"
      }
    },
    {
      "type": "Feature",
      "geometry": {
        "type": "Point",
        "coordinates": [
          2.1919356,
          41.408748
        ]
      },
      "properties": {
        "id": "osm-n-9980273023",
        "category": "info",
        "name": "Sant Mart\u00ed",
        "wheelchair": null,
        "fee": null,
        "opening_hours": null,
        "source": "osm"
      }
    },
    {
      "type": "Feature",
      "geometry": {
        "type": "Point",
        "coordinates": [
          2.2370201,
          41.4404396
        ]
      },
      "properties": {
        "id": "osm-n-9990068130",
        "category": "cafe",
        "name": "Catafal",
        "wheelchair": null,
        "fee": null,
        "opening_hours": null,
        "source": "osm"
      }
    },
    {
      "type": "Feature",
      "geometry": {
        "type": "Point",
        "coordinates": [
          2.1886071,
          41.4275663
        ]
      },
      "properties": {
        "id": "osm-n-9991612917",
        "category": "water",
        "name": "Ajuntament de Barcelona",
        "wheelchair": null,
        "fee": "no",
        "opening_hours": null,
        "source": "osm"
      }
    },
    {
      "type": "Feature",
      "geometry": {
        "type": "Point",
        "coordinates": [
          2.179695,
          41.4020525
        ]
      },
      "properties": {
        "id": "osm-n-9995507368",
        "category": "water",
        "name": "Ajuntament de Barcelona",
        "wheelchair": null,
        "fee": "no",
        "opening_hours": null,
        "source": "osm"
      }
    },
    {
      "type": "Feature",
      "geometry": {
        "type": "Point",
        "coordinates": [
          2.2301168,
          41.442872
        ]
      },
      "properties": {
        "id": "osm-n-9995605002",
        "category": "cafe",
        "name": "Shololatt",
        "wheelchair": null,
        "fee": null,
        "opening_hours": null,
        "source": "osm"
      }
    },
    {
      "type": "Feature",
      "geometry": {
        "type": "Point",
        "coordinates": [
          2.2019381,
          41.4038392
        ]
      },
      "properties": {
        "id": "osm-n-10006930217",
        "category": "cafe",
        "name": "Cafe",
        "wheelchair": null,
        "fee": null,
        "opening_hours": null,
        "source": "osm"
      }
    },
    {
      "type": "Feature",
      "geometry": {
        "type": "Point",
        "coordinates": [
          2.2057996,
          41.4360636
        ]
      },
      "properties": {
        "id": "osm-n-10039732420",
        "category": "water",
        "name": "Ajuntament de Barcelona",
        "wheelchair": null,
        "fee": "no",
        "opening_hours": null,
        "source": "osm"
      }
    },
    {
      "type": "Feature",
      "geometry": {
        "type": "Point",
        "coordinates": [
          2.2048821,
          41.4353387
        ]
      },
      "properties": {
        "id": "osm-n-10039732422",
        "category": "water",
        "name": "Ajuntament de Barcelona",
        "wheelchair": null,
        "fee": "no",
        "opening_hours": null,
        "source": "osm"
      }
    },
    {
      "type": "Feature",
      "geometry": {
        "type": "Point",
        "coordinates": [
          2.2067117,
          41.4362215
        ]
      },
      "properties": {
        "id": "osm-n-10039741318",
        "category": "water",
        "name": "Ajuntament de Barcelona",
        "wheelchair": null,
        "fee": "no",
        "opening_hours": null,
        "source": "osm"
      }
    },
    {
      "type": "Feature",
      "geometry": {
        "type": "Point",
        "coordinates": [
          2.2040447,
          41.406801
        ]
      },
      "properties": {
        "id": "osm-n-10044105217",
        "category": "aed",
        "name": "Aed",
        "wheelchair": "limited",
        "fee": null,
        "opening_hours": null,
        "source": "osm"
      }
    },
    {
      "type": "Feature",
      "geometry": {
        "type": "Point",
        "coordinates": [
          2.207873,
          41.4061108
        ]
      },
      "properties": {
        "id": "osm-n-10044105218",
        "category": "aed",
        "name": "Aed",
        "wheelchair": null,
        "fee": null,
        "opening_hours": null,
        "source": "osm"
      }
    },
    {
      "type": "Feature",
      "geometry": {
        "type": "Point",
        "coordinates": [
          2.2172439,
          41.4371935
        ]
      },
      "properties": {
        "id": "osm-n-10069750709",
        "category": "water",
        "name": "Water",
        "wheelchair": null,
        "fee": "no",
        "opening_hours": "24/7",
        "source": "osm"
      }
    },
    {
      "type": "Feature",
      "geometry": {
        "type": "Point",
        "coordinates": [
          2.2117978,
          41.408076
        ]
      },
      "properties": {
        "id": "osm-n-10102698177",
        "category": "charging",
        "name": "Tesla Destination Charger",
        "wheelchair": null,
        "fee": null,
        "opening_hours": null,
        "source": "osm"
      }
    },
    {
      "type": "Feature",
      "geometry": {
        "type": "Point",
        "coordinates": [
          2.1901967,
          41.4007954
        ]
      },
      "properties": {
        "id": "osm-n-10118957118",
        "category": "water",
        "name": "Ajuntament de Barcelona",
        "wheelchair": null,
        "fee": "no",
        "opening_hours": null,
        "source": "osm"
      }
    },
    {
      "type": "Feature",
      "geometry": {
        "type": "Point",
        "coordinates": [
          2.2042439,
          41.4075294
        ]
      },
      "properties": {
        "id": "osm-n-10129623417",
        "category": "info",
        "name": "Sant Mart\u00ed",
        "wheelchair": null,
        "fee": null,
        "opening_hours": null,
        "source": "osm"
      }
    },
    {
      "type": "Feature",
      "geometry": {
        "type": "Point",
        "coordinates": [
          2.2259079,
          41.4183516
        ]
      },
      "properties": {
        "id": "osm-n-10129688517",
        "category": "info",
        "name": "Info",
        "wheelchair": null,
        "fee": null,
        "opening_hours": null,
        "source": "osm"
      }
    },
    {
      "type": "Feature",
      "geometry": {
        "type": "Point",
        "coordinates": [
          2.204252,
          41.4075331
        ]
      },
      "properties": {
        "id": "osm-n-10142598324",
        "category": "info",
        "name": "Info",
        "wheelchair": null,
        "fee": null,
        "opening_hours": null,
        "source": "osm"
      }
    },
    {
      "type": "Feature",
      "geometry": {
        "type": "Point",
        "coordinates": [
          2.225848,
          41.4187472
        ]
      },
      "properties": {
        "id": "osm-n-10143194962",
        "category": "info",
        "name": "Info",
        "wheelchair": null,
        "fee": null,
        "opening_hours": null,
        "source": "osm"
      }
    },
    {
      "type": "Feature",
      "geometry": {
        "type": "Point",
        "coordinates": [
          2.1840294,
          41.4232548
        ]
      },
      "properties": {
        "id": "osm-n-10146635818",
        "category": "water",
        "name": "Ajuntament de Barcelona",
        "wheelchair": null,
        "fee": "no",
        "opening_hours": null,
        "source": "osm"
      }
    },
    {
      "type": "Feature",
      "geometry": {
        "type": "Point",
        "coordinates": [
          2.1791712,
          41.423675
        ]
      },
      "properties": {
        "id": "osm-n-10146665817",
        "category": "charging",
        "name": "Endolla Barcelona",
        "wheelchair": null,
        "fee": null,
        "opening_hours": null,
        "source": "osm"
      }
    },
    {
      "type": "Feature",
      "geometry": {
        "type": "Point",
        "coordinates": [
          2.2057603,
          41.3996344
        ]
      },
      "properties": {
        "id": "osm-n-10171561935",
        "category": "cafe",
        "name": "Federal",
        "wheelchair": null,
        "fee": null,
        "opening_hours": null,
        "source": "osm"
      }
    },
    {
      "type": "Feature",
      "geometry": {
        "type": "Point",
        "coordinates": [
          2.1808244,
          41.3896906
        ]
      },
      "properties": {
        "id": "osm-n-10173277887",
        "category": "shop",
        "name": "Supermercat",
        "wheelchair": null,
        "fee": null,
        "opening_hours": null,
        "source": "osm"
      }
    },
    {
      "type": "Feature",
      "geometry": {
        "type": "Point",
        "coordinates": [
          2.2119137,
          41.3992253
        ]
      },
      "properties": {
        "id": "osm-n-10175313217",
        "category": "info",
        "name": "Itineraris marins Barcelona. Mar Bella. Nova Mar Bella",
        "wheelchair": null,
        "fee": null,
        "opening_hours": null,
        "source": "osm"
      }
    },
    {
      "type": "Feature",
      "geometry": {
        "type": "Point",
        "coordinates": [
          2.2025162,
          41.4048602
        ]
      },
      "properties": {
        "id": "osm-n-10175336922",
        "category": "info",
        "name": "Fa\u00e7ana Verda de Pallars",
        "wheelchair": null,
        "fee": null,
        "opening_hours": null,
        "source": "osm"
      }
    },
    {
      "type": "Feature",
      "geometry": {
        "type": "Point",
        "coordinates": [
          2.2069011,
          41.403902
        ]
      },
      "properties": {
        "id": "osm-n-10175354517",
        "category": "water",
        "name": "Ajuntament de Barcelona",
        "wheelchair": null,
        "fee": "no",
        "opening_hours": null,
        "source": "osm"
      }
    },
    {
      "type": "Feature",
      "geometry": {
        "type": "Point",
        "coordinates": [
          2.2270987,
          41.4195142
        ]
      },
      "properties": {
        "id": "osm-n-10175452696",
        "category": "charging",
        "name": "Endesa",
        "wheelchair": null,
        "fee": null,
        "opening_hours": null,
        "source": "osm"
      }
    },
    {
      "type": "Feature",
      "geometry": {
        "type": "Point",
        "coordinates": [
          2.2123414,
          41.4236455
        ]
      },
      "properties": {
        "id": "osm-n-10198936317",
        "category": "water",
        "name": "Water",
        "wheelchair": null,
        "fee": null,
        "opening_hours": null,
        "source": "osm"
      }
    },
    {
      "type": "Feature",
      "geometry": {
        "type": "Point",
        "coordinates": [
          2.196614,
          41.4196634
        ]
      },
      "properties": {
        "id": "osm-n-10199039518",
        "category": "toilet",
        "name": "Toilet",
        "wheelchair": null,
        "fee": null,
        "opening_hours": null,
        "source": "osm"
      }
    },
    {
      "type": "Feature",
      "geometry": {
        "type": "Point",
        "coordinates": [
          2.1966865,
          41.4203855
        ]
      },
      "properties": {
        "id": "osm-n-10199044717",
        "category": "water",
        "name": "Ajuntament de Barcelona",
        "wheelchair": null,
        "fee": "no",
        "opening_hours": null,
        "source": "osm"
      }
    },
    {
      "type": "Feature",
      "geometry": {
        "type": "Point",
        "coordinates": [
          2.1965922,
          41.4198013
        ]
      },
      "properties": {
        "id": "osm-n-10199424000",
        "category": "aed",
        "name": "Aed",
        "wheelchair": "yes",
        "fee": null,
        "opening_hours": null,
        "source": "osm"
      }
    },
    {
      "type": "Feature",
      "geometry": {
        "type": "Point",
        "coordinates": [
          2.2120165,
          41.4284473
        ]
      },
      "properties": {
        "id": "osm-n-10211563317",
        "category": "info",
        "name": "Bicivia 3",
        "wheelchair": null,
        "fee": null,
        "opening_hours": null,
        "source": "osm"
      }
    },
    {
      "type": "Feature",
      "geometry": {
        "type": "Point",
        "coordinates": [
          2.1896134,
          41.3867365
        ]
      },
      "properties": {
        "id": "osm-n-10221736755",
        "category": "water",
        "name": "Water",
        "wheelchair": null,
        "fee": null,
        "opening_hours": null,
        "source": "osm"
      }
    },
    {
      "type": "Feature",
      "geometry": {
        "type": "Point",
        "coordinates": [
          2.1910546,
          41.3880885
        ]
      },
      "properties": {
        "id": "osm-n-10221745625",
        "category": "aed",
        "name": "Aed",
        "wheelchair": null,
        "fee": null,
        "opening_hours": null,
        "source": "osm"
      }
    },
    {
      "type": "Feature",
      "geometry": {
        "type": "Point",
        "coordinates": [
          2.1911247,
          41.3880465
        ]
      },
      "properties": {
        "id": "osm-n-10221745627",
        "category": "toilet",
        "name": "Toilet",
        "wheelchair": null,
        "fee": null,
        "opening_hours": null,
        "source": "osm"
      }
    },
    {
      "type": "Feature",
      "geometry": {
        "type": "Point",
        "coordinates": [
          2.1778382,
          41.4233128
        ]
      },
      "properties": {
        "id": "osm-n-10230300317",
        "category": "clinic",
        "name": "Centre M\u00e8dic Nend\u00e9u",
        "wheelchair": null,
        "fee": null,
        "opening_hours": null,
        "source": "osm"
      }
    },
    {
      "type": "Feature",
      "geometry": {
        "type": "Point",
        "coordinates": [
          2.2353971,
          41.4298145
        ]
      },
      "properties": {
        "id": "osm-n-10232481119",
        "category": "info",
        "name": "Euirovelo 8 bicivia 1",
        "wheelchair": null,
        "fee": null,
        "opening_hours": null,
        "source": "osm"
      }
    },
    {
      "type": "Feature",
      "geometry": {
        "type": "Point",
        "coordinates": [
          2.2444238,
          41.4366591
        ]
      },
      "properties": {
        "id": "osm-n-10232588017",
        "category": "toilet",
        "name": "Toilet",
        "wheelchair": null,
        "fee": null,
        "opening_hours": null,
        "source": "osm"
      }
    },
    {
      "type": "Feature",
      "geometry": {
        "type": "Point",
        "coordinates": [
          2.243976,
          41.4392468
        ]
      },
      "properties": {
        "id": "osm-n-10232594517",
        "category": "water",
        "name": "Water",
        "wheelchair": null,
        "fee": null,
        "opening_hours": null,
        "source": "osm"
      }
    },
    {
      "type": "Feature",
      "geometry": {
        "type": "Point",
        "coordinates": [
          2.2318559,
          41.4179294
        ]
      },
      "properties": {
        "id": "osm-n-10241800009",
        "category": "info",
        "name": "AMB",
        "wheelchair": null,
        "fee": null,
        "opening_hours": null,
        "source": "osm"
      }
    },
    {
      "type": "Feature",
      "geometry": {
        "type": "Point",
        "coordinates": [
          2.2306791,
          41.4160699
        ]
      },
      "properties": {
        "id": "osm-n-10241800010",
        "category": "info",
        "name": "AMB",
        "wheelchair": null,
        "fee": null,
        "opening_hours": null,
        "source": "osm"
      }
    },
    {
      "type": "Feature",
      "geometry": {
        "type": "Point",
        "coordinates": [
          2.2312605,
          41.4169204
        ]
      },
      "properties": {
        "id": "osm-n-10241806509",
        "category": "info",
        "name": "AMB",
        "wheelchair": null,
        "fee": null,
        "opening_hours": null,
        "source": "osm"
      }
    },
    {
      "type": "Feature",
      "geometry": {
        "type": "Point",
        "coordinates": [
          2.2262146,
          41.4111491
        ]
      },
      "properties": {
        "id": "osm-n-10241807420",
        "category": "water",
        "name": "Ajuntament de Barcelona",
        "wheelchair": null,
        "fee": "no",
        "opening_hours": null,
        "source": "osm"
      }
    },
    {
      "type": "Feature",
      "geometry": {
        "type": "Point",
        "coordinates": [
          2.2266968,
          41.4100685
        ]
      },
      "properties": {
        "id": "osm-n-10241828009",
        "category": "info",
        "name": "AMB",
        "wheelchair": null,
        "fee": null,
        "opening_hours": null,
        "source": "osm"
      }
    },
    {
      "type": "Feature",
      "geometry": {
        "type": "Point",
        "coordinates": [
          2.2261296,
          41.4091485
        ]
      },
      "properties": {
        "id": "osm-n-10241835510",
        "category": "info",
        "name": "AMB",
        "wheelchair": null,
        "fee": null,
        "opening_hours": null,
        "source": "osm"
      }
    },
    {
      "type": "Feature",
      "geometry": {
        "type": "Point",
        "coordinates": [
          2.2253413,
          41.4078466
        ]
      },
      "properties": {
        "id": "osm-n-10241835511",
        "category": "info",
        "name": "AMB",
        "wheelchair": null,
        "fee": null,
        "opening_hours": null,
        "source": "osm"
      }
    },
    {
      "type": "Feature",
      "geometry": {
        "type": "Point",
        "coordinates": [
          2.2154836,
          41.4027647
        ]
      },
      "properties": {
        "id": "osm-n-10241856410",
        "category": "info",
        "name": "AMB",
        "wheelchair": null,
        "fee": null,
        "opening_hours": null,
        "source": "osm"
      }
    },
    {
      "type": "Feature",
      "geometry": {
        "type": "Point",
        "coordinates": [
          2.2138206,
          41.4002767
        ]
      },
      "properties": {
        "id": "osm-n-10241856411",
        "category": "info",
        "name": "AMB",
        "wheelchair": null,
        "fee": null,
        "opening_hours": null,
        "source": "osm"
      }
    },
    {
      "type": "Feature",
      "geometry": {
        "type": "Point",
        "coordinates": [
          2.2132938,
          41.3999317
        ]
      },
      "properties": {
        "id": "osm-n-10241856412",
        "category": "info",
        "name": "AMB",
        "wheelchair": null,
        "fee": null,
        "opening_hours": null,
        "source": "osm"
      }
    },
    {
      "type": "Feature",
      "geometry": {
        "type": "Point",
        "coordinates": [
          2.2194968,
          41.4057273
        ]
      },
      "properties": {
        "id": "osm-n-10241870209",
        "category": "info",
        "name": "AMB",
        "wheelchair": null,
        "fee": null,
        "opening_hours": null,
        "source": "osm"
      }
    },
    {
      "type": "Feature",
      "geometry": {
        "type": "Point",
        "coordinates": [
          2.2192068,
          41.4055256
        ]
      },
      "properties": {
        "id": "osm-n-10241870309",
        "category": "info",
        "name": "AMB",
        "wheelchair": null,
        "fee": null,
        "opening_hours": null,
        "source": "osm"
      }
    },
    {
      "type": "Feature",
      "geometry": {
        "type": "Point",
        "coordinates": [
          2.2172176,
          41.4040572
        ]
      },
      "properties": {
        "id": "osm-n-10241870310",
        "category": "info",
        "name": "AMB",
        "wheelchair": null,
        "fee": null,
        "opening_hours": null,
        "source": "osm"
      }
    },
    {
      "type": "Feature",
      "geometry": {
        "type": "Point",
        "coordinates": [
          2.2167268,
          41.4037053
        ]
      },
      "properties": {
        "id": "osm-n-10241870311",
        "category": "info",
        "name": "AMB",
        "wheelchair": null,
        "fee": null,
        "opening_hours": null,
        "source": "osm"
      }
    },
    {
      "type": "Feature",
      "geometry": {
        "type": "Point",
        "coordinates": [
          2.2184782,
          41.4049402
        ]
      },
      "properties": {
        "id": "osm-n-10241870409",
        "category": "info",
        "name": "AMB",
        "wheelchair": null,
        "fee": null,
        "opening_hours": null,
        "source": "osm"
      }
    },
    {
      "type": "Feature",
      "geometry": {
        "type": "Point",
        "coordinates": [
          2.214821,
          41.4019021
        ]
      },
      "properties": {
        "id": "osm-n-10241870710",
        "category": "info",
        "name": "AMB",
        "wheelchair": null,
        "fee": null,
        "opening_hours": null,
        "source": "osm"
      }
    },
    {
      "type": "Feature",
      "geometry": {
        "type": "Point",
        "coordinates": [
          2.2123211,
          41.3992469
        ]
      },
      "properties": {
        "id": "osm-n-10241895009",
        "category": "info",
        "name": "AMB",
        "wheelchair": null,
        "fee": null,
        "opening_hours": null,
        "source": "osm"
      }
    },
    {
      "type": "Feature",
      "geometry": {
        "type": "Point",
        "coordinates": [
          2.2102587,
          41.3965127
        ]
      },
      "properties": {
        "id": "osm-n-10241895010",
        "category": "info",
        "name": "AMB",
        "wheelchair": null,
        "fee": null,
        "opening_hours": null,
        "source": "osm"
      }
    },
    {
      "type": "Feature",
      "geometry": {
        "type": "Point",
        "coordinates": [
          2.2118572,
          41.398709
        ]
      },
      "properties": {
        "id": "osm-n-10241895109",
        "category": "info",
        "name": "AMB",
        "wheelchair": null,
        "fee": null,
        "opening_hours": null,
        "source": "osm"
      }
    },
    {
      "type": "Feature",
      "geometry": {
        "type": "Point",
        "coordinates": [
          2.2115012,
          41.3981957
        ]
      },
      "properties": {
        "id": "osm-n-10241895209",
        "category": "info",
        "name": "AMB",
        "wheelchair": null,
        "fee": null,
        "opening_hours": null,
        "source": "osm"
      }
    },
    {
      "type": "Feature",
      "geometry": {
        "type": "Point",
        "coordinates": [
          2.2109321,
          41.3978066
        ]
      },
      "properties": {
        "id": "osm-n-10241895210",
        "category": "info",
        "name": "Info",
        "wheelchair": null,
        "fee": null,
        "opening_hours": null,
        "source": "osm"
      }
    },
    {
      "type": "Feature",
      "geometry": {
        "type": "Point",
        "coordinates": [
          2.208736,
          41.3960611
        ]
      },
      "properties": {
        "id": "osm-n-10241895211",
        "category": "info",
        "name": "Platja del Bogatell",
        "wheelchair": null,
        "fee": null,
        "opening_hours": null,
        "source": "osm"
      }
    },
    {
      "type": "Feature",
      "geometry": {
        "type": "Point",
        "coordinates": [
          2.2103867,
          41.3969716
        ]
      },
      "properties": {
        "id": "osm-n-10241895309",
        "category": "info",
        "name": "AMB",
        "wheelchair": null,
        "fee": null,
        "opening_hours": null,
        "source": "osm"
      }
    },
    {
      "type": "Feature",
      "geometry": {
        "type": "Point",
        "coordinates": [
          2.208151,
          41.3962194
        ]
      },
      "properties": {
        "id": "osm-n-10241899509",
        "category": "info",
        "name": "Parc del Poblenou",
        "wheelchair": null,
        "fee": null,
        "opening_hours": null,
        "source": "osm"
      }
    },
    {
      "type": "Feature",
      "geometry": {
        "type": "Point",
        "coordinates": [
          2.2076914,
          41.3961702
        ]
      },
      "properties": {
        "id": "osm-n-10241899510",
        "category": "info",
        "name": "Parc del Poblenou",
        "wheelchair": null,
        "fee": null,
        "opening_hours": null,
        "source": "osm"
      }
    },
    {
      "type": "Feature",
      "geometry": {
        "type": "Point",
        "coordinates": [
          2.2015875,
          41.4078508
        ]
      },
      "properties": {
        "id": "osm-n-10241954709",
        "category": "info",
        "name": "Tra\u00e7a de Pere IV",
        "wheelchair": null,
        "fee": null,
        "opening_hours": null,
        "source": "osm"
      }
    },
    {
      "type": "Feature",
      "geometry": {
        "type": "Point",
        "coordinates": [
          2.2064947,
          41.4108675
        ]
      },
      "properties": {
        "id": "osm-n-10248307309",
        "category": "water",
        "name": "Ajuntament de Barcelona",
        "wheelchair": null,
        "fee": "no",
        "opening_hours": null,
        "source": "osm"
      }
    },
    {
      "type": "Feature",
      "geometry": {
        "type": "Point",
        "coordinates": [
          2.2109532,
          41.417538
        ]
      },
      "properties": {
        "id": "osm-n-10248366309",
        "category": "water",
        "name": "Ajuntament de Barcelona",
        "wheelchair": null,
        "fee": "no",
        "opening_hours": null,
        "source": "osm"
      }
    },
    {
      "type": "Feature",
      "geometry": {
        "type": "Point",
        "coordinates": [
          2.2107432,
          41.4176802
        ]
      },
      "properties": {
        "id": "osm-n-10248366310",
        "category": "water",
        "name": "Ajuntament de Barcelona",
        "wheelchair": null,
        "fee": "no",
        "opening_hours": null,
        "source": "osm"
      }
    },
    {
      "type": "Feature",
      "geometry": {
        "type": "Point",
        "coordinates": [
          2.2042941,
          41.422718
        ]
      },
      "properties": {
        "id": "osm-n-10248380309",
        "category": "water",
        "name": "Ajuntament de Barcelona",
        "wheelchair": null,
        "fee": "no",
        "opening_hours": null,
        "source": "osm"
      }
    },
    {
      "type": "Feature",
      "geometry": {
        "type": "Point",
        "coordinates": [
          2.1874985,
          41.4226432
        ]
      },
      "properties": {
        "id": "osm-n-10259006509",
        "category": "cafe",
        "name": "Friends",
        "wheelchair": null,
        "fee": null,
        "opening_hours": null,
        "source": "osm"
      }
    },
    {
      "type": "Feature",
      "geometry": {
        "type": "Point",
        "coordinates": [
          2.1842589,
          41.4320118
        ]
      },
      "properties": {
        "id": "osm-n-10259037410",
        "category": "water",
        "name": "Ajuntament de Barcelona",
        "wheelchair": null,
        "fee": null,
        "opening_hours": null,
        "source": "osm"
      }
    },
    {
      "type": "Feature",
      "geometry": {
        "type": "Point",
        "coordinates": [
          2.1885598,
          41.4354769
        ]
      },
      "properties": {
        "id": "osm-n-10259084610",
        "category": "water",
        "name": "Ajuntament de Barcelona",
        "wheelchair": null,
        "fee": "no",
        "opening_hours": null,
        "source": "osm"
      }
    },
    {
      "type": "Feature",
      "geometry": {
        "type": "Point",
        "coordinates": [
          2.193374,
          41.3904853
        ]
      },
      "properties": {
        "id": "osm-n-10262118409",
        "category": "water",
        "name": "Ajuntament de Barcelona",
        "wheelchair": null,
        "fee": "no",
        "opening_hours": null,
        "source": "osm"
      }
    },
    {
      "type": "Feature",
      "geometry": {
        "type": "Point",
        "coordinates": [
          2.2257232,
          41.4140775
        ]
      },
      "properties": {
        "id": "osm-n-10275530525",
        "category": "parking",
        "name": "Parking",
        "wheelchair": null,
        "fee": "yes",
        "opening_hours": null,
        "source": "osm"
      }
    },
    {
      "type": "Feature",
      "geometry": {
        "type": "Point",
        "coordinates": [
          2.2047835,
          41.3921534
        ]
      },
      "properties": {
        "id": "osm-n-10294683491",
        "category": "info",
        "name": "Platja del Bogatell",
        "wheelchair": null,
        "fee": null,
        "opening_hours": null,
        "source": "osm"
      }
    },
    {
      "type": "Feature",
      "geometry": {
        "type": "Point",
        "coordinates": [
          2.1954726,
          41.3839493
        ]
      },
      "properties": {
        "id": "osm-n-10294726304",
        "category": "info",
        "name": "Info",
        "wheelchair": null,
        "fee": null,
        "opening_hours": null,
        "source": "osm"
      }
    },
    {
      "type": "Feature",
      "geometry": {
        "type": "Point",
        "coordinates": [
          2.2020937,
          41.3907719
        ]
      },
      "properties": {
        "id": "osm-n-10294741898",
        "category": "info",
        "name": "Platja de la Nova Ic\u00e0ria",
        "wheelchair": null,
        "fee": null,
        "opening_hours": null,
        "source": "osm"
      }
    },
    {
      "type": "Feature",
      "geometry": {
        "type": "Point",
        "coordinates": [
          2.2027492,
          41.3909983
        ]
      },
      "properties": {
        "id": "osm-n-10294741899",
        "category": "info",
        "name": "Platja de la Nova Ic\u00e0ria",
        "wheelchair": null,
        "fee": null,
        "opening_hours": null,
        "source": "osm"
      }
    },
    {
      "type": "Feature",
      "geometry": {
        "type": "Point",
        "coordinates": [
          2.1938616,
          41.3812826
        ]
      },
      "properties": {
        "id": "osm-n-10294742144",
        "category": "info",
        "name": "Platja de la Barceloneta",
        "wheelchair": null,
        "fee": null,
        "opening_hours": null,
        "source": "osm"
      }
    },
    {
      "type": "Feature",
      "geometry": {
        "type": "Point",
        "coordinates": [
          2.2033619,
          41.3912241
        ]
      },
      "properties": {
        "id": "osm-n-10294742186",
        "category": "info",
        "name": "Platja de la Nova Ic\u00e0ria",
        "wheelchair": null,
        "fee": null,
        "opening_hours": null,
        "source": "osm"
      }
    },
    {
      "type": "Feature",
      "geometry": {
        "type": "Point",
        "coordinates": [
          2.1932682,
          41.3802995
        ]
      },
      "properties": {
        "id": "osm-n-10294755243",
        "category": "info",
        "name": "Platja de la Barceloneta",
        "wheelchair": null,
        "fee": null,
        "opening_hours": null,
        "source": "osm"
      }
    },
    {
      "type": "Feature",
      "geometry": {
        "type": "Point",
        "coordinates": [
          2.1946003,
          41.3824604
        ]
      },
      "properties": {
        "id": "osm-n-10294755498",
        "category": "info",
        "name": "Platja de la Barceloneta",
        "wheelchair": null,
        "fee": null,
        "opening_hours": null,
        "source": "osm"
      }
    },
    {
      "type": "Feature",
      "geometry": {
        "type": "Point",
        "coordinates": [
          2.1961347,
          41.3844934
        ]
      },
      "properties": {
        "id": "osm-n-10294756733",
        "category": "info",
        "name": "Platja del Somorrostro",
        "wheelchair": null,
        "fee": null,
        "opening_hours": null,
        "source": "osm"
      }
    },
    {
      "type": "Feature",
      "geometry": {
        "type": "Point",
        "coordinates": [
          2.1973688,
          41.3854077
        ]
      },
      "properties": {
        "id": "osm-n-10294761215",
        "category": "info",
        "name": "Platja del Somorrostro",
        "wheelchair": null,
        "fee": null,
        "opening_hours": null,
        "source": "osm"
      }
    },
    {
      "type": "Feature",
      "geometry": {
        "type": "Point",
        "coordinates": [
          2.1951018,
          41.3832769
        ]
      },
      "properties": {
        "id": "osm-n-10294762931",
        "category": "info",
        "name": "Platja de la Barceloneta",
        "wheelchair": null,
        "fee": null,
        "opening_hours": null,
        "source": "osm"
      }
    },
    {
      "type": "Feature",
      "geometry": {
        "type": "Point",
        "coordinates": [
          2.1956567,
          41.3840831
        ]
      },
      "properties": {
        "id": "osm-n-10294766972",
        "category": "info",
        "name": "Platja del Somorrostro. estat de les platges",
        "wheelchair": null,
        "fee": null,
        "opening_hours": null,
        "source": "osm"
      }
    },
    {
      "type": "Feature",
      "geometry": {
        "type": "Point",
        "coordinates": [
          2.1955518,
          41.3839971
        ]
      },
      "properties": {
        "id": "osm-n-10294767309",
        "category": "info",
        "name": "Platja del Somorrostro",
        "wheelchair": null,
        "fee": null,
        "opening_hours": null,
        "source": "osm"
      }
    },
    {
      "type": "Feature",
      "geometry": {
        "type": "Point",
        "coordinates": [
          2.2063178,
          41.3942139
        ]
      },
      "properties": {
        "id": "osm-n-10294771994",
        "category": "info",
        "name": "Platja del Bogatell",
        "wheelchair": null,
        "fee": null,
        "opening_hours": null,
        "source": "osm"
      }
    },
    {
      "type": "Feature",
      "geometry": {
        "type": "Point",
        "coordinates": [
          2.2011078,
          41.3901921
        ]
      },
      "properties": {
        "id": "osm-n-10294775717",
        "category": "info",
        "name": "Platja de la Nova Ic\u00e0ria",
        "wheelchair": null,
        "fee": null,
        "opening_hours": null,
        "source": "osm"
      }
    },
    {
      "type": "Feature",
      "geometry": {
        "type": "Point",
        "coordinates": [
          2.2055434,
          41.3931588
        ]
      },
      "properties": {
        "id": "osm-n-10294780811",
        "category": "info",
        "name": "Platja del Bogatell",
        "wheelchair": null,
        "fee": null,
        "opening_hours": null,
        "source": "osm"
      }
    },
    {
      "type": "Feature",
      "geometry": {
        "type": "Point",
        "coordinates": [
          2.2006254,
          41.3893696
        ]
      },
      "properties": {
        "id": "osm-n-10294783006",
        "category": "info",
        "name": "Platja de la Nova Ic\u00e0ria",
        "wheelchair": null,
        "fee": null,
        "opening_hours": null,
        "source": "osm"
      }
    },
    {
      "type": "Feature",
      "geometry": {
        "type": "Point",
        "coordinates": [
          2.207599,
          41.3952158
        ]
      },
      "properties": {
        "id": "osm-n-10294796336",
        "category": "info",
        "name": "Platja del Bogatell",
        "wheelchair": null,
        "fee": null,
        "opening_hours": null,
        "source": "osm"
      }
    },
    {
      "type": "Feature",
      "geometry": {
        "type": "Point",
        "coordinates": [
          2.1921078,
          41.4139953
        ]
      },
      "properties": {
        "id": "osm-n-10297999510",
        "category": "water",
        "name": "Water",
        "wheelchair": null,
        "fee": null,
        "opening_hours": null,
        "source": "osm"
      }
    },
    {
      "type": "Feature",
      "geometry": {
        "type": "Point",
        "coordinates": [
          2.1846658,
          41.4050739
        ]
      },
      "properties": {
        "id": "osm-n-10312780600",
        "category": "info",
        "name": "Info",
        "wheelchair": null,
        "fee": null,
        "opening_hours": null,
        "source": "osm"
      }
    },
    {
      "type": "Feature",
      "geometry": {
        "type": "Point",
        "coordinates": [
          2.1991906,
          41.4401458
        ]
      },
      "properties": {
        "id": "osm-n-10565329029",
        "category": "toilet",
        "name": "Toilet",
        "wheelchair": null,
        "fee": "no",
        "opening_hours": null,
        "source": "osm"
      }
    },
    {
      "type": "Feature",
      "geometry": {
        "type": "Point",
        "coordinates": [
          2.200836,
          41.39955
        ]
      },
      "properties": {
        "id": "osm-n-10576229241",
        "category": "info",
        "name": "Els or\u00edgens de la Llacuna",
        "wheelchair": null,
        "fee": null,
        "opening_hours": null,
        "source": "osm"
      }
    },
    {
      "type": "Feature",
      "geometry": {
        "type": "Point",
        "coordinates": [
          2.2165488,
          41.4081964
        ]
      },
      "properties": {
        "id": "osm-n-10581086674",
        "category": "info",
        "name": "Info",
        "wheelchair": null,
        "fee": null,
        "opening_hours": null,
        "source": "osm"
      }
    },
    {
      "type": "Feature",
      "geometry": {
        "type": "Point",
        "coordinates": [
          2.2167139,
          41.4080771
        ]
      },
      "properties": {
        "id": "osm-n-10581086774",
        "category": "info",
        "name": "Info",
        "wheelchair": null,
        "fee": null,
        "opening_hours": null,
        "source": "osm"
      }
    },
    {
      "type": "Feature",
      "geometry": {
        "type": "Point",
        "coordinates": [
          2.2182188,
          41.406928
        ]
      },
      "properties": {
        "id": "osm-n-10581097073",
        "category": "info",
        "name": "Info",
        "wheelchair": null,
        "fee": null,
        "opening_hours": null,
        "source": "osm"
      }
    },
    {
      "type": "Feature",
      "geometry": {
        "type": "Point",
        "coordinates": [
          2.2167516,
          41.4084285
        ]
      },
      "properties": {
        "id": "osm-n-10581097075",
        "category": "info",
        "name": "Info",
        "wheelchair": null,
        "fee": null,
        "opening_hours": null,
        "source": "osm"
      }
    },
    {
      "type": "Feature",
      "geometry": {
        "type": "Point",
        "coordinates": [
          2.1834769,
          41.3889759
        ]
      },
      "properties": {
        "id": "osm-n-10595797989",
        "category": "info",
        "name": "Info",
        "wheelchair": null,
        "fee": null,
        "opening_hours": null,
        "source": "osm"
      }
    },
    {
      "type": "Feature",
      "geometry": {
        "type": "Point",
        "coordinates": [
          2.2074227,
          41.4201809
        ]
      },
      "properties": {
        "id": "osm-n-10617611706",
        "category": "water",
        "name": "Ajuntament de Barcelona",
        "wheelchair": null,
        "fee": "no",
        "opening_hours": null,
        "source": "osm"
      }
    },
    {
      "type": "Feature",
      "geometry": {
        "type": "Point",
        "coordinates": [
          2.2007436,
          41.4233085
        ]
      },
      "properties": {
        "id": "osm-n-10617647305",
        "category": "water",
        "name": "Ajuntament de Barcelona",
        "wheelchair": null,
        "fee": "no",
        "opening_hours": null,
        "source": "osm"
      }
    },
    {
      "type": "Feature",
      "geometry": {
        "type": "Point",
        "coordinates": [
          2.1797954,
          41.4266986
        ]
      },
      "properties": {
        "id": "osm-n-10617776405",
        "category": "water",
        "name": "Ajuntament de Barcelona",
        "wheelchair": null,
        "fee": "no",
        "opening_hours": null,
        "source": "osm"
      }
    },
    {
      "type": "Feature",
      "geometry": {
        "type": "Point",
        "coordinates": [
          2.1978428,
          41.4039029
        ]
      },
      "properties": {
        "id": "osm-n-10670047907",
        "category": "shop",
        "name": "Ametller Origen",
        "wheelchair": null,
        "fee": null,
        "opening_hours": null,
        "source": "osm"
      }
    },
    {
      "type": "Feature",
      "geometry": {
        "type": "Point",
        "coordinates": [
          2.187709,
          41.3871457
        ]
      },
      "properties": {
        "id": "osm-n-10676389407",
        "category": "water",
        "name": "Ajuntament de Barcelona",
        "wheelchair": null,
        "fee": "no",
        "opening_hours": null,
        "source": "osm"
      }
    },
    {
      "type": "Feature",
      "geometry": {
        "type": "Point",
        "coordinates": [
          2.1932683,
          41.4088092
        ]
      },
      "properties": {
        "id": "osm-n-10676908483",
        "category": "water",
        "name": "Ajuntament de Barcelona",
        "wheelchair": null,
        "fee": "no",
        "opening_hours": null,
        "source": "osm"
      }
    },
    {
      "type": "Feature",
      "geometry": {
        "type": "Point",
        "coordinates": [
          2.2453571,
          41.4402965
        ]
      },
      "properties": {
        "id": "osm-n-10682676606",
        "category": "info",
        "name": "Platja Pont del Petroli",
        "wheelchair": null,
        "fee": null,
        "opening_hours": null,
        "source": "osm"
      }
    },
    {
      "type": "Feature",
      "geometry": {
        "type": "Point",
        "coordinates": [
          2.2444399,
          41.4390139
        ]
      },
      "properties": {
        "id": "osm-n-10682676607",
        "category": "info",
        "name": "Platja del Coco",
        "wheelchair": null,
        "fee": null,
        "opening_hours": null,
        "source": "osm"
      }
    },
    {
      "type": "Feature",
      "geometry": {
        "type": "Point",
        "coordinates": [
          2.2449272,
          41.439776
        ]
      },
      "properties": {
        "id": "osm-n-10682676805",
        "category": "info",
        "name": "Platja Pont del Petroli",
        "wheelchair": null,
        "fee": null,
        "opening_hours": null,
        "source": "osm"
      }
    },
    {
      "type": "Feature",
      "geometry": {
        "type": "Point",
        "coordinates": [
          2.2396222,
          41.4348411
        ]
      },
      "properties": {
        "id": "osm-n-10682698305",
        "category": "toilet",
        "name": "Toilet",
        "wheelchair": null,
        "fee": null,
        "opening_hours": null,
        "source": "osm"
      }
    },
    {
      "type": "Feature",
      "geometry": {
        "type": "Point",
        "coordinates": [
          2.2395969,
          41.4312699
        ]
      },
      "properties": {
        "id": "osm-n-10682702807",
        "category": "info",
        "name": "Platja de la Marina 04",
        "wheelchair": null,
        "fee": null,
        "opening_hours": null,
        "source": "osm"
      }
    },
    {
      "type": "Feature",
      "geometry": {
        "type": "Point",
        "coordinates": [
          2.2440482,
          41.4383619
        ]
      },
      "properties": {
        "id": "osm-n-10684204334",
        "category": "info",
        "name": "Platja del Coco",
        "wheelchair": null,
        "fee": null,
        "opening_hours": null,
        "source": "osm"
      }
    },
    {
      "type": "Feature",
      "geometry": {
        "type": "Point",
        "coordinates": [
          2.1801123,
          41.4104754
        ]
      },
      "properties": {
        "id": "osm-n-10692566305",
        "category": "water",
        "name": "Ajuntament de Barcelona",
        "wheelchair": null,
        "fee": "no",
        "opening_hours": null,
        "source": "osm"
      }
    },
    {
      "type": "Feature",
      "geometry": {
        "type": "Point",
        "coordinates": [
          2.1861131,
          41.4227331
        ]
      },
      "properties": {
        "id": "osm-n-10692618309",
        "category": "water",
        "name": "Ajuntament de Barcelona",
        "wheelchair": null,
        "fee": "no",
        "opening_hours": null,
        "source": "osm"
      }
    },
    {
      "type": "Feature",
      "geometry": {
        "type": "Point",
        "coordinates": [
          2.1854403,
          41.4224947
        ]
      },
      "properties": {
        "id": "osm-n-10692622411",
        "category": "toilet",
        "name": "Toilet",
        "wheelchair": null,
        "fee": null,
        "opening_hours": null,
        "source": "osm"
      }
    },
    {
      "type": "Feature",
      "geometry": {
        "type": "Point",
        "coordinates": [
          2.1855074,
          41.4223014
        ]
      },
      "properties": {
        "id": "osm-n-10692627206",
        "category": "aed",
        "name": "Aed",
        "wheelchair": "yes",
        "fee": null,
        "opening_hours": null,
        "source": "osm"
      }
    },
    {
      "type": "Feature",
      "geometry": {
        "type": "Point",
        "coordinates": [
          2.1881155,
          41.4342344
        ]
      },
      "properties": {
        "id": "osm-n-10697545505",
        "category": "cafe",
        "name": "Cafe",
        "wheelchair": null,
        "fee": null,
        "opening_hours": null,
        "source": "osm"
      }
    },
    {
      "type": "Feature",
      "geometry": {
        "type": "Point",
        "coordinates": [
          2.2401026,
          41.4346248
        ]
      },
      "properties": {
        "id": "osm-n-10719129671",
        "category": "water",
        "name": "Water",
        "wheelchair": null,
        "fee": null,
        "opening_hours": null,
        "source": "osm"
      }
    },
    {
      "type": "Feature",
      "geometry": {
        "type": "Point",
        "coordinates": [
          2.1906165,
          41.437796
        ]
      },
      "properties": {
        "id": "osm-n-10719489219",
        "category": "cafe",
        "name": "Bracaf\u00e8",
        "wheelchair": null,
        "fee": null,
        "opening_hours": "7:00-22:00",
        "source": "osm"
      }
    },
    {
      "type": "Feature",
      "geometry": {
        "type": "Point",
        "coordinates": [
          2.1967121,
          41.3943067
        ]
      },
      "properties": {
        "id": "osm-n-10742584805",
        "category": "water",
        "name": "Ajuntament de Barcelona",
        "wheelchair": null,
        "fee": "no",
        "opening_hours": null,
        "source": "osm"
      }
    },
    {
      "type": "Feature",
      "geometry": {
        "type": "Point",
        "coordinates": [
          2.1848482,
          41.4034121
        ]
      },
      "properties": {
        "id": "osm-n-10757192705",
        "category": "water",
        "name": "Ajuntament de Barcelona",
        "wheelchair": "yes",
        "fee": "no",
        "opening_hours": null,
        "source": "osm"
      }
    },
    {
      "type": "Feature",
      "geometry": {
        "type": "Point",
        "coordinates": [
          2.1783799,
          41.3946062
        ]
      },
      "properties": {
        "id": "osm-n-10784182558",
        "category": "cafe",
        "name": "Brew Coffee",
        "wheelchair": null,
        "fee": null,
        "opening_hours": null,
        "source": "osm"
      }
    },
    {
      "type": "Feature",
      "geometry": {
        "type": "Point",
        "coordinates": [
          2.1790659,
          41.3925923
        ]
      },
      "properties": {
        "id": "osm-n-10784204896",
        "category": "cafe",
        "name": "Antico",
        "wheelchair": null,
        "fee": null,
        "opening_hours": null,
        "source": "osm"
      }
    },
    {
      "type": "Feature",
      "geometry": {
        "type": "Point",
        "coordinates": [
          2.1810204,
          41.3935563
        ]
      },
      "properties": {
        "id": "osm-n-10785172887",
        "category": "cafe",
        "name": "Youcha",
        "wheelchair": null,
        "fee": null,
        "opening_hours": "Mo 09:00-17:00; Tu 11:30-21:00; Th-Su 11:30-21:00",
        "source": "osm"
      }
    },
    {
      "type": "Feature",
      "geometry": {
        "type": "Point",
        "coordinates": [
          2.180505,
          41.3947182
        ]
      },
      "properties": {
        "id": "osm-n-10785181138",
        "category": "cafe",
        "name": "Vivari",
        "wheelchair": null,
        "fee": null,
        "opening_hours": null,
        "source": "osm"
      }
    },
    {
      "type": "Feature",
      "geometry": {
        "type": "Point",
        "coordinates": [
          2.1824733,
          41.3985298
        ]
      },
      "properties": {
        "id": "osm-n-10785182675",
        "category": "cafe",
        "name": "Giulietta Caf\u00e8",
        "wheelchair": null,
        "fee": null,
        "opening_hours": "Tu-Su 09:00-24:00",
        "source": "osm"
      }
    },
    {
      "type": "Feature",
      "geometry": {
        "type": "Point",
        "coordinates": [
          2.1802547,
          41.3994705
        ]
      },
      "properties": {
        "id": "osm-n-10785226697",
        "category": "cafe",
        "name": "Caf\u00e8s Novell",
        "wheelchair": null,
        "fee": null,
        "opening_hours": null,
        "source": "osm"
      }
    },
    {
      "type": "Feature",
      "geometry": {
        "type": "Point",
        "coordinates": [
          2.1795914,
          41.3936878
        ]
      },
      "properties": {
        "id": "osm-n-10785231969",
        "category": "cafe",
        "name": "Te de fruites fresc",
        "wheelchair": null,
        "fee": null,
        "opening_hours": null,
        "source": "osm"
      }
    },
    {
      "type": "Feature",
      "geometry": {
        "type": "Point",
        "coordinates": [
          2.1757323,
          41.4017767
        ]
      },
      "properties": {
        "id": "osm-n-10788756199",
        "category": "cafe",
        "name": "Blackbird Coffee Corner",
        "wheelchair": null,
        "fee": null,
        "opening_hours": null,
        "source": "osm"
      }
    },
    {
      "type": "Feature",
      "geometry": {
        "type": "Point",
        "coordinates": [
          2.1931922,
          41.4043895
        ]
      },
      "properties": {
        "id": "osm-n-10790068557",
        "category": "cafe",
        "name": "D@niel Caf\u00e9 Restaurant",
        "wheelchair": null,
        "fee": null,
        "opening_hours": "Mo-Fr 08:00-20:00; Sa-Su off",
        "source": "osm"
      }
    },
    {
      "type": "Feature",
      "geometry": {
        "type": "Point",
        "coordinates": [
          2.2043118,
          41.3931122
        ]
      },
      "properties": {
        "id": "osm-n-10795186605",
        "category": "shop",
        "name": "Supercor",
        "wheelchair": null,
        "fee": null,
        "opening_hours": null,
        "source": "osm"
      }
    },
    {
      "type": "Feature",
      "geometry": {
        "type": "Point",
        "coordinates": [
          2.2308145,
          41.4168264
        ]
      },
      "properties": {
        "id": "osm-n-10826282505",
        "category": "toilet",
        "name": "Toilet",
        "wheelchair": null,
        "fee": null,
        "opening_hours": null,
        "source": "osm"
      }
    },
    {
      "type": "Feature",
      "geometry": {
        "type": "Point",
        "coordinates": [
          2.2070463,
          41.4158094
        ]
      },
      "properties": {
        "id": "osm-n-10836561305",
        "category": "cafe",
        "name": "Ca l'Isidret",
        "wheelchair": null,
        "fee": null,
        "opening_hours": null,
        "source": "osm"
      }
    },
    {
      "type": "Feature",
      "geometry": {
        "type": "Point",
        "coordinates": [
          2.2069973,
          41.4157615
        ]
      },
      "properties": {
        "id": "osm-n-10836561405",
        "category": "aed",
        "name": "Aed",
        "wheelchair": "yes",
        "fee": null,
        "opening_hours": null,
        "source": "osm"
      }
    },
    {
      "type": "Feature",
      "geometry": {
        "type": "Point",
        "coordinates": [
          2.1871068,
          41.3860058
        ]
      },
      "properties": {
        "id": "osm-n-10853499454",
        "category": "aed",
        "name": "Aed",
        "wheelchair": null,
        "fee": null,
        "opening_hours": null,
        "source": "osm"
      }
    },
    {
      "type": "Feature",
      "geometry": {
        "type": "Point",
        "coordinates": [
          2.2103069,
          41.4269845
        ]
      },
      "properties": {
        "id": "osm-n-10870010911",
        "category": "charging",
        "name": "Charging",
        "wheelchair": null,
        "fee": null,
        "opening_hours": null,
        "source": "osm"
      }
    },
    {
      "type": "Feature",
      "geometry": {
        "type": "Point",
        "coordinates": [
          2.2006149,
          41.4242622
        ]
      },
      "properties": {
        "id": "osm-n-10870091506",
        "category": "water",
        "name": "Ajuntament de Barcelona",
        "wheelchair": null,
        "fee": "no",
        "opening_hours": null,
        "source": "osm"
      }
    },
    {
      "type": "Feature",
      "geometry": {
        "type": "Point",
        "coordinates": [
          2.2012571,
          41.3861282
        ]
      },
      "properties": {
        "id": "osm-n-10870493550",
        "category": "toilet",
        "name": "Toilet",
        "wheelchair": "yes",
        "fee": null,
        "opening_hours": null,
        "source": "osm"
      }
    },
    {
      "type": "Feature",
      "geometry": {
        "type": "Point",
        "coordinates": [
          2.2058367,
          41.399463
        ]
      },
      "properties": {
        "id": "osm-n-10873565401",
        "category": "shop",
        "name": "Alimentaci\u00f3 Taulat",
        "wheelchair": null,
        "fee": null,
        "opening_hours": null,
        "source": "osm"
      }
    },
    {
      "type": "Feature",
      "geometry": {
        "type": "Point",
        "coordinates": [
          2.2084264,
          41.3977545
        ]
      },
      "properties": {
        "id": "osm-n-10876505831",
        "category": "water",
        "name": "Water",
        "wheelchair": null,
        "fee": "no",
        "opening_hours": null,
        "source": "osm"
      }
    },
    {
      "type": "Feature",
      "geometry": {
        "type": "Point",
        "coordinates": [
          2.202248,
          41.4058051
        ]
      },
      "properties": {
        "id": "osm-n-10881016305",
        "category": "charging",
        "name": "Charging",
        "wheelchair": null,
        "fee": null,
        "opening_hours": null,
        "source": "osm"
      }
    },
    {
      "type": "Feature",
      "geometry": {
        "type": "Point",
        "coordinates": [
          2.1736052,
          41.4099232
        ]
      },
      "properties": {
        "id": "osm-n-10881980148",
        "category": "cafe",
        "name": "Aromme Boutique du cafe",
        "wheelchair": "yes",
        "fee": null,
        "opening_hours": "Mo-Sa 10:00-13:00; Mo-Fr 17:00-20:00",
        "source": "osm"
      }
    },
    {
      "type": "Feature",
      "geometry": {
        "type": "Point",
        "coordinates": [
          2.2326659,
          41.4402904
        ]
      },
      "properties": {
        "id": "osm-n-10882022840",
        "category": "shop",
        "name": "Supermercat hammad.ch",
        "wheelchair": null,
        "fee": null,
        "opening_hours": null,
        "source": "osm"
      }
    },
    {
      "type": "Feature",
      "geometry": {
        "type": "Point",
        "coordinates": [
          2.1841451,
          41.4115679
        ]
      },
      "properties": {
        "id": "osm-n-10882916107",
        "category": "water",
        "name": "Ajuntament de Barcelona",
        "wheelchair": null,
        "fee": "no",
        "opening_hours": null,
        "source": "osm"
      }
    },
    {
      "type": "Feature",
      "geometry": {
        "type": "Point",
        "coordinates": [
          2.1860359,
          41.4249539
        ]
      },
      "properties": {
        "id": "osm-n-10882968307",
        "category": "water",
        "name": "Ajuntament de Barcelona",
        "wheelchair": null,
        "fee": "no",
        "opening_hours": null,
        "source": "osm"
      }
    },
    {
      "type": "Feature",
      "geometry": {
        "type": "Point",
        "coordinates": [
          2.1878471,
          41.4309023
        ]
      },
      "properties": {
        "id": "osm-n-10883026905",
        "category": "water",
        "name": "Ajuntament de Barcelona",
        "wheelchair": null,
        "fee": "no",
        "opening_hours": null,
        "source": "osm"
      }
    },
    {
      "type": "Feature",
      "geometry": {
        "type": "Point",
        "coordinates": [
          2.1936598,
          41.428531
        ]
      },
      "properties": {
        "id": "osm-n-10885781706",
        "category": "charging",
        "name": "Endolla Barcelona",
        "wheelchair": null,
        "fee": null,
        "opening_hours": null,
        "source": "osm"
      }
    },
    {
      "type": "Feature",
      "geometry": {
        "type": "Point",
        "coordinates": [
          2.1886465,
          41.434763
        ]
      },
      "properties": {
        "id": "osm-n-10926005011",
        "category": "cafe",
        "name": "La terrassa de mercadal",
        "wheelchair": null,
        "fee": null,
        "opening_hours": null,
        "source": "osm"
      }
    },
    {
      "type": "Feature",
      "geometry": {
        "type": "Point",
        "coordinates": [
          2.1985818,
          41.4166046
        ]
      },
      "properties": {
        "id": "osm-n-10926005041",
        "category": "aed",
        "name": "Aed",
        "wheelchair": "yes",
        "fee": null,
        "opening_hours": null,
        "source": "osm"
      }
    },
    {
      "type": "Feature",
      "geometry": {
        "type": "Point",
        "coordinates": [
          2.2055764,
          41.4181225
        ]
      },
      "properties": {
        "id": "osm-n-10926005046",
        "category": "cafe",
        "name": "Bracaf\u00e9",
        "wheelchair": null,
        "fee": null,
        "opening_hours": null,
        "source": "osm"
      }
    },
    {
      "type": "Feature",
      "geometry": {
        "type": "Point",
        "coordinates": [
          2.2117485,
          41.4165123
        ]
      },
      "properties": {
        "id": "osm-n-10926005047",
        "category": "toilet",
        "name": "Toilet",
        "wheelchair": null,
        "fee": null,
        "opening_hours": null,
        "source": "osm"
      }
    },
    {
      "type": "Feature",
      "geometry": {
        "type": "Point",
        "coordinates": [
          2.1887465,
          41.4349461
        ]
      },
      "properties": {
        "id": "osm-n-10926005110",
        "category": "water",
        "name": "Ajuntament de Barcelona",
        "wheelchair": null,
        "fee": "no",
        "opening_hours": null,
        "source": "osm"
      }
    },
    {
      "type": "Feature",
      "geometry": {
        "type": "Point",
        "coordinates": [
          2.2053373,
          41.41861
        ]
      },
      "properties": {
        "id": "osm-n-10926005717",
        "category": "aed",
        "name": "Aed",
        "wheelchair": "yes",
        "fee": null,
        "opening_hours": null,
        "source": "osm"
      }
    },
    {
      "type": "Feature",
      "geometry": {
        "type": "Point",
        "coordinates": [
          2.2117823,
          41.4165366
        ]
      },
      "properties": {
        "id": "osm-n-10926005718",
        "category": "aed",
        "name": "Aed",
        "wheelchair": null,
        "fee": null,
        "opening_hours": null,
        "source": "osm"
      }
    },
    {
      "type": "Feature",
      "geometry": {
        "type": "Point",
        "coordinates": [
          2.2036348,
          41.4124998
        ]
      },
      "properties": {
        "id": "osm-n-10926060666",
        "category": "cafe",
        "name": "365",
        "wheelchair": null,
        "fee": null,
        "opening_hours": null,
        "source": "osm"
      }
    },
    {
      "type": "Feature",
      "geometry": {
        "type": "Point",
        "coordinates": [
          2.2029786,
          41.412921
        ]
      },
      "properties": {
        "id": "osm-n-10926098046",
        "category": "aed",
        "name": "Aed",
        "wheelchair": "yes",
        "fee": null,
        "opening_hours": null,
        "source": "osm"
      }
    },
    {
      "type": "Feature",
      "geometry": {
        "type": "Point",
        "coordinates": [
          2.2028429,
          41.4130267
        ]
      },
      "properties": {
        "id": "osm-n-10926098047",
        "category": "aed",
        "name": "Aed",
        "wheelchair": "yes",
        "fee": null,
        "opening_hours": null,
        "source": "osm"
      }
    },
    {
      "type": "Feature",
      "geometry": {
        "type": "Point",
        "coordinates": [
          2.1931795,
          41.4025191
        ]
      },
      "properties": {
        "id": "osm-n-11009731461",
        "category": "aed",
        "name": "Aed",
        "wheelchair": null,
        "fee": null,
        "opening_hours": null,
        "source": "osm"
      }
    },
    {
      "type": "Feature",
      "geometry": {
        "type": "Point",
        "coordinates": [
          2.2296442,
          41.4265639
        ]
      },
      "properties": {
        "id": "osm-n-11016459458",
        "category": "shop",
        "name": "Mi Bazar",
        "wheelchair": null,
        "fee": null,
        "opening_hours": null,
        "source": "osm"
      }
    },
    {
      "type": "Feature",
      "geometry": {
        "type": "Point",
        "coordinates": [
          2.1784674,
          41.3967247
        ]
      },
      "properties": {
        "id": "osm-n-11022711848",
        "category": "parking",
        "name": "Garage Alpha",
        "wheelchair": null,
        "fee": null,
        "opening_hours": null,
        "source": "osm"
      }
    },
    {
      "type": "Feature",
      "geometry": {
        "type": "Point",
        "coordinates": [
          2.2052962,
          41.4178672
        ]
      },
      "properties": {
        "id": "osm-n-11022919681",
        "category": "parking",
        "name": "Parking Mesican",
        "wheelchair": null,
        "fee": null,
        "opening_hours": null,
        "source": "osm"
      }
    },
    {
      "type": "Feature",
      "geometry": {
        "type": "Point",
        "coordinates": [
          2.210446,
          41.4203502
        ]
      },
      "properties": {
        "id": "osm-n-11028765680",
        "category": "cafe",
        "name": "Bar Cafeteria Tomate Algo",
        "wheelchair": null,
        "fee": null,
        "opening_hours": null,
        "source": "osm"
      }
    },
    {
      "type": "Feature",
      "geometry": {
        "type": "Point",
        "coordinates": [
          2.2032161,
          41.4149878
        ]
      },
      "properties": {
        "id": "osm-n-11028765684",
        "category": "shop",
        "name": "Alimentaci\u00f3",
        "wheelchair": null,
        "fee": null,
        "opening_hours": null,
        "source": "osm"
      }
    },
    {
      "type": "Feature",
      "geometry": {
        "type": "Point",
        "coordinates": [
          2.1945861,
          41.4084969
        ]
      },
      "properties": {
        "id": "osm-n-11028765687",
        "category": "cafe",
        "name": "Bar Cafeteria Grand Prix",
        "wheelchair": null,
        "fee": null,
        "opening_hours": null,
        "source": "osm"
      }
    },
    {
      "type": "Feature",
      "geometry": {
        "type": "Point",
        "coordinates": [
          2.191413,
          41.4071526
        ]
      },
      "properties": {
        "id": "osm-n-11028765688",
        "category": "cafe",
        "name": "Bar Cafeteria Ca L'adriana",
        "wheelchair": null,
        "fee": null,
        "opening_hours": null,
        "source": "osm"
      }
    },
    {
      "type": "Feature",
      "geometry": {
        "type": "Point",
        "coordinates": [
          2.2244012,
          41.4366545
        ]
      },
      "properties": {
        "id": "osm-n-11042741138",
        "category": "aed",
        "name": "Aed",
        "wheelchair": null,
        "fee": null,
        "opening_hours": null,
        "source": "osm"
      }
    },
    {
      "type": "Feature",
      "geometry": {
        "type": "Point",
        "coordinates": [
          2.2163831,
          41.4376418
        ]
      },
      "properties": {
        "id": "osm-n-11042741151",
        "category": "aed",
        "name": "Aed",
        "wheelchair": null,
        "fee": null,
        "opening_hours": null,
        "source": "osm"
      }
    },
    {
      "type": "Feature",
      "geometry": {
        "type": "Point",
        "coordinates": [
          2.2311568,
          41.4447582
        ]
      },
      "properties": {
        "id": "osm-n-11042741172",
        "category": "aed",
        "name": "Aed",
        "wheelchair": null,
        "fee": null,
        "opening_hours": null,
        "source": "osm"
      }
    },
    {
      "type": "Feature",
      "geometry": {
        "type": "Point",
        "coordinates": [
          2.2235302,
          41.4381513
        ]
      },
      "properties": {
        "id": "osm-n-11042842934",
        "category": "water",
        "name": "Water",
        "wheelchair": null,
        "fee": null,
        "opening_hours": null,
        "source": "osm"
      }
    },
    {
      "type": "Feature",
      "geometry": {
        "type": "Point",
        "coordinates": [
          2.2182566,
          41.4115722
        ]
      },
      "properties": {
        "id": "osm-n-11067397947",
        "category": "cafe",
        "name": "Bar Cafeteria L'illa Del Forum",
        "wheelchair": null,
        "fee": null,
        "opening_hours": null,
        "source": "osm"
      }
    },
    {
      "type": "Feature",
      "geometry": {
        "type": "Point",
        "coordinates": [
          2.2322108,
          41.4420156
        ]
      },
      "properties": {
        "id": "osm-n-11069092323",
        "category": "aed",
        "name": "Aed",
        "wheelchair": null,
        "fee": null,
        "opening_hours": null,
        "source": "osm"
      }
    },
    {
      "type": "Feature",
      "geometry": {
        "type": "Point",
        "coordinates": [
          2.2191457,
          41.4379107
        ]
      },
      "properties": {
        "id": "osm-n-11069092325",
        "category": "aed",
        "name": "Aed",
        "wheelchair": null,
        "fee": null,
        "opening_hours": null,
        "source": "osm"
      }
    },
    {
      "type": "Feature",
      "geometry": {
        "type": "Point",
        "coordinates": [
          2.2172325,
          41.442413
        ]
      },
      "properties": {
        "id": "osm-n-11069092326",
        "category": "aed",
        "name": "Aed",
        "wheelchair": "yes",
        "fee": null,
        "opening_hours": null,
        "source": "osm"
      }
    },
    {
      "type": "Feature",
      "geometry": {
        "type": "Point",
        "coordinates": [
          2.2272601,
          41.4373795
        ]
      },
      "properties": {
        "id": "osm-n-11069128247",
        "category": "aed",
        "name": "Aed",
        "wheelchair": "yes",
        "fee": null,
        "opening_hours": null,
        "source": "osm"
      }
    },
    {
      "type": "Feature",
      "geometry": {
        "type": "Point",
        "coordinates": [
          2.1823608,
          41.3939529
        ]
      },
      "properties": {
        "id": "osm-n-11099822117",
        "category": "info",
        "name": "Info",
        "wheelchair": null,
        "fee": null,
        "opening_hours": "Mo-Su 07:00-21:00",
        "source": "osm"
      }
    },
    {
      "type": "Feature",
      "geometry": {
        "type": "Point",
        "coordinates": [
          2.1821002,
          41.3938939
        ]
      },
      "properties": {
        "id": "osm-n-11099822205",
        "category": "aed",
        "name": "Aed",
        "wheelchair": null,
        "fee": null,
        "opening_hours": null,
        "source": "osm"
      }
    },
    {
      "type": "Feature",
      "geometry": {
        "type": "Point",
        "coordinates": [
          2.1953888,
          41.4114655
        ]
      },
      "properties": {
        "id": "osm-n-11119625805",
        "category": "aed",
        "name": "Aed",
        "wheelchair": "yes",
        "fee": null,
        "opening_hours": null,
        "source": "osm"
      }
    },
    {
      "type": "Feature",
      "geometry": {
        "type": "Point",
        "coordinates": [
          2.230575,
          41.4245579
        ]
      },
      "properties": {
        "id": "osm-n-11143627806",
        "category": "water",
        "name": "Water",
        "wheelchair": null,
        "fee": null,
        "opening_hours": null,
        "source": "osm"
      }
    },
    {
      "type": "Feature",
      "geometry": {
        "type": "Point",
        "coordinates": [
          2.2230007,
          41.4377841
        ]
      },
      "properties": {
        "id": "osm-n-11155459032",
        "category": "aed",
        "name": "Aed",
        "wheelchair": null,
        "fee": null,
        "opening_hours": null,
        "source": "osm"
      }
    },
    {
      "type": "Feature",
      "geometry": {
        "type": "Point",
        "coordinates": [
          2.1921978,
          41.4369513
        ]
      },
      "properties": {
        "id": "osm-n-11155520405",
        "category": "aed",
        "name": "Aed",
        "wheelchair": null,
        "fee": null,
        "opening_hours": null,
        "source": "osm"
      }
    },
    {
      "type": "Feature",
      "geometry": {
        "type": "Point",
        "coordinates": [
          2.1922244,
          41.4369138
        ]
      },
      "properties": {
        "id": "osm-n-11155520505",
        "category": "water",
        "name": "Ajuntament de Barcelona",
        "wheelchair": null,
        "fee": "no",
        "opening_hours": null,
        "source": "osm"
      }
    },
    {
      "type": "Feature",
      "geometry": {
        "type": "Point",
        "coordinates": [
          2.1862127,
          41.3854406
        ]
      },
      "properties": {
        "id": "osm-n-11159448881",
        "category": "water",
        "name": "Ajuntament de Barcelona",
        "wheelchair": null,
        "fee": "no",
        "opening_hours": null,
        "source": "osm"
      }
    },
    {
      "type": "Feature",
      "geometry": {
        "type": "Point",
        "coordinates": [
          2.2079509,
          41.4439861
        ]
      },
      "properties": {
        "id": "osm-n-11171234447",
        "category": "info",
        "name": "Info",
        "wheelchair": null,
        "fee": null,
        "opening_hours": null,
        "source": "osm"
      }
    },
    {
      "type": "Feature",
      "geometry": {
        "type": "Point",
        "coordinates": [
          2.1746415,
          41.4131232
        ]
      },
      "properties": {
        "id": "osm-n-11171394367",
        "category": "aed",
        "name": "Aed",
        "wheelchair": "yes",
        "fee": null,
        "opening_hours": "24/7",
        "source": "osm"
      }
    },
    {
      "type": "Feature",
      "geometry": {
        "type": "Point",
        "coordinates": [
          2.2208411,
          41.4131259
        ]
      },
      "properties": {
        "id": "osm-n-11176179457",
        "category": "charging",
        "name": "Bus TMB",
        "wheelchair": null,
        "fee": null,
        "opening_hours": null,
        "source": "osm"
      }
    },
    {
      "type": "Feature",
      "geometry": {
        "type": "Point",
        "coordinates": [
          2.1756033,
          41.4155021
        ]
      },
      "properties": {
        "id": "osm-n-11183068265",
        "category": "cafe",
        "name": "Organic Ume",
        "wheelchair": "limited",
        "fee": null,
        "opening_hours": "Mo-Fr 11:00-23:00; Sa-Su 11:00-01:00",
        "source": "osm"
      }
    },
    {
      "type": "Feature",
      "geometry": {
        "type": "Point",
        "coordinates": [
          2.1810592,
          41.4149146
        ]
      },
      "properties": {
        "id": "osm-n-11204223838",
        "category": "cafe",
        "name": "Vivari",
        "wheelchair": null,
        "fee": null,
        "opening_hours": null,
        "source": "osm"
      }
    },
    {
      "type": "Feature",
      "geometry": {
        "type": "Point",
        "coordinates": [
          2.1817222,
          41.3940199
        ]
      },
      "properties": {
        "id": "osm-n-11217038656",
        "category": "parking",
        "name": "BSM Estaci\u00f3 Barcelona-Nord",
        "wheelchair": "yes",
        "fee": "yes",
        "opening_hours": "24/7",
        "source": "osm"
      }
    },
    {
      "type": "Feature",
      "geometry": {
        "type": "Point",
        "coordinates": [
          2.204157,
          41.3929013
        ]
      },
      "properties": {
        "id": "osm-n-11228955322",
        "category": "charging",
        "name": "Endesa",
        "wheelchair": null,
        "fee": "yes",
        "opening_hours": null,
        "source": "osm"
      }
    },
    {
      "type": "Feature",
      "geometry": {
        "type": "Point",
        "coordinates": [
          2.2041642,
          41.4197691
        ]
      },
      "properties": {
        "id": "osm-n-11230647437",
        "category": "water",
        "name": "Ajuntament de Barcelona",
        "wheelchair": null,
        "fee": "no",
        "opening_hours": null,
        "source": "osm"
      }
    },
    {
      "type": "Feature",
      "geometry": {
        "type": "Point",
        "coordinates": [
          2.2045093,
          41.3992322
        ]
      },
      "properties": {
        "id": "osm-n-11236462036",
        "category": "cafe",
        "name": "Syra Coffee",
        "wheelchair": null,
        "fee": null,
        "opening_hours": "Mo-Fr 08:00-20:00; Sa-Su 08:00-20:00",
        "source": "osm"
      }
    },
    {
      "type": "Feature",
      "geometry": {
        "type": "Point",
        "coordinates": [
          2.1929323,
          41.404183
        ]
      },
      "properties": {
        "id": "osm-n-11254416437",
        "category": "aed",
        "name": "Aed",
        "wheelchair": "yes",
        "fee": null,
        "opening_hours": null,
        "source": "osm"
      }
    },
    {
      "type": "Feature",
      "geometry": {
        "type": "Point",
        "coordinates": [
          2.1915738,
          41.4017837
        ]
      },
      "properties": {
        "id": "osm-n-11254420937",
        "category": "aed",
        "name": "Aed",
        "wheelchair": null,
        "fee": null,
        "opening_hours": null,
        "source": "osm"
      }
    },
    {
      "type": "Feature",
      "geometry": {
        "type": "Point",
        "coordinates": [
          2.2177983,
          41.4102269
        ]
      },
      "properties": {
        "id": "osm-n-11265544518",
        "category": "cafe",
        "name": "Havanna",
        "wheelchair": null,
        "fee": null,
        "opening_hours": null,
        "source": "osm"
      }
    },
    {
      "type": "Feature",
      "geometry": {
        "type": "Point",
        "coordinates": [
          2.2155044,
          41.4096569
        ]
      },
      "properties": {
        "id": "osm-n-11265544519",
        "category": "cafe",
        "name": "VIVARI",
        "wheelchair": null,
        "fee": null,
        "opening_hours": null,
        "source": "osm"
      }
    },
    {
      "type": "Feature",
      "geometry": {
        "type": "Point",
        "coordinates": [
          2.2156922,
          41.4096997
        ]
      },
      "properties": {
        "id": "osm-n-11265544520",
        "category": "cafe",
        "name": "Nespresso",
        "wheelchair": null,
        "fee": null,
        "opening_hours": null,
        "source": "osm"
      }
    },
    {
      "type": "Feature",
      "geometry": {
        "type": "Point",
        "coordinates": [
          2.2176131,
          41.4101645
        ]
      },
      "properties": {
        "id": "osm-n-11266463321",
        "category": "cafe",
        "name": "Coffee & Co",
        "wheelchair": null,
        "fee": null,
        "opening_hours": null,
        "source": "osm"
      }
    },
    {
      "type": "Feature",
      "geometry": {
        "type": "Point",
        "coordinates": [
          2.2163897,
          41.4098689
        ]
      },
      "properties": {
        "id": "osm-n-11266463323",
        "category": "cafe",
        "name": "KHENYAN Coffee & Brunch",
        "wheelchair": null,
        "fee": null,
        "opening_hours": null,
        "source": "osm"
      }
    },
    {
      "type": "Feature",
      "geometry": {
        "type": "Point",
        "coordinates": [
          2.2159067,
          41.4099511
        ]
      },
      "properties": {
        "id": "osm-n-11266463334",
        "category": "cafe",
        "name": "Bombon Boss",
        "wheelchair": null,
        "fee": null,
        "opening_hours": null,
        "source": "osm"
      }
    },
    {
      "type": "Feature",
      "geometry": {
        "type": "Point",
        "coordinates": [
          2.215722,
          41.4095395
        ]
      },
      "properties": {
        "id": "osm-n-11266526907",
        "category": "cafe",
        "name": "Starbucks",
        "wheelchair": null,
        "fee": null,
        "opening_hours": null,
        "source": "osm"
      }
    },
    {
      "type": "Feature",
      "geometry": {
        "type": "Point",
        "coordinates": [
          2.2111814,
          41.4369548
        ]
      },
      "properties": {
        "id": "osm-n-11271088169",
        "category": "info",
        "name": "Parc del Molinet",
        "wheelchair": null,
        "fee": null,
        "opening_hours": null,
        "source": "osm"
      }
    },
    {
      "type": "Feature",
      "geometry": {
        "type": "Point",
        "coordinates": [
          2.211552,
          41.437767
        ]
      },
      "properties": {
        "id": "osm-n-11271088769",
        "category": "info",
        "name": "Els ocells",
        "wheelchair": null,
        "fee": null,
        "opening_hours": null,
        "source": "osm"
      }
    },
    {
      "type": "Feature",
      "geometry": {
        "type": "Point",
        "coordinates": [
          2.219646,
          41.4274555
        ]
      },
      "properties": {
        "id": "osm-n-11285562270",
        "category": "info",
        "name": "Bicivia 8 - Ruta Mediterr\u00e0nia 3",
        "wheelchair": null,
        "fee": null,
        "opening_hours": null,
        "source": "osm"
      }
    },
    {
      "type": "Feature",
      "geometry": {
        "type": "Point",
        "coordinates": [
          2.2151041,
          41.4316251
        ]
      },
      "properties": {
        "id": "osm-n-11285678123",
        "category": "toilet",
        "name": "Toilet",
        "wheelchair": null,
        "fee": null,
        "opening_hours": null,
        "source": "osm"
      }
    },
    {
      "type": "Feature",
      "geometry": {
        "type": "Point",
        "coordinates": [
          2.2192217,
          41.4191268
        ]
      },
      "properties": {
        "id": "osm-n-11290376569",
        "category": "aed",
        "name": "Aed",
        "wheelchair": null,
        "fee": null,
        "opening_hours": null,
        "source": "osm"
      }
    },
    {
      "type": "Feature",
      "geometry": {
        "type": "Point",
        "coordinates": [
          2.2128156,
          41.4167783
        ]
      },
      "properties": {
        "id": "osm-n-11290399469",
        "category": "water",
        "name": "Ajuntament de Barcelona",
        "wheelchair": null,
        "fee": "no",
        "opening_hours": null,
        "source": "osm"
      }
    },
    {
      "type": "Feature",
      "geometry": {
        "type": "Point",
        "coordinates": [
          2.2031281,
          41.4104843
        ]
      },
      "properties": {
        "id": "osm-n-11290427669",
        "category": "aed",
        "name": "Aed",
        "wheelchair": null,
        "fee": null,
        "opening_hours": null,
        "source": "osm"
      }
    },
    {
      "type": "Feature",
      "geometry": {
        "type": "Point",
        "coordinates": [
          2.1852493,
          41.390594
        ]
      },
      "properties": {
        "id": "osm-n-11290540470",
        "category": "cafe",
        "name": "Flora",
        "wheelchair": null,
        "fee": null,
        "opening_hours": null,
        "source": "osm"
      }
    },
    {
      "type": "Feature",
      "geometry": {
        "type": "Point",
        "coordinates": [
          2.191792,
          41.4085218
        ]
      },
      "properties": {
        "id": "osm-n-11292685943",
        "category": "toilet",
        "name": "Toilet",
        "wheelchair": null,
        "fee": null,
        "opening_hours": null,
        "source": "osm"
      }
    },
    {
      "type": "Feature",
      "geometry": {
        "type": "Point",
        "coordinates": [
          2.1917348,
          41.4085098
        ]
      },
      "properties": {
        "id": "osm-n-11292685944",
        "category": "aed",
        "name": "Aed",
        "wheelchair": "yes",
        "fee": null,
        "opening_hours": null,
        "source": "osm"
      }
    },
    {
      "type": "Feature",
      "geometry": {
        "type": "Point",
        "coordinates": [
          2.2044941,
          41.401388
        ]
      },
      "properties": {
        "id": "osm-n-11292761916",
        "category": "toilet",
        "name": "Toilet",
        "wheelchair": null,
        "fee": null,
        "opening_hours": null,
        "source": "osm"
      }
    },
    {
      "type": "Feature",
      "geometry": {
        "type": "Point",
        "coordinates": [
          2.2039985,
          41.4016391
        ]
      },
      "properties": {
        "id": "osm-n-11292783407",
        "category": "toilet",
        "name": "Toilet",
        "wheelchair": null,
        "fee": null,
        "opening_hours": null,
        "source": "osm"
      }
    },
    {
      "type": "Feature",
      "geometry": {
        "type": "Point",
        "coordinates": [
          2.2039494,
          41.4016287
        ]
      },
      "properties": {
        "id": "osm-n-11292783408",
        "category": "aed",
        "name": "Aed",
        "wheelchair": null,
        "fee": null,
        "opening_hours": null,
        "source": "osm"
      }
    },
    {
      "type": "Feature",
      "geometry": {
        "type": "Point",
        "coordinates": [
          2.2040134,
          41.4016838
        ]
      },
      "properties": {
        "id": "osm-n-11292783409",
        "category": "cafe",
        "name": "Cafe",
        "wheelchair": null,
        "fee": null,
        "opening_hours": null,
        "source": "osm"
      }
    },
    {
      "type": "Feature",
      "geometry": {
        "type": "Point",
        "coordinates": [
          2.2029582,
          41.4132195
        ]
      },
      "properties": {
        "id": "osm-n-11292803660",
        "category": "aed",
        "name": "Aed",
        "wheelchair": null,
        "fee": null,
        "opening_hours": null,
        "source": "osm"
      }
    },
    {
      "type": "Feature",
      "geometry": {
        "type": "Point",
        "coordinates": [
          2.183204,
          41.389844
        ]
      },
      "properties": {
        "id": "osm-n-11295545163",
        "category": "shop",
        "name": "Shop",
        "wheelchair": null,
        "fee": null,
        "opening_hours": null,
        "source": "osm"
      }
    },
    {
      "type": "Feature",
      "geometry": {
        "type": "Point",
        "coordinates": [
          2.1903182,
          41.4262959
        ]
      },
      "properties": {
        "id": "osm-n-11297347470",
        "category": "info",
        "name": "Parc de la Pegaso",
        "wheelchair": null,
        "fee": null,
        "opening_hours": null,
        "source": "osm"
      }
    },
    {
      "type": "Feature",
      "geometry": {
        "type": "Point",
        "coordinates": [
          2.1850967,
          41.4279201
        ]
      },
      "properties": {
        "id": "osm-n-11297454369",
        "category": "aed",
        "name": "Aed",
        "wheelchair": "yes",
        "fee": null,
        "opening_hours": "24/7",
        "source": "osm"
      }
    },
    {
      "type": "Feature",
      "geometry": {
        "type": "Point",
        "coordinates": [
          2.1965573,
          41.3966824
        ]
      },
      "properties": {
        "id": "osm-n-11300040069",
        "category": "aed",
        "name": "Aed",
        "wheelchair": "yes",
        "fee": null,
        "opening_hours": null,
        "source": "osm"
      }
    },
    {
      "type": "Feature",
      "geometry": {
        "type": "Point",
        "coordinates": [
          2.2245255,
          41.4278732
        ]
      },
      "properties": {
        "id": "osm-n-11300430528",
        "category": "water",
        "name": "Water",
        "wheelchair": null,
        "fee": null,
        "opening_hours": null,
        "source": "osm"
      }
    },
    {
      "type": "Feature",
      "geometry": {
        "type": "Point",
        "coordinates": [
          2.1931595,
          41.3936052
        ]
      },
      "properties": {
        "id": "osm-n-11310780621",
        "category": "shop",
        "name": "Supermercat",
        "wheelchair": null,
        "fee": null,
        "opening_hours": null,
        "source": "osm"
      }
    },
    {
      "type": "Feature",
      "geometry": {
        "type": "Point",
        "coordinates": [
          2.2061326,
          41.435844
        ]
      },
      "properties": {
        "id": "osm-n-11332732286",
        "category": "aed",
        "name": "Aed",
        "wheelchair": null,
        "fee": null,
        "opening_hours": null,
        "source": "osm"
      }
    },
    {
      "type": "Feature",
      "geometry": {
        "type": "Point",
        "coordinates": [
          2.1983195,
          41.3962095
        ]
      },
      "properties": {
        "id": "osm-n-11346769651",
        "category": "aed",
        "name": "Aed",
        "wheelchair": null,
        "fee": null,
        "opening_hours": null,
        "source": "osm"
      }
    },
    {
      "type": "Feature",
      "geometry": {
        "type": "Point",
        "coordinates": [
          2.1918826,
          41.3834659
        ]
      },
      "properties": {
        "id": "osm-n-11350478954",
        "category": "aed",
        "name": "Aed",
        "wheelchair": null,
        "fee": null,
        "opening_hours": null,
        "source": "osm"
      }
    },
    {
      "type": "Feature",
      "geometry": {
        "type": "Point",
        "coordinates": [
          2.1919166,
          41.383307
        ]
      },
      "properties": {
        "id": "osm-n-11350495769",
        "category": "toilet",
        "name": "Toilet",
        "wheelchair": null,
        "fee": null,
        "opening_hours": null,
        "source": "osm"
      }
    },
    {
      "type": "Feature",
      "geometry": {
        "type": "Point",
        "coordinates": [
          2.1947831,
          41.4063183
        ]
      },
      "properties": {
        "id": "osm-n-11357565511",
        "category": "aed",
        "name": "Aed",
        "wheelchair": "yes",
        "fee": null,
        "opening_hours": null,
        "source": "osm"
      }
    },
    {
      "type": "Feature",
      "geometry": {
        "type": "Point",
        "coordinates": [
          2.2012098,
          41.4065587
        ]
      },
      "properties": {
        "id": "osm-n-11357574010",
        "category": "aed",
        "name": "Aed",
        "wheelchair": "yes",
        "fee": null,
        "opening_hours": null,
        "source": "osm"
      }
    },
    {
      "type": "Feature",
      "geometry": {
        "type": "Point",
        "coordinates": [
          2.2088637,
          41.4085166
        ]
      },
      "properties": {
        "id": "osm-n-11357587869",
        "category": "aed",
        "name": "Aed",
        "wheelchair": "yes",
        "fee": null,
        "opening_hours": null,
        "source": "osm"
      }
    },
    {
      "type": "Feature",
      "geometry": {
        "type": "Point",
        "coordinates": [
          2.2317354,
          41.4217119
        ]
      },
      "properties": {
        "id": "osm-n-11357610670",
        "category": "info",
        "name": "Els ocells",
        "wheelchair": null,
        "fee": null,
        "opening_hours": null,
        "source": "osm"
      }
    },
    {
      "type": "Feature",
      "geometry": {
        "type": "Point",
        "coordinates": [
          2.1930101,
          41.4051458
        ]
      },
      "properties": {
        "id": "osm-n-11359712471",
        "category": "aed",
        "name": "Aed",
        "wheelchair": "yes",
        "fee": null,
        "opening_hours": null,
        "source": "osm"
      }
    },
    {
      "type": "Feature",
      "geometry": {
        "type": "Point",
        "coordinates": [
          2.1905061,
          41.4049341
        ]
      },
      "properties": {
        "id": "osm-n-11359712472",
        "category": "aed",
        "name": "Aed",
        "wheelchair": null,
        "fee": null,
        "opening_hours": null,
        "source": "osm"
      }
    },
    {
      "type": "Feature",
      "geometry": {
        "type": "Point",
        "coordinates": [
          2.1889187,
          41.4076992
        ]
      },
      "properties": {
        "id": "osm-n-11359713969",
        "category": "aed",
        "name": "Aed",
        "wheelchair": "yes",
        "fee": null,
        "opening_hours": null,
        "source": "osm"
      }
    },
    {
      "type": "Feature",
      "geometry": {
        "type": "Point",
        "coordinates": [
          2.1915742,
          41.4049246
        ]
      },
      "properties": {
        "id": "osm-n-11359735875",
        "category": "toilet",
        "name": "Toilet",
        "wheelchair": null,
        "fee": null,
        "opening_hours": null,
        "source": "osm"
      }
    },
    {
      "type": "Feature",
      "geometry": {
        "type": "Point",
        "coordinates": [
          2.1887341,
          41.4072471
        ]
      },
      "properties": {
        "id": "osm-n-11359749170",
        "category": "toilet",
        "name": "Toilet",
        "wheelchair": null,
        "fee": null,
        "opening_hours": null,
        "source": "osm"
      }
    },
    {
      "type": "Feature",
      "geometry": {
        "type": "Point",
        "coordinates": [
          2.1864992,
          41.4005343
        ]
      },
      "properties": {
        "id": "osm-n-11360018233",
        "category": "toilet",
        "name": "Toilet",
        "wheelchair": "yes",
        "fee": null,
        "opening_hours": null,
        "source": "osm"
      }
    },
    {
      "type": "Feature",
      "geometry": {
        "type": "Point",
        "coordinates": [
          2.1881847,
          41.4052251
        ]
      },
      "properties": {
        "id": "osm-n-11360097218",
        "category": "toilet",
        "name": "Toilet",
        "wheelchair": "yes",
        "fee": null,
        "opening_hours": null,
        "source": "osm"
      }
    },
    {
      "type": "Feature",
      "geometry": {
        "type": "Point",
        "coordinates": [
          2.1825359,
          41.3956913
        ]
      },
      "properties": {
        "id": "osm-n-11363592698",
        "category": "aed",
        "name": "Aed",
        "wheelchair": "yes",
        "fee": null,
        "opening_hours": null,
        "source": "osm"
      }
    },
    {
      "type": "Feature",
      "geometry": {
        "type": "Point",
        "coordinates": [
          2.178228,
          41.4067585
        ]
      },
      "properties": {
        "id": "osm-n-11374951419",
        "category": "aed",
        "name": "Aed",
        "wheelchair": "yes",
        "fee": null,
        "opening_hours": null,
        "source": "osm"
      }
    },
    {
      "type": "Feature",
      "geometry": {
        "type": "Point",
        "coordinates": [
          2.1785635,
          41.4073682
        ]
      },
      "properties": {
        "id": "osm-n-11374951420",
        "category": "aed",
        "name": "Aed",
        "wheelchair": "yes",
        "fee": null,
        "opening_hours": null,
        "source": "osm"
      }
    },
    {
      "type": "Feature",
      "geometry": {
        "type": "Point",
        "coordinates": [
          2.1788965,
          41.4063286
        ]
      },
      "properties": {
        "id": "osm-n-11374981050",
        "category": "aed",
        "name": "Aed",
        "wheelchair": "yes",
        "fee": null,
        "opening_hours": null,
        "source": "osm"
      }
    },
    {
      "type": "Feature",
      "geometry": {
        "type": "Point",
        "coordinates": [
          2.1762303,
          41.4025319
        ]
      },
      "properties": {
        "id": "osm-n-11386703246",
        "category": "cafe",
        "name": "La Eul\u00e0lia - Brunch & Specialty Coffee",
        "wheelchair": "yes",
        "fee": null,
        "opening_hours": "Mo-Fr 09:00-19:30; Sa-Su 09:00-16:00",
        "source": "osm"
      }
    },
    {
      "type": "Feature",
      "geometry": {
        "type": "Point",
        "coordinates": [
          2.1830732,
          41.4102206
        ]
      },
      "properties": {
        "id": "osm-n-11407026476",
        "category": "aed",
        "name": "Aed",
        "wheelchair": null,
        "fee": null,
        "opening_hours": null,
        "source": "osm"
      }
    },
    {
      "type": "Feature",
      "geometry": {
        "type": "Point",
        "coordinates": [
          2.1914682,
          41.4046742
        ]
      },
      "properties": {
        "id": "osm-n-11411807644",
        "category": "aed",
        "name": "Aed",
        "wheelchair": "yes",
        "fee": null,
        "opening_hours": null,
        "source": "osm"
      }
    },
    {
      "type": "Feature",
      "geometry": {
        "type": "Point",
        "coordinates": [
          2.2017158,
          41.399222
        ]
      },
      "properties": {
        "id": "osm-n-11415056170",
        "category": "aed",
        "name": "Aed",
        "wheelchair": "yes",
        "fee": null,
        "opening_hours": null,
        "source": "osm"
      }
    },
    {
      "type": "Feature",
      "geometry": {
        "type": "Point",
        "coordinates": [
          2.1905909,
          41.3997424
        ]
      },
      "properties": {
        "id": "osm-n-11427090151",
        "category": "aed",
        "name": "Aed",
        "wheelchair": null,
        "fee": null,
        "opening_hours": null,
        "source": "osm"
      }
    },
    {
      "type": "Feature",
      "geometry": {
        "type": "Point",
        "coordinates": [
          2.1972512,
          41.4091015
        ]
      },
      "properties": {
        "id": "osm-n-11428455517",
        "category": "aed",
        "name": "Aed",
        "wheelchair": "yes",
        "fee": null,
        "opening_hours": "24/7",
        "source": "osm"
      }
    },
    {
      "type": "Feature",
      "geometry": {
        "type": "Point",
        "coordinates": [
          2.2035538,
          41.4125586
        ]
      },
      "properties": {
        "id": "osm-n-11428532765",
        "category": "aed",
        "name": "Aed",
        "wheelchair": "yes",
        "fee": null,
        "opening_hours": null,
        "source": "osm"
      }
    },
    {
      "type": "Feature",
      "geometry": {
        "type": "Point",
        "coordinates": [
          2.2101655,
          41.4074716
        ]
      },
      "properties": {
        "id": "osm-n-11428626979",
        "category": "aed",
        "name": "Aed",
        "wheelchair": "yes",
        "fee": null,
        "opening_hours": null,
        "source": "osm"
      }
    },
    {
      "type": "Feature",
      "geometry": {
        "type": "Point",
        "coordinates": [
          2.2097619,
          41.4071787
        ]
      },
      "properties": {
        "id": "osm-n-11428630904",
        "category": "aed",
        "name": "Aed",
        "wheelchair": "yes",
        "fee": null,
        "opening_hours": null,
        "source": "osm"
      }
    },
    {
      "type": "Feature",
      "geometry": {
        "type": "Point",
        "coordinates": [
          2.1912211,
          41.4233746
        ]
      },
      "properties": {
        "id": "osm-n-11429150688",
        "category": "cafe",
        "name": "Aromes",
        "wheelchair": null,
        "fee": null,
        "opening_hours": "Mo-Sa 08:00-20:00; Su off",
        "source": "osm"
      }
    },
    {
      "type": "Feature",
      "geometry": {
        "type": "Point",
        "coordinates": [
          2.1980712,
          41.4419812
        ]
      },
      "properties": {
        "id": "osm-n-11431675852",
        "category": "aed",
        "name": "Aed",
        "wheelchair": "yes",
        "fee": null,
        "opening_hours": null,
        "source": "osm"
      }
    },
    {
      "type": "Feature",
      "geometry": {
        "type": "Point",
        "coordinates": [
          2.1906301,
          41.4359
        ]
      },
      "properties": {
        "id": "osm-n-11431740942",
        "category": "aed",
        "name": "Aed",
        "wheelchair": "yes",
        "fee": null,
        "opening_hours": null,
        "source": "osm"
      }
    },
    {
      "type": "Feature",
      "geometry": {
        "type": "Point",
        "coordinates": [
          2.1881545,
          41.4347752
        ]
      },
      "properties": {
        "id": "osm-n-11431766110",
        "category": "aed",
        "name": "Aed",
        "wheelchair": "yes",
        "fee": null,
        "opening_hours": null,
        "source": "osm"
      }
    },
    {
      "type": "Feature",
      "geometry": {
        "type": "Point",
        "coordinates": [
          2.1884011,
          41.4348009
        ]
      },
      "properties": {
        "id": "osm-n-11431794470",
        "category": "toilet",
        "name": "Toilet",
        "wheelchair": null,
        "fee": null,
        "opening_hours": null,
        "source": "osm"
      }
    },
    {
      "type": "Feature",
      "geometry": {
        "type": "Point",
        "coordinates": [
          2.1883921,
          41.4342007
        ]
      },
      "properties": {
        "id": "osm-n-11431794471",
        "category": "toilet",
        "name": "Toilet",
        "wheelchair": null,
        "fee": null,
        "opening_hours": null,
        "source": "osm"
      }
    },
    {
      "type": "Feature",
      "geometry": {
        "type": "Point",
        "coordinates": [
          2.1931935,
          41.4120247
        ]
      },
      "properties": {
        "id": "osm-n-11431880703",
        "category": "aed",
        "name": "Aed",
        "wheelchair": "yes",
        "fee": null,
        "opening_hours": null,
        "source": "osm"
      }
    },
    {
      "type": "Feature",
      "geometry": {
        "type": "Point",
        "coordinates": [
          2.2007606,
          41.4214331
        ]
      },
      "properties": {
        "id": "osm-n-11431888669",
        "category": "water",
        "name": "Ajuntament de Barcelona",
        "wheelchair": null,
        "fee": "no",
        "opening_hours": null,
        "source": "osm"
      }
    },
    {
      "type": "Feature",
      "geometry": {
        "type": "Point",
        "coordinates": [
          2.1986031,
          41.4165671
        ]
      },
      "properties": {
        "id": "osm-n-11431919670",
        "category": "toilet",
        "name": "Toilet",
        "wheelchair": null,
        "fee": null,
        "opening_hours": null,
        "source": "osm"
      }
    },
    {
      "type": "Feature",
      "geometry": {
        "type": "Point",
        "coordinates": [
          2.1999063,
          41.4171818
        ]
      },
      "properties": {
        "id": "osm-n-11433095175",
        "category": "toilet",
        "name": "Toilet",
        "wheelchair": null,
        "fee": null,
        "opening_hours": null,
        "source": "osm"
      }
    },
    {
      "type": "Feature",
      "geometry": {
        "type": "Point",
        "coordinates": [
          2.1912098,
          41.4238456
        ]
      },
      "properties": {
        "id": "osm-n-11433163221",
        "category": "cafe",
        "name": "iaia\u2019Nita",
        "wheelchair": null,
        "fee": null,
        "opening_hours": null,
        "source": "osm"
      }
    },
    {
      "type": "Feature",
      "geometry": {
        "type": "Point",
        "coordinates": [
          2.1865702,
          41.4153673
        ]
      },
      "properties": {
        "id": "osm-n-11434646470",
        "category": "cafe",
        "name": "Caf\u00e9lunya",
        "wheelchair": null,
        "fee": null,
        "opening_hours": null,
        "source": "osm"
      }
    },
    {
      "type": "Feature",
      "geometry": {
        "type": "Point",
        "coordinates": [
          2.1788484,
          41.4193605
        ]
      },
      "properties": {
        "id": "osm-n-11436729269",
        "category": "toilet",
        "name": "Toilet",
        "wheelchair": null,
        "fee": null,
        "opening_hours": null,
        "source": "osm"
      }
    },
    {
      "type": "Feature",
      "geometry": {
        "type": "Point",
        "coordinates": [
          2.1786846,
          41.4193129
        ]
      },
      "properties": {
        "id": "osm-n-11436729469",
        "category": "cafe",
        "name": "Cafe",
        "wheelchair": null,
        "fee": null,
        "opening_hours": null,
        "source": "osm"
      }
    },
    {
      "type": "Feature",
      "geometry": {
        "type": "Point",
        "coordinates": [
          2.178342,
          41.4194674
        ]
      },
      "properties": {
        "id": "osm-n-11436781569",
        "category": "water",
        "name": "Water",
        "wheelchair": null,
        "fee": null,
        "opening_hours": null,
        "source": "osm"
      }
    },
    {
      "type": "Feature",
      "geometry": {
        "type": "Point",
        "coordinates": [
          2.185048,
          41.4300425
        ]
      },
      "properties": {
        "id": "osm-n-11446290895",
        "category": "cafe",
        "name": "Nonno Cafe & Gelato",
        "wheelchair": "yes",
        "fee": null,
        "opening_hours": null,
        "source": "osm"
      }
    },
    {
      "type": "Feature",
      "geometry": {
        "type": "Point",
        "coordinates": [
          2.2181613,
          41.4106351
        ]
      },
      "properties": {
        "id": "osm-n-11449301617",
        "category": "aed",
        "name": "Aed",
        "wheelchair": "yes",
        "fee": null,
        "opening_hours": null,
        "source": "osm"
      }
    },
    {
      "type": "Feature",
      "geometry": {
        "type": "Point",
        "coordinates": [
          2.1909603,
          41.4045825
        ]
      },
      "properties": {
        "id": "osm-n-11464740023",
        "category": "aed",
        "name": "Aed",
        "wheelchair": "limited",
        "fee": null,
        "opening_hours": null,
        "source": "osm"
      }
    },
    {
      "type": "Feature",
      "geometry": {
        "type": "Point",
        "coordinates": [
          2.1895248,
          41.4036444
        ]
      },
      "properties": {
        "id": "osm-n-11464751090",
        "category": "aed",
        "name": "Aed",
        "wheelchair": "yes",
        "fee": null,
        "opening_hours": null,
        "source": "osm"
      }
    },
    {
      "type": "Feature",
      "geometry": {
        "type": "Point",
        "coordinates": [
          2.1792882,
          41.4017443
        ]
      },
      "properties": {
        "id": "osm-n-11472637869",
        "category": "info",
        "name": "Balcons de Barcelona",
        "wheelchair": null,
        "fee": null,
        "opening_hours": null,
        "source": "osm"
      }
    },
    {
      "type": "Feature",
      "geometry": {
        "type": "Point",
        "coordinates": [
          2.1929537,
          41.4019695
        ]
      },
      "properties": {
        "id": "osm-n-11479317655",
        "category": "aed",
        "name": "Aed",
        "wheelchair": "yes",
        "fee": null,
        "opening_hours": null,
        "source": "osm"
      }
    },
    {
      "type": "Feature",
      "geometry": {
        "type": "Point",
        "coordinates": [
          2.2354599,
          41.4401959
        ]
      },
      "properties": {
        "id": "osm-n-11485683069",
        "category": "water",
        "name": "Water",
        "wheelchair": null,
        "fee": null,
        "opening_hours": null,
        "source": "osm"
      }
    },
    {
      "type": "Feature",
      "geometry": {
        "type": "Point",
        "coordinates": [
          2.182221,
          41.3937781
        ]
      },
      "properties": {
        "id": "osm-n-11505383568",
        "category": "aed",
        "name": "Aed",
        "wheelchair": "yes",
        "fee": null,
        "opening_hours": null,
        "source": "osm"
      }
    },
    {
      "type": "Feature",
      "geometry": {
        "type": "Point",
        "coordinates": [
          2.1983751,
          41.4171933
        ]
      },
      "properties": {
        "id": "osm-n-11521340141",
        "category": "info",
        "name": "Info",
        "wheelchair": null,
        "fee": null,
        "opening_hours": null,
        "source": "osm"
      }
    },
    {
      "type": "Feature",
      "geometry": {
        "type": "Point",
        "coordinates": [
          2.2302908,
          41.4141589
        ]
      },
      "properties": {
        "id": "osm-n-11523657756",
        "category": "toilet",
        "name": "Toilet",
        "wheelchair": null,
        "fee": null,
        "opening_hours": null,
        "source": "osm"
      }
    },
    {
      "type": "Feature",
      "geometry": {
        "type": "Point",
        "coordinates": [
          2.1769845,
          41.4060667
        ]
      },
      "properties": {
        "id": "osm-n-11528289777",
        "category": "cafe",
        "name": "LaBar - Laundry Bar",
        "wheelchair": "yes",
        "fee": null,
        "opening_hours": null,
        "source": "osm"
      }
    },
    {
      "type": "Feature",
      "geometry": {
        "type": "Point",
        "coordinates": [
          2.1831722,
          41.4046173
        ]
      },
      "properties": {
        "id": "osm-n-11528301364",
        "category": "shop",
        "name": "Supermercat 24h",
        "wheelchair": "yes",
        "fee": null,
        "opening_hours": "24/7",
        "source": "osm"
      }
    },
    {
      "type": "Feature",
      "geometry": {
        "type": "Point",
        "coordinates": [
          2.1793079,
          41.4002509
        ]
      },
      "properties": {
        "id": "osm-n-11528930070",
        "category": "shop",
        "name": "Super Mercat",
        "wheelchair": null,
        "fee": null,
        "opening_hours": null,
        "source": "osm"
      }
    },
    {
      "type": "Feature",
      "geometry": {
        "type": "Point",
        "coordinates": [
          2.1788623,
          41.4140002
        ]
      },
      "properties": {
        "id": "osm-n-11559417870",
        "category": "water",
        "name": "Ajuntament de Barcelona",
        "wheelchair": null,
        "fee": null,
        "opening_hours": null,
        "source": "osm"
      }
    },
    {
      "type": "Feature",
      "geometry": {
        "type": "Point",
        "coordinates": [
          2.1923857,
          41.3973575
        ]
      },
      "properties": {
        "id": "osm-n-11568486154",
        "category": "aed",
        "name": "Aed",
        "wheelchair": "yes",
        "fee": null,
        "opening_hours": "24/7",
        "source": "osm"
      }
    },
    {
      "type": "Feature",
      "geometry": {
        "type": "Point",
        "coordinates": [
          2.1847168,
          41.3968635
        ]
      },
      "properties": {
        "id": "osm-n-11684809659",
        "category": "shop",
        "name": "Tohpa",
        "wheelchair": null,
        "fee": null,
        "opening_hours": null,
        "source": "osm"
      }
    },
    {
      "type": "Feature",
      "geometry": {
        "type": "Point",
        "coordinates": [
          2.1853997,
          41.3857267
        ]
      },
      "properties": {
        "id": "osm-n-11685134969",
        "category": "water",
        "name": "Ajuntament de Barcelona",
        "wheelchair": null,
        "fee": "no",
        "opening_hours": null,
        "source": "osm"
      }
    },
    {
      "type": "Feature",
      "geometry": {
        "type": "Point",
        "coordinates": [
          2.2027546,
          41.4015934
        ]
      },
      "properties": {
        "id": "osm-n-11726909576",
        "category": "cafe",
        "name": "Sensorial",
        "wheelchair": null,
        "fee": null,
        "opening_hours": null,
        "source": "osm"
      }
    },
    {
      "type": "Feature",
      "geometry": {
        "type": "Point",
        "coordinates": [
          2.2107176,
          41.4441373
        ]
      },
      "properties": {
        "id": "osm-n-11727806804",
        "category": "aed",
        "name": "Aed",
        "wheelchair": "yes",
        "fee": null,
        "opening_hours": null,
        "source": "osm"
      }
    },
    {
      "type": "Feature",
      "geometry": {
        "type": "Point",
        "coordinates": [
          2.2098923,
          41.4439321
        ]
      },
      "properties": {
        "id": "osm-n-11728053232",
        "category": "aed",
        "name": "Aed",
        "wheelchair": null,
        "fee": null,
        "opening_hours": null,
        "source": "osm"
      }
    },
    {
      "type": "Feature",
      "geometry": {
        "type": "Point",
        "coordinates": [
          2.1956568,
          41.3839416
        ]
      },
      "properties": {
        "id": "osm-n-11728686476",
        "category": "toilet",
        "name": "Toilet",
        "wheelchair": null,
        "fee": null,
        "opening_hours": null,
        "source": "osm"
      }
    },
    {
      "type": "Feature",
      "geometry": {
        "type": "Point",
        "coordinates": [
          2.1740054,
          41.4110759
        ]
      },
      "properties": {
        "id": "osm-n-11733731169",
        "category": "cafe",
        "name": "365",
        "wheelchair": null,
        "fee": null,
        "opening_hours": null,
        "source": "osm"
      }
    },
    {
      "type": "Feature",
      "geometry": {
        "type": "Point",
        "coordinates": [
          2.2205483,
          41.4110669
        ]
      },
      "properties": {
        "id": "osm-n-11743335414",
        "category": "aed",
        "name": "Aed",
        "wheelchair": "yes",
        "fee": null,
        "opening_hours": null,
        "source": "osm"
      }
    },
    {
      "type": "Feature",
      "geometry": {
        "type": "Point",
        "coordinates": [
          2.2245485,
          41.4421121
        ]
      },
      "properties": {
        "id": "osm-n-11752262701",
        "category": "aed",
        "name": "Aed",
        "wheelchair": "yes",
        "fee": null,
        "opening_hours": null,
        "source": "osm"
      }
    },
    {
      "type": "Feature",
      "geometry": {
        "type": "Point",
        "coordinates": [
          2.2246282,
          41.4421305
        ]
      },
      "properties": {
        "id": "osm-n-11752288669",
        "category": "toilet",
        "name": "Toilet",
        "wheelchair": null,
        "fee": null,
        "opening_hours": null,
        "source": "osm"
      }
    },
    {
      "type": "Feature",
      "geometry": {
        "type": "Point",
        "coordinates": [
          2.1766473,
          41.405874
        ]
      },
      "properties": {
        "id": "osm-n-11760555960",
        "category": "cafe",
        "name": "La Bar",
        "wheelchair": null,
        "fee": null,
        "opening_hours": null,
        "source": "osm"
      }
    },
    {
      "type": "Feature",
      "geometry": {
        "type": "Point",
        "coordinates": [
          2.1859068,
          41.3995994
        ]
      },
      "properties": {
        "id": "osm-n-11760680374",
        "category": "cafe",
        "name": "Cafe",
        "wheelchair": null,
        "fee": null,
        "opening_hours": null,
        "source": "osm"
      }
    },
    {
      "type": "Feature",
      "geometry": {
        "type": "Point",
        "coordinates": [
          2.185974,
          41.4012294
        ]
      },
      "properties": {
        "id": "osm-n-11813272992",
        "category": "aed",
        "name": "Aed",
        "wheelchair": null,
        "fee": null,
        "opening_hours": null,
        "source": "osm"
      }
    },
    {
      "type": "Feature",
      "geometry": {
        "type": "Point",
        "coordinates": [
          2.2272908,
          41.4152958
        ]
      },
      "properties": {
        "id": "osm-n-11821231569",
        "category": "charging",
        "name": "Charging",
        "wheelchair": null,
        "fee": null,
        "opening_hours": null,
        "source": "osm"
      }
    },
    {
      "type": "Feature",
      "geometry": {
        "type": "Point",
        "coordinates": [
          2.2270319,
          41.4150107
        ]
      },
      "properties": {
        "id": "osm-n-11821231669",
        "category": "charging",
        "name": "Charging",
        "wheelchair": null,
        "fee": null,
        "opening_hours": null,
        "source": "osm"
      }
    },
    {
      "type": "Feature",
      "geometry": {
        "type": "Point",
        "coordinates": [
          2.2001687,
          41.4036377
        ]
      },
      "properties": {
        "id": "osm-n-11821325921",
        "category": "aed",
        "name": "Aed",
        "wheelchair": "yes",
        "fee": null,
        "opening_hours": null,
        "source": "osm"
      }
    },
    {
      "type": "Feature",
      "geometry": {
        "type": "Point",
        "coordinates": [
          2.1909065,
          41.3895542
        ]
      },
      "properties": {
        "id": "osm-n-11823962367",
        "category": "aed",
        "name": "Aed",
        "wheelchair": "yes",
        "fee": null,
        "opening_hours": null,
        "source": "osm"
      }
    },
    {
      "type": "Feature",
      "geometry": {
        "type": "Point",
        "coordinates": [
          2.1929049,
          41.3847568
        ]
      },
      "properties": {
        "id": "osm-n-11823971193",
        "category": "aed",
        "name": "Aed",
        "wheelchair": null,
        "fee": null,
        "opening_hours": null,
        "source": "osm"
      }
    },
    {
      "type": "Feature",
      "geometry": {
        "type": "Point",
        "coordinates": [
          2.181687,
          41.3968792
        ]
      },
      "properties": {
        "id": "osm-n-11823990953",
        "category": "aed",
        "name": "Aed",
        "wheelchair": null,
        "fee": null,
        "opening_hours": null,
        "source": "osm"
      }
    },
    {
      "type": "Feature",
      "geometry": {
        "type": "Point",
        "coordinates": [
          2.1739883,
          41.4002843
        ]
      },
      "properties": {
        "id": "osm-n-11824327470",
        "category": "charging",
        "name": "Charging",
        "wheelchair": null,
        "fee": null,
        "opening_hours": null,
        "source": "osm"
      }
    },
    {
      "type": "Feature",
      "geometry": {
        "type": "Point",
        "coordinates": [
          2.1738539,
          41.4002531
        ]
      },
      "properties": {
        "id": "osm-n-11824332869",
        "category": "charging",
        "name": "Charging",
        "wheelchair": null,
        "fee": null,
        "opening_hours": null,
        "source": "osm"
      }
    },
    {
      "type": "Feature",
      "geometry": {
        "type": "Point",
        "coordinates": [
          2.1739283,
          41.4002707
        ]
      },
      "properties": {
        "id": "osm-n-11824332969",
        "category": "charging",
        "name": "Charging",
        "wheelchair": null,
        "fee": null,
        "opening_hours": null,
        "source": "osm"
      }
    },
    {
      "type": "Feature",
      "geometry": {
        "type": "Point",
        "coordinates": [
          2.1948833,
          41.4131467
        ]
      },
      "properties": {
        "id": "osm-n-11829792369",
        "category": "cafe",
        "name": "Santagloria",
        "wheelchair": null,
        "fee": null,
        "opening_hours": null,
        "source": "osm"
      }
    },
    {
      "type": "Feature",
      "geometry": {
        "type": "Point",
        "coordinates": [
          2.1818021,
          41.4165485
        ]
      },
      "properties": {
        "id": "osm-n-11829796605",
        "category": "aed",
        "name": "Aed",
        "wheelchair": "yes",
        "fee": null,
        "opening_hours": null,
        "source": "osm"
      }
    },
    {
      "type": "Feature",
      "geometry": {
        "type": "Point",
        "coordinates": [
          2.1894538,
          41.4193085
        ]
      },
      "properties": {
        "id": "osm-n-11829796784",
        "category": "aed",
        "name": "Aed",
        "wheelchair": "limited",
        "fee": null,
        "opening_hours": "24/7",
        "source": "osm"
      }
    },
    {
      "type": "Feature",
      "geometry": {
        "type": "Point",
        "coordinates": [
          2.1792562,
          41.4007527
        ]
      },
      "properties": {
        "id": "osm-n-11871499976",
        "category": "parking",
        "name": "Zona Bus",
        "wheelchair": null,
        "fee": "yes",
        "opening_hours": null,
        "source": "osm"
      }
    },
    {
      "type": "Feature",
      "geometry": {
        "type": "Point",
        "coordinates": [
          2.1803936,
          41.399873
        ]
      },
      "properties": {
        "id": "osm-n-11872052421",
        "category": "parking",
        "name": "Zona Bus",
        "wheelchair": null,
        "fee": "yes",
        "opening_hours": null,
        "source": "osm"
      }
    },
    {
      "type": "Feature",
      "geometry": {
        "type": "Point",
        "coordinates": [
          2.2116649,
          41.3997949
        ]
      },
      "properties": {
        "id": "osm-n-11873872629",
        "category": "aed",
        "name": "Aed",
        "wheelchair": null,
        "fee": null,
        "opening_hours": null,
        "source": "osm"
      }
    },
    {
      "type": "Feature",
      "geometry": {
        "type": "Point",
        "coordinates": [
          2.2202844,
          41.414935
        ]
      },
      "properties": {
        "id": "osm-n-11875972963",
        "category": "cafe",
        "name": "Kanga Caf\u00e9",
        "wheelchair": null,
        "fee": null,
        "opening_hours": "Mo-Su 08:00-16:00",
        "source": "osm"
      }
    },
    {
      "type": "Feature",
      "geometry": {
        "type": "Point",
        "coordinates": [
          2.1986041,
          41.4029436
        ]
      },
      "properties": {
        "id": "osm-n-11876564970",
        "category": "cafe",
        "name": "Theminers",
        "wheelchair": null,
        "fee": null,
        "opening_hours": null,
        "source": "osm"
      }
    },
    {
      "type": "Feature",
      "geometry": {
        "type": "Point",
        "coordinates": [
          2.2020461,
          41.4003244
        ]
      },
      "properties": {
        "id": "osm-n-11876565077",
        "category": "shop",
        "name": "UH supermercat",
        "wheelchair": null,
        "fee": null,
        "opening_hours": null,
        "source": "osm"
      }
    },
    {
      "type": "Feature",
      "geometry": {
        "type": "Point",
        "coordinates": [
          2.2080313,
          41.4125115
        ]
      },
      "properties": {
        "id": "osm-n-11887024946",
        "category": "aed",
        "name": "Aed",
        "wheelchair": "yes",
        "fee": null,
        "opening_hours": null,
        "source": "osm"
      }
    },
    {
      "type": "Feature",
      "geometry": {
        "type": "Point",
        "coordinates": [
          2.2102274,
          41.4440717
        ]
      },
      "properties": {
        "id": "osm-n-11888515620",
        "category": "toilet",
        "name": "Toilet",
        "wheelchair": null,
        "fee": null,
        "opening_hours": null,
        "source": "osm"
      }
    },
    {
      "type": "Feature",
      "geometry": {
        "type": "Point",
        "coordinates": [
          2.2245143,
          41.4178966
        ]
      },
      "properties": {
        "id": "osm-n-11925288823",
        "category": "charging",
        "name": "Electrolineres AMB",
        "wheelchair": null,
        "fee": null,
        "opening_hours": null,
        "source": "osm"
      }
    },
    {
      "type": "Feature",
      "geometry": {
        "type": "Point",
        "coordinates": [
          2.2073614,
          41.4445697
        ]
      },
      "properties": {
        "id": "osm-n-11941738723",
        "category": "info",
        "name": "Info",
        "wheelchair": null,
        "fee": null,
        "opening_hours": null,
        "source": "osm"
      }
    },
    {
      "type": "Feature",
      "geometry": {
        "type": "Point",
        "coordinates": [
          2.2093044,
          41.4415976
        ]
      },
      "properties": {
        "id": "osm-n-11941738724",
        "category": "info",
        "name": "Info",
        "wheelchair": null,
        "fee": null,
        "opening_hours": null,
        "source": "osm"
      }
    },
    {
      "type": "Feature",
      "geometry": {
        "type": "Point",
        "coordinates": [
          2.2093866,
          41.4412696
        ]
      },
      "properties": {
        "id": "osm-n-11941738725",
        "category": "info",
        "name": "Info",
        "wheelchair": null,
        "fee": null,
        "opening_hours": null,
        "source": "osm"
      }
    },
    {
      "type": "Feature",
      "geometry": {
        "type": "Point",
        "coordinates": [
          2.2095643,
          41.4410306
        ]
      },
      "properties": {
        "id": "osm-n-11941738726",
        "category": "info",
        "name": "Info",
        "wheelchair": null,
        "fee": null,
        "opening_hours": null,
        "source": "osm"
      }
    },
    {
      "type": "Feature",
      "geometry": {
        "type": "Point",
        "coordinates": [
          2.2105565,
          41.4376058
        ]
      },
      "properties": {
        "id": "osm-n-11941738727",
        "category": "info",
        "name": "Info",
        "wheelchair": null,
        "fee": null,
        "opening_hours": null,
        "source": "osm"
      }
    },
    {
      "type": "Feature",
      "geometry": {
        "type": "Point",
        "coordinates": [
          2.2105789,
          41.4372099
        ]
      },
      "properties": {
        "id": "osm-n-11941738728",
        "category": "info",
        "name": "Info",
        "wheelchair": null,
        "fee": null,
        "opening_hours": null,
        "source": "osm"
      }
    },
    {
      "type": "Feature",
      "geometry": {
        "type": "Point",
        "coordinates": [
          2.2107741,
          41.4368009
        ]
      },
      "properties": {
        "id": "osm-n-11941738729",
        "category": "info",
        "name": "Info",
        "wheelchair": null,
        "fee": null,
        "opening_hours": null,
        "source": "osm"
      }
    },
    {
      "type": "Feature",
      "geometry": {
        "type": "Point",
        "coordinates": [
          2.2123218,
          41.4334973
        ]
      },
      "properties": {
        "id": "osm-n-11941738730",
        "category": "info",
        "name": "Info",
        "wheelchair": null,
        "fee": null,
        "opening_hours": null,
        "source": "osm"
      }
    },
    {
      "type": "Feature",
      "geometry": {
        "type": "Point",
        "coordinates": [
          2.2124779,
          41.4330933
        ]
      },
      "properties": {
        "id": "osm-n-11941738731",
        "category": "info",
        "name": "Info",
        "wheelchair": null,
        "fee": null,
        "opening_hours": null,
        "source": "osm"
      }
    },
    {
      "type": "Feature",
      "geometry": {
        "type": "Point",
        "coordinates": [
          2.2127038,
          41.4328331
        ]
      },
      "properties": {
        "id": "osm-n-11941738732",
        "category": "info",
        "name": "Info",
        "wheelchair": null,
        "fee": null,
        "opening_hours": null,
        "source": "osm"
      }
    },
    {
      "type": "Feature",
      "geometry": {
        "type": "Point",
        "coordinates": [
          2.2132941,
          41.4320331
        ]
      },
      "properties": {
        "id": "osm-n-11941738733",
        "category": "info",
        "name": "Info",
        "wheelchair": null,
        "fee": null,
        "opening_hours": null,
        "source": "osm"
      }
    },
    {
      "type": "Feature",
      "geometry": {
        "type": "Point",
        "coordinates": [
          2.2133647,
          41.4319584
        ]
      },
      "properties": {
        "id": "osm-n-11941738734",
        "category": "info",
        "name": "Info",
        "wheelchair": null,
        "fee": null,
        "opening_hours": null,
        "source": "osm"
      }
    },
    {
      "type": "Feature",
      "geometry": {
        "type": "Point",
        "coordinates": [
          2.2155983,
          41.430153
        ]
      },
      "properties": {
        "id": "osm-n-11941738735",
        "category": "info",
        "name": "Info",
        "wheelchair": null,
        "fee": null,
        "opening_hours": null,
        "source": "osm"
      }
    },
    {
      "type": "Feature",
      "geometry": {
        "type": "Point",
        "coordinates": [
          2.2159221,
          41.4298505
        ]
      },
      "properties": {
        "id": "osm-n-11941738736",
        "category": "info",
        "name": "Info",
        "wheelchair": null,
        "fee": null,
        "opening_hours": null,
        "source": "osm"
      }
    },
    {
      "type": "Feature",
      "geometry": {
        "type": "Point",
        "coordinates": [
          2.2162692,
          41.4296587
        ]
      },
      "properties": {
        "id": "osm-n-11941738737",
        "category": "info",
        "name": "Info",
        "wheelchair": null,
        "fee": null,
        "opening_hours": null,
        "source": "osm"
      }
    },
    {
      "type": "Feature",
      "geometry": {
        "type": "Point",
        "coordinates": [
          2.2200389,
          41.4268684
        ]
      },
      "properties": {
        "id": "osm-n-11941738738",
        "category": "info",
        "name": "Info",
        "wheelchair": null,
        "fee": null,
        "opening_hours": null,
        "source": "osm"
      }
    },
    {
      "type": "Feature",
      "geometry": {
        "type": "Point",
        "coordinates": [
          2.2203934,
          41.4265484
        ]
      },
      "properties": {
        "id": "osm-n-11941738739",
        "category": "info",
        "name": "Info",
        "wheelchair": null,
        "fee": null,
        "opening_hours": null,
        "source": "osm"
      }
    },
    {
      "type": "Feature",
      "geometry": {
        "type": "Point",
        "coordinates": [
          2.2207322,
          41.4264201
        ]
      },
      "properties": {
        "id": "osm-n-11941738740",
        "category": "info",
        "name": "Info",
        "wheelchair": null,
        "fee": null,
        "opening_hours": null,
        "source": "osm"
      }
    },
    {
      "type": "Feature",
      "geometry": {
        "type": "Point",
        "coordinates": [
          2.2244828,
          41.424345
        ]
      },
      "properties": {
        "id": "osm-n-11941738741",
        "category": "info",
        "name": "Info",
        "wheelchair": null,
        "fee": null,
        "opening_hours": null,
        "source": "osm"
      }
    },
    {
      "type": "Feature",
      "geometry": {
        "type": "Point",
        "coordinates": [
          2.2247552,
          41.4242871
        ]
      },
      "properties": {
        "id": "osm-n-11941738742",
        "category": "info",
        "name": "Info",
        "wheelchair": null,
        "fee": null,
        "opening_hours": null,
        "source": "osm"
      }
    },
    {
      "type": "Feature",
      "geometry": {
        "type": "Point",
        "coordinates": [
          2.2277435,
          41.4228819
        ]
      },
      "properties": {
        "id": "osm-n-11941738743",
        "category": "info",
        "name": "Info",
        "wheelchair": null,
        "fee": null,
        "opening_hours": null,
        "source": "osm"
      }
    },
    {
      "type": "Feature",
      "geometry": {
        "type": "Point",
        "coordinates": [
          2.1869721,
          41.4178234
        ]
      },
      "properties": {
        "id": "osm-n-11966042170",
        "category": "water",
        "name": "Water",
        "wheelchair": null,
        "fee": null,
        "opening_hours": null,
        "source": "osm"
      }
    },
    {
      "type": "Feature",
      "geometry": {
        "type": "Point",
        "coordinates": [
          2.1953227,
          41.390171
        ]
      },
      "properties": {
        "id": "osm-n-11974728060",
        "category": "aed",
        "name": "Aed",
        "wheelchair": null,
        "fee": null,
        "opening_hours": null,
        "source": "osm"
      }
    },
    {
      "type": "Feature",
      "geometry": {
        "type": "Point",
        "coordinates": [
          2.2257623,
          41.4084301
        ]
      },
      "properties": {
        "id": "osm-n-11983568519",
        "category": "info",
        "name": "Info",
        "wheelchair": null,
        "fee": null,
        "opening_hours": null,
        "source": "osm"
      }
    },
    {
      "type": "Feature",
      "geometry": {
        "type": "Point",
        "coordinates": [
          2.2257659,
          41.408461
        ]
      },
      "properties": {
        "id": "osm-n-11983572311",
        "category": "toilet",
        "name": "Toilet",
        "wheelchair": null,
        "fee": null,
        "opening_hours": null,
        "source": "osm"
      }
    },
    {
      "type": "Feature",
      "geometry": {
        "type": "Point",
        "coordinates": [
          2.2232637,
          41.4159826
        ]
      },
      "properties": {
        "id": "osm-n-12000591491",
        "category": "cafe",
        "name": "Granola",
        "wheelchair": null,
        "fee": null,
        "opening_hours": null,
        "source": "osm"
      }
    },
    {
      "type": "Feature",
      "geometry": {
        "type": "Point",
        "coordinates": [
          2.1962915,
          41.3862448
        ]
      },
      "properties": {
        "id": "osm-n-12003579014",
        "category": "parking",
        "name": "Parking",
        "wheelchair": null,
        "fee": null,
        "opening_hours": null,
        "source": "osm"
      }
    },
    {
      "type": "Feature",
      "geometry": {
        "type": "Point",
        "coordinates": [
          2.1973377,
          41.4141083
        ]
      },
      "properties": {
        "id": "osm-n-12016535070",
        "category": "clinic",
        "name": "Centre d'Atenci\u00f3 Prim\u00e0ria Sant Mart\u00ed de Proven\u00e7als",
        "wheelchair": null,
        "fee": null,
        "opening_hours": null,
        "source": "osm"
      }
    },
    {
      "type": "Feature",
      "geometry": {
        "type": "Point",
        "coordinates": [
          2.1916178,
          41.4247051
        ]
      },
      "properties": {
        "id": "osm-n-12019903210",
        "category": "cafe",
        "name": "Kefir Coffee & Bakery",
        "wheelchair": "yes",
        "fee": null,
        "opening_hours": "Tu-Su 08:00-21:00",
        "source": "osm"
      }
    },
    {
      "type": "Feature",
      "geometry": {
        "type": "Point",
        "coordinates": [
          2.2402937,
          41.4320625
        ]
      },
      "properties": {
        "id": "osm-n-12020623838",
        "category": "toilet",
        "name": "Toilet",
        "wheelchair": "yes",
        "fee": null,
        "opening_hours": null,
        "source": "osm"
      }
    },
    {
      "type": "Feature",
      "geometry": {
        "type": "Point",
        "coordinates": [
          2.2395522,
          41.431324
        ]
      },
      "properties": {
        "id": "osm-n-12020623839",
        "category": "info",
        "name": "Info",
        "wheelchair": null,
        "fee": null,
        "opening_hours": null,
        "source": "osm"
      }
    },
    {
      "type": "Feature",
      "geometry": {
        "type": "Point",
        "coordinates": [
          2.2048507,
          41.4254277
        ]
      },
      "properties": {
        "id": "osm-n-12025810214",
        "category": "aed",
        "name": "Aed",
        "wheelchair": "yes",
        "fee": null,
        "opening_hours": null,
        "source": "osm"
      }
    },
    {
      "type": "Feature",
      "geometry": {
        "type": "Point",
        "coordinates": [
          2.214612,
          41.4316367
        ]
      },
      "properties": {
        "id": "osm-n-12026055269",
        "category": "info",
        "name": "Bicivia 3",
        "wheelchair": null,
        "fee": null,
        "opening_hours": null,
        "source": "osm"
      }
    },
    {
      "type": "Feature",
      "geometry": {
        "type": "Point",
        "coordinates": [
          2.2151719,
          41.4315879
        ]
      },
      "properties": {
        "id": "osm-n-12026060431",
        "category": "aed",
        "name": "Aed",
        "wheelchair": "yes",
        "fee": null,
        "opening_hours": null,
        "source": "osm"
      }
    },
    {
      "type": "Feature",
      "geometry": {
        "type": "Point",
        "coordinates": [
          2.2168566,
          41.431985
        ]
      },
      "properties": {
        "id": "osm-n-12026071489",
        "category": "aed",
        "name": "Aed",
        "wheelchair": "yes",
        "fee": null,
        "opening_hours": null,
        "source": "osm"
      }
    },
    {
      "type": "Feature",
      "geometry": {
        "type": "Point",
        "coordinates": [
          2.2150794,
          41.431785
        ]
      },
      "properties": {
        "id": "osm-n-12026083169",
        "category": "info",
        "name": "Bicivia 3",
        "wheelchair": null,
        "fee": null,
        "opening_hours": null,
        "source": "osm"
      }
    },
    {
      "type": "Feature",
      "geometry": {
        "type": "Point",
        "coordinates": [
          2.2048391,
          41.4254588
        ]
      },
      "properties": {
        "id": "osm-n-12026801279",
        "category": "toilet",
        "name": "Toilet",
        "wheelchair": null,
        "fee": null,
        "opening_hours": null,
        "source": "osm"
      }
    },
    {
      "type": "Feature",
      "geometry": {
        "type": "Point",
        "coordinates": [
          2.2235097,
          41.4266681
        ]
      },
      "properties": {
        "id": "osm-n-12043534057",
        "category": "aed",
        "name": "Aed",
        "wheelchair": "yes",
        "fee": null,
        "opening_hours": null,
        "source": "osm"
      }
    },
    {
      "type": "Feature",
      "geometry": {
        "type": "Point",
        "coordinates": [
          2.2162391,
          41.4096412
        ]
      },
      "properties": {
        "id": "osm-n-12045512999",
        "category": "aed",
        "name": "Aed",
        "wheelchair": null,
        "fee": null,
        "opening_hours": null,
        "source": "osm"
      }
    },
    {
      "type": "Feature",
      "geometry": {
        "type": "Point",
        "coordinates": [
          2.1759335,
          41.4065169
        ]
      },
      "properties": {
        "id": "osm-n-12046807415",
        "category": "info",
        "name": "Luggage Storage Vault",
        "wheelchair": null,
        "fee": null,
        "opening_hours": "Mo-Su 06:00-01:00",
        "source": "osm"
      }
    },
    {
      "type": "Feature",
      "geometry": {
        "type": "Point",
        "coordinates": [
          2.2380485,
          41.43129
        ]
      },
      "properties": {
        "id": "osm-n-12053383963",
        "category": "cafe",
        "name": "M\u00d8DE",
        "wheelchair": null,
        "fee": null,
        "opening_hours": "We-Sa 09:00-19:00; Su 09:00-17:00",
        "source": "osm"
      }
    },
    {
      "type": "Feature",
      "geometry": {
        "type": "Point",
        "coordinates": [
          2.1943363,
          41.4004555
        ]
      },
      "properties": {
        "id": "osm-n-12112086609",
        "category": "aed",
        "name": "Aed",
        "wheelchair": "yes",
        "fee": null,
        "opening_hours": null,
        "source": "osm"
      }
    },
    {
      "type": "Feature",
      "geometry": {
        "type": "Point",
        "coordinates": [
          2.1984986,
          41.3877678
        ]
      },
      "properties": {
        "id": "osm-n-12114150441",
        "category": "aed",
        "name": "Aed",
        "wheelchair": "yes",
        "fee": null,
        "opening_hours": "24/7",
        "source": "osm"
      }
    },
    {
      "type": "Feature",
      "geometry": {
        "type": "Point",
        "coordinates": [
          2.1872299,
          41.4213889
        ]
      },
      "properties": {
        "id": "osm-n-12146618898",
        "category": "cafe",
        "name": "Sun Coffee & Bakery",
        "wheelchair": "yes",
        "fee": null,
        "opening_hours": null,
        "source": "osm"
      }
    },
    {
      "type": "Feature",
      "geometry": {
        "type": "Point",
        "coordinates": [
          2.1813077,
          41.4134803
        ]
      },
      "properties": {
        "id": "osm-n-12147372801",
        "category": "water",
        "name": "Ajuntament de Barcelona",
        "wheelchair": null,
        "fee": "no",
        "opening_hours": null,
        "source": "osm"
      }
    },
    {
      "type": "Feature",
      "geometry": {
        "type": "Point",
        "coordinates": [
          2.1887383,
          41.4174741
        ]
      },
      "properties": {
        "id": "osm-n-12160989081",
        "category": "cafe",
        "name": "Vivari",
        "wheelchair": "yes",
        "fee": null,
        "opening_hours": null,
        "source": "osm"
      }
    },
    {
      "type": "Feature",
      "geometry": {
        "type": "Point",
        "coordinates": [
          2.1836662,
          41.4125201
        ]
      },
      "properties": {
        "id": "osm-n-12183431102",
        "category": "water",
        "name": "Ajuntament de Barcelona",
        "wheelchair": null,
        "fee": "no",
        "opening_hours": null,
        "source": "osm"
      }
    },
    {
      "type": "Feature",
      "geometry": {
        "type": "Point",
        "coordinates": [
          2.175111,
          41.4182099
        ]
      },
      "properties": {
        "id": "osm-n-12183510801",
        "category": "water",
        "name": "Ajuntament de Barcelona",
        "wheelchair": null,
        "fee": "no",
        "opening_hours": null,
        "source": "osm"
      }
    },
    {
      "type": "Feature",
      "geometry": {
        "type": "Point",
        "coordinates": [
          2.1734604,
          41.4169342
        ]
      },
      "properties": {
        "id": "osm-n-12183517880",
        "category": "aed",
        "name": "Aed",
        "wheelchair": null,
        "fee": null,
        "opening_hours": null,
        "source": "osm"
      }
    },
    {
      "type": "Feature",
      "geometry": {
        "type": "Point",
        "coordinates": [
          2.1734235,
          41.4169702
        ]
      },
      "properties": {
        "id": "osm-n-12183522701",
        "category": "toilet",
        "name": "Toilet",
        "wheelchair": null,
        "fee": null,
        "opening_hours": null,
        "source": "osm"
      }
    },
    {
      "type": "Feature",
      "geometry": {
        "type": "Point",
        "coordinates": [
          2.1916346,
          41.4039846
        ]
      },
      "properties": {
        "id": "osm-n-12187550838",
        "category": "aed",
        "name": "Aed",
        "wheelchair": null,
        "fee": null,
        "opening_hours": null,
        "source": "osm"
      }
    },
    {
      "type": "Feature",
      "geometry": {
        "type": "Point",
        "coordinates": [
          2.1881271,
          41.3992315
        ]
      },
      "properties": {
        "id": "osm-n-12187568438",
        "category": "water",
        "name": "Ajuntament de Barcelona",
        "wheelchair": null,
        "fee": "no",
        "opening_hours": null,
        "source": "osm"
      }
    },
    {
      "type": "Feature",
      "geometry": {
        "type": "Point",
        "coordinates": [
          2.1786323,
          41.3961208
        ]
      },
      "properties": {
        "id": "osm-n-12197899499",
        "category": "cafe",
        "name": "Bartical",
        "wheelchair": null,
        "fee": null,
        "opening_hours": null,
        "source": "osm"
      }
    },
    {
      "type": "Feature",
      "geometry": {
        "type": "Point",
        "coordinates": [
          2.1761938,
          41.398224
        ]
      },
      "properties": {
        "id": "osm-n-12199184502",
        "category": "parking",
        "name": "Granbril",
        "wheelchair": null,
        "fee": "yes",
        "opening_hours": null,
        "source": "osm"
      }
    },
    {
      "type": "Feature",
      "geometry": {
        "type": "Point",
        "coordinates": [
          2.1914358,
          41.404163
        ]
      },
      "properties": {
        "id": "osm-n-12202044393",
        "category": "cafe",
        "name": "Buenas Migas",
        "wheelchair": null,
        "fee": null,
        "opening_hours": null,
        "source": "osm"
      }
    },
    {
      "type": "Feature",
      "geometry": {
        "type": "Point",
        "coordinates": [
          2.2203682,
          41.4297791
        ]
      },
      "properties": {
        "id": "osm-n-12214836701",
        "category": "cafe",
        "name": "Boca-Tapa & Company",
        "wheelchair": null,
        "fee": null,
        "opening_hours": null,
        "source": "osm"
      }
    },
    {
      "type": "Feature",
      "geometry": {
        "type": "Point",
        "coordinates": [
          2.2077564,
          41.4197768
        ]
      },
      "properties": {
        "id": "osm-n-12223974188",
        "category": "info",
        "name": "Info",
        "wheelchair": null,
        "fee": null,
        "opening_hours": null,
        "source": "osm"
      }
    },
    {
      "type": "Feature",
      "geometry": {
        "type": "Point",
        "coordinates": [
          2.2037859,
          41.4165797
        ]
      },
      "properties": {
        "id": "osm-n-12223989101",
        "category": "water",
        "name": "Ajuntament de Barcelona",
        "wheelchair": null,
        "fee": "no",
        "opening_hours": null,
        "source": "osm"
      }
    },
    {
      "type": "Feature",
      "geometry": {
        "type": "Point",
        "coordinates": [
          2.2082278,
          41.4200231
        ]
      },
      "properties": {
        "id": "osm-n-12223991266",
        "category": "info",
        "name": "Info",
        "wheelchair": null,
        "fee": null,
        "opening_hours": null,
        "source": "osm"
      }
    },
    {
      "type": "Feature",
      "geometry": {
        "type": "Point",
        "coordinates": [
          2.2060647,
          41.4182863
        ]
      },
      "properties": {
        "id": "osm-n-12223992101",
        "category": "water",
        "name": "Ajuntament de Barcelona",
        "wheelchair": null,
        "fee": "no",
        "opening_hours": null,
        "source": "osm"
      }
    },
    {
      "type": "Feature",
      "geometry": {
        "type": "Point",
        "coordinates": [
          2.2072355,
          41.4191673
        ]
      },
      "properties": {
        "id": "osm-n-12223995401",
        "category": "water",
        "name": "Ajuntament de Barcelona",
        "wheelchair": null,
        "fee": "no",
        "opening_hours": null,
        "source": "osm"
      }
    },
    {
      "type": "Feature",
      "geometry": {
        "type": "Point",
        "coordinates": [
          2.208784,
          41.4203082
        ]
      },
      "properties": {
        "id": "osm-n-12224002001",
        "category": "water",
        "name": "Ajuntament de Barcelona",
        "wheelchair": null,
        "fee": "no",
        "opening_hours": null,
        "source": "osm"
      }
    },
    {
      "type": "Feature",
      "geometry": {
        "type": "Point",
        "coordinates": [
          2.2116272,
          41.4231113
        ]
      },
      "properties": {
        "id": "osm-n-12224010201",
        "category": "water",
        "name": "Water",
        "wheelchair": null,
        "fee": null,
        "opening_hours": null,
        "source": "osm"
      }
    },
    {
      "type": "Feature",
      "geometry": {
        "type": "Point",
        "coordinates": [
          2.2122361,
          41.4151444
        ]
      },
      "properties": {
        "id": "osm-n-12237381302",
        "category": "water",
        "name": "Ajuntament de Barcelona",
        "wheelchair": null,
        "fee": "no",
        "opening_hours": null,
        "source": "osm"
      }
    },
    {
      "type": "Feature",
      "geometry": {
        "type": "Point",
        "coordinates": [
          2.2231108,
          41.4229257
        ]
      },
      "properties": {
        "id": "osm-n-12237424401",
        "category": "cafe",
        "name": "El Capricho",
        "wheelchair": null,
        "fee": null,
        "opening_hours": null,
        "source": "osm"
      }
    },
    {
      "type": "Feature",
      "geometry": {
        "type": "Point",
        "coordinates": [
          2.2286269,
          41.4241051
        ]
      },
      "properties": {
        "id": "osm-n-12237424402",
        "category": "cafe",
        "name": "El Fornet del Barri",
        "wheelchair": null,
        "fee": null,
        "opening_hours": null,
        "source": "osm"
      }
    },
    {
      "type": "Feature",
      "geometry": {
        "type": "Point",
        "coordinates": [
          2.235397,
          41.4264524
        ]
      },
      "properties": {
        "id": "osm-n-12237425291",
        "category": "aed",
        "name": "Aed",
        "wheelchair": "yes",
        "fee": null,
        "opening_hours": null,
        "source": "osm"
      }
    },
    {
      "type": "Feature",
      "geometry": {
        "type": "Point",
        "coordinates": [
          2.1884603,
          41.3972967
        ]
      },
      "properties": {
        "id": "osm-n-12254637380",
        "category": "aed",
        "name": "Aed",
        "wheelchair": null,
        "fee": null,
        "opening_hours": null,
        "source": "osm"
      }
    },
    {
      "type": "Feature",
      "geometry": {
        "type": "Point",
        "coordinates": [
          2.1888523,
          41.3977031
        ]
      },
      "properties": {
        "id": "osm-n-12254653118",
        "category": "aed",
        "name": "Aed",
        "wheelchair": "designated",
        "fee": null,
        "opening_hours": null,
        "source": "osm"
      }
    },
    {
      "type": "Feature",
      "geometry": {
        "type": "Point",
        "coordinates": [
          2.1899665,
          41.3997879
        ]
      },
      "properties": {
        "id": "osm-n-12255448618",
        "category": "water",
        "name": "Ajuntament de Barcelona",
        "wheelchair": null,
        "fee": "no",
        "opening_hours": null,
        "source": "osm"
      }
    },
    {
      "type": "Feature",
      "geometry": {
        "type": "Point",
        "coordinates": [
          2.1799959,
          41.3997444
        ]
      },
      "properties": {
        "id": "osm-n-12272838901",
        "category": "cafe",
        "name": "Trigo",
        "wheelchair": null,
        "fee": null,
        "opening_hours": "Mo-Su 06:30-20:00",
        "source": "osm"
      }
    },
    {
      "type": "Feature",
      "geometry": {
        "type": "Point",
        "coordinates": [
          2.2228868,
          41.4104749
        ]
      },
      "properties": {
        "id": "osm-n-12289730624",
        "category": "aed",
        "name": "Aed",
        "wheelchair": "yes",
        "fee": null,
        "opening_hours": null,
        "source": "osm"
      }
    },
    {
      "type": "Feature",
      "geometry": {
        "type": "Point",
        "coordinates": [
          2.1864779,
          41.4336168
        ]
      },
      "properties": {
        "id": "osm-n-12323181001",
        "category": "water",
        "name": "Ajuntament de Barcelona",
        "wheelchair": null,
        "fee": "no",
        "opening_hours": null,
        "source": "osm"
      }
    },
    {
      "type": "Feature",
      "geometry": {
        "type": "Point",
        "coordinates": [
          2.1863366,
          41.3846518
        ]
      },
      "properties": {
        "id": "osm-n-12336655116",
        "category": "aed",
        "name": "Aed",
        "wheelchair": null,
        "fee": null,
        "opening_hours": null,
        "source": "osm"
      }
    },
    {
      "type": "Feature",
      "geometry": {
        "type": "Point",
        "coordinates": [
          2.1985619,
          41.3915307
        ]
      },
      "properties": {
        "id": "osm-n-12346632960",
        "category": "cafe",
        "name": "Divuit 18 Cafe",
        "wheelchair": null,
        "fee": null,
        "opening_hours": null,
        "source": "osm"
      }
    },
    {
      "type": "Feature",
      "geometry": {
        "type": "Point",
        "coordinates": [
          2.1823665,
          41.4107707
        ]
      },
      "properties": {
        "id": "osm-n-12347716501",
        "category": "cafe",
        "name": "Foment bar",
        "wheelchair": null,
        "fee": null,
        "opening_hours": null,
        "source": "osm"
      }
    },
    {
      "type": "Feature",
      "geometry": {
        "type": "Point",
        "coordinates": [
          2.1939761,
          41.4280159
        ]
      },
      "properties": {
        "id": "osm-n-12351800206",
        "category": "water",
        "name": "Ajuntament de Barcelona",
        "wheelchair": "yes",
        "fee": "no",
        "opening_hours": null,
        "source": "osm"
      }
    },
    {
      "type": "Feature",
      "geometry": {
        "type": "Point",
        "coordinates": [
          2.1948214,
          41.4291062
        ]
      },
      "properties": {
        "id": "osm-n-12351800207",
        "category": "water",
        "name": "Ajuntament de Barcelona",
        "wheelchair": "yes",
        "fee": "no",
        "opening_hours": null,
        "source": "osm"
      }
    },
    {
      "type": "Feature",
      "geometry": {
        "type": "Point",
        "coordinates": [
          2.1933549,
          41.4314683
        ]
      },
      "properties": {
        "id": "osm-n-12351800208",
        "category": "water",
        "name": "Ajuntament de Barcelona",
        "wheelchair": "yes",
        "fee": "no",
        "opening_hours": null,
        "source": "osm"
      }
    },
    {
      "type": "Feature",
      "geometry": {
        "type": "Point",
        "coordinates": [
          2.1912429,
          41.4347404
        ]
      },
      "properties": {
        "id": "osm-n-12351800209",
        "category": "water",
        "name": "Ajuntament de Barcelona",
        "wheelchair": "yes",
        "fee": "no",
        "opening_hours": null,
        "source": "osm"
      }
    },
    {
      "type": "Feature",
      "geometry": {
        "type": "Point",
        "coordinates": [
          2.1885912,
          41.4289691
        ]
      },
      "properties": {
        "id": "osm-n-12351800210",
        "category": "water",
        "name": "Ajuntament de Barcelona",
        "wheelchair": "yes",
        "fee": "no",
        "opening_hours": null,
        "source": "osm"
      }
    },
    {
      "type": "Feature",
      "geometry": {
        "type": "Point",
        "coordinates": [
          2.1913148,
          41.4374118
        ]
      },
      "properties": {
        "id": "osm-n-12351800212",
        "category": "water",
        "name": "Ajuntament de Barcelona",
        "wheelchair": null,
        "fee": "no",
        "opening_hours": null,
        "source": "osm"
      }
    },
    {
      "type": "Feature",
      "geometry": {
        "type": "Point",
        "coordinates": [
          2.2244147,
          41.415681
        ]
      },
      "properties": {
        "id": "osm-n-12384004501",
        "category": "water",
        "name": "Water",
        "wheelchair": null,
        "fee": null,
        "opening_hours": null,
        "source": "osm"
      }
    },
    {
      "type": "Feature",
      "geometry": {
        "type": "Point",
        "coordinates": [
          2.1821268,
          41.4015208
        ]
      },
      "properties": {
        "id": "osm-n-12384375501",
        "category": "shop",
        "name": "Shop",
        "wheelchair": null,
        "fee": null,
        "opening_hours": null,
        "source": "osm"
      }
    },
    {
      "type": "Feature",
      "geometry": {
        "type": "Point",
        "coordinates": [
          2.1979125,
          41.3911441
        ]
      },
      "properties": {
        "id": "osm-n-12390422401",
        "category": "toilet",
        "name": "Toilet",
        "wheelchair": null,
        "fee": null,
        "opening_hours": null,
        "source": "osm"
      }
    },
    {
      "type": "Feature",
      "geometry": {
        "type": "Point",
        "coordinates": [
          2.2206091,
          41.4264994
        ]
      },
      "properties": {
        "id": "osm-n-12395489601",
        "category": "info",
        "name": "2004-2024 20\u00e8 aniversari de la recuperaci\u00f3 de la llera del Bes\u00f2s",
        "wheelchair": null,
        "fee": null,
        "opening_hours": null,
        "source": "osm"
      }
    },
    {
      "type": "Feature",
      "geometry": {
        "type": "Point",
        "coordinates": [
          2.1807969,
          41.3919806
        ]
      },
      "properties": {
        "id": "osm-n-12400211273",
        "category": "cafe",
        "name": "Starbucks",
        "wheelchair": null,
        "fee": null,
        "opening_hours": null,
        "source": "osm"
      }
    },
    {
      "type": "Feature",
      "geometry": {
        "type": "Point",
        "coordinates": [
          2.1887142,
          41.4033226
        ]
      },
      "properties": {
        "id": "osm-n-12401811633",
        "category": "water",
        "name": "Ajuntament de Barcelona",
        "wheelchair": null,
        "fee": "no",
        "opening_hours": null,
        "source": "osm"
      }
    },
    {
      "type": "Feature",
      "geometry": {
        "type": "Point",
        "coordinates": [
          2.1983459,
          41.4404093
        ]
      },
      "properties": {
        "id": "osm-n-12411808601",
        "category": "aed",
        "name": "Aed",
        "wheelchair": "yes",
        "fee": null,
        "opening_hours": "24/7",
        "source": "osm"
      }
    },
    {
      "type": "Feature",
      "geometry": {
        "type": "Point",
        "coordinates": [
          2.1865586,
          41.4047771
        ]
      },
      "properties": {
        "id": "osm-n-12423352399",
        "category": "water",
        "name": "Water",
        "wheelchair": null,
        "fee": null,
        "opening_hours": null,
        "source": "osm"
      }
    },
    {
      "type": "Feature",
      "geometry": {
        "type": "Point",
        "coordinates": [
          2.1872889,
          41.4042239
        ]
      },
      "properties": {
        "id": "osm-n-12423352400",
        "category": "water",
        "name": "Ajuntament de Barcelona",
        "wheelchair": null,
        "fee": "no",
        "opening_hours": null,
        "source": "osm"
      }
    },
    {
      "type": "Feature",
      "geometry": {
        "type": "Point",
        "coordinates": [
          2.1863968,
          41.4025558
        ]
      },
      "properties": {
        "id": "osm-n-12423370401",
        "category": "water",
        "name": "Water",
        "wheelchair": null,
        "fee": null,
        "opening_hours": null,
        "source": "osm"
      }
    },
    {
      "type": "Feature",
      "geometry": {
        "type": "Point",
        "coordinates": [
          2.1863483,
          41.402357
        ]
      },
      "properties": {
        "id": "osm-n-12423370402",
        "category": "water",
        "name": "Water",
        "wheelchair": null,
        "fee": "no",
        "opening_hours": null,
        "source": "osm"
      }
    },
    {
      "type": "Feature",
      "geometry": {
        "type": "Point",
        "coordinates": [
          2.1845353,
          41.4173849
        ]
      },
      "properties": {
        "id": "osm-n-12460699937",
        "category": "cafe",
        "name": "Cafeter\u00eda Vivari",
        "wheelchair": null,
        "fee": null,
        "opening_hours": null,
        "source": "osm"
      }
    },
    {
      "type": "Feature",
      "geometry": {
        "type": "Point",
        "coordinates": [
          2.175078,
          41.4159115
        ]
      },
      "properties": {
        "id": "osm-n-12463644773",
        "category": "cafe",
        "name": "Padel Bar Cafeteria",
        "wheelchair": null,
        "fee": null,
        "opening_hours": "Mo-Fr 07:00-21:30; Sa-Su 07:30-21:30",
        "source": "osm"
      }
    },
    {
      "type": "Feature",
      "geometry": {
        "type": "Point",
        "coordinates": [
          2.1872772,
          41.4056874
        ]
      },
      "properties": {
        "id": "osm-n-12488009284",
        "category": "toilet",
        "name": "Toilet",
        "wheelchair": null,
        "fee": null,
        "opening_hours": null,
        "source": "osm"
      }
    },
    {
      "type": "Feature",
      "geometry": {
        "type": "Point",
        "coordinates": [
          2.1726396,
          41.4128502
        ]
      },
      "properties": {
        "id": "osm-n-12511898228",
        "category": "aed",
        "name": "Aed",
        "wheelchair": "yes",
        "fee": null,
        "opening_hours": "24/7",
        "source": "osm"
      }
    },
    {
      "type": "Feature",
      "geometry": {
        "type": "Point",
        "coordinates": [
          2.2029996,
          41.4125581
        ]
      },
      "properties": {
        "id": "osm-n-12522324948",
        "category": "aed",
        "name": "Aed",
        "wheelchair": "yes",
        "fee": null,
        "opening_hours": null,
        "source": "osm"
      }
    },
    {
      "type": "Feature",
      "geometry": {
        "type": "Point",
        "coordinates": [
          2.2032873,
          41.4125134
        ]
      },
      "properties": {
        "id": "osm-n-12522332301",
        "category": "cafe",
        "name": "La Masovera",
        "wheelchair": null,
        "fee": null,
        "opening_hours": null,
        "source": "osm"
      }
    },
    {
      "type": "Feature",
      "geometry": {
        "type": "Point",
        "coordinates": [
          2.2147436,
          41.4191814
        ]
      },
      "properties": {
        "id": "osm-n-12522348701",
        "category": "info",
        "name": "Cap al Parc Fluvial del Bes\u00f2s",
        "wheelchair": null,
        "fee": null,
        "opening_hours": null,
        "source": "osm"
      }
    },
    {
      "type": "Feature",
      "geometry": {
        "type": "Point",
        "coordinates": [
          2.207074,
          41.422154
        ]
      },
      "properties": {
        "id": "osm-n-12522385001",
        "category": "info",
        "name": "Cap al Parc Fluvial del Bes\u00f2s",
        "wheelchair": null,
        "fee": null,
        "opening_hours": null,
        "source": "osm"
      }
    },
    {
      "type": "Feature",
      "geometry": {
        "type": "Point",
        "coordinates": [
          2.2137387,
          41.4100336
        ]
      },
      "properties": {
        "id": "osm-n-12528799001",
        "category": "info",
        "name": "Cap al Parc Fluvial del Bes\u00f2s",
        "wheelchair": null,
        "fee": null,
        "opening_hours": null,
        "source": "osm"
      }
    },
    {
      "type": "Feature",
      "geometry": {
        "type": "Point",
        "coordinates": [
          2.2337502,
          41.4230013
        ]
      },
      "properties": {
        "id": "osm-n-12528869701",
        "category": "info",
        "name": "Parc del Litoral",
        "wheelchair": null,
        "fee": null,
        "opening_hours": null,
        "source": "osm"
      }
    },
    {
      "type": "Feature",
      "geometry": {
        "type": "Point",
        "coordinates": [
          2.1863806,
          41.4033486
        ]
      },
      "properties": {
        "id": "osm-n-12528973732",
        "category": "water",
        "name": "Water",
        "wheelchair": null,
        "fee": null,
        "opening_hours": null,
        "source": "osm"
      }
    },
    {
      "type": "Feature",
      "geometry": {
        "type": "Point",
        "coordinates": [
          2.1720968,
          41.4097575
        ]
      },
      "properties": {
        "id": "osm-n-12529909352",
        "category": "aed",
        "name": "Aed",
        "wheelchair": "yes",
        "fee": null,
        "opening_hours": null,
        "source": "osm"
      }
    },
    {
      "type": "Feature",
      "geometry": {
        "type": "Point",
        "coordinates": [
          2.2098597,
          41.4134721
        ]
      },
      "properties": {
        "id": "osm-n-12539286802",
        "category": "info",
        "name": "Cap al Parc Fluvial del Bes\u00f2s",
        "wheelchair": null,
        "fee": null,
        "opening_hours": null,
        "source": "osm"
      }
    },
    {
      "type": "Feature",
      "geometry": {
        "type": "Point",
        "coordinates": [
          2.2061011,
          41.42317
        ]
      },
      "properties": {
        "id": "osm-n-12541079101",
        "category": "info",
        "name": "Cap al Parc Fluvial del Bes\u00f2s",
        "wheelchair": null,
        "fee": null,
        "opening_hours": null,
        "source": "osm"
      }
    },
    {
      "type": "Feature",
      "geometry": {
        "type": "Point",
        "coordinates": [
          2.2099241,
          41.4224117
        ]
      },
      "properties": {
        "id": "osm-n-12541084801",
        "category": "charging",
        "name": "Charging",
        "wheelchair": null,
        "fee": null,
        "opening_hours": null,
        "source": "osm"
      }
    },
    {
      "type": "Feature",
      "geometry": {
        "type": "Point",
        "coordinates": [
          2.2088597,
          41.4227523
        ]
      },
      "properties": {
        "id": "osm-n-12541084802",
        "category": "cafe",
        "name": "Cafeteria La Pau",
        "wheelchair": null,
        "fee": null,
        "opening_hours": null,
        "source": "osm"
      }
    },
    {
      "type": "Feature",
      "geometry": {
        "type": "Point",
        "coordinates": [
          2.2124279,
          41.4290534
        ]
      },
      "properties": {
        "id": "osm-n-12541105801",
        "category": "info",
        "name": "Hist\u00f2ria de l'Arc G\u00f2tic de Sant Adri\u00e0 de Bes\u00f2s",
        "wheelchair": null,
        "fee": null,
        "opening_hours": null,
        "source": "osm"
      }
    },
    {
      "type": "Feature",
      "geometry": {
        "type": "Point",
        "coordinates": [
          2.2116065,
          41.4270522
        ]
      },
      "properties": {
        "id": "osm-n-12541130601",
        "category": "charging",
        "name": "Charging",
        "wheelchair": null,
        "fee": null,
        "opening_hours": null,
        "source": "osm"
      }
    },
    {
      "type": "Feature",
      "geometry": {
        "type": "Point",
        "coordinates": [
          2.2082109,
          41.4200128
        ]
      },
      "properties": {
        "id": "osm-n-12541145602",
        "category": "info",
        "name": "Cap al Parc Fluvial del Bes\u00f2s",
        "wheelchair": null,
        "fee": null,
        "opening_hours": null,
        "source": "osm"
      }
    },
    {
      "type": "Feature",
      "geometry": {
        "type": "Point",
        "coordinates": [
          2.207762,
          41.4197763
        ]
      },
      "properties": {
        "id": "osm-n-12541145603",
        "category": "info",
        "name": "Cap al Parc Fluvial del Bes\u00f2s",
        "wheelchair": null,
        "fee": null,
        "opening_hours": null,
        "source": "osm"
      }
    },
    {
      "type": "Feature",
      "geometry": {
        "type": "Point",
        "coordinates": [
          2.2098435,
          41.4134791
        ]
      },
      "properties": {
        "id": "osm-n-12542168190",
        "category": "info",
        "name": "Ajntament de Barcelona",
        "wheelchair": null,
        "fee": null,
        "opening_hours": null,
        "source": "osm"
      }
    },
    {
      "type": "Feature",
      "geometry": {
        "type": "Point",
        "coordinates": [
          2.2101672,
          41.4223537
        ]
      },
      "properties": {
        "id": "osm-n-12542177410",
        "category": "charging",
        "name": "Charging",
        "wheelchair": null,
        "fee": null,
        "opening_hours": null,
        "source": "osm"
      }
    },
    {
      "type": "Feature",
      "geometry": {
        "type": "Point",
        "coordinates": [
          2.2060997,
          41.4231653
        ]
      },
      "properties": {
        "id": "osm-n-12542190676",
        "category": "info",
        "name": "Info",
        "wheelchair": null,
        "fee": null,
        "opening_hours": null,
        "source": "osm"
      }
    },
    {
      "type": "Feature",
      "geometry": {
        "type": "Point",
        "coordinates": [
          2.1787877,
          41.4187835
        ]
      },
      "properties": {
        "id": "osm-n-12565842701",
        "category": "cafe",
        "name": "Bcoffee",
        "wheelchair": null,
        "fee": null,
        "opening_hours": null,
        "source": "osm"
      }
    },
    {
      "type": "Feature",
      "geometry": {
        "type": "Point",
        "coordinates": [
          2.1879624,
          41.4038769
        ]
      },
      "properties": {
        "id": "osm-n-12581798044",
        "category": "water",
        "name": "Water",
        "wheelchair": null,
        "fee": null,
        "opening_hours": null,
        "source": "osm"
      }
    },
    {
      "type": "Feature",
      "geometry": {
        "type": "Point",
        "coordinates": [
          2.1819484,
          41.4086661
        ]
      },
      "properties": {
        "id": "osm-n-12612809995",
        "category": "cafe",
        "name": "Raices",
        "wheelchair": "limited",
        "fee": null,
        "opening_hours": null,
        "source": "osm"
      }
    },
    {
      "type": "Feature",
      "geometry": {
        "type": "Point",
        "coordinates": [
          2.2044872,
          41.3987683
        ]
      },
      "properties": {
        "id": "osm-n-12628316609",
        "category": "cafe",
        "name": "Rep\u00fablic Caf\u00e8",
        "wheelchair": null,
        "fee": null,
        "opening_hours": null,
        "source": "osm"
      }
    },
    {
      "type": "Feature",
      "geometry": {
        "type": "Point",
        "coordinates": [
          2.1992235,
          41.4058229
        ]
      },
      "properties": {
        "id": "osm-n-12642929281",
        "category": "aed",
        "name": "Aed",
        "wheelchair": "yes",
        "fee": null,
        "opening_hours": null,
        "source": "osm"
      }
    },
    {
      "type": "Feature",
      "geometry": {
        "type": "Point",
        "coordinates": [
          2.2046949,
          41.4351363
        ]
      },
      "properties": {
        "id": "osm-n-12647758910",
        "category": "toilet",
        "name": "Toilet",
        "wheelchair": null,
        "fee": "no",
        "opening_hours": null,
        "source": "osm"
      }
    },
    {
      "type": "Feature",
      "geometry": {
        "type": "Point",
        "coordinates": [
          2.1824412,
          41.3953828
        ]
      },
      "properties": {
        "id": "osm-n-12647792409",
        "category": "toilet",
        "name": "Toilet",
        "wheelchair": null,
        "fee": null,
        "opening_hours": null,
        "source": "osm"
      }
    },
    {
      "type": "Feature",
      "geometry": {
        "type": "Point",
        "coordinates": [
          2.2158253,
          41.4030062
        ]
      },
      "properties": {
        "id": "osm-n-12666314201",
        "category": "toilet",
        "name": "Toilet",
        "wheelchair": null,
        "fee": null,
        "opening_hours": null,
        "source": "osm"
      }
    },
    {
      "type": "Feature",
      "geometry": {
        "type": "Point",
        "coordinates": [
          2.2180106,
          41.4093731
        ]
      },
      "properties": {
        "id": "osm-n-12666315766",
        "category": "aed",
        "name": "Aed",
        "wheelchair": "yes",
        "fee": null,
        "opening_hours": null,
        "source": "osm"
      }
    },
    {
      "type": "Feature",
      "geometry": {
        "type": "Point",
        "coordinates": [
          2.1981787,
          41.4043004
        ]
      },
      "properties": {
        "id": "osm-n-12691417681",
        "category": "cafe",
        "name": "Osom Nou",
        "wheelchair": null,
        "fee": null,
        "opening_hours": null,
        "source": "osm"
      }
    },
    {
      "type": "Feature",
      "geometry": {
        "type": "Point",
        "coordinates": [
          2.1832075,
          41.3971791
        ]
      },
      "properties": {
        "id": "osm-n-12729552674",
        "category": "cafe",
        "name": "Three Marks Coffee",
        "wheelchair": null,
        "fee": null,
        "opening_hours": null,
        "source": "osm"
      }
    },
    {
      "type": "Feature",
      "geometry": {
        "type": "Point",
        "coordinates": [
          2.1809001,
          41.4285003
        ]
      },
      "properties": {
        "id": "osm-n-12733626123",
        "category": "cafe",
        "name": "Venecia",
        "wheelchair": null,
        "fee": null,
        "opening_hours": null,
        "source": "osm"
      }
    },
    {
      "type": "Feature",
      "geometry": {
        "type": "Point",
        "coordinates": [
          2.2159919,
          41.4109472
        ]
      },
      "properties": {
        "id": "osm-n-12747160001",
        "category": "clinic",
        "name": "Fresenius Medical Care",
        "wheelchair": null,
        "fee": null,
        "opening_hours": null,
        "source": "osm"
      }
    },
    {
      "type": "Feature",
      "geometry": {
        "type": "Point",
        "coordinates": [
          2.2270356,
          41.415832
        ]
      },
      "properties": {
        "id": "osm-n-12756742301",
        "category": "cafe",
        "name": "L'Anxova divina",
        "wheelchair": null,
        "fee": null,
        "opening_hours": null,
        "source": "osm"
      }
    },
    {
      "type": "Feature",
      "geometry": {
        "type": "Point",
        "coordinates": [
          2.1975599,
          41.3941091
        ]
      },
      "properties": {
        "id": "osm-n-12768576481",
        "category": "water",
        "name": "Ajuntament de Barcelona",
        "wheelchair": null,
        "fee": null,
        "opening_hours": null,
        "source": "osm"
      }
    },
    {
      "type": "Feature",
      "geometry": {
        "type": "Point",
        "coordinates": [
          2.2006695,
          41.4225903
        ]
      },
      "properties": {
        "id": "osm-n-12770375529",
        "category": "water",
        "name": "Ajuntament de Barcelona",
        "wheelchair": null,
        "fee": null,
        "opening_hours": null,
        "source": "osm"
      }
    },
    {
      "type": "Feature",
      "geometry": {
        "type": "Point",
        "coordinates": [
          2.1880844,
          41.4235871
        ]
      },
      "properties": {
        "id": "osm-n-12770398081",
        "category": "water",
        "name": "Ajuntament de Barcelona",
        "wheelchair": null,
        "fee": null,
        "opening_hours": null,
        "source": "osm"
      }
    },
    {
      "type": "Feature",
      "geometry": {
        "type": "Point",
        "coordinates": [
          2.2040786,
          41.4242263
        ]
      },
      "properties": {
        "id": "osm-n-12770406506",
        "category": "water",
        "name": "Ajuntament de Barcelona",
        "wheelchair": null,
        "fee": null,
        "opening_hours": null,
        "source": "osm"
      }
    },
    {
      "type": "Feature",
      "geometry": {
        "type": "Point",
        "coordinates": [
          2.2092895,
          41.4196728
        ]
      },
      "properties": {
        "id": "osm-n-12776504950",
        "category": "water",
        "name": "Ajuntament de Barcelona",
        "wheelchair": null,
        "fee": null,
        "opening_hours": null,
        "source": "osm"
      }
    },
    {
      "type": "Feature",
      "geometry": {
        "type": "Point",
        "coordinates": [
          2.2278802,
          41.4123837
        ]
      },
      "properties": {
        "id": "osm-n-12783515973",
        "category": "water",
        "name": "Ajuntament de Barcelona",
        "wheelchair": null,
        "fee": "no",
        "opening_hours": null,
        "source": "osm"
      }
    },
    {
      "type": "Feature",
      "geometry": {
        "type": "Point",
        "coordinates": [
          2.2181956,
          41.4143837
        ]
      },
      "properties": {
        "id": "osm-n-12783596530",
        "category": "water",
        "name": "Ajuntament de Barcelona",
        "wheelchair": null,
        "fee": "no",
        "opening_hours": null,
        "source": "osm"
      }
    },
    {
      "type": "Feature",
      "geometry": {
        "type": "Point",
        "coordinates": [
          2.2181918,
          41.4143834
        ]
      },
      "properties": {
        "id": "osm-n-12783596531",
        "category": "water",
        "name": "Ajuntament de Barcelona",
        "wheelchair": null,
        "fee": "no",
        "opening_hours": null,
        "source": "osm"
      }
    },
    {
      "type": "Feature",
      "geometry": {
        "type": "Point",
        "coordinates": [
          2.1859009,
          41.4023917
        ]
      },
      "properties": {
        "id": "osm-n-12788553070",
        "category": "toilet",
        "name": "Toilet",
        "wheelchair": "yes",
        "fee": null,
        "opening_hours": null,
        "source": "osm"
      }
    },
    {
      "type": "Feature",
      "geometry": {
        "type": "Point",
        "coordinates": [
          2.1816332,
          41.4289509
        ]
      },
      "properties": {
        "id": "osm-n-12790196536",
        "category": "water",
        "name": "Ajuntament de Barcelona",
        "wheelchair": null,
        "fee": "no",
        "opening_hours": null,
        "source": "osm"
      }
    },
    {
      "type": "Feature",
      "geometry": {
        "type": "Point",
        "coordinates": [
          2.1803987,
          41.4202233
        ]
      },
      "properties": {
        "id": "osm-n-12791145645",
        "category": "water",
        "name": "Ajuntament de Barcelona",
        "wheelchair": null,
        "fee": "no",
        "opening_hours": null,
        "source": "osm"
      }
    },
    {
      "type": "Feature",
      "geometry": {
        "type": "Point",
        "coordinates": [
          2.1803647,
          41.4251904
        ]
      },
      "properties": {
        "id": "osm-n-12791205512",
        "category": "water",
        "name": "Ajuntament de Barcelona",
        "wheelchair": null,
        "fee": "no",
        "opening_hours": null,
        "source": "osm"
      }
    },
    {
      "type": "Feature",
      "geometry": {
        "type": "Point",
        "coordinates": [
          2.1802349,
          41.4118211
        ]
      },
      "properties": {
        "id": "osm-n-12791575762",
        "category": "water",
        "name": "Ajuntament de Barcelona",
        "wheelchair": null,
        "fee": "no",
        "opening_hours": null,
        "source": "osm"
      }
    },
    {
      "type": "Feature",
      "geometry": {
        "type": "Point",
        "coordinates": [
          2.1872862,
          41.4150815
        ]
      },
      "properties": {
        "id": "osm-n-12791578828",
        "category": "water",
        "name": "Ajuntament de Barcelona",
        "wheelchair": null,
        "fee": "no",
        "opening_hours": null,
        "source": "osm"
      }
    },
    {
      "type": "Feature",
      "geometry": {
        "type": "Point",
        "coordinates": [
          2.1842193,
          41.4173809
        ]
      },
      "properties": {
        "id": "osm-n-12791581027",
        "category": "water",
        "name": "Ajuntament de Barcelona",
        "wheelchair": null,
        "fee": "no",
        "opening_hours": null,
        "source": "osm"
      }
    },
    {
      "type": "Feature",
      "geometry": {
        "type": "Point",
        "coordinates": [
          2.1872825,
          41.4182517
        ]
      },
      "properties": {
        "id": "osm-n-12791802831",
        "category": "water",
        "name": "Ajuntament de Barcelona",
        "wheelchair": null,
        "fee": "no",
        "opening_hours": null,
        "source": "osm"
      }
    },
    {
      "type": "Feature",
      "geometry": {
        "type": "Point",
        "coordinates": [
          2.179958,
          41.4087638
        ]
      },
      "properties": {
        "id": "osm-n-12797683581",
        "category": "water",
        "name": "Ajuntament de Barcelona",
        "wheelchair": null,
        "fee": "no",
        "opening_hours": null,
        "source": "osm"
      }
    },
    {
      "type": "Feature",
      "geometry": {
        "type": "Point",
        "coordinates": [
          2.1950063,
          41.4357422
        ]
      },
      "properties": {
        "id": "osm-n-12798377125",
        "category": "water",
        "name": "Ajuntament de Barcelona",
        "wheelchair": null,
        "fee": "no",
        "opening_hours": null,
        "source": "osm"
      }
    },
    {
      "type": "Feature",
      "geometry": {
        "type": "Point",
        "coordinates": [
          2.1956141,
          41.4370983
        ]
      },
      "properties": {
        "id": "osm-n-12798406667",
        "category": "water",
        "name": "Ajuntament de Barcelona",
        "wheelchair": null,
        "fee": "no",
        "opening_hours": null,
        "source": "osm"
      }
    },
    {
      "type": "Feature",
      "geometry": {
        "type": "Point",
        "coordinates": [
          2.1966774,
          41.4218226
        ]
      },
      "properties": {
        "id": "osm-n-12802674203",
        "category": "water",
        "name": "Ajuntament de Barcelona",
        "wheelchair": null,
        "fee": "no",
        "opening_hours": null,
        "source": "osm"
      }
    },
    {
      "type": "Feature",
      "geometry": {
        "type": "Point",
        "coordinates": [
          2.2074309,
          41.4201815
        ]
      },
      "properties": {
        "id": "osm-n-12802698237",
        "category": "water",
        "name": "Ajuntament de Barcelona",
        "wheelchair": null,
        "fee": "no",
        "opening_hours": null,
        "source": "osm"
      }
    },
    {
      "type": "Feature",
      "geometry": {
        "type": "Point",
        "coordinates": [
          2.2121117,
          41.4167338
        ]
      },
      "properties": {
        "id": "osm-n-12802772804",
        "category": "water",
        "name": "Ajuntament de Barcelona",
        "wheelchair": null,
        "fee": "no",
        "opening_hours": null,
        "source": "osm"
      }
    },
    {
      "type": "Feature",
      "geometry": {
        "type": "Point",
        "coordinates": [
          2.2121049,
          41.4167293
        ]
      },
      "properties": {
        "id": "osm-n-12802772805",
        "category": "water",
        "name": "Ajuntament de Barcelona",
        "wheelchair": null,
        "fee": "no",
        "opening_hours": null,
        "source": "osm"
      }
    },
    {
      "type": "Feature",
      "geometry": {
        "type": "Point",
        "coordinates": [
          2.1751848,
          41.397387
        ]
      },
      "properties": {
        "id": "osm-n-12804684916",
        "category": "water",
        "name": "Ajuntament de Barcelona",
        "wheelchair": null,
        "fee": "no",
        "opening_hours": null,
        "source": "osm"
      }
    },
    {
      "type": "Feature",
      "geometry": {
        "type": "Point",
        "coordinates": [
          2.1967102,
          41.4148078
        ]
      },
      "properties": {
        "id": "osm-n-12805584497",
        "category": "water",
        "name": "Ajuntament de Barcelona",
        "wheelchair": null,
        "fee": "no",
        "opening_hours": null,
        "source": "osm"
      }
    },
    {
      "type": "Feature",
      "geometry": {
        "type": "Point",
        "coordinates": [
          2.2027322,
          41.4157888
        ]
      },
      "properties": {
        "id": "osm-n-12806036223",
        "category": "water",
        "name": "Ajuntament de Barcelona",
        "wheelchair": null,
        "fee": "no",
        "opening_hours": null,
        "source": "osm"
      }
    },
    {
      "type": "Feature",
      "geometry": {
        "type": "Point",
        "coordinates": [
          2.2016551,
          41.4149573
        ]
      },
      "properties": {
        "id": "osm-n-12806039223",
        "category": "water",
        "name": "Ajuntament de Barcelona",
        "wheelchair": null,
        "fee": "no",
        "opening_hours": null,
        "source": "osm"
      }
    },
    {
      "type": "Feature",
      "geometry": {
        "type": "Point",
        "coordinates": [
          2.1812136,
          41.3988003
        ]
      },
      "properties": {
        "id": "osm-n-12806047635",
        "category": "water",
        "name": "Ajuntament de Barcelona",
        "wheelchair": null,
        "fee": "no",
        "opening_hours": null,
        "source": "osm"
      }
    },
    {
      "type": "Feature",
      "geometry": {
        "type": "Point",
        "coordinates": [
          2.1968696,
          41.4115753
        ]
      },
      "properties": {
        "id": "osm-n-12806056503",
        "category": "water",
        "name": "Ajuntament de Barcelona",
        "wheelchair": null,
        "fee": "no",
        "opening_hours": null,
        "source": "osm"
      }
    },
    {
      "type": "Feature",
      "geometry": {
        "type": "Point",
        "coordinates": [
          2.1794272,
          41.4137493
        ]
      },
      "properties": {
        "id": "osm-n-12809719354",
        "category": "water",
        "name": "Ajuntament de Barcelona",
        "wheelchair": null,
        "fee": "no",
        "opening_hours": null,
        "source": "osm"
      }
    },
    {
      "type": "Feature",
      "geometry": {
        "type": "Point",
        "coordinates": [
          2.2038359,
          41.4155812
        ]
      },
      "properties": {
        "id": "osm-n-12809830181",
        "category": "water",
        "name": "Ajuntament de Barcelona",
        "wheelchair": null,
        "fee": "no",
        "opening_hours": null,
        "source": "osm"
      }
    },
    {
      "type": "Feature",
      "geometry": {
        "type": "Point",
        "coordinates": [
          2.2044295,
          41.4390083
        ]
      },
      "properties": {
        "id": "osm-n-12811681119",
        "category": "water",
        "name": "Ajuntament de Barcelona",
        "wheelchair": null,
        "fee": "no",
        "opening_hours": null,
        "source": "osm"
      }
    },
    {
      "type": "Feature",
      "geometry": {
        "type": "Point",
        "coordinates": [
          2.2070454,
          41.4378533
        ]
      },
      "properties": {
        "id": "osm-n-12811685522",
        "category": "water",
        "name": "Ajuntament de Barcelona",
        "wheelchair": null,
        "fee": "no",
        "opening_hours": null,
        "source": "osm"
      }
    },
    {
      "type": "Feature",
      "geometry": {
        "type": "Point",
        "coordinates": [
          2.2057428,
          41.439319
        ]
      },
      "properties": {
        "id": "osm-n-12811704904",
        "category": "water",
        "name": "Ajuntament de Barcelona",
        "wheelchair": null,
        "fee": "no",
        "opening_hours": null,
        "source": "osm"
      }
    },
    {
      "type": "Feature",
      "geometry": {
        "type": "Point",
        "coordinates": [
          2.205694,
          41.4390301
        ]
      },
      "properties": {
        "id": "osm-n-12811704905",
        "category": "water",
        "name": "Ajuntament de Barcelona",
        "wheelchair": "no",
        "fee": "no",
        "opening_hours": null,
        "source": "osm"
      }
    },
    {
      "type": "Feature",
      "geometry": {
        "type": "Point",
        "coordinates": [
          2.2173743,
          41.4150935
        ]
      },
      "properties": {
        "id": "osm-n-12811984858",
        "category": "water",
        "name": "Ajuntament de Barcelona",
        "wheelchair": null,
        "fee": "no",
        "opening_hours": null,
        "source": "osm"
      }
    },
    {
      "type": "Feature",
      "geometry": {
        "type": "Point",
        "coordinates": [
          2.1808117,
          41.4258528
        ]
      },
      "properties": {
        "id": "osm-n-12812080807",
        "category": "water",
        "name": "Ajuntament de Barcelona",
        "wheelchair": null,
        "fee": "no",
        "opening_hours": null,
        "source": "osm"
      }
    },
    {
      "type": "Feature",
      "geometry": {
        "type": "Point",
        "coordinates": [
          2.1811045,
          41.4256927
        ]
      },
      "properties": {
        "id": "osm-n-12812096543",
        "category": "water",
        "name": "Ajuntament de Barcelona",
        "wheelchair": null,
        "fee": "no",
        "opening_hours": null,
        "source": "osm"
      }
    },
    {
      "type": "Feature",
      "geometry": {
        "type": "Point",
        "coordinates": [
          2.1969833,
          41.4170384
        ]
      },
      "properties": {
        "id": "osm-n-12812104674",
        "category": "water",
        "name": "Ajuntament de Barcelona",
        "wheelchair": null,
        "fee": "no",
        "opening_hours": null,
        "source": "osm"
      }
    },
    {
      "type": "Feature",
      "geometry": {
        "type": "Point",
        "coordinates": [
          2.1909499,
          41.4255166
        ]
      },
      "properties": {
        "id": "osm-n-12812114852",
        "category": "water",
        "name": "Ajuntament de Barcelona",
        "wheelchair": null,
        "fee": "no",
        "opening_hours": null,
        "source": "osm"
      }
    },
    {
      "type": "Feature",
      "geometry": {
        "type": "Point",
        "coordinates": [
          2.1791334,
          41.4271733
        ]
      },
      "properties": {
        "id": "osm-n-12812121501",
        "category": "water",
        "name": "Ajuntament de Barcelona",
        "wheelchair": null,
        "fee": "no",
        "opening_hours": null,
        "source": "osm"
      }
    },
    {
      "type": "Feature",
      "geometry": {
        "type": "Point",
        "coordinates": [
          2.1971648,
          41.418863
        ]
      },
      "properties": {
        "id": "osm-n-12812133140",
        "category": "water",
        "name": "Ajuntament de Barcelona",
        "wheelchair": null,
        "fee": "no",
        "opening_hours": null,
        "source": "osm"
      }
    },
    {
      "type": "Feature",
      "geometry": {
        "type": "Point",
        "coordinates": [
          2.1947107,
          41.4170499
        ]
      },
      "properties": {
        "id": "osm-n-12812133717",
        "category": "water",
        "name": "Ajuntament de Barcelona",
        "wheelchair": null,
        "fee": "no",
        "opening_hours": null,
        "source": "osm"
      }
    },
    {
      "type": "Feature",
      "geometry": {
        "type": "Point",
        "coordinates": [
          2.2067844,
          41.4006061
        ]
      },
      "properties": {
        "id": "osm-n-12812288845",
        "category": "water",
        "name": "Ajuntament de Barcelona",
        "wheelchair": null,
        "fee": "no",
        "opening_hours": null,
        "source": "osm"
      }
    },
    {
      "type": "Feature",
      "geometry": {
        "type": "Point",
        "coordinates": [
          2.1970227,
          41.4104764
        ]
      },
      "properties": {
        "id": "osm-n-12814387405",
        "category": "water",
        "name": "Ajuntament de Barcelona",
        "wheelchair": null,
        "fee": "no",
        "opening_hours": null,
        "source": "osm"
      }
    },
    {
      "type": "Feature",
      "geometry": {
        "type": "Point",
        "coordinates": [
          2.2158366,
          41.4061435
        ]
      },
      "properties": {
        "id": "osm-n-12817367480",
        "category": "water",
        "name": "Ajuntament de Barcelona",
        "wheelchair": null,
        "fee": "no",
        "opening_hours": null,
        "source": "osm"
      }
    },
    {
      "type": "Feature",
      "geometry": {
        "type": "Point",
        "coordinates": [
          2.2115855,
          41.4075935
        ]
      },
      "properties": {
        "id": "osm-n-12817369124",
        "category": "water",
        "name": "Ajuntament de Barcelona",
        "wheelchair": null,
        "fee": "no",
        "opening_hours": null,
        "source": "osm"
      }
    },
    {
      "type": "Feature",
      "geometry": {
        "type": "Point",
        "coordinates": [
          2.2154113,
          41.4044784
        ]
      },
      "properties": {
        "id": "osm-n-12817376466",
        "category": "water",
        "name": "Ajuntament de Barcelona",
        "wheelchair": null,
        "fee": "no",
        "opening_hours": null,
        "source": "osm"
      }
    },
    {
      "type": "Feature",
      "geometry": {
        "type": "Point",
        "coordinates": [
          2.2167399,
          41.406866
        ]
      },
      "properties": {
        "id": "osm-n-12817433391",
        "category": "water",
        "name": "Ajuntament de Barcelona",
        "wheelchair": null,
        "fee": "no",
        "opening_hours": null,
        "source": "osm"
      }
    },
    {
      "type": "Feature",
      "geometry": {
        "type": "Point",
        "coordinates": [
          2.2147773,
          41.4185882
        ]
      },
      "properties": {
        "id": "osm-n-12820764789",
        "category": "water",
        "name": "Ajuntament de Barcelona",
        "wheelchair": null,
        "fee": "no",
        "opening_hours": null,
        "source": "osm"
      }
    },
    {
      "type": "Feature",
      "geometry": {
        "type": "Point",
        "coordinates": [
          2.21372,
          41.4177358
        ]
      },
      "properties": {
        "id": "osm-n-12820809765",
        "category": "water",
        "name": "Ajuntament de Barcelona",
        "wheelchair": null,
        "fee": "no",
        "opening_hours": null,
        "source": "osm"
      }
    },
    {
      "type": "Feature",
      "geometry": {
        "type": "Point",
        "coordinates": [
          2.2135249,
          41.418772
        ]
      },
      "properties": {
        "id": "osm-n-12820824945",
        "category": "water",
        "name": "Ajuntament de Barcelona",
        "wheelchair": null,
        "fee": "no",
        "opening_hours": null,
        "source": "osm"
      }
    },
    {
      "type": "Feature",
      "geometry": {
        "type": "Point",
        "coordinates": [
          2.2143558,
          41.4106335
        ]
      },
      "properties": {
        "id": "osm-n-12820836453",
        "category": "water",
        "name": "Ajuntament de Barcelona",
        "wheelchair": null,
        "fee": "no",
        "opening_hours": null,
        "source": "osm"
      }
    },
    {
      "type": "Feature",
      "geometry": {
        "type": "Point",
        "coordinates": [
          2.1801301,
          41.4042344
        ]
      },
      "properties": {
        "id": "osm-n-12820848569",
        "category": "water",
        "name": "Ajuntament de Barcelona",
        "wheelchair": null,
        "fee": "no",
        "opening_hours": null,
        "source": "osm"
      }
    },
    {
      "type": "Feature",
      "geometry": {
        "type": "Point",
        "coordinates": [
          2.1854172,
          41.4076741
        ]
      },
      "properties": {
        "id": "osm-n-12820867112",
        "category": "water",
        "name": "Ajuntament de Barcelona",
        "wheelchair": null,
        "fee": "no",
        "opening_hours": null,
        "source": "osm"
      }
    },
    {
      "type": "Feature",
      "geometry": {
        "type": "Point",
        "coordinates": [
          2.1967439,
          41.4136806
        ]
      },
      "properties": {
        "id": "osm-n-12823578299",
        "category": "water",
        "name": "Ajuntament de Barcelona",
        "wheelchair": null,
        "fee": "no",
        "opening_hours": null,
        "source": "osm"
      }
    },
    {
      "type": "Feature",
      "geometry": {
        "type": "Point",
        "coordinates": [
          2.1991492,
          41.414197
        ]
      },
      "properties": {
        "id": "osm-n-12823587165",
        "category": "water",
        "name": "Ajuntament de Barcelona",
        "wheelchair": null,
        "fee": "no",
        "opening_hours": null,
        "source": "osm"
      }
    },
    {
      "type": "Feature",
      "geometry": {
        "type": "Point",
        "coordinates": [
          2.1803015,
          41.3938414
        ]
      },
      "properties": {
        "id": "osm-n-12823706547",
        "category": "water",
        "name": "Ajuntament de Barcelona",
        "wheelchair": null,
        "fee": "no",
        "opening_hours": null,
        "source": "osm"
      }
    },
    {
      "type": "Feature",
      "geometry": {
        "type": "Point",
        "coordinates": [
          2.2157338,
          41.4124944
        ]
      },
      "properties": {
        "id": "osm-n-12825191723",
        "category": "water",
        "name": "Ajuntament de Barcelona",
        "wheelchair": null,
        "fee": "no",
        "opening_hours": null,
        "source": "osm"
      }
    },
    {
      "type": "Feature",
      "geometry": {
        "type": "Point",
        "coordinates": [
          2.2147744,
          41.4131316
        ]
      },
      "properties": {
        "id": "osm-n-12825290315",
        "category": "water",
        "name": "Ajuntament de Barcelona",
        "wheelchair": null,
        "fee": "no",
        "opening_hours": null,
        "source": "osm"
      }
    },
    {
      "type": "Feature",
      "geometry": {
        "type": "Point",
        "coordinates": [
          2.2019612,
          41.4216954
        ]
      },
      "properties": {
        "id": "osm-n-12825313619",
        "category": "water",
        "name": "Ajuntament de Barcelona",
        "wheelchair": null,
        "fee": null,
        "opening_hours": null,
        "source": "osm"
      }
    },
    {
      "type": "Feature",
      "geometry": {
        "type": "Point",
        "coordinates": [
          2.2047912,
          41.3953047
        ]
      },
      "properties": {
        "id": "osm-n-12825322068",
        "category": "water",
        "name": "Ajuntament de Barcelona",
        "wheelchair": null,
        "fee": "no",
        "opening_hours": null,
        "source": "osm"
      }
    },
    {
      "type": "Feature",
      "geometry": {
        "type": "Point",
        "coordinates": [
          2.2045493,
          41.395003
        ]
      },
      "properties": {
        "id": "osm-n-12825335517",
        "category": "water",
        "name": "Ajuntament de Barcelona",
        "wheelchair": null,
        "fee": "no",
        "opening_hours": null,
        "source": "osm"
      }
    },
    {
      "type": "Feature",
      "geometry": {
        "type": "Point",
        "coordinates": [
          2.206922,
          41.4201777
        ]
      },
      "properties": {
        "id": "osm-n-12825960596",
        "category": "water",
        "name": "Ajuntament de Barcelona",
        "wheelchair": null,
        "fee": "no",
        "opening_hours": null,
        "source": "osm"
      }
    },
    {
      "type": "Feature",
      "geometry": {
        "type": "Point",
        "coordinates": [
          2.2014154,
          41.4203282
        ]
      },
      "properties": {
        "id": "osm-n-12825990617",
        "category": "water",
        "name": "Ajuntament de Barcelona",
        "wheelchair": null,
        "fee": "no",
        "opening_hours": null,
        "source": "osm"
      }
    },
    {
      "type": "Feature",
      "geometry": {
        "type": "Point",
        "coordinates": [
          2.2085116,
          41.4205739
        ]
      },
      "properties": {
        "id": "osm-n-12826005624",
        "category": "water",
        "name": "Ajuntament de Barcelona",
        "wheelchair": null,
        "fee": null,
        "opening_hours": null,
        "source": "osm"
      }
    },
    {
      "type": "Feature",
      "geometry": {
        "type": "Point",
        "coordinates": [
          2.1834513,
          41.3907858
        ]
      },
      "properties": {
        "id": "osm-n-12826149141",
        "category": "water",
        "name": "Ajuntament de Barcelona",
        "wheelchair": null,
        "fee": "no",
        "opening_hours": null,
        "source": "osm"
      }
    },
    {
      "type": "Feature",
      "geometry": {
        "type": "Point",
        "coordinates": [
          2.2175417,
          41.4085879
        ]
      },
      "properties": {
        "id": "osm-n-12826164576",
        "category": "aed",
        "name": "Aed",
        "wheelchair": null,
        "fee": null,
        "opening_hours": "24/7",
        "source": "osm"
      }
    },
    {
      "type": "Feature",
      "geometry": {
        "type": "Point",
        "coordinates": [
          2.1833604,
          41.4271529
        ]
      },
      "properties": {
        "id": "osm-n-12826176643",
        "category": "water",
        "name": "Ajuntament de Barcelona",
        "wheelchair": null,
        "fee": "no",
        "opening_hours": null,
        "source": "osm"
      }
    },
    {
      "type": "Feature",
      "geometry": {
        "type": "Point",
        "coordinates": [
          2.2037614,
          41.4188025
        ]
      },
      "properties": {
        "id": "osm-n-12826188812",
        "category": "water",
        "name": "Ajuntament de Barcelona",
        "wheelchair": null,
        "fee": "no",
        "opening_hours": null,
        "source": "osm"
      }
    },
    {
      "type": "Feature",
      "geometry": {
        "type": "Point",
        "coordinates": [
          2.2009585,
          41.4037585
        ]
      },
      "properties": {
        "id": "osm-n-12827795824",
        "category": "water",
        "name": "Ajuntament de Barcelona",
        "wheelchair": null,
        "fee": "no",
        "opening_hours": null,
        "source": "osm"
      }
    },
    {
      "type": "Feature",
      "geometry": {
        "type": "Point",
        "coordinates": [
          2.2034261,
          41.4077754
        ]
      },
      "properties": {
        "id": "osm-n-12827822078",
        "category": "water",
        "name": "Ajuntament de Barcelona",
        "wheelchair": null,
        "fee": "no",
        "opening_hours": null,
        "source": "osm"
      }
    },
    {
      "type": "Feature",
      "geometry": {
        "type": "Point",
        "coordinates": [
          2.1997482,
          41.4091083
        ]
      },
      "properties": {
        "id": "osm-n-12827843261",
        "category": "water",
        "name": "Ajuntament de Barcelona",
        "wheelchair": null,
        "fee": "no",
        "opening_hours": null,
        "source": "osm"
      }
    },
    {
      "type": "Feature",
      "geometry": {
        "type": "Point",
        "coordinates": [
          2.2106734,
          41.4206964
        ]
      },
      "properties": {
        "id": "osm-n-12828178151",
        "category": "water",
        "name": "Ajuntament de Barcelona",
        "wheelchair": null,
        "fee": "no",
        "opening_hours": null,
        "source": "osm"
      }
    },
    {
      "type": "Feature",
      "geometry": {
        "type": "Point",
        "coordinates": [
          2.2052024,
          41.4176426
        ]
      },
      "properties": {
        "id": "osm-n-12828203449",
        "category": "water",
        "name": "Ajuntament de Barcelona",
        "wheelchair": null,
        "fee": "no",
        "opening_hours": null,
        "source": "osm"
      }
    },
    {
      "type": "Feature",
      "geometry": {
        "type": "Point",
        "coordinates": [
          2.2124077,
          41.4201597
        ]
      },
      "properties": {
        "id": "osm-n-12828222994",
        "category": "water",
        "name": "Ajuntament de Barcelona",
        "wheelchair": null,
        "fee": "no",
        "opening_hours": null,
        "source": "osm"
      }
    },
    {
      "type": "Feature",
      "geometry": {
        "type": "Point",
        "coordinates": [
          2.1840428,
          41.3992264
        ]
      },
      "properties": {
        "id": "osm-n-12828715223",
        "category": "water",
        "name": "Ajuntament de Barcelona",
        "wheelchair": null,
        "fee": "no",
        "opening_hours": null,
        "source": "osm"
      }
    },
    {
      "type": "Feature",
      "geometry": {
        "type": "Point",
        "coordinates": [
          2.19125,
          41.3924502
        ]
      },
      "properties": {
        "id": "osm-n-12828737999",
        "category": "water",
        "name": "Ajuntament de Barcelona",
        "wheelchair": null,
        "fee": "no",
        "opening_hours": null,
        "source": "osm"
      }
    },
    {
      "type": "Feature",
      "geometry": {
        "type": "Point",
        "coordinates": [
          2.1904774,
          41.3932585
        ]
      },
      "properties": {
        "id": "osm-n-12828762036",
        "category": "water",
        "name": "Ajuntament de Barcelona",
        "wheelchair": null,
        "fee": "no",
        "opening_hours": null,
        "source": "osm"
      }
    },
    {
      "type": "Feature",
      "geometry": {
        "type": "Point",
        "coordinates": [
          2.1756681,
          41.3983722
        ]
      },
      "properties": {
        "id": "osm-n-12828769545",
        "category": "water",
        "name": "Ajuntament de Barcelona",
        "wheelchair": null,
        "fee": "no",
        "opening_hours": null,
        "source": "osm"
      }
    },
    {
      "type": "Feature",
      "geometry": {
        "type": "Point",
        "coordinates": [
          2.1897379,
          41.3931008
        ]
      },
      "properties": {
        "id": "osm-n-12828780795",
        "category": "water",
        "name": "Ajuntament de Barcelona",
        "wheelchair": null,
        "fee": "no",
        "opening_hours": null,
        "source": "osm"
      }
    },
    {
      "type": "Feature",
      "geometry": {
        "type": "Point",
        "coordinates": [
          2.1947229,
          41.3941212
        ]
      },
      "properties": {
        "id": "osm-n-12828807255",
        "category": "water",
        "name": "Ajuntament de Barcelona",
        "wheelchair": null,
        "fee": "no",
        "opening_hours": null,
        "source": "osm"
      }
    },
    {
      "type": "Feature",
      "geometry": {
        "type": "Point",
        "coordinates": [
          2.2252107,
          41.4096847
        ]
      },
      "properties": {
        "id": "osm-n-12828827896",
        "category": "water",
        "name": "Ajuntament de Barcelona",
        "wheelchair": null,
        "fee": "no",
        "opening_hours": null,
        "source": "osm"
      }
    },
    {
      "type": "Feature",
      "geometry": {
        "type": "Point",
        "coordinates": [
          2.2116177,
          41.4195579
        ]
      },
      "properties": {
        "id": "osm-n-12828873222",
        "category": "water",
        "name": "Ajuntament de Barcelona",
        "wheelchair": null,
        "fee": "no",
        "opening_hours": null,
        "source": "osm"
      }
    },
    {
      "type": "Feature",
      "geometry": {
        "type": "Point",
        "coordinates": [
          2.2196592,
          41.4106369
        ]
      },
      "properties": {
        "id": "osm-n-12828878879",
        "category": "water",
        "name": "Ajuntament de Barcelona",
        "wheelchair": null,
        "fee": "no",
        "opening_hours": null,
        "source": "osm"
      }
    },
    {
      "type": "Feature",
      "geometry": {
        "type": "Point",
        "coordinates": [
          2.2094177,
          41.4188869
        ]
      },
      "properties": {
        "id": "osm-n-12828884758",
        "category": "water",
        "name": "Ajuntament de Barcelona",
        "wheelchair": null,
        "fee": "no",
        "opening_hours": null,
        "source": "osm"
      }
    },
    {
      "type": "Feature",
      "geometry": {
        "type": "Point",
        "coordinates": [
          2.215316,
          41.4169734
        ]
      },
      "properties": {
        "id": "osm-n-12828903673",
        "category": "water",
        "name": "Ajuntament de Barcelona",
        "wheelchair": null,
        "fee": "no",
        "opening_hours": null,
        "source": "osm"
      }
    },
    {
      "type": "Feature",
      "geometry": {
        "type": "Point",
        "coordinates": [
          2.2246701,
          41.4084131
        ]
      },
      "properties": {
        "id": "osm-n-12828906203",
        "category": "water",
        "name": "Ajuntament de Barcelona",
        "wheelchair": null,
        "fee": "no",
        "opening_hours": null,
        "source": "osm"
      }
    },
    {
      "type": "Feature",
      "geometry": {
        "type": "Point",
        "coordinates": [
          2.2112539,
          41.4388651
        ]
      },
      "properties": {
        "id": "osm-n-12829032201",
        "category": "info",
        "name": "Hist\u00f3ria del Riu Bes\u00f3s",
        "wheelchair": null,
        "fee": null,
        "opening_hours": null,
        "source": "osm"
      }
    },
    {
      "type": "Feature",
      "geometry": {
        "type": "Point",
        "coordinates": [
          2.214235,
          41.4163732
        ]
      },
      "properties": {
        "id": "osm-n-12829797848",
        "category": "water",
        "name": "Ajuntament de Barcelona",
        "wheelchair": null,
        "fee": "no",
        "opening_hours": null,
        "source": "osm"
      }
    },
    {
      "type": "Feature",
      "geometry": {
        "type": "Point",
        "coordinates": [
          2.1822358,
          41.3958553
        ]
      },
      "properties": {
        "id": "osm-n-12836308507",
        "category": "water",
        "name": "Ajuntament de Barcelona",
        "wheelchair": null,
        "fee": "no",
        "opening_hours": null,
        "source": "osm"
      }
    },
    {
      "type": "Feature",
      "geometry": {
        "type": "Point",
        "coordinates": [
          2.2319854,
          41.4217221
        ]
      },
      "properties": {
        "id": "osm-n-12836343101",
        "category": "info",
        "name": "Refugi de biodiversitat",
        "wheelchair": null,
        "fee": null,
        "opening_hours": null,
        "source": "osm"
      }
    },
    {
      "type": "Feature",
      "geometry": {
        "type": "Point",
        "coordinates": [
          2.2325278,
          41.4215065
        ]
      },
      "properties": {
        "id": "osm-n-12836347501",
        "category": "water",
        "name": "Water",
        "wheelchair": null,
        "fee": null,
        "opening_hours": null,
        "source": "osm"
      }
    },
    {
      "type": "Feature",
      "geometry": {
        "type": "Point",
        "coordinates": [
          2.2332151,
          41.4217137
        ]
      },
      "properties": {
        "id": "osm-n-12836347601",
        "category": "info",
        "name": "Platja del Litoral",
        "wheelchair": null,
        "fee": null,
        "opening_hours": null,
        "source": "osm"
      }
    },
    {
      "type": "Feature",
      "geometry": {
        "type": "Point",
        "coordinates": [
          2.2343292,
          41.4228147
        ]
      },
      "properties": {
        "id": "osm-n-12836347603",
        "category": "info",
        "name": "Platja del Litoral",
        "wheelchair": null,
        "fee": null,
        "opening_hours": null,
        "source": "osm"
      }
    },
    {
      "type": "Feature",
      "geometry": {
        "type": "Point",
        "coordinates": [
          2.2336417,
          41.4221837
        ]
      },
      "properties": {
        "id": "osm-n-12836347801",
        "category": "info",
        "name": "Platja del Litoral",
        "wheelchair": null,
        "fee": null,
        "opening_hours": null,
        "source": "osm"
      }
    },
    {
      "type": "Feature",
      "geometry": {
        "type": "Point",
        "coordinates": [
          2.2339727,
          41.4226197
        ]
      },
      "properties": {
        "id": "osm-n-12836347901",
        "category": "info",
        "name": "Platja del Litoral",
        "wheelchair": null,
        "fee": null,
        "opening_hours": null,
        "source": "osm"
      }
    },
    {
      "type": "Feature",
      "geometry": {
        "type": "Point",
        "coordinates": [
          2.2340823,
          41.4226208
        ]
      },
      "properties": {
        "id": "osm-n-12836348001",
        "category": "toilet",
        "name": "Toilet",
        "wheelchair": null,
        "fee": null,
        "opening_hours": null,
        "source": "osm"
      }
    },
    {
      "type": "Feature",
      "geometry": {
        "type": "Point",
        "coordinates": [
          2.1956044,
          41.4031961
        ]
      },
      "properties": {
        "id": "osm-n-12837008997",
        "category": "water",
        "name": "Ajuntament de Barcelona",
        "wheelchair": null,
        "fee": "no",
        "opening_hours": null,
        "source": "osm"
      }
    },
    {
      "type": "Feature",
      "geometry": {
        "type": "Point",
        "coordinates": [
          2.1947434,
          41.4087635
        ]
      },
      "properties": {
        "id": "osm-n-12837015025",
        "category": "water",
        "name": "Ajuntament de Barcelona",
        "wheelchair": null,
        "fee": "no",
        "opening_hours": null,
        "source": "osm"
      }
    },
    {
      "type": "Feature",
      "geometry": {
        "type": "Point",
        "coordinates": [
          2.1946197,
          41.4031863
        ]
      },
      "properties": {
        "id": "osm-n-12837032610",
        "category": "water",
        "name": "Ajuntament de Barcelona",
        "wheelchair": null,
        "fee": "no",
        "opening_hours": null,
        "source": "osm"
      }
    },
    {
      "type": "Feature",
      "geometry": {
        "type": "Point",
        "coordinates": [
          2.1993727,
          41.4004874
        ]
      },
      "properties": {
        "id": "osm-n-12837309875",
        "category": "cafe",
        "name": "Labath",
        "wheelchair": null,
        "fee": null,
        "opening_hours": null,
        "source": "osm"
      }
    },
    {
      "type": "Feature",
      "geometry": {
        "type": "Point",
        "coordinates": [
          2.1832095,
          41.4117776
        ]
      },
      "properties": {
        "id": "osm-n-12842986705",
        "category": "water",
        "name": "Ajuntament de Barcelona",
        "wheelchair": null,
        "fee": "no",
        "opening_hours": null,
        "source": "osm"
      }
    },
    {
      "type": "Feature",
      "geometry": {
        "type": "Point",
        "coordinates": [
          2.1847218,
          41.403271
        ]
      },
      "properties": {
        "id": "osm-n-12844635201",
        "category": "toilet",
        "name": "Toilet",
        "wheelchair": null,
        "fee": null,
        "opening_hours": null,
        "source": "osm"
      }
    },
    {
      "type": "Feature",
      "geometry": {
        "type": "Point",
        "coordinates": [
          2.2054525,
          41.4094419
        ]
      },
      "properties": {
        "id": "osm-n-12846648405",
        "category": "water",
        "name": "Ajuntament de Barcelona",
        "wheelchair": null,
        "fee": "no",
        "opening_hours": null,
        "source": "osm"
      }
    },
    {
      "type": "Feature",
      "geometry": {
        "type": "Point",
        "coordinates": [
          2.2126665,
          41.4067529
        ]
      },
      "properties": {
        "id": "osm-n-12846652904",
        "category": "water",
        "name": "Ajuntament de Barcelona",
        "wheelchair": null,
        "fee": "no",
        "opening_hours": null,
        "source": "osm"
      }
    },
    {
      "type": "Feature",
      "geometry": {
        "type": "Point",
        "coordinates": [
          2.1992282,
          41.4131684
        ]
      },
      "properties": {
        "id": "osm-n-12847186443",
        "category": "water",
        "name": "Ajuntament de Barcelona",
        "wheelchair": null,
        "fee": "no",
        "opening_hours": null,
        "source": "osm"
      }
    },
    {
      "type": "Feature",
      "geometry": {
        "type": "Point",
        "coordinates": [
          2.2201413,
          41.4141998
        ]
      },
      "properties": {
        "id": "osm-n-12847202558",
        "category": "water",
        "name": "Ajuntament de Barcelona",
        "wheelchair": null,
        "fee": "no",
        "opening_hours": null,
        "source": "osm"
      }
    },
    {
      "type": "Feature",
      "geometry": {
        "type": "Point",
        "coordinates": [
          2.1981381,
          41.4125093
        ]
      },
      "properties": {
        "id": "osm-n-12847206707",
        "category": "water",
        "name": "Ajuntament de Barcelona",
        "wheelchair": null,
        "fee": "no",
        "opening_hours": null,
        "source": "osm"
      }
    },
    {
      "type": "Feature",
      "geometry": {
        "type": "Point",
        "coordinates": [
          2.2235069,
          41.4113036
        ]
      },
      "properties": {
        "id": "osm-n-12847251502",
        "category": "water",
        "name": "Ajuntament de Barcelona",
        "wheelchair": null,
        "fee": "no",
        "opening_hours": null,
        "source": "osm"
      }
    },
    {
      "type": "Feature",
      "geometry": {
        "type": "Point",
        "coordinates": [
          2.2250876,
          41.4103732
        ]
      },
      "properties": {
        "id": "osm-n-12847259245",
        "category": "water",
        "name": "Ajuntament de Barcelona",
        "wheelchair": null,
        "fee": "no",
        "opening_hours": null,
        "source": "osm"
      }
    },
    {
      "type": "Feature",
      "geometry": {
        "type": "Point",
        "coordinates": [
          2.221028,
          41.4135276
        ]
      },
      "properties": {
        "id": "osm-n-12847261757",
        "category": "water",
        "name": "Ajuntament de Barcelona",
        "wheelchair": null,
        "fee": "no",
        "opening_hours": null,
        "source": "osm"
      }
    },
    {
      "type": "Feature",
      "geometry": {
        "type": "Point",
        "coordinates": [
          2.197023,
          41.3990365
        ]
      },
      "properties": {
        "id": "osm-n-12878647526",
        "category": "parking",
        "name": "Parking",
        "wheelchair": null,
        "fee": null,
        "opening_hours": null,
        "source": "osm"
      }
    },
    {
      "type": "Feature",
      "geometry": {
        "type": "Point",
        "coordinates": [
          2.1974872,
          41.3990651
        ]
      },
      "properties": {
        "id": "osm-n-12878647527",
        "category": "cafe",
        "name": "Mono Cafe",
        "wheelchair": null,
        "fee": null,
        "opening_hours": null,
        "source": "osm"
      }
    },
    {
      "type": "Feature",
      "geometry": {
        "type": "Point",
        "coordinates": [
          2.1971828,
          41.3988932
        ]
      },
      "properties": {
        "id": "osm-n-12878647532",
        "category": "parking",
        "name": "Parking",
        "wheelchair": null,
        "fee": null,
        "opening_hours": null,
        "source": "osm"
      }
    },
    {
      "type": "Feature",
      "geometry": {
        "type": "Point",
        "coordinates": [
          2.1971598,
          41.3991647
        ]
      },
      "properties": {
        "id": "osm-n-12878647542",
        "category": "parking",
        "name": "Parking",
        "wheelchair": null,
        "fee": null,
        "opening_hours": null,
        "source": "osm"
      }
    },
    {
      "type": "Feature",
      "geometry": {
        "type": "Point",
        "coordinates": [
          2.17436,
          41.41329
        ]
      },
      "properties": {
        "id": "osm-n-12878677601",
        "category": "water",
        "name": "Water",
        "wheelchair": null,
        "fee": null,
        "opening_hours": null,
        "source": "osm"
      }
    },
    {
      "type": "Feature",
      "geometry": {
        "type": "Point",
        "coordinates": [
          2.1743777,
          41.4118347
        ]
      },
      "properties": {
        "id": "osm-n-12878716624",
        "category": "aed",
        "name": "Aed",
        "wheelchair": "yes",
        "fee": null,
        "opening_hours": null,
        "source": "osm"
      }
    },
    {
      "type": "Feature",
      "geometry": {
        "type": "Point",
        "coordinates": [
          2.1985753,
          41.4124051
        ]
      },
      "properties": {
        "id": "osm-n-12896078047",
        "category": "parking",
        "name": "Parking",
        "wheelchair": null,
        "fee": null,
        "opening_hours": null,
        "source": "osm"
      }
    },
    {
      "type": "Feature",
      "geometry": {
        "type": "Point",
        "coordinates": [
          2.2007661,
          41.414051
        ]
      },
      "properties": {
        "id": "osm-n-12896078075",
        "category": "parking",
        "name": "Parking",
        "wheelchair": null,
        "fee": null,
        "opening_hours": null,
        "source": "osm"
      }
    },
    {
      "type": "Feature",
      "geometry": {
        "type": "Point",
        "coordinates": [
          2.2264403,
          41.4132173
        ]
      },
      "properties": {
        "id": "osm-n-12923444859",
        "category": "water",
        "name": "Ajuntament de Barcelona",
        "wheelchair": null,
        "fee": "no",
        "opening_hours": null,
        "source": "osm"
      }
    },
    {
      "type": "Feature",
      "geometry": {
        "type": "Point",
        "coordinates": [
          2.1767417,
          41.4056274
        ]
      },
      "properties": {
        "id": "osm-n-12956024763",
        "category": "aed",
        "name": "Aed",
        "wheelchair": "yes",
        "fee": null,
        "opening_hours": null,
        "source": "osm"
      }
    },
    {
      "type": "Feature",
      "geometry": {
        "type": "Point",
        "coordinates": [
          2.2194831,
          41.4275273
        ]
      },
      "properties": {
        "id": "osm-n-12989091001",
        "category": "water",
        "name": "Water",
        "wheelchair": null,
        "fee": null,
        "opening_hours": null,
        "source": "osm"
      }
    },
    {
      "type": "Feature",
      "geometry": {
        "type": "Point",
        "coordinates": [
          2.2167014,
          41.4297262
        ]
      },
      "properties": {
        "id": "osm-n-12989092002",
        "category": "charging",
        "name": "Charging",
        "wheelchair": null,
        "fee": null,
        "opening_hours": null,
        "source": "osm"
      }
    },
    {
      "type": "Feature",
      "geometry": {
        "type": "Point",
        "coordinates": [
          2.2164254,
          41.4299007
        ]
      },
      "properties": {
        "id": "osm-n-12989096101",
        "category": "water",
        "name": "Water",
        "wheelchair": null,
        "fee": null,
        "opening_hours": null,
        "source": "osm"
      }
    },
    {
      "type": "Feature",
      "geometry": {
        "type": "Point",
        "coordinates": [
          2.2010741,
          41.4365271
        ]
      },
      "properties": {
        "id": "osm-n-12991165794",
        "category": "aed",
        "name": "Aed",
        "wheelchair": "yes",
        "fee": null,
        "opening_hours": null,
        "source": "osm"
      }
    },
    {
      "type": "Feature",
      "geometry": {
        "type": "Point",
        "coordinates": [
          2.203179,
          41.4283797
        ]
      },
      "properties": {
        "id": "osm-n-12991182901",
        "category": "info",
        "name": "Cap al Parc Fluvial del Bes\u00f2s",
        "wheelchair": null,
        "fee": null,
        "opening_hours": null,
        "source": "osm"
      }
    },
    {
      "type": "Feature",
      "geometry": {
        "type": "Point",
        "coordinates": [
          2.2037765,
          41.4290138
        ]
      },
      "properties": {
        "id": "osm-n-12991242901",
        "category": "cafe",
        "name": "Junc\u00e1",
        "wheelchair": null,
        "fee": null,
        "opening_hours": null,
        "source": "osm"
      }
    },
    {
      "type": "Feature",
      "geometry": {
        "type": "Point",
        "coordinates": [
          2.2051225,
          41.4282759
        ]
      },
      "properties": {
        "id": "osm-n-12991250101",
        "category": "cafe",
        "name": "El Corner",
        "wheelchair": null,
        "fee": null,
        "opening_hours": null,
        "source": "osm"
      }
    },
    {
      "type": "Feature",
      "geometry": {
        "type": "Point",
        "coordinates": [
          2.2052774,
          41.4325751
        ]
      },
      "properties": {
        "id": "osm-n-12991256502",
        "category": "charging",
        "name": "Charging",
        "wheelchair": null,
        "fee": "yes",
        "opening_hours": null,
        "source": "osm"
      }
    },
    {
      "type": "Feature",
      "geometry": {
        "type": "Point",
        "coordinates": [
          2.204258,
          41.4331113
        ]
      },
      "properties": {
        "id": "osm-n-12991258001",
        "category": "charging",
        "name": "Urbaser",
        "wheelchair": null,
        "fee": null,
        "opening_hours": null,
        "source": "osm"
      }
    },
    {
      "type": "Feature",
      "geometry": {
        "type": "Point",
        "coordinates": [
          2.1906634,
          41.4284735
        ]
      },
      "properties": {
        "id": "osm-n-12991879201",
        "category": "toilet",
        "name": "Toilet",
        "wheelchair": null,
        "fee": null,
        "opening_hours": null,
        "source": "osm"
      }
    },
    {
      "type": "Feature",
      "geometry": {
        "type": "Point",
        "coordinates": [
          2.1973452,
          41.4021259
        ]
      },
      "properties": {
        "id": "osm-n-12993712561",
        "category": "aed",
        "name": "Aed",
        "wheelchair": "yes",
        "fee": null,
        "opening_hours": null,
        "source": "osm"
      }
    },
    {
      "type": "Feature",
      "geometry": {
        "type": "Point",
        "coordinates": [
          2.1986778,
          41.3876107
        ]
      },
      "properties": {
        "id": "osm-n-13030616080",
        "category": "parking",
        "name": "BSM Port Ol\u00edmpic",
        "wheelchair": "yes",
        "fee": "yes",
        "opening_hours": "24/7",
        "source": "osm"
      }
    },
    {
      "type": "Feature",
      "geometry": {
        "type": "Point",
        "coordinates": [
          2.1981747,
          41.391825
        ]
      },
      "properties": {
        "id": "osm-n-13063179026",
        "category": "cafe",
        "name": "Lulu La Douce",
        "wheelchair": null,
        "fee": null,
        "opening_hours": null,
        "source": "osm"
      }
    },
    {
      "type": "Feature",
      "geometry": {
        "type": "Point",
        "coordinates": [
          2.2113247,
          41.4142802
        ]
      },
      "properties": {
        "id": "osm-n-13068078009",
        "category": "aed",
        "name": "Aed",
        "wheelchair": "yes",
        "fee": null,
        "opening_hours": null,
        "source": "osm"
      }
    },
    {
      "type": "Feature",
      "geometry": {
        "type": "Point",
        "coordinates": [
          2.2214168,
          41.4237344
        ]
      },
      "properties": {
        "id": "osm-n-13068100301",
        "category": "cafe",
        "name": "Coffe Spot",
        "wheelchair": null,
        "fee": null,
        "opening_hours": null,
        "source": "osm"
      }
    },
    {
      "type": "Feature",
      "geometry": {
        "type": "Point",
        "coordinates": [
          2.1891801,
          41.398018
        ]
      },
      "properties": {
        "id": "osm-n-13093273143",
        "category": "parking",
        "name": "Telpark Sancho de \u00c1vila",
        "wheelchair": null,
        "fee": "yes",
        "opening_hours": null,
        "source": "osm"
      }
    },
    {
      "type": "Feature",
      "geometry": {
        "type": "Point",
        "coordinates": [
          2.2154629,
          41.421825
        ]
      },
      "properties": {
        "id": "osm-n-13099832397",
        "category": "aed",
        "name": "Aed",
        "wheelchair": "yes",
        "fee": null,
        "opening_hours": null,
        "source": "osm"
      }
    },
    {
      "type": "Feature",
      "geometry": {
        "type": "Point",
        "coordinates": [
          2.216784,
          41.4296627
        ]
      },
      "properties": {
        "id": "osm-n-13099889201",
        "category": "charging",
        "name": "Charging",
        "wheelchair": null,
        "fee": null,
        "opening_hours": null,
        "source": "osm"
      }
    },
    {
      "type": "Feature",
      "geometry": {
        "type": "Point",
        "coordinates": [
          2.1984246,
          41.416695
        ]
      },
      "properties": {
        "id": "osm-n-13122972801",
        "category": "cafe",
        "name": "Cafe",
        "wheelchair": null,
        "fee": null,
        "opening_hours": null,
        "source": "osm"
      }
    },
    {
      "type": "Feature",
      "geometry": {
        "type": "Point",
        "coordinates": [
          2.2073672,
          41.4378211
        ]
      },
      "properties": {
        "id": "osm-n-13125100190",
        "category": "water",
        "name": "Water",
        "wheelchair": null,
        "fee": null,
        "opening_hours": null,
        "source": "osm"
      }
    },
    {
      "type": "Feature",
      "geometry": {
        "type": "Point",
        "coordinates": [
          2.1807719,
          41.4156681
        ]
      },
      "properties": {
        "id": "osm-n-13141537152",
        "category": "charging",
        "name": "Wenea",
        "wheelchair": null,
        "fee": "yes",
        "opening_hours": null,
        "source": "osm"
      }
    },
    {
      "type": "Feature",
      "geometry": {
        "type": "Point",
        "coordinates": [
          2.2264292,
          41.4133951
        ]
      },
      "properties": {
        "id": "osm-n-13146692477",
        "category": "charging",
        "name": "Charging",
        "wheelchair": null,
        "fee": "yes",
        "opening_hours": null,
        "source": "osm"
      }
    },
    {
      "type": "Feature",
      "geometry": {
        "type": "Point",
        "coordinates": [
          2.1953732,
          41.4142843
        ]
      },
      "properties": {
        "id": "osm-n-13147393901",
        "category": "toilet",
        "name": "Toilet",
        "wheelchair": null,
        "fee": null,
        "opening_hours": null,
        "source": "osm"
      }
    },
    {
      "type": "Feature",
      "geometry": {
        "type": "Point",
        "coordinates": [
          2.2018883,
          41.400438
        ]
      },
      "properties": {
        "id": "osm-n-13149513801",
        "category": "cafe",
        "name": "Caf\u00e9 85\u00baC",
        "wheelchair": null,
        "fee": null,
        "opening_hours": null,
        "source": "osm"
      }
    },
    {
      "type": "Feature",
      "geometry": {
        "type": "Point",
        "coordinates": [
          2.1976951,
          41.4035649
        ]
      },
      "properties": {
        "id": "osm-n-13149520157",
        "category": "cafe",
        "name": "S\u00c3O",
        "wheelchair": null,
        "fee": null,
        "opening_hours": null,
        "source": "osm"
      }
    },
    {
      "type": "Feature",
      "geometry": {
        "type": "Point",
        "coordinates": [
          2.1968061,
          41.3954899
        ]
      },
      "properties": {
        "id": "osm-n-13159847701",
        "category": "cafe",
        "name": "Bari Coffee",
        "wheelchair": null,
        "fee": null,
        "opening_hours": null,
        "source": "osm"
      }
    },
    {
      "type": "Feature",
      "geometry": {
        "type": "Point",
        "coordinates": [
          2.2071788,
          41.399973
        ]
      },
      "properties": {
        "id": "osm-n-13174088074",
        "category": "shop",
        "name": "Supermercat",
        "wheelchair": null,
        "fee": null,
        "opening_hours": null,
        "source": "osm"
      }
    },
    {
      "type": "Feature",
      "geometry": {
        "type": "Point",
        "coordinates": [
          2.2031443,
          41.4049911
        ]
      },
      "properties": {
        "id": "osm-n-13174978308",
        "category": "cafe",
        "name": "Cafeteria Savana",
        "wheelchair": null,
        "fee": null,
        "opening_hours": null,
        "source": "osm"
      }
    },
    {
      "type": "Feature",
      "geometry": {
        "type": "Point",
        "coordinates": [
          2.2041884,
          41.4054904
        ]
      },
      "properties": {
        "id": "osm-n-13175008997",
        "category": "shop",
        "name": "Tut D'avui",
        "wheelchair": null,
        "fee": null,
        "opening_hours": null,
        "source": "osm"
      }
    },
    {
      "type": "Feature",
      "geometry": {
        "type": "Point",
        "coordinates": [
          2.2043579,
          41.4053795
        ]
      },
      "properties": {
        "id": "osm-n-13175008998",
        "category": "shop",
        "name": "Caprabo",
        "wheelchair": null,
        "fee": null,
        "opening_hours": null,
        "source": "osm"
      }
    },
    {
      "type": "Feature",
      "geometry": {
        "type": "Point",
        "coordinates": [
          2.2054156,
          41.4048737
        ]
      },
      "properties": {
        "id": "osm-n-13175009103",
        "category": "shop",
        "name": "Needle",
        "wheelchair": null,
        "fee": null,
        "opening_hours": null,
        "source": "osm"
      }
    },
    {
      "type": "Feature",
      "geometry": {
        "type": "Point",
        "coordinates": [
          2.2136925,
          41.4050457
        ]
      },
      "properties": {
        "id": "osm-n-13181122605",
        "category": "shop",
        "name": "Super Bodega",
        "wheelchair": null,
        "fee": null,
        "opening_hours": null,
        "source": "osm"
      }
    },
    {
      "type": "Feature",
      "geometry": {
        "type": "Point",
        "coordinates": [
          2.2237571,
          41.4123872
        ]
      },
      "properties": {
        "id": "osm-n-13182210710",
        "category": "info",
        "name": "Parc del F\u00f3rum",
        "wheelchair": null,
        "fee": null,
        "opening_hours": null,
        "source": "osm"
      }
    },
    {
      "type": "Feature",
      "geometry": {
        "type": "Point",
        "coordinates": [
          2.1849716,
          41.3891534
        ]
      },
      "properties": {
        "id": "osm-n-13182211106",
        "category": "info",
        "name": "Cocculus Taurifolius",
        "wheelchair": null,
        "fee": null,
        "opening_hours": null,
        "source": "osm"
      }
    },
    {
      "type": "Feature",
      "geometry": {
        "type": "Point",
        "coordinates": [
          2.2197298,
          41.4114405
        ]
      },
      "properties": {
        "id": "osm-n-13183551677",
        "category": "info",
        "name": "Info",
        "wheelchair": null,
        "fee": null,
        "opening_hours": null,
        "source": "osm"
      }
    },
    {
      "type": "Feature",
      "geometry": {
        "type": "Point",
        "coordinates": [
          2.1945246,
          41.4180393
        ]
      },
      "properties": {
        "id": "osm-n-13202116302",
        "category": "cafe",
        "name": "Bar del Camp",
        "wheelchair": null,
        "fee": null,
        "opening_hours": null,
        "source": "osm"
      }
    },
    {
      "type": "Feature",
      "geometry": {
        "type": "Point",
        "coordinates": [
          2.1915208,
          41.4069595
        ]
      },
      "properties": {
        "id": "osm-n-13232232601",
        "category": "water",
        "name": "Water",
        "wheelchair": null,
        "fee": null,
        "opening_hours": null,
        "source": "osm"
      }
    },
    {
      "type": "Feature",
      "geometry": {
        "type": "Point",
        "coordinates": [
          2.1878907,
          41.4159388
        ]
      },
      "properties": {
        "id": "osm-n-13237621404",
        "category": "cafe",
        "name": "Bar Ana",
        "wheelchair": null,
        "fee": null,
        "opening_hours": null,
        "source": "osm"
      }
    },
    {
      "type": "Feature",
      "geometry": {
        "type": "Point",
        "coordinates": [
          2.1914167,
          41.3917096
        ]
      },
      "properties": {
        "id": "osm-n-13243143701",
        "category": "cafe",
        "name": "All you eat is love",
        "wheelchair": null,
        "fee": null,
        "opening_hours": null,
        "source": "osm"
      }
    },
    {
      "type": "Feature",
      "geometry": {
        "type": "Point",
        "coordinates": [
          2.1915573,
          41.4157739
        ]
      },
      "properties": {
        "id": "osm-n-13254747234",
        "category": "water",
        "name": "Water",
        "wheelchair": null,
        "fee": null,
        "opening_hours": null,
        "source": "osm"
      }
    },
    {
      "type": "Feature",
      "geometry": {
        "type": "Point",
        "coordinates": [
          2.1914538,
          41.415798
        ]
      },
      "properties": {
        "id": "osm-n-13257354001",
        "category": "water",
        "name": "Water",
        "wheelchair": null,
        "fee": null,
        "opening_hours": null,
        "source": "osm"
      }
    },
    {
      "type": "Feature",
      "geometry": {
        "type": "Point",
        "coordinates": [
          2.1729745,
          41.4073937
        ]
      },
      "properties": {
        "id": "osm-n-13260241691",
        "category": "cafe",
        "name": "Merle Speciality Coffee",
        "wheelchair": "yes",
        "fee": null,
        "opening_hours": null,
        "source": "osm"
      }
    },
    {
      "type": "Feature",
      "geometry": {
        "type": "Point",
        "coordinates": [
          2.1760139,
          41.404775
        ]
      },
      "properties": {
        "id": "osm-n-13261161812",
        "category": "cafe",
        "name": "The Miners Speciality Coffee",
        "wheelchair": "yes",
        "fee": null,
        "opening_hours": null,
        "source": "osm"
      }
    },
    {
      "type": "Feature",
      "geometry": {
        "type": "Point",
        "coordinates": [
          2.1742798,
          41.4031621
        ]
      },
      "properties": {
        "id": "osm-n-13277523593",
        "category": "aed",
        "name": "Aed",
        "wheelchair": null,
        "fee": null,
        "opening_hours": null,
        "source": "osm"
      }
    },
    {
      "type": "Feature",
      "geometry": {
        "type": "Point",
        "coordinates": [
          2.1889475,
          41.4048993
        ]
      },
      "properties": {
        "id": "osm-n-13281561489",
        "category": "water",
        "name": "Water",
        "wheelchair": null,
        "fee": null,
        "opening_hours": null,
        "source": "osm"
      }
    },
    {
      "type": "Feature",
      "geometry": {
        "type": "Point",
        "coordinates": [
          2.1797477,
          41.3983906
        ]
      },
      "properties": {
        "id": "osm-n-13296550901",
        "category": "aed",
        "name": "Aed",
        "wheelchair": null,
        "fee": null,
        "opening_hours": null,
        "source": "osm"
      }
    },
    {
      "type": "Feature",
      "geometry": {
        "type": "Point",
        "coordinates": [
          2.2343328,
          41.4411253
        ]
      },
      "properties": {
        "id": "osm-n-13299115301",
        "category": "toilet",
        "name": "Toilet",
        "wheelchair": null,
        "fee": null,
        "opening_hours": null,
        "source": "osm"
      }
    },
    {
      "type": "Feature",
      "geometry": {
        "type": "Point",
        "coordinates": [
          2.2245892,
          41.4224932
        ]
      },
      "properties": {
        "id": "osm-n-13308659840",
        "category": "parking",
        "name": "Parking",
        "wheelchair": null,
        "fee": null,
        "opening_hours": null,
        "source": "osm"
      }
    },
    {
      "type": "Feature",
      "geometry": {
        "type": "Point",
        "coordinates": [
          2.2160521,
          41.4197033
        ]
      },
      "properties": {
        "id": "osm-n-13316203365",
        "category": "charging",
        "name": "Charging",
        "wheelchair": null,
        "fee": "yes",
        "opening_hours": null,
        "source": "osm"
      }
    },
    {
      "type": "Feature",
      "geometry": {
        "type": "Point",
        "coordinates": [
          2.1821293,
          41.4057668
        ]
      },
      "properties": {
        "id": "osm-n-13317269303",
        "category": "toilet",
        "name": "Toilet",
        "wheelchair": null,
        "fee": null,
        "opening_hours": null,
        "source": "osm"
      }
    },
    {
      "type": "Feature",
      "geometry": {
        "type": "Point",
        "coordinates": [
          2.1821673,
          41.4057591
        ]
      },
      "properties": {
        "id": "osm-n-13317311402",
        "category": "water",
        "name": "Water",
        "wheelchair": null,
        "fee": null,
        "opening_hours": null,
        "source": "osm"
      }
    },
    {
      "type": "Feature",
      "geometry": {
        "type": "Point",
        "coordinates": [
          2.203893,
          41.4350801
        ]
      },
      "properties": {
        "id": "osm-n-13321436388",
        "category": "info",
        "name": "Fem mem\u00f2ria del barri de l'Estadella",
        "wheelchair": null,
        "fee": null,
        "opening_hours": null,
        "source": "osm"
      }
    },
    {
      "type": "Feature",
      "geometry": {
        "type": "Point",
        "coordinates": [
          2.20388,
          41.4351419
        ]
      },
      "properties": {
        "id": "osm-n-13321509917",
        "category": "info",
        "name": "Fem mem\u00f2ria del barri de l'Estadella",
        "wheelchair": null,
        "fee": null,
        "opening_hours": null,
        "source": "osm"
      }
    },
    {
      "type": "Feature",
      "geometry": {
        "type": "Point",
        "coordinates": [
          2.2038736,
          41.4351901
        ]
      },
      "properties": {
        "id": "osm-n-13321513984",
        "category": "info",
        "name": "Fem mem\u00f2ria del barri de l'Estadella",
        "wheelchair": null,
        "fee": null,
        "opening_hours": null,
        "source": "osm"
      }
    },
    {
      "type": "Feature",
      "geometry": {
        "type": "Point",
        "coordinates": [
          2.203894,
          41.4350084
        ]
      },
      "properties": {
        "id": "osm-n-13321524296",
        "category": "info",
        "name": "Fem mem\u00f2ria del barri de l'Estadella",
        "wheelchair": null,
        "fee": null,
        "opening_hours": null,
        "source": "osm"
      }
    },
    {
      "type": "Feature",
      "geometry": {
        "type": "Point",
        "coordinates": [
          2.2039108,
          41.4349416
        ]
      },
      "properties": {
        "id": "osm-n-13321535705",
        "category": "info",
        "name": "Fem mem\u00f2ria del barri de l'Estadella",
        "wheelchair": null,
        "fee": null,
        "opening_hours": null,
        "source": "osm"
      }
    },
    {
      "type": "Feature",
      "geometry": {
        "type": "Point",
        "coordinates": [
          2.1835752,
          41.3887357
        ]
      },
      "properties": {
        "id": "osm-n-13321792467",
        "category": "info",
        "name": "PARC DE LA CIUTADELLA",
        "wheelchair": null,
        "fee": null,
        "opening_hours": null,
        "source": "osm"
      }
    },
    {
      "type": "Feature",
      "geometry": {
        "type": "Point",
        "coordinates": [
          2.1835113,
          41.3887823
        ]
      },
      "properties": {
        "id": "osm-n-13321810418",
        "category": "info",
        "name": "Info",
        "wheelchair": null,
        "fee": null,
        "opening_hours": null,
        "source": "osm"
      }
    },
    {
      "type": "Feature",
      "geometry": {
        "type": "Point",
        "coordinates": [
          2.1876253,
          41.3881095
        ]
      },
      "properties": {
        "id": "osm-n-13321822304",
        "category": "info",
        "name": "PLA\u00c7A D\u2019ARME DE LA CIUTADELLA",
        "wheelchair": null,
        "fee": null,
        "opening_hours": null,
        "source": "osm"
      }
    },
    {
      "type": "Feature",
      "geometry": {
        "type": "Point",
        "coordinates": [
          2.1873502,
          41.3883189
        ]
      },
      "properties": {
        "id": "osm-n-13321828816",
        "category": "info",
        "name": "LES AUS DEL PARC",
        "wheelchair": null,
        "fee": null,
        "opening_hours": null,
        "source": "osm"
      }
    },
    {
      "type": "Feature",
      "geometry": {
        "type": "Point",
        "coordinates": [
          2.1861754,
          41.3874921
        ]
      },
      "properties": {
        "id": "osm-n-13321849229",
        "category": "info",
        "name": "Ajuntament de Barcelona",
        "wheelchair": null,
        "fee": null,
        "opening_hours": null,
        "source": "osm"
      }
    },
    {
      "type": "Feature",
      "geometry": {
        "type": "Point",
        "coordinates": [
          2.1937302,
          41.4018872
        ]
      },
      "properties": {
        "id": "osm-n-13335874759",
        "category": "aed",
        "name": "Aed",
        "wheelchair": "yes",
        "fee": null,
        "opening_hours": null,
        "source": "osm"
      }
    },
    {
      "type": "Feature",
      "geometry": {
        "type": "Point",
        "coordinates": [
          2.2009445,
          41.4084445
        ]
      },
      "properties": {
        "id": "osm-n-13336717726",
        "category": "aed",
        "name": "Aed",
        "wheelchair": "yes",
        "fee": null,
        "opening_hours": "24/7",
        "source": "osm"
      }
    },
    {
      "type": "Feature",
      "geometry": {
        "type": "Point",
        "coordinates": [
          2.2041344,
          41.4117137
        ]
      },
      "properties": {
        "id": "osm-n-13337938901",
        "category": "charging",
        "name": "Charging",
        "wheelchair": null,
        "fee": null,
        "opening_hours": null,
        "source": "osm"
      }
    },
    {
      "type": "Feature",
      "geometry": {
        "type": "Point",
        "coordinates": [
          2.1913129,
          41.4038435
        ]
      },
      "properties": {
        "id": "osm-n-13348258266",
        "category": "aed",
        "name": "Aed",
        "wheelchair": "yes",
        "fee": null,
        "opening_hours": null,
        "source": "osm"
      }
    },
    {
      "type": "Feature",
      "geometry": {
        "type": "Point",
        "coordinates": [
          2.2065023,
          41.414887
        ]
      },
      "properties": {
        "id": "osm-n-13350718958",
        "category": "aed",
        "name": "Aed",
        "wheelchair": null,
        "fee": null,
        "opening_hours": null,
        "source": "osm"
      }
    },
    {
      "type": "Feature",
      "geometry": {
        "type": "Point",
        "coordinates": [
          2.2071137,
          41.424255
        ]
      },
      "properties": {
        "id": "osm-n-13350756572",
        "category": "aed",
        "name": "Aed",
        "wheelchair": "yes",
        "fee": null,
        "opening_hours": null,
        "source": "osm"
      }
    },
    {
      "type": "Feature",
      "geometry": {
        "type": "Point",
        "coordinates": [
          2.2208034,
          41.4152983
        ]
      },
      "properties": {
        "id": "osm-n-13350767301",
        "category": "cafe",
        "name": "El Capricho",
        "wheelchair": null,
        "fee": null,
        "opening_hours": null,
        "source": "osm"
      }
    },
    {
      "type": "Feature",
      "geometry": {
        "type": "Point",
        "coordinates": [
          2.1919512,
          41.434499
        ]
      },
      "properties": {
        "id": "osm-n-13356106901",
        "category": "charging",
        "name": "Parking indigo Can Fabra",
        "wheelchair": null,
        "fee": null,
        "opening_hours": "24/7",
        "source": "osm"
      }
    },
    {
      "type": "Feature",
      "geometry": {
        "type": "Point",
        "coordinates": [
          2.1999781,
          41.4405966
        ]
      },
      "properties": {
        "id": "osm-n-13356227102",
        "category": "charging",
        "name": "Nissan San Andr\u00e9s de Palomar",
        "wheelchair": null,
        "fee": null,
        "opening_hours": "Mo-Su 08:00-20:00",
        "source": "osm"
      }
    },
    {
      "type": "Feature",
      "geometry": {
        "type": "Point",
        "coordinates": [
          2.2277055,
          41.4440717
        ]
      },
      "properties": {
        "id": "osm-n-13356227103",
        "category": "charging",
        "name": "bp La Salut",
        "wheelchair": null,
        "fee": "yes",
        "opening_hours": null,
        "source": "osm"
      }
    },
    {
      "type": "Feature",
      "geometry": {
        "type": "Point",
        "coordinates": [
          2.1972951,
          41.4406262
        ]
      },
      "properties": {
        "id": "osm-n-13356228401",
        "category": "charging",
        "name": "CC Westfield La Maquinista",
        "wheelchair": null,
        "fee": null,
        "opening_hours": null,
        "source": "osm"
      }
    },
    {
      "type": "Feature",
      "geometry": {
        "type": "Point",
        "coordinates": [
          2.1772015,
          41.4100298
        ]
      },
      "properties": {
        "id": "osm-n-13357452201",
        "category": "charging",
        "name": "Interparking Hispania",
        "wheelchair": null,
        "fee": null,
        "opening_hours": "24/7",
        "source": "osm"
      }
    },
    {
      "type": "Feature",
      "geometry": {
        "type": "Point",
        "coordinates": [
          2.1918923,
          41.4233671
        ]
      },
      "properties": {
        "id": "osm-n-13357458601",
        "category": "charging",
        "name": "Eranovum",
        "wheelchair": null,
        "fee": null,
        "opening_hours": "Mo-Sa 09:00-21:00",
        "source": "osm"
      }
    },
    {
      "type": "Feature",
      "geometry": {
        "type": "Point",
        "coordinates": [
          2.1742204,
          41.4071832
        ]
      },
      "properties": {
        "id": "osm-n-13398073402",
        "category": "cafe",
        "name": "Blooms by Sasha",
        "wheelchair": null,
        "fee": null,
        "opening_hours": null,
        "source": "osm"
      }
    },
    {
      "type": "Feature",
      "geometry": {
        "type": "Point",
        "coordinates": [
          2.1853752,
          41.4283651
        ]
      },
      "properties": {
        "id": "osm-n-13398646996",
        "category": "parking",
        "name": "Aparcament Hipercor",
        "wheelchair": null,
        "fee": null,
        "opening_hours": null,
        "source": "osm"
      }
    },
    {
      "type": "Feature",
      "geometry": {
        "type": "Point",
        "coordinates": [
          2.1854437,
          41.4283638
        ]
      },
      "properties": {
        "id": "osm-n-13398646997",
        "category": "parking",
        "name": "Aparcament Cevasa",
        "wheelchair": null,
        "fee": null,
        "opening_hours": null,
        "source": "osm"
      }
    },
    {
      "type": "Feature",
      "geometry": {
        "type": "Point",
        "coordinates": [
          2.2043386,
          41.3953628
        ]
      },
      "properties": {
        "id": "osm-n-13431435554",
        "category": "info",
        "name": "Pistes Esportives",
        "wheelchair": null,
        "fee": null,
        "opening_hours": null,
        "source": "osm"
      }
    },
    {
      "type": "Feature",
      "geometry": {
        "type": "Point",
        "coordinates": [
          2.2034574,
          41.3947942
        ]
      },
      "properties": {
        "id": "osm-n-13431437623",
        "category": "info",
        "name": "Info",
        "wheelchair": null,
        "fee": null,
        "opening_hours": null,
        "source": "osm"
      }
    },
    {
      "type": "Feature",
      "geometry": {
        "type": "Point",
        "coordinates": [
          2.2215698,
          41.4098039
        ]
      },
      "properties": {
        "id": "osm-n-13431439448",
        "category": "info",
        "name": "Info",
        "wheelchair": null,
        "fee": null,
        "opening_hours": null,
        "source": "osm"
      }
    },
    {
      "type": "Feature",
      "geometry": {
        "type": "Point",
        "coordinates": [
          2.225809,
          41.4145785
        ]
      },
      "properties": {
        "id": "osm-n-13431481817",
        "category": "info",
        "name": "El Camp de la Bota, Espai de Memoria",
        "wheelchair": null,
        "fee": null,
        "opening_hours": null,
        "source": "osm"
      }
    },
    {
      "type": "Feature",
      "geometry": {
        "type": "Point",
        "coordinates": [
          2.2148888,
          41.4307367
        ]
      },
      "properties": {
        "id": "osm-n-13431482304",
        "category": "info",
        "name": "Revegetaci\u00f3 del Parc",
        "wheelchair": null,
        "fee": null,
        "opening_hours": null,
        "source": "osm"
      }
    },
    {
      "type": "Feature",
      "geometry": {
        "type": "Point",
        "coordinates": [
          2.2296159,
          41.4170075
        ]
      },
      "properties": {
        "id": "osm-n-13431482305",
        "category": "info",
        "name": "Normas",
        "wheelchair": null,
        "fee": null,
        "opening_hours": null,
        "source": "osm"
      }
    },
    {
      "type": "Feature",
      "geometry": {
        "type": "Point",
        "coordinates": [
          2.231409,
          41.4227718
        ]
      },
      "properties": {
        "id": "osm-n-13431482402",
        "category": "info",
        "name": "Parc del Litoral",
        "wheelchair": null,
        "fee": null,
        "opening_hours": null,
        "source": "osm"
      }
    },
    {
      "type": "Feature",
      "geometry": {
        "type": "Point",
        "coordinates": [
          2.1904801,
          41.412798
        ]
      },
      "properties": {
        "id": "osm-n-13440069259",
        "category": "aed",
        "name": "Aed",
        "wheelchair": "yes",
        "fee": null,
        "opening_hours": null,
        "source": "osm"
      }
    },
    {
      "type": "Feature",
      "geometry": {
        "type": "Point",
        "coordinates": [
          2.1839963,
          41.4294521
        ]
      },
      "properties": {
        "id": "osm-n-13444480439",
        "category": "cafe",
        "name": "365",
        "wheelchair": null,
        "fee": null,
        "opening_hours": null,
        "source": "osm"
      }
    },
    {
      "type": "Feature",
      "geometry": {
        "type": "Point",
        "coordinates": [
          2.1839579,
          41.4295176
        ]
      },
      "properties": {
        "id": "osm-n-13444480440",
        "category": "shop",
        "name": "Shop",
        "wheelchair": null,
        "fee": null,
        "opening_hours": null,
        "source": "osm"
      }
    },
    {
      "type": "Feature",
      "geometry": {
        "type": "Point",
        "coordinates": [
          2.1894733,
          41.4316887
        ]
      },
      "properties": {
        "id": "osm-n-13444480446",
        "category": "cafe",
        "name": "Massamara",
        "wheelchair": null,
        "fee": null,
        "opening_hours": null,
        "source": "osm"
      }
    },
    {
      "type": "Feature",
      "geometry": {
        "type": "Point",
        "coordinates": [
          2.1913563,
          41.4357514
        ]
      },
      "properties": {
        "id": "osm-n-13444480453",
        "category": "cafe",
        "name": "Vivari",
        "wheelchair": null,
        "fee": null,
        "opening_hours": null,
        "source": "osm"
      }
    },
    {
      "type": "Feature",
      "geometry": {
        "type": "Point",
        "coordinates": [
          2.1909321,
          41.4362415
        ]
      },
      "properties": {
        "id": "osm-n-13444480454",
        "category": "cafe",
        "name": "365",
        "wheelchair": null,
        "fee": null,
        "opening_hours": null,
        "source": "osm"
      }
    },
    {
      "type": "Feature",
      "geometry": {
        "type": "Point",
        "coordinates": [
          2.1909454,
          41.436993
        ]
      },
      "properties": {
        "id": "osm-n-13444480456",
        "category": "cafe",
        "name": "El Taller",
        "wheelchair": null,
        "fee": null,
        "opening_hours": null,
        "source": "osm"
      }
    },
    {
      "type": "Feature",
      "geometry": {
        "type": "Point",
        "coordinates": [
          2.1898941,
          41.4375241
        ]
      },
      "properties": {
        "id": "osm-n-13444480461",
        "category": "cafe",
        "name": "Cafeter\u00eda tres",
        "wheelchair": null,
        "fee": null,
        "opening_hours": null,
        "source": "osm"
      }
    },
    {
      "type": "Feature",
      "geometry": {
        "type": "Point",
        "coordinates": [
          2.1892926,
          41.431357
        ]
      },
      "properties": {
        "id": "osm-n-13444480469",
        "category": "cafe",
        "name": "Ruta Gallega",
        "wheelchair": null,
        "fee": null,
        "opening_hours": null,
        "source": "osm"
      }
    },
    {
      "type": "Feature",
      "geometry": {
        "type": "Point",
        "coordinates": [
          2.1725241,
          41.4074223
        ]
      },
      "properties": {
        "id": "osm-n-13452366001",
        "category": "parking",
        "name": "SAGRADA FAMILIA 24H",
        "wheelchair": null,
        "fee": null,
        "opening_hours": "24/7",
        "source": "osm"
      }
    },
    {
      "type": "Feature",
      "geometry": {
        "type": "Point",
        "coordinates": [
          2.1862743,
          41.4066688
        ]
      },
      "properties": {
        "id": "osm-n-13470732826",
        "category": "aed",
        "name": "Aed",
        "wheelchair": "yes",
        "fee": null,
        "opening_hours": null,
        "source": "osm"
      }
    },
    {
      "type": "Feature",
      "geometry": {
        "type": "Point",
        "coordinates": [
          2.1880192,
          41.4024705
        ]
      },
      "properties": {
        "id": "osm-n-13470743801",
        "category": "toilet",
        "name": "Toilet",
        "wheelchair": null,
        "fee": null,
        "opening_hours": null,
        "source": "osm"
      }
    },
    {
      "type": "Feature",
      "geometry": {
        "type": "Point",
        "coordinates": [
          2.206934,
          41.4328019
        ]
      },
      "properties": {
        "id": "osm-n-13472935101",
        "category": "charging",
        "name": "Repsol",
        "wheelchair": null,
        "fee": null,
        "opening_hours": null,
        "source": "osm"
      }
    },
    {
      "type": "Feature",
      "geometry": {
        "type": "Point",
        "coordinates": [
          2.1763801,
          41.4057154
        ]
      },
      "properties": {
        "id": "osm-n-13473601001",
        "category": "toilet",
        "name": "Toilet",
        "wheelchair": null,
        "fee": null,
        "opening_hours": null,
        "source": "osm"
      }
    },
    {
      "type": "Feature",
      "geometry": {
        "type": "Point",
        "coordinates": [
          2.1850358,
          41.391952
        ]
      },
      "properties": {
        "id": "osm-n-13521899961",
        "category": "aed",
        "name": "Aed",
        "wheelchair": "yes",
        "fee": null,
        "opening_hours": null,
        "source": "osm"
      }
    },
    {
      "type": "Feature",
      "geometry": {
        "type": "Point",
        "coordinates": [
          2.1844828,
          41.3918007
        ]
      },
      "properties": {
        "id": "osm-n-13521940852",
        "category": "aed",
        "name": "Aed",
        "wheelchair": "yes",
        "fee": null,
        "opening_hours": null,
        "source": "osm"
      }
    },
    {
      "type": "Feature",
      "geometry": {
        "type": "Point",
        "coordinates": [
          2.1844973,
          41.3917398
        ]
      },
      "properties": {
        "id": "osm-n-13521974101",
        "category": "toilet",
        "name": "Toilet",
        "wheelchair": null,
        "fee": null,
        "opening_hours": null,
        "source": "osm"
      }
    },
    {
      "type": "Feature",
      "geometry": {
        "type": "Point",
        "coordinates": [
          2.1872909,
          41.403842
        ]
      },
      "properties": {
        "id": "osm-n-13524818150",
        "category": "toilet",
        "name": "Toilet",
        "wheelchair": null,
        "fee": null,
        "opening_hours": null,
        "source": "osm"
      }
    },
    {
      "type": "Feature",
      "geometry": {
        "type": "Point",
        "coordinates": [
          2.2132262,
          41.4006734
        ]
      },
      "properties": {
        "id": "osm-n-13532668795",
        "category": "water",
        "name": "Water",
        "wheelchair": null,
        "fee": null,
        "opening_hours": null,
        "source": "osm"
      }
    },
    {
      "type": "Feature",
      "geometry": {
        "type": "Point",
        "coordinates": [
          2.2283133,
          41.4351991
        ]
      },
      "properties": {
        "id": "osm-n-13537506991",
        "category": "shop",
        "name": "Shop",
        "wheelchair": null,
        "fee": null,
        "opening_hours": null,
        "source": "osm"
      }
    },
    {
      "type": "Feature",
      "geometry": {
        "type": "Point",
        "coordinates": [
          2.1898351,
          41.3918572
        ]
      },
      "properties": {
        "id": "osm-n-13563533586",
        "category": "cafe",
        "name": "Couleur caf\u00e9",
        "wheelchair": null,
        "fee": null,
        "opening_hours": "Mo-Sa 07:00-20:00; Su 08:00-15:00",
        "source": "osm"
      }
    },
    {
      "type": "Feature",
      "geometry": {
        "type": "Point",
        "coordinates": [
          2.1884483,
          41.4084993
        ]
      },
      "properties": {
        "id": "osm-n-13566853739",
        "category": "cafe",
        "name": "Natury",
        "wheelchair": null,
        "fee": null,
        "opening_hours": null,
        "source": "osm"
      }
    },
    {
      "type": "Feature",
      "geometry": {
        "type": "Point",
        "coordinates": [
          2.1799463,
          41.4254149
        ]
      },
      "properties": {
        "id": "osm-n-13569706301",
        "category": "cafe",
        "name": "Granja La Lluna",
        "wheelchair": null,
        "fee": null,
        "opening_hours": null,
        "source": "osm"
      }
    },
    {
      "type": "Feature",
      "geometry": {
        "type": "Point",
        "coordinates": [
          2.195272,
          41.4041368
        ]
      },
      "properties": {
        "id": "osm-n-13586266214",
        "category": "aed",
        "name": "Aed",
        "wheelchair": "yes",
        "fee": null,
        "opening_hours": null,
        "source": "osm"
      }
    },
    {
      "type": "Feature",
      "geometry": {
        "type": "Point",
        "coordinates": [
          2.2132966,
          41.4377402
        ]
      },
      "properties": {
        "id": "osm-n-13606908801",
        "category": "aed",
        "name": "Aed",
        "wheelchair": null,
        "fee": null,
        "opening_hours": null,
        "source": "osm"
      }
    },
    {
      "type": "Feature",
      "geometry": {
        "type": "Point",
        "coordinates": [
          2.1761644,
          41.3956845
        ]
      },
      "properties": {
        "id": "osm-n-13684007383",
        "category": "cafe",
        "name": "Granja Cafeteria",
        "wheelchair": "no",
        "fee": null,
        "opening_hours": "Mo-Fr 09:00-20:00",
        "source": "osm"
      }
    },
    {
      "type": "Feature",
      "geometry": {
        "type": "Point",
        "coordinates": [
          2.2024029,
          41.3908832
        ]
      },
      "properties": {
        "id": "osm-n-13713327529",
        "category": "cafe",
        "name": "Cafe",
        "wheelchair": null,
        "fee": null,
        "opening_hours": null,
        "source": "osm"
      }
    },
    {
      "type": "Feature",
      "geometry": {
        "type": "Point",
        "coordinates": [
          2.2064956,
          41.3943611
        ]
      },
      "properties": {
        "id": "osm-n-13713357537",
        "category": "cafe",
        "name": "Cafe",
        "wheelchair": null,
        "fee": null,
        "opening_hours": null,
        "source": "osm"
      }
    },
    {
      "type": "Feature",
      "geometry": {
        "type": "Point",
        "coordinates": [
          2.2078205,
          41.3953673
        ]
      },
      "properties": {
        "id": "osm-n-13713360007",
        "category": "cafe",
        "name": "Cafe",
        "wheelchair": null,
        "fee": null,
        "opening_hours": null,
        "source": "osm"
      }
    },
    {
      "type": "Feature",
      "geometry": {
        "type": "Point",
        "coordinates": [
          2.1894003,
          41.4292574
        ]
      },
      "properties": {
        "id": "osm-n-13720124240",
        "category": "aed",
        "name": "Aed",
        "wheelchair": "limited",
        "fee": null,
        "opening_hours": null,
        "source": "osm"
      }
    },
    {
      "type": "Feature",
      "geometry": {
        "type": "Point",
        "coordinates": [
          2.1744425,
          41.4046682
        ]
      },
      "properties": {
        "id": "osm-n-13724930217",
        "category": "water",
        "name": "Ajuntament de Barcelona",
        "wheelchair": "yes",
        "fee": "no",
        "opening_hours": "24/7",
        "source": "osm"
      }
    },
    {
      "type": "Feature",
      "geometry": {
        "type": "Point",
        "coordinates": [
          2.1927323,
          41.3847061
        ]
      },
      "properties": {
        "id": "osm-n-13744805502",
        "category": "cafe",
        "name": "Cafe",
        "wheelchair": null,
        "fee": null,
        "opening_hours": null,
        "source": "osm"
      }
    },
    {
      "type": "Feature",
      "geometry": {
        "type": "Point",
        "coordinates": [
          2.2119707,
          41.4390855
        ]
      },
      "properties": {
        "id": "osm-w-34303721",
        "category": "parking",
        "name": "Parking",
        "wheelchair": null,
        "fee": null,
        "opening_hours": null,
        "source": "osm"
      }
    },
    {
      "type": "Feature",
      "geometry": {
        "type": "Point",
        "coordinates": [
          2.2128933,
          41.4378737
        ]
      },
      "properties": {
        "id": "osm-w-34303722",
        "category": "hospital",
        "name": "Hospital de l'Esperit Sant",
        "wheelchair": "yes",
        "fee": null,
        "opening_hours": null,
        "source": "osm"
      }
    },
    {
      "type": "Feature",
      "geometry": {
        "type": "Point",
        "coordinates": [
          2.2200125,
          41.4376721
        ]
      },
      "properties": {
        "id": "osm-w-34778120",
        "category": "clinic",
        "name": "Centre d'Atenci\u00f3 Prim\u00e0ria de Llefi\u00e0",
        "wheelchair": null,
        "fee": null,
        "opening_hours": "Mo-Fr 08:00-20:00; Sa 09:00-17:00",
        "source": "osm"
      }
    },
    {
      "type": "Feature",
      "geometry": {
        "type": "Point",
        "coordinates": [
          2.2099009,
          41.441552
        ]
      },
      "properties": {
        "id": "osm-w-34847836",
        "category": "parking",
        "name": "Parking",
        "wheelchair": null,
        "fee": null,
        "opening_hours": null,
        "source": "osm"
      }
    },
    {
      "type": "Feature",
      "geometry": {
        "type": "Point",
        "coordinates": [
          2.1966668,
          41.441016
        ]
      },
      "properties": {
        "id": "osm-w-35169250",
        "category": "parking",
        "name": "Parking exterior de La Maquinista",
        "wheelchair": null,
        "fee": "no",
        "opening_hours": null,
        "source": "osm"
      }
    },
    {
      "type": "Feature",
      "geometry": {
        "type": "Point",
        "coordinates": [
          2.2127973,
          41.4365349
        ]
      },
      "properties": {
        "id": "osm-w-37833558",
        "category": "parking",
        "name": "Parking",
        "wheelchair": null,
        "fee": null,
        "opening_hours": null,
        "source": "osm"
      }
    },
    {
      "type": "Feature",
      "geometry": {
        "type": "Point",
        "coordinates": [
          2.228211,
          41.4273523
        ]
      },
      "properties": {
        "id": "osm-w-46228631",
        "category": "parking",
        "name": "Parking",
        "wheelchair": null,
        "fee": "no",
        "opening_hours": null,
        "source": "osm"
      }
    },
    {
      "type": "Feature",
      "geometry": {
        "type": "Point",
        "coordinates": [
          2.195657,
          41.419179
        ]
      },
      "properties": {
        "id": "osm-w-48708070",
        "category": "parking",
        "name": "Parking",
        "wheelchair": null,
        "fee": "yes",
        "opening_hours": null,
        "source": "osm"
      }
    },
    {
      "type": "Feature",
      "geometry": {
        "type": "Point",
        "coordinates": [
          2.2127531,
          41.4333024
        ]
      },
      "properties": {
        "id": "osm-w-48831479",
        "category": "parking",
        "name": "Parking",
        "wheelchair": null,
        "fee": "no",
        "opening_hours": null,
        "source": "osm"
      }
    },
    {
      "type": "Feature",
      "geometry": {
        "type": "Point",
        "coordinates": [
          2.1819197,
          41.4283492
        ]
      },
      "properties": {
        "id": "osm-w-123306055",
        "category": "parking",
        "name": "Parking",
        "wheelchair": null,
        "fee": null,
        "opening_hours": null,
        "source": "osm"
      }
    },
    {
      "type": "Feature",
      "geometry": {
        "type": "Point",
        "coordinates": [
          2.2050001,
          41.3969738
        ]
      },
      "properties": {
        "id": "osm-w-123492023",
        "category": "parking",
        "name": "Parking",
        "wheelchair": null,
        "fee": null,
        "opening_hours": null,
        "source": "osm"
      }
    },
    {
      "type": "Feature",
      "geometry": {
        "type": "Point",
        "coordinates": [
          2.2276485,
          41.4240118
        ]
      },
      "properties": {
        "id": "osm-w-143909191",
        "category": "parking",
        "name": "Parking",
        "wheelchair": null,
        "fee": "no",
        "opening_hours": null,
        "source": "osm"
      }
    },
    {
      "type": "Feature",
      "geometry": {
        "type": "Point",
        "coordinates": [
          2.1728153,
          41.4148687
        ]
      },
      "properties": {
        "id": "osm-w-145985160",
        "category": "parking",
        "name": "Parking",
        "wheelchair": null,
        "fee": "yes",
        "opening_hours": null,
        "source": "osm"
      }
    },
    {
      "type": "Feature",
      "geometry": {
        "type": "Point",
        "coordinates": [
          2.2285899,
          41.4278229
        ]
      },
      "properties": {
        "id": "osm-w-177886867",
        "category": "fuel",
        "name": "Betzinera Alcampo Sant Adri\u00e0",
        "wheelchair": null,
        "fee": null,
        "opening_hours": null,
        "source": "osm"
      }
    },
    {
      "type": "Feature",
      "geometry": {
        "type": "Point",
        "coordinates": [
          2.217678,
          41.4299183
        ]
      },
      "properties": {
        "id": "osm-w-177904634",
        "category": "clinic",
        "name": "Centre d'Atenci\u00f3 Prim\u00e0ria Doctor Barraquer",
        "wheelchair": null,
        "fee": null,
        "opening_hours": "Mo-Fr 08:00-20:00; Sa 09:00-17:00; PH off",
        "source": "osm"
      }
    },
    {
      "type": "Feature",
      "geometry": {
        "type": "Point",
        "coordinates": [
          2.1927048,
          41.3925373
        ]
      },
      "properties": {
        "id": "osm-w-198365449",
        "category": "parking",
        "name": "Parking",
        "wheelchair": null,
        "fee": null,
        "opening_hours": null,
        "source": "osm"
      }
    },
    {
      "type": "Feature",
      "geometry": {
        "type": "Point",
        "coordinates": [
          2.1929475,
          41.3926046
        ]
      },
      "properties": {
        "id": "osm-w-198464695",
        "category": "fuel",
        "name": "Repsol",
        "wheelchair": null,
        "fee": null,
        "opening_hours": "Mo-Fr 07:00-22:00; Sa 08:00-20:00",
        "source": "osm"
      }
    },
    {
      "type": "Feature",
      "geometry": {
        "type": "Point",
        "coordinates": [
          2.2300243,
          41.4433372
        ]
      },
      "properties": {
        "id": "osm-w-201931590",
        "category": "parking",
        "name": "Parking",
        "wheelchair": null,
        "fee": "yes",
        "opening_hours": null,
        "source": "osm"
      }
    },
    {
      "type": "Feature",
      "geometry": {
        "type": "Point",
        "coordinates": [
          2.2318433,
          41.426823
        ]
      },
      "properties": {
        "id": "osm-w-206964777",
        "category": "parking",
        "name": "Parking",
        "wheelchair": null,
        "fee": null,
        "opening_hours": null,
        "source": "osm"
      }
    },
    {
      "type": "Feature",
      "geometry": {
        "type": "Point",
        "coordinates": [
          2.2303985,
          41.4226638
        ]
      },
      "properties": {
        "id": "osm-w-208005161",
        "category": "parking",
        "name": "Parking",
        "wheelchair": null,
        "fee": "no",
        "opening_hours": null,
        "source": "osm"
      }
    },
    {
      "type": "Feature",
      "geometry": {
        "type": "Point",
        "coordinates": [
          2.2217697,
          41.4268405
        ]
      },
      "properties": {
        "id": "osm-w-208482065",
        "category": "parking",
        "name": "Parking",
        "wheelchair": null,
        "fee": null,
        "opening_hours": null,
        "source": "osm"
      }
    },
    {
      "type": "Feature",
      "geometry": {
        "type": "Point",
        "coordinates": [
          2.2206075,
          41.4276347
        ]
      },
      "properties": {
        "id": "osm-w-213209221",
        "category": "parking",
        "name": "Parking",
        "wheelchair": null,
        "fee": null,
        "opening_hours": null,
        "source": "osm"
      }
    },
    {
      "type": "Feature",
      "geometry": {
        "type": "Point",
        "coordinates": [
          2.2039171,
          41.3928002
        ]
      },
      "properties": {
        "id": "osm-w-217581807",
        "category": "parking",
        "name": "Parking",
        "wheelchair": null,
        "fee": null,
        "opening_hours": null,
        "source": "osm"
      }
    },
    {
      "type": "Feature",
      "geometry": {
        "type": "Point",
        "coordinates": [
          2.1944986,
          41.4013987
        ]
      },
      "properties": {
        "id": "osm-w-220149045",
        "category": "hospital",
        "name": "Hospital Evangelic",
        "wheelchair": null,
        "fee": null,
        "opening_hours": null,
        "source": "osm"
      }
    },
    {
      "type": "Feature",
      "geometry": {
        "type": "Point",
        "coordinates": [
          2.2017155,
          41.386632
        ]
      },
      "properties": {
        "id": "osm-w-231671767",
        "category": "parking",
        "name": "Parking",
        "wheelchair": null,
        "fee": "yes",
        "opening_hours": null,
        "source": "osm"
      }
    },
    {
      "type": "Feature",
      "geometry": {
        "type": "Point",
        "coordinates": [
          2.1965608,
          41.424798
        ]
      },
      "properties": {
        "id": "osm-w-232183845",
        "category": "parking",
        "name": "Parking",
        "wheelchair": null,
        "fee": null,
        "opening_hours": null,
        "source": "osm"
      }
    },
    {
      "type": "Feature",
      "geometry": {
        "type": "Point",
        "coordinates": [
          2.1993063,
          41.4424722
        ]
      },
      "properties": {
        "id": "osm-w-248666365",
        "category": "fuel",
        "name": "Petrocat",
        "wheelchair": null,
        "fee": null,
        "opening_hours": "24/7",
        "source": "osm"
      }
    },
    {
      "type": "Feature",
      "geometry": {
        "type": "Point",
        "coordinates": [
          2.1727758,
          41.4129259
        ]
      },
      "properties": {
        "id": "osm-w-273777907",
        "category": "hospital",
        "name": "Fundaci\u00f3 Puigvert - Iuna",
        "wheelchair": "yes",
        "fee": null,
        "opening_hours": null,
        "source": "osm"
      }
    },
    {
      "type": "Feature",
      "geometry": {
        "type": "Point",
        "coordinates": [
          2.2408234,
          41.4408217
        ]
      },
      "properties": {
        "id": "osm-w-278190059",
        "category": "clinic",
        "name": "Centro de Asistencia Primaria General Weyler",
        "wheelchair": null,
        "fee": null,
        "opening_hours": null,
        "source": "osm"
      }
    },
    {
      "type": "Feature",
      "geometry": {
        "type": "Point",
        "coordinates": [
          2.1723166,
          41.4140202
        ]
      },
      "properties": {
        "id": "osm-w-283084514",
        "category": "parking",
        "name": "SABA Hospital de Sant Pau",
        "wheelchair": "yes",
        "fee": "yes",
        "opening_hours": null,
        "source": "osm"
      }
    },
    {
      "type": "Feature",
      "geometry": {
        "type": "Point",
        "coordinates": [
          2.181024,
          41.4157799
        ]
      },
      "properties": {
        "id": "osm-w-297193184",
        "category": "clinic",
        "name": "Centre d'Atenci\u00f3 Prim\u00e0ria Maragall",
        "wheelchair": null,
        "fee": null,
        "opening_hours": "Mo-Fr 08:00-20:00; Sa 09:00-14:00",
        "source": "osm"
      }
    },
    {
      "type": "Feature",
      "geometry": {
        "type": "Point",
        "coordinates": [
          2.2244091,
          41.4088224
        ]
      },
      "properties": {
        "id": "osm-w-318037346",
        "category": "parking",
        "name": "Parking",
        "wheelchair": null,
        "fee": null,
        "opening_hours": null,
        "source": "osm"
      }
    },
    {
      "type": "Feature",
      "geometry": {
        "type": "Point",
        "coordinates": [
          2.2226501,
          41.4106429
        ]
      },
      "properties": {
        "id": "osm-w-318037347",
        "category": "parking",
        "name": "Parking",
        "wheelchair": null,
        "fee": null,
        "opening_hours": null,
        "source": "osm"
      }
    },
    {
      "type": "Feature",
      "geometry": {
        "type": "Point",
        "coordinates": [
          2.1863531,
          41.4210453
        ]
      },
      "properties": {
        "id": "osm-w-324477987",
        "category": "fuel",
        "name": "Repsol",
        "wheelchair": null,
        "fee": null,
        "opening_hours": "Mo-Su 06:00-22:00",
        "source": "osm"
      }
    },
    {
      "type": "Feature",
      "geometry": {
        "type": "Point",
        "coordinates": [
          2.2210013,
          41.4440092
        ]
      },
      "properties": {
        "id": "osm-w-336931301",
        "category": "parking",
        "name": "Manzana XIII",
        "wheelchair": null,
        "fee": null,
        "opening_hours": null,
        "source": "osm"
      }
    },
    {
      "type": "Feature",
      "geometry": {
        "type": "Point",
        "coordinates": [
          2.1741031,
          41.4171126
        ]
      },
      "properties": {
        "id": "osm-w-370498378",
        "category": "parking",
        "name": "Parking",
        "wheelchair": null,
        "fee": "yes",
        "opening_hours": null,
        "source": "osm"
      }
    },
    {
      "type": "Feature",
      "geometry": {
        "type": "Point",
        "coordinates": [
          2.2301794,
          41.4396094
        ]
      },
      "properties": {
        "id": "osm-w-376752039",
        "category": "parking",
        "name": "Aparcament Regal\u00e8ssia",
        "wheelchair": null,
        "fee": null,
        "opening_hours": null,
        "source": "osm"
      }
    },
    {
      "type": "Feature",
      "geometry": {
        "type": "Point",
        "coordinates": [
          2.2277422,
          41.4376718
        ]
      },
      "properties": {
        "id": "osm-w-376752040",
        "category": "parking",
        "name": "Engestur",
        "wheelchair": null,
        "fee": "yes",
        "opening_hours": null,
        "source": "osm"
      }
    },
    {
      "type": "Feature",
      "geometry": {
        "type": "Point",
        "coordinates": [
          2.2145943,
          41.4405328
        ]
      },
      "properties": {
        "id": "osm-w-376752041",
        "category": "parking",
        "name": "Engestur",
        "wheelchair": null,
        "fee": "yes",
        "opening_hours": null,
        "source": "osm"
      }
    },
    {
      "type": "Feature",
      "geometry": {
        "type": "Point",
        "coordinates": [
          2.2191889,
          41.4453213
        ]
      },
      "properties": {
        "id": "osm-w-376752042",
        "category": "parking",
        "name": "Aparcament Saturno",
        "wheelchair": null,
        "fee": "yes",
        "opening_hours": null,
        "source": "osm"
      }
    },
    {
      "type": "Feature",
      "geometry": {
        "type": "Point",
        "coordinates": [
          2.2301795,
          41.4410987
        ]
      },
      "properties": {
        "id": "osm-w-379782777",
        "category": "parking",
        "name": "Engestur",
        "wheelchair": null,
        "fee": "yes",
        "opening_hours": null,
        "source": "osm"
      }
    },
    {
      "type": "Feature",
      "geometry": {
        "type": "Point",
        "coordinates": [
          2.2011736,
          41.3961896
        ]
      },
      "properties": {
        "id": "osm-w-382392118",
        "category": "fuel",
        "name": "Q8",
        "wheelchair": null,
        "fee": null,
        "opening_hours": "24/7",
        "source": "osm"
      }
    },
    {
      "type": "Feature",
      "geometry": {
        "type": "Point",
        "coordinates": [
          2.2372167,
          41.433884
        ]
      },
      "properties": {
        "id": "osm-w-382675727",
        "category": "parking",
        "name": "Parking",
        "wheelchair": null,
        "fee": null,
        "opening_hours": null,
        "source": "osm"
      }
    },
    {
      "type": "Feature",
      "geometry": {
        "type": "Point",
        "coordinates": [
          2.2370819,
          41.4337534
        ]
      },
      "properties": {
        "id": "osm-w-382675735",
        "category": "parking",
        "name": "Parking",
        "wheelchair": null,
        "fee": null,
        "opening_hours": null,
        "source": "osm"
      }
    },
    {
      "type": "Feature",
      "geometry": {
        "type": "Point",
        "coordinates": [
          2.2256576,
          41.4457375
        ]
      },
      "properties": {
        "id": "osm-w-388310274",
        "category": "parking",
        "name": "Parking",
        "wheelchair": null,
        "fee": "no",
        "opening_hours": null,
        "source": "osm"
      }
    },
    {
      "type": "Feature",
      "geometry": {
        "type": "Point",
        "coordinates": [
          2.2265329,
          41.4450804
        ]
      },
      "properties": {
        "id": "osm-w-388310275",
        "category": "parking",
        "name": "Parking",
        "wheelchair": null,
        "fee": "no",
        "opening_hours": null,
        "source": "osm"
      }
    },
    {
      "type": "Feature",
      "geometry": {
        "type": "Point",
        "coordinates": [
          2.2262759,
          41.4452844
        ]
      },
      "properties": {
        "id": "osm-w-388310277",
        "category": "parking",
        "name": "Parking",
        "wheelchair": null,
        "fee": "no",
        "opening_hours": null,
        "source": "osm"
      }
    },
    {
      "type": "Feature",
      "geometry": {
        "type": "Point",
        "coordinates": [
          2.2260627,
          41.4456723
        ]
      },
      "properties": {
        "id": "osm-w-388310279",
        "category": "parking",
        "name": "Parking",
        "wheelchair": null,
        "fee": "no",
        "opening_hours": null,
        "source": "osm"
      }
    },
    {
      "type": "Feature",
      "geometry": {
        "type": "Point",
        "coordinates": [
          2.2257634,
          41.4454881
        ]
      },
      "properties": {
        "id": "osm-w-388310282",
        "category": "parking",
        "name": "Parking",
        "wheelchair": null,
        "fee": "no",
        "opening_hours": null,
        "source": "osm"
      }
    },
    {
      "type": "Feature",
      "geometry": {
        "type": "Point",
        "coordinates": [
          2.2257312,
          41.4451535
        ]
      },
      "properties": {
        "id": "osm-w-388310283",
        "category": "parking",
        "name": "Parking",
        "wheelchair": null,
        "fee": "no",
        "opening_hours": null,
        "source": "osm"
      }
    },
    {
      "type": "Feature",
      "geometry": {
        "type": "Point",
        "coordinates": [
          2.2262202,
          41.4450329
        ]
      },
      "properties": {
        "id": "osm-w-388310285",
        "category": "parking",
        "name": "Parking",
        "wheelchair": null,
        "fee": "no",
        "opening_hours": null,
        "source": "osm"
      }
    },
    {
      "type": "Feature",
      "geometry": {
        "type": "Point",
        "coordinates": [
          2.2254412,
          41.4453705
        ]
      },
      "properties": {
        "id": "osm-w-388310287",
        "category": "parking",
        "name": "Parking",
        "wheelchair": null,
        "fee": "no",
        "opening_hours": null,
        "source": "osm"
      }
    },
    {
      "type": "Feature",
      "geometry": {
        "type": "Point",
        "coordinates": [
          2.2278182,
          41.4440195
        ]
      },
      "properties": {
        "id": "osm-w-388310296",
        "category": "fuel",
        "name": "BP LA SALUT",
        "wheelchair": null,
        "fee": null,
        "opening_hours": null,
        "source": "osm"
      }
    },
    {
      "type": "Feature",
      "geometry": {
        "type": "Point",
        "coordinates": [
          2.2152749,
          41.4152567
        ]
      },
      "properties": {
        "id": "osm-w-388316960",
        "category": "clinic",
        "name": "Centre d'Atenci\u00f3 Prim\u00e0ria Bes\u00f2s",
        "wheelchair": null,
        "fee": null,
        "opening_hours": null,
        "source": "osm"
      }
    },
    {
      "type": "Feature",
      "geometry": {
        "type": "Point",
        "coordinates": [
          2.2205413,
          41.4410067
        ]
      },
      "properties": {
        "id": "osm-w-390058590",
        "category": "parking",
        "name": "Parking Manzana VI",
        "wheelchair": null,
        "fee": null,
        "opening_hours": null,
        "source": "osm"
      }
    },
    {
      "type": "Feature",
      "geometry": {
        "type": "Point",
        "coordinates": [
          2.2199752,
          41.4414151
        ]
      },
      "properties": {
        "id": "osm-w-390058591",
        "category": "parking",
        "name": "Parking",
        "wheelchair": null,
        "fee": null,
        "opening_hours": null,
        "source": "osm"
      }
    },
    {
      "type": "Feature",
      "geometry": {
        "type": "Point",
        "coordinates": [
          2.2250253,
          41.4351618
        ]
      },
      "properties": {
        "id": "osm-w-390106873",
        "category": "parking",
        "name": "Parking",
        "wheelchair": null,
        "fee": "no",
        "opening_hours": null,
        "source": "osm"
      }
    },
    {
      "type": "Feature",
      "geometry": {
        "type": "Point",
        "coordinates": [
          2.1917544,
          41.419415
        ]
      },
      "properties": {
        "id": "osm-w-391173846",
        "category": "parking",
        "name": "Parking",
        "wheelchair": null,
        "fee": null,
        "opening_hours": null,
        "source": "osm"
      }
    },
    {
      "type": "Feature",
      "geometry": {
        "type": "Point",
        "coordinates": [
          2.2264354,
          41.4433775
        ]
      },
      "properties": {
        "id": "osm-w-398963189",
        "category": "parking",
        "name": "Parking",
        "wheelchair": null,
        "fee": "no",
        "opening_hours": null,
        "source": "osm"
      }
    },
    {
      "type": "Feature",
      "geometry": {
        "type": "Point",
        "coordinates": [
          2.2180235,
          41.4429651
        ]
      },
      "properties": {
        "id": "osm-w-406282936",
        "category": "parking",
        "name": "Parquing Atl\u00e1ntida",
        "wheelchair": null,
        "fee": null,
        "opening_hours": null,
        "source": "osm"
      }
    },
    {
      "type": "Feature",
      "geometry": {
        "type": "Point",
        "coordinates": [
          2.2185835,
          41.4432556
        ]
      },
      "properties": {
        "id": "osm-w-406282952",
        "category": "parking",
        "name": "La Font",
        "wheelchair": null,
        "fee": "no",
        "opening_hours": null,
        "source": "osm"
      }
    },
    {
      "type": "Feature",
      "geometry": {
        "type": "Point",
        "coordinates": [
          2.2200117,
          41.4420175
        ]
      },
      "properties": {
        "id": "osm-w-406282953",
        "category": "parking",
        "name": "Parking Manzana VI",
        "wheelchair": null,
        "fee": null,
        "opening_hours": null,
        "source": "osm"
      }
    },
    {
      "type": "Feature",
      "geometry": {
        "type": "Point",
        "coordinates": [
          2.221914,
          41.4418352
        ]
      },
      "properties": {
        "id": "osm-w-406282958",
        "category": "parking",
        "name": "Parking Manzana VI",
        "wheelchair": null,
        "fee": null,
        "opening_hours": null,
        "source": "osm"
      }
    },
    {
      "type": "Feature",
      "geometry": {
        "type": "Point",
        "coordinates": [
          2.2210235,
          41.4422081
        ]
      },
      "properties": {
        "id": "osm-w-406282978",
        "category": "parking",
        "name": "Parking Manzana VI",
        "wheelchair": null,
        "fee": null,
        "opening_hours": null,
        "source": "osm"
      }
    },
    {
      "type": "Feature",
      "geometry": {
        "type": "Point",
        "coordinates": [
          2.2168205,
          41.4429586
        ]
      },
      "properties": {
        "id": "osm-w-406282983",
        "category": "parking",
        "name": "Parking Polideportivo",
        "wheelchair": null,
        "fee": null,
        "opening_hours": null,
        "source": "osm"
      }
    },
    {
      "type": "Feature",
      "geometry": {
        "type": "Point",
        "coordinates": [
          2.1950149,
          41.4277481
        ]
      },
      "properties": {
        "id": "osm-w-411520982",
        "category": "parking",
        "name": "Parking",
        "wheelchair": null,
        "fee": "yes",
        "opening_hours": null,
        "source": "osm"
      }
    },
    {
      "type": "Feature",
      "geometry": {
        "type": "Point",
        "coordinates": [
          2.2042386,
          41.3953192
        ]
      },
      "properties": {
        "id": "osm-w-412702054",
        "category": "cafe",
        "name": "Camping",
        "wheelchair": null,
        "fee": null,
        "opening_hours": "Sa-Su 11:00-19:00",
        "source": "osm"
      }
    },
    {
      "type": "Feature",
      "geometry": {
        "type": "Point",
        "coordinates": [
          2.1963051,
          41.4089695
        ]
      },
      "properties": {
        "id": "osm-w-413325272",
        "category": "parking",
        "name": "Parking",
        "wheelchair": null,
        "fee": "no",
        "opening_hours": null,
        "source": "osm"
      }
    },
    {
      "type": "Feature",
      "geometry": {
        "type": "Point",
        "coordinates": [
          2.1893206,
          41.4045889
        ]
      },
      "properties": {
        "id": "osm-w-422451473",
        "category": "parking",
        "name": "BSM Ona Gl\u00f2ries",
        "wheelchair": "yes",
        "fee": "yes",
        "opening_hours": "24/7",
        "source": "osm"
      }
    },
    {
      "type": "Feature",
      "geometry": {
        "type": "Point",
        "coordinates": [
          2.1933127,
          41.382436
        ]
      },
      "properties": {
        "id": "osm-w-423212269",
        "category": "cafe",
        "name": "GAMAR - Espai sense alcohol",
        "wheelchair": null,
        "fee": null,
        "opening_hours": "Mo-Fr 08:00-18:00",
        "source": "osm"
      }
    },
    {
      "type": "Feature",
      "geometry": {
        "type": "Point",
        "coordinates": [
          2.193278,
          41.3877789
        ]
      },
      "properties": {
        "id": "osm-w-423690355",
        "category": "cafe",
        "name": "La Se\u00f1orial",
        "wheelchair": null,
        "fee": null,
        "opening_hours": "07:00-22:30",
        "source": "osm"
      }
    },
    {
      "type": "Feature",
      "geometry": {
        "type": "Point",
        "coordinates": [
          2.1989212,
          41.4109196
        ]
      },
      "properties": {
        "id": "osm-w-427630730",
        "category": "fuel",
        "name": "Tur\u00f3 Park",
        "wheelchair": null,
        "fee": null,
        "opening_hours": null,
        "source": "osm"
      }
    },
    {
      "type": "Feature",
      "geometry": {
        "type": "Point",
        "coordinates": [
          2.1982159,
          41.4167729
        ]
      },
      "properties": {
        "id": "osm-w-429242583",
        "category": "parking",
        "name": "Parking",
        "wheelchair": "yes",
        "fee": null,
        "opening_hours": null,
        "source": "osm"
      }
    },
    {
      "type": "Feature",
      "geometry": {
        "type": "Point",
        "coordinates": [
          2.201764,
          41.4188978
        ]
      },
      "properties": {
        "id": "osm-w-429809744",
        "category": "parking",
        "name": "Parking",
        "wheelchair": null,
        "fee": null,
        "opening_hours": null,
        "source": "osm"
      }
    },
    {
      "type": "Feature",
      "geometry": {
        "type": "Point",
        "coordinates": [
          2.198103,
          41.418025
        ]
      },
      "properties": {
        "id": "osm-w-431248375",
        "category": "parking",
        "name": "Parking",
        "wheelchair": null,
        "fee": "no",
        "opening_hours": null,
        "source": "osm"
      }
    },
    {
      "type": "Feature",
      "geometry": {
        "type": "Point",
        "coordinates": [
          2.1995206,
          41.4143336
        ]
      },
      "properties": {
        "id": "osm-w-431252596",
        "category": "parking",
        "name": "Parking",
        "wheelchair": null,
        "fee": null,
        "opening_hours": null,
        "source": "osm"
      }
    },
    {
      "type": "Feature",
      "geometry": {
        "type": "Point",
        "coordinates": [
          2.2087629,
          41.4229265
        ]
      },
      "properties": {
        "id": "osm-w-432987133",
        "category": "clinic",
        "name": "Centre d'Atenci\u00f3 Prim\u00e0ria La Pau",
        "wheelchair": null,
        "fee": null,
        "opening_hours": "Mo-Fr 08:00-20:00",
        "source": "osm"
      }
    },
    {
      "type": "Feature",
      "geometry": {
        "type": "Point",
        "coordinates": [
          2.2185082,
          41.4127594
        ]
      },
      "properties": {
        "id": "osm-w-434767944",
        "category": "hospital",
        "name": "Consorci Mar Parc de Salut de Barcelona",
        "wheelchair": null,
        "fee": null,
        "opening_hours": null,
        "source": "osm"
      }
    },
    {
      "type": "Feature",
      "geometry": {
        "type": "Point",
        "coordinates": [
          2.2028583,
          41.4195778
        ]
      },
      "properties": {
        "id": "osm-w-435207687",
        "category": "parking",
        "name": "Parking",
        "wheelchair": null,
        "fee": "no",
        "opening_hours": "24/7",
        "source": "osm"
      }
    },
    {
      "type": "Feature",
      "geometry": {
        "type": "Point",
        "coordinates": [
          2.205695,
          41.4189619
        ]
      },
      "properties": {
        "id": "osm-w-435207691",
        "category": "parking",
        "name": "Parking",
        "wheelchair": null,
        "fee": null,
        "opening_hours": null,
        "source": "osm"
      }
    },
    {
      "type": "Feature",
      "geometry": {
        "type": "Point",
        "coordinates": [
          2.1937922,
          41.4001877
        ]
      },
      "properties": {
        "id": "osm-w-436166611",
        "category": "fuel",
        "name": "Petroprix",
        "wheelchair": null,
        "fee": null,
        "opening_hours": "Mo-Su,PH 12:00+",
        "source": "osm"
      }
    },
    {
      "type": "Feature",
      "geometry": {
        "type": "Point",
        "coordinates": [
          2.1927538,
          41.399351
        ]
      },
      "properties": {
        "id": "osm-w-436167068",
        "category": "fuel",
        "name": "BP",
        "wheelchair": null,
        "fee": null,
        "opening_hours": "Mo-Fr 06:00-23:00; Sa 06:00-00:00; Su 06:00-22:00",
        "source": "osm"
      }
    },
    {
      "type": "Feature",
      "geometry": {
        "type": "Point",
        "coordinates": [
          2.2210797,
          41.4161125
        ]
      },
      "properties": {
        "id": "osm-w-440177982",
        "category": "parking",
        "name": "Parking",
        "wheelchair": null,
        "fee": "no",
        "opening_hours": null,
        "source": "osm"
      }
    },
    {
      "type": "Feature",
      "geometry": {
        "type": "Point",
        "coordinates": [
          2.2247174,
          41.4177565
        ]
      },
      "properties": {
        "id": "osm-w-440789771",
        "category": "fuel",
        "name": "Moeve",
        "wheelchair": null,
        "fee": null,
        "opening_hours": "24/7",
        "source": "osm"
      }
    },
    {
      "type": "Feature",
      "geometry": {
        "type": "Point",
        "coordinates": [
          2.2201272,
          41.4208406
        ]
      },
      "properties": {
        "id": "osm-w-445826598",
        "category": "parking",
        "name": "Aparcament provisional carrer Llevant",
        "wheelchair": null,
        "fee": "no",
        "opening_hours": null,
        "source": "osm"
      }
    },
    {
      "type": "Feature",
      "geometry": {
        "type": "Point",
        "coordinates": [
          2.2234466,
          41.4185566
        ]
      },
      "properties": {
        "id": "osm-w-445826604",
        "category": "parking",
        "name": "Parking",
        "wheelchair": null,
        "fee": "no",
        "opening_hours": null,
        "source": "osm"
      }
    },
    {
      "type": "Feature",
      "geometry": {
        "type": "Point",
        "coordinates": [
          2.2205594,
          41.4191879
        ]
      },
      "properties": {
        "id": "osm-w-445826607",
        "category": "parking",
        "name": "Parking",
        "wheelchair": null,
        "fee": "no",
        "opening_hours": null,
        "source": "osm"
      }
    },
    {
      "type": "Feature",
      "geometry": {
        "type": "Point",
        "coordinates": [
          2.2273663,
          41.4303022
        ]
      },
      "properties": {
        "id": "osm-w-450657181",
        "category": "fuel",
        "name": "Bon\u00c0rea",
        "wheelchair": null,
        "fee": null,
        "opening_hours": "24/7",
        "source": "osm"
      }
    },
    {
      "type": "Feature",
      "geometry": {
        "type": "Point",
        "coordinates": [
          2.2159533,
          41.4193443
        ]
      },
      "properties": {
        "id": "osm-w-463427329",
        "category": "parking",
        "name": "Parking",
        "wheelchair": null,
        "fee": null,
        "opening_hours": null,
        "source": "osm"
      }
    },
    {
      "type": "Feature",
      "geometry": {
        "type": "Point",
        "coordinates": [
          2.196137,
          41.4227135
        ]
      },
      "properties": {
        "id": "osm-w-476701613",
        "category": "parking",
        "name": "parking lliure",
        "wheelchair": null,
        "fee": "no",
        "opening_hours": null,
        "source": "osm"
      }
    },
    {
      "type": "Feature",
      "geometry": {
        "type": "Point",
        "coordinates": [
          2.2198914,
          41.4186648
        ]
      },
      "properties": {
        "id": "osm-w-480439321",
        "category": "parking",
        "name": "Parking",
        "wheelchair": null,
        "fee": "no",
        "opening_hours": null,
        "source": "osm"
      }
    },
    {
      "type": "Feature",
      "geometry": {
        "type": "Point",
        "coordinates": [
          2.2213407,
          41.4126209
        ]
      },
      "properties": {
        "id": "osm-w-480829857",
        "category": "parking",
        "name": "BSM Pla\u00e7a del F\u00f2rum",
        "wheelchair": "yes",
        "fee": null,
        "opening_hours": null,
        "source": "osm"
      }
    },
    {
      "type": "Feature",
      "geometry": {
        "type": "Point",
        "coordinates": [
          2.2150784,
          41.4223893
        ]
      },
      "properties": {
        "id": "osm-w-487952473",
        "category": "parking",
        "name": "parking residents amb distintiu",
        "wheelchair": null,
        "fee": null,
        "opening_hours": null,
        "source": "osm"
      }
    },
    {
      "type": "Feature",
      "geometry": {
        "type": "Point",
        "coordinates": [
          2.19937,
          41.420022
        ]
      },
      "properties": {
        "id": "osm-w-496315774",
        "category": "parking",
        "name": "Parking",
        "wheelchair": null,
        "fee": null,
        "opening_hours": null,
        "source": "osm"
      }
    },
    {
      "type": "Feature",
      "geometry": {
        "type": "Point",
        "coordinates": [
          2.1975506,
          41.4152669
        ]
      },
      "properties": {
        "id": "osm-w-498998541",
        "category": "parking",
        "name": "Parking",
        "wheelchair": null,
        "fee": "no",
        "opening_hours": "24/7",
        "source": "osm"
      }
    },
    {
      "type": "Feature",
      "geometry": {
        "type": "Point",
        "coordinates": [
          2.2042911,
          41.4121068
        ]
      },
      "properties": {
        "id": "osm-w-501351564",
        "category": "parking",
        "name": "Parking",
        "wheelchair": null,
        "fee": null,
        "opening_hours": null,
        "source": "osm"
      }
    },
    {
      "type": "Feature",
      "geometry": {
        "type": "Point",
        "coordinates": [
          2.2292688,
          41.4134969
        ]
      },
      "properties": {
        "id": "osm-w-502666691",
        "category": "parking",
        "name": "Parking",
        "wheelchair": null,
        "fee": null,
        "opening_hours": null,
        "source": "osm"
      }
    },
    {
      "type": "Feature",
      "geometry": {
        "type": "Point",
        "coordinates": [
          2.2254996,
          41.4136885
        ]
      },
      "properties": {
        "id": "osm-w-502666692",
        "category": "parking",
        "name": "Parking",
        "wheelchair": null,
        "fee": null,
        "opening_hours": null,
        "source": "osm"
      }
    },
    {
      "type": "Feature",
      "geometry": {
        "type": "Point",
        "coordinates": [
          2.2268991,
          41.4148808
        ]
      },
      "properties": {
        "id": "osm-w-502666694",
        "category": "parking",
        "name": "Parking",
        "wheelchair": null,
        "fee": null,
        "opening_hours": null,
        "source": "osm"
      }
    },
    {
      "type": "Feature",
      "geometry": {
        "type": "Point",
        "coordinates": [
          2.2283065,
          41.4147436
        ]
      },
      "properties": {
        "id": "osm-w-502666696",
        "category": "parking",
        "name": "Parking",
        "wheelchair": null,
        "fee": null,
        "opening_hours": null,
        "source": "osm"
      }
    },
    {
      "type": "Feature",
      "geometry": {
        "type": "Point",
        "coordinates": [
          2.2401671,
          41.4352952
        ]
      },
      "properties": {
        "id": "osm-w-506437929",
        "category": "parking",
        "name": "Parking",
        "wheelchair": null,
        "fee": null,
        "opening_hours": null,
        "source": "osm"
      }
    },
    {
      "type": "Feature",
      "geometry": {
        "type": "Point",
        "coordinates": [
          2.2408544,
          41.4340863
        ]
      },
      "properties": {
        "id": "osm-w-506437932",
        "category": "parking",
        "name": "Parking",
        "wheelchair": null,
        "fee": null,
        "opening_hours": null,
        "source": "osm"
      }
    },
    {
      "type": "Feature",
      "geometry": {
        "type": "Point",
        "coordinates": [
          2.2006568,
          41.4394306
        ]
      },
      "properties": {
        "id": "osm-w-509257365",
        "category": "parking",
        "name": "Parking",
        "wheelchair": null,
        "fee": "no",
        "opening_hours": null,
        "source": "osm"
      }
    },
    {
      "type": "Feature",
      "geometry": {
        "type": "Point",
        "coordinates": [
          2.2211743,
          41.4170166
        ]
      },
      "properties": {
        "id": "osm-w-512603384",
        "category": "clinic",
        "name": "Centre d'Atenci\u00f3 Prim\u00e0ria La Mina",
        "wheelchair": null,
        "fee": null,
        "opening_hours": null,
        "source": "osm"
      }
    },
    {
      "type": "Feature",
      "geometry": {
        "type": "Point",
        "coordinates": [
          2.2119353,
          41.4345602
        ]
      },
      "properties": {
        "id": "osm-w-527657743",
        "category": "parking",
        "name": "Ajuntament de Santa Coloma de Gramenet",
        "wheelchair": null,
        "fee": "no",
        "opening_hours": null,
        "source": "osm"
      }
    },
    {
      "type": "Feature",
      "geometry": {
        "type": "Point",
        "coordinates": [
          2.2121331,
          41.4414561
        ]
      },
      "properties": {
        "id": "osm-w-528234988",
        "category": "parking",
        "name": "Parking",
        "wheelchair": null,
        "fee": null,
        "opening_hours": null,
        "source": "osm"
      }
    },
    {
      "type": "Feature",
      "geometry": {
        "type": "Point",
        "coordinates": [
          2.2119259,
          41.4418583
        ]
      },
      "properties": {
        "id": "osm-w-528234989",
        "category": "parking",
        "name": "Parking",
        "wheelchair": null,
        "fee": null,
        "opening_hours": null,
        "source": "osm"
      }
    },
    {
      "type": "Feature",
      "geometry": {
        "type": "Point",
        "coordinates": [
          2.2130503,
          41.4414817
        ]
      },
      "properties": {
        "id": "osm-w-532671040",
        "category": "clinic",
        "name": "Centre d'Atenci\u00f3 Prim\u00e0ria Santa Rosa",
        "wheelchair": null,
        "fee": null,
        "opening_hours": "Mo-Fr 08:00-21:00",
        "source": "osm"
      }
    },
    {
      "type": "Feature",
      "geometry": {
        "type": "Point",
        "coordinates": [
          2.1978649,
          41.4229815
        ]
      },
      "properties": {
        "id": "osm-w-573690776",
        "category": "parking",
        "name": "Parking",
        "wheelchair": null,
        "fee": "no",
        "opening_hours": null,
        "source": "osm"
      }
    },
    {
      "type": "Feature",
      "geometry": {
        "type": "Point",
        "coordinates": [
          2.1980594,
          41.4235034
        ]
      },
      "properties": {
        "id": "osm-w-573690777",
        "category": "parking",
        "name": "Parking",
        "wheelchair": null,
        "fee": "no",
        "opening_hours": null,
        "source": "osm"
      }
    },
    {
      "type": "Feature",
      "geometry": {
        "type": "Point",
        "coordinates": [
          2.2107994,
          41.4443404
        ]
      },
      "properties": {
        "id": "osm-w-584891601",
        "category": "fuel",
        "name": "Repsol",
        "wheelchair": null,
        "fee": null,
        "opening_hours": "24/7",
        "source": "osm"
      }
    },
    {
      "type": "Feature",
      "geometry": {
        "type": "Point",
        "coordinates": [
          2.2116093,
          41.4287732
        ]
      },
      "properties": {
        "id": "osm-w-640251701",
        "category": "fuel",
        "name": "Meroil",
        "wheelchair": null,
        "fee": null,
        "opening_hours": "24/7",
        "source": "osm"
      }
    },
    {
      "type": "Feature",
      "geometry": {
        "type": "Point",
        "coordinates": [
          2.2182471,
          41.4305414
        ]
      },
      "properties": {
        "id": "osm-w-640511899",
        "category": "parking",
        "name": "Aparcament la Vila",
        "wheelchair": null,
        "fee": "yes",
        "opening_hours": null,
        "source": "osm"
      }
    },
    {
      "type": "Feature",
      "geometry": {
        "type": "Point",
        "coordinates": [
          2.2059847,
          41.4428298
        ]
      },
      "properties": {
        "id": "osm-w-641353997",
        "category": "fuel",
        "name": "Repsol",
        "wheelchair": null,
        "fee": null,
        "opening_hours": "Mo-Su 06:00-22:00",
        "source": "osm"
      }
    },
    {
      "type": "Feature",
      "geometry": {
        "type": "Point",
        "coordinates": [
          2.2031458,
          41.4429202
        ]
      },
      "properties": {
        "id": "osm-w-641354003",
        "category": "fuel",
        "name": "Moeve",
        "wheelchair": null,
        "fee": null,
        "opening_hours": "Mo-Sa 05:30-22:30;Su 06:00-22:00",
        "source": "osm"
      }
    },
    {
      "type": "Feature",
      "geometry": {
        "type": "Point",
        "coordinates": [
          2.2069316,
          41.4394079
        ]
      },
      "properties": {
        "id": "osm-w-641363616",
        "category": "parking",
        "name": "Parking",
        "wheelchair": null,
        "fee": null,
        "opening_hours": null,
        "source": "osm"
      }
    },
    {
      "type": "Feature",
      "geometry": {
        "type": "Point",
        "coordinates": [
          2.1904133,
          41.4214626
        ]
      },
      "properties": {
        "id": "osm-w-641917879",
        "category": "parking",
        "name": "Parking",
        "wheelchair": null,
        "fee": "yes",
        "opening_hours": "24/7",
        "source": "osm"
      }
    },
    {
      "type": "Feature",
      "geometry": {
        "type": "Point",
        "coordinates": [
          2.1766122,
          41.4019176
        ]
      },
      "properties": {
        "id": "osm-w-642017145",
        "category": "parking",
        "name": "Manhattan",
        "wheelchair": null,
        "fee": "yes",
        "opening_hours": null,
        "source": "osm"
      }
    },
    {
      "type": "Feature",
      "geometry": {
        "type": "Point",
        "coordinates": [
          2.2013576,
          41.4360061
        ]
      },
      "properties": {
        "id": "osm-w-643959891",
        "category": "fuel",
        "name": "Repsol",
        "wheelchair": null,
        "fee": null,
        "opening_hours": null,
        "source": "osm"
      }
    },
    {
      "type": "Feature",
      "geometry": {
        "type": "Point",
        "coordinates": [
          2.2068945,
          41.4328919
        ]
      },
      "properties": {
        "id": "osm-w-643963114",
        "category": "fuel",
        "name": "Repsol",
        "wheelchair": null,
        "fee": null,
        "opening_hours": "24/7",
        "source": "osm"
      }
    },
    {
      "type": "Feature",
      "geometry": {
        "type": "Point",
        "coordinates": [
          2.188987,
          41.4282155
        ]
      },
      "properties": {
        "id": "osm-w-644447278",
        "category": "parking",
        "name": "Parking",
        "wheelchair": null,
        "fee": null,
        "opening_hours": null,
        "source": "osm"
      }
    },
    {
      "type": "Feature",
      "geometry": {
        "type": "Point",
        "coordinates": [
          2.2059948,
          41.4326207
        ]
      },
      "properties": {
        "id": "osm-w-645029896",
        "category": "parking",
        "name": "Parking",
        "wheelchair": null,
        "fee": null,
        "opening_hours": null,
        "source": "osm"
      }
    },
    {
      "type": "Feature",
      "geometry": {
        "type": "Point",
        "coordinates": [
          2.2054807,
          41.4325688
        ]
      },
      "properties": {
        "id": "osm-w-645029903",
        "category": "fuel",
        "name": "Repsol",
        "wheelchair": null,
        "fee": null,
        "opening_hours": "24/7",
        "source": "osm"
      }
    },
    {
      "type": "Feature",
      "geometry": {
        "type": "Point",
        "coordinates": [
          2.2013664,
          41.4349031
        ]
      },
      "properties": {
        "id": "osm-w-645039597",
        "category": "parking",
        "name": "Parking",
        "wheelchair": null,
        "fee": null,
        "opening_hours": null,
        "source": "osm"
      }
    },
    {
      "type": "Feature",
      "geometry": {
        "type": "Point",
        "coordinates": [
          2.2040265,
          41.4340609
        ]
      },
      "properties": {
        "id": "osm-w-646399580",
        "category": "parking",
        "name": "Parking",
        "wheelchair": null,
        "fee": null,
        "opening_hours": "24/7",
        "source": "osm"
      }
    },
    {
      "type": "Feature",
      "geometry": {
        "type": "Point",
        "coordinates": [
          2.2047438,
          41.3970831
        ]
      },
      "properties": {
        "id": "osm-w-651674977",
        "category": "parking",
        "name": "Parking",
        "wheelchair": null,
        "fee": "yes",
        "opening_hours": null,
        "source": "osm"
      }
    },
    {
      "type": "Feature",
      "geometry": {
        "type": "Point",
        "coordinates": [
          2.1930772,
          41.3973642
        ]
      },
      "properties": {
        "id": "osm-w-653464313",
        "category": "fuel",
        "name": "Evolution - Pere IV",
        "wheelchair": "yes",
        "fee": null,
        "opening_hours": "24/7",
        "source": "osm"
      }
    },
    {
      "type": "Feature",
      "geometry": {
        "type": "Point",
        "coordinates": [
          2.1879963,
          41.4225839
        ]
      },
      "properties": {
        "id": "osm-w-661760092",
        "category": "clinic",
        "name": "Guttmann Barcelona. Brain Health Institute",
        "wheelchair": null,
        "fee": null,
        "opening_hours": null,
        "source": "osm"
      }
    },
    {
      "type": "Feature",
      "geometry": {
        "type": "Point",
        "coordinates": [
          2.2186335,
          41.4196272
        ]
      },
      "properties": {
        "id": "osm-w-673160142",
        "category": "parking",
        "name": "Parking",
        "wheelchair": null,
        "fee": "no",
        "opening_hours": null,
        "source": "osm"
      }
    },
    {
      "type": "Feature",
      "geometry": {
        "type": "Point",
        "coordinates": [
          2.1988441,
          41.4253281
        ]
      },
      "properties": {
        "id": "osm-w-676515857",
        "category": "parking",
        "name": "Parking",
        "wheelchair": null,
        "fee": "yes",
        "opening_hours": null,
        "source": "osm"
      }
    },
    {
      "type": "Feature",
      "geometry": {
        "type": "Point",
        "coordinates": [
          2.199923,
          41.4254789
        ]
      },
      "properties": {
        "id": "osm-w-676515858",
        "category": "parking",
        "name": "Parking",
        "wheelchair": null,
        "fee": "no",
        "opening_hours": null,
        "source": "osm"
      }
    },
    {
      "type": "Feature",
      "geometry": {
        "type": "Point",
        "coordinates": [
          2.1861087,
          41.4326447
        ]
      },
      "properties": {
        "id": "osm-w-681263163",
        "category": "parking",
        "name": "Parking",
        "wheelchair": null,
        "fee": null,
        "opening_hours": null,
        "source": "osm"
      }
    },
    {
      "type": "Feature",
      "geometry": {
        "type": "Point",
        "coordinates": [
          2.2053984,
          41.4184644
        ]
      },
      "properties": {
        "id": "osm-w-683866388",
        "category": "parking",
        "name": "Parking",
        "wheelchair": null,
        "fee": "no",
        "opening_hours": "24/7",
        "source": "osm"
      }
    },
    {
      "type": "Feature",
      "geometry": {
        "type": "Point",
        "coordinates": [
          2.20648,
          41.4183276
        ]
      },
      "properties": {
        "id": "osm-w-683866389",
        "category": "parking",
        "name": "Parking",
        "wheelchair": null,
        "fee": "no",
        "opening_hours": "24/7",
        "source": "osm"
      }
    },
    {
      "type": "Feature",
      "geometry": {
        "type": "Point",
        "coordinates": [
          2.2056234,
          41.4176819
        ]
      },
      "properties": {
        "id": "osm-w-683866391",
        "category": "parking",
        "name": "Parking",
        "wheelchair": null,
        "fee": "no",
        "opening_hours": "24/7",
        "source": "osm"
      }
    },
    {
      "type": "Feature",
      "geometry": {
        "type": "Point",
        "coordinates": [
          2.1988823,
          41.4141571
        ]
      },
      "properties": {
        "id": "osm-w-684127244",
        "category": "parking",
        "name": "Parking",
        "wheelchair": null,
        "fee": "no",
        "opening_hours": null,
        "source": "osm"
      }
    },
    {
      "type": "Feature",
      "geometry": {
        "type": "Point",
        "coordinates": [
          2.195381,
          41.4100107
        ]
      },
      "properties": {
        "id": "osm-w-684598667",
        "category": "parking",
        "name": "Parking",
        "wheelchair": null,
        "fee": "no",
        "opening_hours": "24/7",
        "source": "osm"
      }
    },
    {
      "type": "Feature",
      "geometry": {
        "type": "Point",
        "coordinates": [
          2.1964214,
          41.4107894
        ]
      },
      "properties": {
        "id": "osm-w-684598669",
        "category": "parking",
        "name": "Parking",
        "wheelchair": null,
        "fee": "no",
        "opening_hours": "24/7",
        "source": "osm"
      }
    },
    {
      "type": "Feature",
      "geometry": {
        "type": "Point",
        "coordinates": [
          2.1987663,
          41.4125445
        ]
      },
      "properties": {
        "id": "osm-w-684598671",
        "category": "parking",
        "name": "Parking",
        "wheelchair": null,
        "fee": "no",
        "opening_hours": "24/7",
        "source": "osm"
      }
    },
    {
      "type": "Feature",
      "geometry": {
        "type": "Point",
        "coordinates": [
          2.197332,
          41.4114771
        ]
      },
      "properties": {
        "id": "osm-w-684598672",
        "category": "parking",
        "name": "Parking",
        "wheelchair": null,
        "fee": "no",
        "opening_hours": "24/7",
        "source": "osm"
      }
    },
    {
      "type": "Feature",
      "geometry": {
        "type": "Point",
        "coordinates": [
          2.1976136,
          41.4044014
        ]
      },
      "properties": {
        "id": "osm-w-684971282",
        "category": "parking",
        "name": "BSM Rambla Poblenou",
        "wheelchair": "yes",
        "fee": "yes",
        "opening_hours": "24/7",
        "source": "osm"
      }
    },
    {
      "type": "Feature",
      "geometry": {
        "type": "Point",
        "coordinates": [
          2.2012381,
          41.4058558
        ]
      },
      "properties": {
        "id": "osm-w-708213055",
        "category": "fuel",
        "name": "Ballenoil",
        "wheelchair": null,
        "fee": null,
        "opening_hours": "Mo-Su 06:00-22:00",
        "source": "osm"
      }
    },
    {
      "type": "Feature",
      "geometry": {
        "type": "Point",
        "coordinates": [
          2.2141534,
          41.4291676
        ]
      },
      "properties": {
        "id": "osm-w-751857975",
        "category": "parking",
        "name": "Parking",
        "wheelchair": null,
        "fee": "no",
        "opening_hours": null,
        "source": "osm"
      }
    },
    {
      "type": "Feature",
      "geometry": {
        "type": "Point",
        "coordinates": [
          2.2166749,
          41.4334365
        ]
      },
      "properties": {
        "id": "osm-w-758192493",
        "category": "fuel",
        "name": "Petronor",
        "wheelchair": null,
        "fee": null,
        "opening_hours": "24/7",
        "source": "osm"
      }
    },
    {
      "type": "Feature",
      "geometry": {
        "type": "Point",
        "coordinates": [
          2.203258,
          41.4303754
        ]
      },
      "properties": {
        "id": "osm-w-767940341",
        "category": "parking",
        "name": "Parking",
        "wheelchair": null,
        "fee": null,
        "opening_hours": null,
        "source": "osm"
      }
    },
    {
      "type": "Feature",
      "geometry": {
        "type": "Point",
        "coordinates": [
          2.1994499,
          41.4352565
        ]
      },
      "properties": {
        "id": "osm-w-767940345",
        "category": "parking",
        "name": "Parking",
        "wheelchair": null,
        "fee": null,
        "opening_hours": null,
        "source": "osm"
      }
    },
    {
      "type": "Feature",
      "geometry": {
        "type": "Point",
        "coordinates": [
          2.1966266,
          41.4321276
        ]
      },
      "properties": {
        "id": "osm-w-770627681",
        "category": "parking",
        "name": "Parking",
        "wheelchair": null,
        "fee": "no",
        "opening_hours": null,
        "source": "osm"
      }
    },
    {
      "type": "Feature",
      "geometry": {
        "type": "Point",
        "coordinates": [
          2.1938769,
          41.3838714
        ]
      },
      "properties": {
        "id": "osm-w-770659186",
        "category": "hospital",
        "name": "Hospital del Mar",
        "wheelchair": "yes",
        "fee": null,
        "opening_hours": null,
        "source": "osm"
      }
    },
    {
      "type": "Feature",
      "geometry": {
        "type": "Point",
        "coordinates": [
          2.2328196,
          41.4312993
        ]
      },
      "properties": {
        "id": "osm-w-782681707",
        "category": "shop",
        "name": "Sprint",
        "wheelchair": null,
        "fee": null,
        "opening_hours": null,
        "source": "osm"
      }
    },
    {
      "type": "Feature",
      "geometry": {
        "type": "Point",
        "coordinates": [
          2.2234146,
          41.4378161
        ]
      },
      "properties": {
        "id": "osm-w-782700936",
        "category": "parking",
        "name": "Pla\u00e7a de Pere Rovira",
        "wheelchair": null,
        "fee": null,
        "opening_hours": null,
        "source": "osm"
      }
    },
    {
      "type": "Feature",
      "geometry": {
        "type": "Point",
        "coordinates": [
          2.184133,
          41.3947276
        ]
      },
      "properties": {
        "id": "osm-w-789026120",
        "category": "parking",
        "name": "Parking",
        "wheelchair": null,
        "fee": null,
        "opening_hours": null,
        "source": "osm"
      }
    },
    {
      "type": "Feature",
      "geometry": {
        "type": "Point",
        "coordinates": [
          2.2019873,
          41.4265982
        ]
      },
      "properties": {
        "id": "osm-w-798048417",
        "category": "parking",
        "name": "Parking",
        "wheelchair": null,
        "fee": "no",
        "opening_hours": null,
        "source": "osm"
      }
    },
    {
      "type": "Feature",
      "geometry": {
        "type": "Point",
        "coordinates": [
          2.2293075,
          41.4172974
        ]
      },
      "properties": {
        "id": "osm-w-802999200",
        "category": "parking",
        "name": "Tersa",
        "wheelchair": null,
        "fee": null,
        "opening_hours": null,
        "source": "osm"
      }
    },
    {
      "type": "Feature",
      "geometry": {
        "type": "Point",
        "coordinates": [
          2.1809329,
          41.3927222
        ]
      },
      "properties": {
        "id": "osm-w-817602658",
        "category": "fuel",
        "name": "Moeve",
        "wheelchair": "yes",
        "fee": null,
        "opening_hours": null,
        "source": "osm"
      }
    },
    {
      "type": "Feature",
      "geometry": {
        "type": "Point",
        "coordinates": [
          2.1873444,
          41.4057401
        ]
      },
      "properties": {
        "id": "osm-w-819032487",
        "category": "fuel",
        "name": "Ballenoil",
        "wheelchair": null,
        "fee": null,
        "opening_hours": null,
        "source": "osm"
      }
    },
    {
      "type": "Feature",
      "geometry": {
        "type": "Point",
        "coordinates": [
          2.1921337,
          41.4247509
        ]
      },
      "properties": {
        "id": "osm-w-857546309",
        "category": "parking",
        "name": "Ayuntament de Barcelona",
        "wheelchair": null,
        "fee": "no",
        "opening_hours": null,
        "source": "osm"
      }
    },
    {
      "type": "Feature",
      "geometry": {
        "type": "Point",
        "coordinates": [
          2.190788,
          41.4055807
        ]
      },
      "properties": {
        "id": "osm-w-866091278",
        "category": "info",
        "name": "Informaci\u00f3 Centre Comercial Gl\u00f2ries",
        "wheelchair": null,
        "fee": null,
        "opening_hours": null,
        "source": "osm"
      }
    },
    {
      "type": "Feature",
      "geometry": {
        "type": "Point",
        "coordinates": [
          2.2122128,
          41.3998348
        ]
      },
      "properties": {
        "id": "osm-w-924744119",
        "category": "toilet",
        "name": "Toilet",
        "wheelchair": "yes",
        "fee": "no",
        "opening_hours": null,
        "source": "osm"
      }
    },
    {
      "type": "Feature",
      "geometry": {
        "type": "Point",
        "coordinates": [
          2.2187732,
          41.4425147
        ]
      },
      "properties": {
        "id": "osm-w-942814521",
        "category": "parking",
        "name": "Cervereta",
        "wheelchair": null,
        "fee": null,
        "opening_hours": null,
        "source": "osm"
      }
    },
    {
      "type": "Feature",
      "geometry": {
        "type": "Point",
        "coordinates": [
          2.2024848,
          41.3912826
        ]
      },
      "properties": {
        "id": "osm-w-978373100",
        "category": "parking",
        "name": "parking nom\u00e9s amb targeta disminuits",
        "wheelchair": "only",
        "fee": null,
        "opening_hours": null,
        "source": "osm"
      }
    },
    {
      "type": "Feature",
      "geometry": {
        "type": "Point",
        "coordinates": [
          2.2024356,
          41.3913695
        ]
      },
      "properties": {
        "id": "osm-w-978373101",
        "category": "parking",
        "name": "parking nom\u00e9s amb targeta disminuits",
        "wheelchair": "only",
        "fee": null,
        "opening_hours": null,
        "source": "osm"
      }
    },
    {
      "type": "Feature",
      "geometry": {
        "type": "Point",
        "coordinates": [
          2.2064827,
          41.3948593
        ]
      },
      "properties": {
        "id": "osm-w-978373102",
        "category": "parking",
        "name": "parking nom\u00e9s amb targeta disminuits",
        "wheelchair": "only",
        "fee": "no",
        "opening_hours": null,
        "source": "osm"
      }
    },
    {
      "type": "Feature",
      "geometry": {
        "type": "Point",
        "coordinates": [
          2.2063914,
          41.3949297
        ]
      },
      "properties": {
        "id": "osm-w-978373103",
        "category": "parking",
        "name": "parking nom\u00e9s amb targeta disminuits",
        "wheelchair": "only",
        "fee": null,
        "opening_hours": null,
        "source": "osm"
      }
    },
    {
      "type": "Feature",
      "geometry": {
        "type": "Point",
        "coordinates": [
          2.2130766,
          41.4241448
        ]
      },
      "properties": {
        "id": "osm-w-1015658585",
        "category": "parking",
        "name": "Parking",
        "wheelchair": null,
        "fee": "no",
        "opening_hours": null,
        "source": "osm"
      }
    },
    {
      "type": "Feature",
      "geometry": {
        "type": "Point",
        "coordinates": [
          2.1958147,
          41.3846929
        ]
      },
      "properties": {
        "id": "osm-w-1020886877",
        "category": "toilet",
        "name": "Ajuntament de Barcelona",
        "wheelchair": "yes",
        "fee": "no",
        "opening_hours": null,
        "source": "osm"
      }
    },
    {
      "type": "Feature",
      "geometry": {
        "type": "Point",
        "coordinates": [
          2.2325102,
          41.4311517
        ]
      },
      "properties": {
        "id": "osm-w-1025806743",
        "category": "fuel",
        "name": "Repsol",
        "wheelchair": null,
        "fee": null,
        "opening_hours": "Mo-Su 06:00-22:00",
        "source": "osm"
      }
    },
    {
      "type": "Feature",
      "geometry": {
        "type": "Point",
        "coordinates": [
          2.2192561,
          41.4319766
        ]
      },
      "properties": {
        "id": "osm-w-1026862812",
        "category": "parking",
        "name": "Parking",
        "wheelchair": null,
        "fee": null,
        "opening_hours": null,
        "source": "osm"
      }
    },
    {
      "type": "Feature",
      "geometry": {
        "type": "Point",
        "coordinates": [
          2.2333777,
          41.4396485
        ]
      },
      "properties": {
        "id": "osm-w-1027311150",
        "category": "fuel",
        "name": "Estaci\u00f3 de Servei Tamoil Badalona",
        "wheelchair": null,
        "fee": null,
        "opening_hours": "24/7",
        "source": "osm"
      }
    },
    {
      "type": "Feature",
      "geometry": {
        "type": "Point",
        "coordinates": [
          2.2381917,
          41.4366734
        ]
      },
      "properties": {
        "id": "osm-w-1029004179",
        "category": "shop",
        "name": "Shop",
        "wheelchair": null,
        "fee": null,
        "opening_hours": null,
        "source": "osm"
      }
    },
    {
      "type": "Feature",
      "geometry": {
        "type": "Point",
        "coordinates": [
          2.2119436,
          41.4088711
        ]
      },
      "properties": {
        "id": "osm-w-1042203527",
        "category": "parking",
        "name": "Parking",
        "wheelchair": null,
        "fee": null,
        "opening_hours": null,
        "source": "osm"
      }
    },
    {
      "type": "Feature",
      "geometry": {
        "type": "Point",
        "coordinates": [
          2.1721588,
          41.4080127
        ]
      },
      "properties": {
        "id": "osm-w-1075844150",
        "category": "parking",
        "name": "Parking",
        "wheelchair": null,
        "fee": "yes",
        "opening_hours": null,
        "source": "osm"
      }
    },
    {
      "type": "Feature",
      "geometry": {
        "type": "Point",
        "coordinates": [
          2.1831662,
          41.3891433
        ]
      },
      "properties": {
        "id": "osm-w-1076065221",
        "category": "info",
        "name": "Planell de Barcelona",
        "wheelchair": null,
        "fee": null,
        "opening_hours": null,
        "source": "osm"
      }
    },
    {
      "type": "Feature",
      "geometry": {
        "type": "Point",
        "coordinates": [
          2.1753643,
          41.4055458
        ]
      },
      "properties": {
        "id": "osm-w-1077608199",
        "category": "parking",
        "name": "Parking",
        "wheelchair": null,
        "fee": "yes",
        "opening_hours": null,
        "source": "osm"
      }
    },
    {
      "type": "Feature",
      "geometry": {
        "type": "Point",
        "coordinates": [
          2.1924734,
          41.4244872
        ]
      },
      "properties": {
        "id": "osm-w-1117622759",
        "category": "parking",
        "name": "Parking",
        "wheelchair": null,
        "fee": "no",
        "opening_hours": null,
        "source": "osm"
      }
    },
    {
      "type": "Feature",
      "geometry": {
        "type": "Point",
        "coordinates": [
          2.2429265,
          41.4373019
        ]
      },
      "properties": {
        "id": "osm-w-1118865878",
        "category": "parking",
        "name": "Parking",
        "wheelchair": null,
        "fee": "yes",
        "opening_hours": null,
        "source": "osm"
      }
    },
    {
      "type": "Feature",
      "geometry": {
        "type": "Point",
        "coordinates": [
          2.2439669,
          41.4370906
        ]
      },
      "properties": {
        "id": "osm-w-1118865879",
        "category": "parking",
        "name": "Parking",
        "wheelchair": null,
        "fee": "yes",
        "opening_hours": null,
        "source": "osm"
      }
    },
    {
      "type": "Feature",
      "geometry": {
        "type": "Point",
        "coordinates": [
          2.2093259,
          41.4025795
        ]
      },
      "properties": {
        "id": "osm-w-1165052946",
        "category": "parking",
        "name": "Parking",
        "wheelchair": null,
        "fee": null,
        "opening_hours": null,
        "source": "osm"
      }
    },
    {
      "type": "Feature",
      "geometry": {
        "type": "Point",
        "coordinates": [
          2.2127282,
          41.401226
        ]
      },
      "properties": {
        "id": "osm-w-1171624123",
        "category": "parking",
        "name": "Parking",
        "wheelchair": null,
        "fee": "no",
        "opening_hours": null,
        "source": "osm"
      }
    },
    {
      "type": "Feature",
      "geometry": {
        "type": "Point",
        "coordinates": [
          2.2305559,
          41.4184168
        ]
      },
      "properties": {
        "id": "osm-w-1201495515",
        "category": "parking",
        "name": "Parking",
        "wheelchair": null,
        "fee": "no",
        "opening_hours": null,
        "source": "osm"
      }
    },
    {
      "type": "Feature",
      "geometry": {
        "type": "Point",
        "coordinates": [
          2.1859336,
          41.4023658
        ]
      },
      "properties": {
        "id": "osm-w-1288876971",
        "category": "cafe",
        "name": "Le petit m\u00fctant",
        "wheelchair": null,
        "fee": null,
        "opening_hours": null,
        "source": "osm"
      }
    },
    {
      "type": "Feature",
      "geometry": {
        "type": "Point",
        "coordinates": [
          2.1919972,
          41.4212682
        ]
      },
      "properties": {
        "id": "osm-w-1320157154",
        "category": "clinic",
        "name": "Centre d'Atenci\u00f3 Prim\u00e0ria La Sagrera",
        "wheelchair": null,
        "fee": null,
        "opening_hours": null,
        "source": "osm"
      }
    },
    {
      "type": "Feature",
      "geometry": {
        "type": "Point",
        "coordinates": [
          2.199276,
          41.3887645
        ]
      },
      "properties": {
        "id": "osm-w-1329474668",
        "category": "parking",
        "name": "BSM Litoral Port",
        "wheelchair": "yes",
        "fee": "yes",
        "opening_hours": "24/7",
        "source": "osm"
      }
    },
    {
      "type": "Feature",
      "geometry": {
        "type": "Point",
        "coordinates": [
          2.219181,
          41.4199212
        ]
      },
      "properties": {
        "id": "osm-w-1396064827",
        "category": "parking",
        "name": "Parking",
        "wheelchair": null,
        "fee": null,
        "opening_hours": null,
        "source": "osm"
      }
    },
    {
      "type": "Feature",
      "geometry": {
        "type": "Point",
        "coordinates": [
          2.2084849,
          41.4056735
        ]
      },
      "properties": {
        "id": "osm-w-1419044349",
        "category": "parking",
        "name": "Parking",
        "wheelchair": null,
        "fee": "yes",
        "opening_hours": null,
        "source": "osm"
      }
    },
    {
      "type": "Feature",
      "geometry": {
        "type": "Point",
        "coordinates": [
          2.2094409,
          41.4049685
        ]
      },
      "properties": {
        "id": "osm-w-1419044350",
        "category": "parking",
        "name": "Parking",
        "wheelchair": null,
        "fee": "yes",
        "opening_hours": null,
        "source": "osm"
      }
    },
    {
      "type": "Feature",
      "geometry": {
        "type": "Point",
        "coordinates": [
          2.1943759,
          41.3830846
        ]
      },
      "properties": {
        "id": "osm-w-1429916428",
        "category": "parking",
        "name": "Parking",
        "wheelchair": null,
        "fee": "yes",
        "opening_hours": null,
        "source": "osm"
      }
    },
    {
      "type": "Feature",
      "geometry": {
        "type": "Point",
        "coordinates": [
          2.2250234,
          41.4137269
        ]
      },
      "properties": {
        "id": "osm-w-1450885280",
        "category": "parking",
        "name": "Port Forum",
        "wheelchair": null,
        "fee": "yes",
        "opening_hours": null,
        "source": "osm"
      }
    },
    {
      "type": "Feature",
      "geometry": {
        "type": "Point",
        "coordinates": [
          2.208051,
          41.4369217
        ]
      },
      "properties": {
        "id": "osm-w-1464861095",
        "category": "parking",
        "name": "Parking",
        "wheelchair": null,
        "fee": null,
        "opening_hours": null,
        "source": "osm"
      }
    },
    {
      "type": "Feature",
      "geometry": {
        "type": "Point",
        "coordinates": [
          2.2076654,
          41.4376949
        ]
      },
      "properties": {
        "id": "osm-w-1464861101",
        "category": "parking",
        "name": "Parking",
        "wheelchair": null,
        "fee": null,
        "opening_hours": null,
        "source": "osm"
      }
    },
    {
      "type": "Feature",
      "geometry": {
        "type": "Point",
        "coordinates": [
          2.2035883,
          41.3913174
        ]
      },
      "properties": {
        "id": "osm-w-1497300121",
        "category": "toilet",
        "name": "Toilet",
        "wheelchair": "yes",
        "fee": null,
        "opening_hours": null,
        "source": "osm"
      }
    },
    {
      "type": "Feature",
      "geometry": {
        "type": "Point",
        "coordinates": [
          2.205031,
          41.3923336
        ]
      },
      "properties": {
        "id": "osm-w-1497300295",
        "category": "toilet",
        "name": "Toilet",
        "wheelchair": "yes",
        "fee": null,
        "opening_hours": null,
        "source": "osm"
      }
    },
    {
      "type": "Feature",
      "geometry": {
        "type": "Point",
        "coordinates": [
          2.2021907,
          41.3908118
        ]
      },
      "properties": {
        "id": "osm-w-1497300651",
        "category": "toilet",
        "name": "Toilet",
        "wheelchair": null,
        "fee": null,
        "opening_hours": null,
        "source": "osm"
      }
    },
    {
      "type": "Feature",
      "geometry": {
        "type": "Point",
        "coordinates": [
          2.2062772,
          41.3941871
        ]
      },
      "properties": {
        "id": "osm-w-1497300962",
        "category": "toilet",
        "name": "Toilet",
        "wheelchair": null,
        "fee": null,
        "opening_hours": null,
        "source": "osm"
      }
    },
    {
      "type": "Feature",
      "geometry": {
        "type": "Point",
        "coordinates": [
          2.2079438,
          41.3954582
        ]
      },
      "properties": {
        "id": "osm-w-1497301345",
        "category": "toilet",
        "name": "Toilet",
        "wheelchair": null,
        "fee": null,
        "opening_hours": null,
        "source": "osm"
      }
    }
  ]
}