{
  "type": "FeatureCollection",
  "features": [
    {
      "type": "Feature",
      "geometry": {
        "type": "Point",
        "coordinates": [
          -0.9402006,
          51.4549489
        ]
      },
      "properties": {
        "id": "osm-n-14099747",
        "category": "info",
        "name": "Welcome to Reading",
        "wheelchair": null,
        "fee": null,
        "opening_hours": null,
        "source": "osm"
      }
    },
    {
      "type": "Feature",
      "geometry": {
        "type": "Point",
        "coordinates": [
          -0.9726071,
          51.4534592
        ]
      },
      "properties": {
        "id": "osm-n-14320758",
        "category": "parking",
        "name": "Oracle Holy Brook Car Park",
        "wheelchair": null,
        "fee": null,
        "opening_hours": "07:00-20:30",
        "source": "osm"
      }
    },
    {
      "type": "Feature",
      "geometry": {
        "type": "Point",
        "coordinates": [
          -0.9680575,
          51.4528503
        ]
      },
      "properties": {
        "id": "osm-n-15758157",
        "category": "cafe",
        "name": "Global Cafe",
        "wheelchair": null,
        "fee": null,
        "opening_hours": null,
        "source": "osm"
      }
    },
    {
      "type": "Feature",
      "geometry": {
        "type": "Point",
        "coordinates": [
          -0.9760364,
          51.4367224
        ]
      },
      "properties": {
        "id": "osm-n-53426620",
        "category": "info",
        "name": "Millennium Milepost Whitley",
        "wheelchair": null,
        "fee": null,
        "opening_hours": null,
        "source": "osm"
      }
    },
    {
      "type": "Feature",
      "geometry": {
        "type": "Point",
        "coordinates": [
          -0.9746805,
          51.4406366
        ]
      },
      "properties": {
        "id": "osm-n-53429371",
        "category": "info",
        "name": "Millennium Milepost Waterloo Meadows",
        "wheelchair": null,
        "fee": null,
        "opening_hours": null,
        "source": "osm"
      }
    },
    {
      "type": "Feature",
      "geometry": {
        "type": "Point",
        "coordinates": [
          -0.9650767,
          51.4787383
        ]
      },
      "properties": {
        "id": "osm-n-302405686",
        "category": "fuel",
        "name": "Esso",
        "wheelchair": "limited",
        "fee": null,
        "opening_hours": "Mo-Su 07:00-22:30",
        "source": "osm"
      }
    },
    {
      "type": "Feature",
      "geometry": {
        "type": "Point",
        "coordinates": [
          -1.0313501,
          51.462324
        ]
      },
      "properties": {
        "id": "osm-n-318491488",
        "category": "parking",
        "name": "Parking",
        "wheelchair": null,
        "fee": "no",
        "opening_hours": null,
        "source": "osm"
      }
    },
    {
      "type": "Feature",
      "geometry": {
        "type": "Point",
        "coordinates": [
          -1.0132162,
          51.4625475
        ]
      },
      "properties": {
        "id": "osm-n-318562243",
        "category": "fuel",
        "name": "Shell Norcot",
        "wheelchair": null,
        "fee": null,
        "opening_hours": null,
        "source": "osm"
      }
    },
    {
      "type": "Feature",
      "geometry": {
        "type": "Point",
        "coordinates": [
          -0.9587907,
          51.475359
        ]
      },
      "properties": {
        "id": "osm-n-318709728",
        "category": "parking",
        "name": "Reading Crematorium",
        "wheelchair": null,
        "fee": null,
        "opening_hours": null,
        "source": "osm"
      }
    },
    {
      "type": "Feature",
      "geometry": {
        "type": "Point",
        "coordinates": [
          -0.9466759,
          51.4782099
        ]
      },
      "properties": {
        "id": "osm-n-318753333",
        "category": "shop",
        "name": "Caversham Park Village Store",
        "wheelchair": null,
        "fee": null,
        "opening_hours": null,
        "source": "osm"
      }
    },
    {
      "type": "Feature",
      "geometry": {
        "type": "Point",
        "coordinates": [
          -0.9463092,
          51.4785355
        ]
      },
      "properties": {
        "id": "osm-n-318753336",
        "category": "shop",
        "name": "Caversham Park Convenience Store",
        "wheelchair": null,
        "fee": null,
        "opening_hours": null,
        "source": "osm"
      }
    },
    {
      "type": "Feature",
      "geometry": {
        "type": "Point",
        "coordinates": [
          -1.0244212,
          51.4548985
        ]
      },
      "properties": {
        "id": "osm-n-319146205",
        "category": "shop",
        "name": "N.K. Food & Wine",
        "wheelchair": null,
        "fee": null,
        "opening_hours": "07:00-21:00",
        "source": "osm"
      }
    },
    {
      "type": "Feature",
      "geometry": {
        "type": "Point",
        "coordinates": [
          -1.0159124,
          51.4558008
        ]
      },
      "properties": {
        "id": "osm-n-319251996",
        "category": "shop",
        "name": "Londis",
        "wheelchair": "yes",
        "fee": null,
        "opening_hours": "Mo-Sa 07:00-21:30, Su 08:00-21:30",
        "source": "osm"
      }
    },
    {
      "type": "Feature",
      "geometry": {
        "type": "Point",
        "coordinates": [
          -1.0160818,
          51.4558763
        ]
      },
      "properties": {
        "id": "osm-n-319252067",
        "category": "shop",
        "name": "Today's Express",
        "wheelchair": "yes",
        "fee": null,
        "opening_hours": "Mo-Sa 07:00-20:00, Su 08:00-14:00",
        "source": "osm"
      }
    },
    {
      "type": "Feature",
      "geometry": {
        "type": "Point",
        "coordinates": [
          -0.9622278,
          51.4880604
        ]
      },
      "properties": {
        "id": "osm-n-324749567",
        "category": "aed",
        "name": "Aed",
        "wheelchair": null,
        "fee": null,
        "opening_hours": null,
        "source": "osm"
      }
    },
    {
      "type": "Feature",
      "geometry": {
        "type": "Point",
        "coordinates": [
          -0.9667167,
          51.4566556
        ]
      },
      "properties": {
        "id": "osm-n-429492071",
        "category": "toilet",
        "name": "Toilet",
        "wheelchair": "yes",
        "fee": "no",
        "opening_hours": null,
        "source": "osm"
      }
    },
    {
      "type": "Feature",
      "geometry": {
        "type": "Point",
        "coordinates": [
          -0.9667016,
          51.4566861
        ]
      },
      "properties": {
        "id": "osm-n-429492072",
        "category": "info",
        "name": "Info",
        "wheelchair": null,
        "fee": null,
        "opening_hours": null,
        "source": "osm"
      }
    },
    {
      "type": "Feature",
      "geometry": {
        "type": "Point",
        "coordinates": [
          -0.9934672,
          51.4561197
        ]
      },
      "properties": {
        "id": "osm-n-429501931",
        "category": "cafe",
        "name": "Workhouse Coffee",
        "wheelchair": "limited",
        "fee": null,
        "opening_hours": "Mo-Fr 07:30-13:30; Sa 09:30-14:30; Su 10:00-14:00",
        "source": "osm"
      }
    },
    {
      "type": "Feature",
      "geometry": {
        "type": "Point",
        "coordinates": [
          -0.9889139,
          51.4807869
        ]
      },
      "properties": {
        "id": "osm-n-471950477",
        "category": "shop",
        "name": "Conisboro Stores",
        "wheelchair": null,
        "fee": null,
        "opening_hours": null,
        "source": "osm"
      }
    },
    {
      "type": "Feature",
      "geometry": {
        "type": "Point",
        "coordinates": [
          -0.934088,
          51.4615214
        ]
      },
      "properties": {
        "id": "osm-n-504643787",
        "category": "info",
        "name": "Millennium Milepost Campus Woods",
        "wheelchair": null,
        "fee": null,
        "opening_hours": null,
        "source": "osm"
      }
    },
    {
      "type": "Feature",
      "geometry": {
        "type": "Point",
        "coordinates": [
          -0.9698002,
          51.4556092
        ]
      },
      "properties": {
        "id": "osm-n-627421661",
        "category": "clinic",
        "name": "The Laser Clinic",
        "wheelchair": null,
        "fee": null,
        "opening_hours": null,
        "source": "osm"
      }
    },
    {
      "type": "Feature",
      "geometry": {
        "type": "Point",
        "coordinates": [
          -0.9716707,
          51.4582825
        ]
      },
      "properties": {
        "id": "osm-n-838052726",
        "category": "cafe",
        "name": "Costa",
        "wheelchair": "yes",
        "fee": null,
        "opening_hours": "Mo-Fr 05:30-18:00; Sa 07:00-18:00; Su 08:00-17:00",
        "source": "osm"
      }
    },
    {
      "type": "Feature",
      "geometry": {
        "type": "Point",
        "coordinates": [
          -1.0077207,
          51.4517194
        ]
      },
      "properties": {
        "id": "osm-n-840612514",
        "category": "info",
        "name": "Prospect Park",
        "wheelchair": null,
        "fee": null,
        "opening_hours": null,
        "source": "osm"
      }
    },
    {
      "type": "Feature",
      "geometry": {
        "type": "Point",
        "coordinates": [
          -0.9686879,
          51.4823878
        ]
      },
      "properties": {
        "id": "osm-n-875605435",
        "category": "shop",
        "name": "True Food Community Co-op",
        "wheelchair": null,
        "fee": null,
        "opening_hours": "Tu-Sa 10:00-18:00",
        "source": "osm"
      }
    },
    {
      "type": "Feature",
      "geometry": {
        "type": "Point",
        "coordinates": [
          -0.9767587,
          51.4554789
        ]
      },
      "properties": {
        "id": "osm-n-885655071",
        "category": "shop",
        "name": "Tesco Express",
        "wheelchair": "yes",
        "fee": null,
        "opening_hours": "Mo-Su 06:00-23:00",
        "source": "osm"
      }
    },
    {
      "type": "Feature",
      "geometry": {
        "type": "Point",
        "coordinates": [
          -0.9690839,
          51.4555219
        ]
      },
      "properties": {
        "id": "osm-n-885655891",
        "category": "shop",
        "name": "Tesco Express",
        "wheelchair": "yes",
        "fee": null,
        "opening_hours": "Mo-Su 06:00-23:00",
        "source": "osm"
      }
    },
    {
      "type": "Feature",
      "geometry": {
        "type": "Point",
        "coordinates": [
          -0.9699002,
          51.4551746
        ]
      },
      "properties": {
        "id": "osm-n-911842246",
        "category": "cafe",
        "name": "Starbucks",
        "wheelchair": "yes",
        "fee": null,
        "opening_hours": "Mo-Fr 06:00-21:00; Sa 07:00-21:00; Su 07:30-21:00",
        "source": "osm"
      }
    },
    {
      "type": "Feature",
      "geometry": {
        "type": "Point",
        "coordinates": [
          -0.9729282,
          51.4555123
        ]
      },
      "properties": {
        "id": "osm-n-911842359",
        "category": "cafe",
        "name": "Costa",
        "wheelchair": null,
        "fee": null,
        "opening_hours": null,
        "source": "osm"
      }
    },
    {
      "type": "Feature",
      "geometry": {
        "type": "Point",
        "coordinates": [
          -0.9753353,
          51.455744
        ]
      },
      "properties": {
        "id": "osm-n-911842385",
        "category": "cafe",
        "name": "Mon Cheri",
        "wheelchair": null,
        "fee": null,
        "opening_hours": "06:30-20:00",
        "source": "osm"
      }
    },
    {
      "type": "Feature",
      "geometry": {
        "type": "Point",
        "coordinates": [
          -0.974431,
          51.467535
        ]
      },
      "properties": {
        "id": "osm-n-912280360",
        "category": "cafe",
        "name": "Costa",
        "wheelchair": "yes",
        "fee": null,
        "opening_hours": null,
        "source": "osm"
      }
    },
    {
      "type": "Feature",
      "geometry": {
        "type": "Point",
        "coordinates": [
          -0.9673221,
          51.4504951
        ]
      },
      "properties": {
        "id": "osm-n-1258350051",
        "category": "shop",
        "name": "Tesco Express",
        "wheelchair": null,
        "fee": null,
        "opening_hours": "Mo-Su 06:00-23:00",
        "source": "osm"
      }
    },
    {
      "type": "Feature",
      "geometry": {
        "type": "Point",
        "coordinates": [
          -0.9440368,
          51.4403136
        ]
      },
      "properties": {
        "id": "osm-n-1298715250",
        "category": "shop",
        "name": "Co-op",
        "wheelchair": null,
        "fee": null,
        "opening_hours": "Mo-Su 07:00-22:00",
        "source": "osm"
      }
    },
    {
      "type": "Feature",
      "geometry": {
        "type": "Point",
        "coordinates": [
          -0.9591717,
          51.4682598
        ]
      },
      "properties": {
        "id": "osm-n-1544143995",
        "category": "shop",
        "name": "The Co-operative Food",
        "wheelchair": null,
        "fee": null,
        "opening_hours": "Mo-Su 06:00-22:00",
        "source": "osm"
      }
    },
    {
      "type": "Feature",
      "geometry": {
        "type": "Point",
        "coordinates": [
          -0.9652872,
          51.4556372
        ]
      },
      "properties": {
        "id": "osm-n-1622819177",
        "category": "info",
        "name": "Chestnut Walk",
        "wheelchair": null,
        "fee": null,
        "opening_hours": null,
        "source": "osm"
      }
    },
    {
      "type": "Feature",
      "geometry": {
        "type": "Point",
        "coordinates": [
          -0.9632933,
          51.455043
        ]
      },
      "properties": {
        "id": "osm-n-1622819218",
        "category": "cafe",
        "name": "Julia's Medow",
        "wheelchair": null,
        "fee": null,
        "opening_hours": null,
        "source": "osm"
      }
    },
    {
      "type": "Feature",
      "geometry": {
        "type": "Point",
        "coordinates": [
          -0.9671187,
          51.4565234
        ]
      },
      "properties": {
        "id": "osm-n-1622819231",
        "category": "info",
        "name": "The Forbury/Abbot's Walk",
        "wheelchair": null,
        "fee": null,
        "opening_hours": null,
        "source": "osm"
      }
    },
    {
      "type": "Feature",
      "geometry": {
        "type": "Point",
        "coordinates": [
          -0.970027,
          51.4549271
        ]
      },
      "properties": {
        "id": "osm-n-1668014930",
        "category": "cafe",
        "name": "Lincon Coffee",
        "wheelchair": null,
        "fee": null,
        "opening_hours": null,
        "source": "osm"
      }
    },
    {
      "type": "Feature",
      "geometry": {
        "type": "Point",
        "coordinates": [
          -0.9687356,
          51.4626722
        ]
      },
      "properties": {
        "id": "osm-n-1768064660",
        "category": "toilet",
        "name": "Toilet",
        "wheelchair": "yes",
        "fee": null,
        "opening_hours": null,
        "source": "osm"
      }
    },
    {
      "type": "Feature",
      "geometry": {
        "type": "Point",
        "coordinates": [
          -0.9440889,
          51.4411761
        ]
      },
      "properties": {
        "id": "osm-n-1796624601",
        "category": "cafe",
        "name": "Dol.che Vita",
        "wheelchair": null,
        "fee": null,
        "opening_hours": null,
        "source": "osm"
      }
    },
    {
      "type": "Feature",
      "geometry": {
        "type": "Point",
        "coordinates": [
          -0.972805,
          51.467844
        ]
      },
      "properties": {
        "id": "osm-n-1923781313",
        "category": "cafe",
        "name": "Geo Caf\u00e9",
        "wheelchair": null,
        "fee": null,
        "opening_hours": "Th-Sa 08:00-17:00; Mo,We,Su 08:00-16:00",
        "source": "osm"
      }
    },
    {
      "type": "Feature",
      "geometry": {
        "type": "Point",
        "coordinates": [
          -0.9729305,
          51.4677324
        ]
      },
      "properties": {
        "id": "osm-n-1923782812",
        "category": "cafe",
        "name": "Nathan's Nibbles",
        "wheelchair": null,
        "fee": null,
        "opening_hours": null,
        "source": "osm"
      }
    },
    {
      "type": "Feature",
      "geometry": {
        "type": "Point",
        "coordinates": [
          -0.9738464,
          51.4690669
        ]
      },
      "properties": {
        "id": "osm-n-1935535670",
        "category": "shop",
        "name": "H. K. Stores",
        "wheelchair": null,
        "fee": null,
        "opening_hours": null,
        "source": "osm"
      }
    },
    {
      "type": "Feature",
      "geometry": {
        "type": "Point",
        "coordinates": [
          -0.9797049,
          51.4677056
        ]
      },
      "properties": {
        "id": "osm-n-1935567819",
        "category": "cafe",
        "name": "The Tea Kiosk",
        "wheelchair": null,
        "fee": null,
        "opening_hours": null,
        "source": "osm"
      }
    },
    {
      "type": "Feature",
      "geometry": {
        "type": "Point",
        "coordinates": [
          -0.9797015,
          51.4677261
        ]
      },
      "properties": {
        "id": "osm-n-1935567840",
        "category": "toilet",
        "name": "Toilet",
        "wheelchair": "yes",
        "fee": "no",
        "opening_hours": null,
        "source": "osm"
      }
    },
    {
      "type": "Feature",
      "geometry": {
        "type": "Point",
        "coordinates": [
          -0.960822,
          51.452569
        ]
      },
      "properties": {
        "id": "osm-n-1991109457",
        "category": "shop",
        "name": "Twins News Mart",
        "wheelchair": null,
        "fee": null,
        "opening_hours": "Mo-Sa 06:30-23:00; Su 07:30-22:00",
        "source": "osm"
      }
    },
    {
      "type": "Feature",
      "geometry": {
        "type": "Point",
        "coordinates": [
          -0.9762259,
          51.4548451
        ]
      },
      "properties": {
        "id": "osm-n-2083398162",
        "category": "cafe",
        "name": "Boswells",
        "wheelchair": null,
        "fee": null,
        "opening_hours": null,
        "source": "osm"
      }
    },
    {
      "type": "Feature",
      "geometry": {
        "type": "Point",
        "coordinates": [
          -0.971872,
          51.4587831
        ]
      },
      "properties": {
        "id": "osm-n-2108578601",
        "category": "cafe",
        "name": "Cafe Ritazza",
        "wheelchair": "yes",
        "fee": null,
        "opening_hours": null,
        "source": "osm"
      }
    },
    {
      "type": "Feature",
      "geometry": {
        "type": "Point",
        "coordinates": [
          -0.9698275,
          51.4552702
        ]
      },
      "properties": {
        "id": "osm-n-2325397965",
        "category": "cafe",
        "name": "Picnic",
        "wheelchair": null,
        "fee": null,
        "opening_hours": null,
        "source": "osm"
      }
    },
    {
      "type": "Feature",
      "geometry": {
        "type": "Point",
        "coordinates": [
          -0.9715549,
          51.456839
        ]
      },
      "properties": {
        "id": "osm-n-2499414397",
        "category": "cafe",
        "name": "Piazza Cafe",
        "wheelchair": null,
        "fee": null,
        "opening_hours": null,
        "source": "osm"
      }
    },
    {
      "type": "Feature",
      "geometry": {
        "type": "Point",
        "coordinates": [
          -0.9703513,
          51.4570681
        ]
      },
      "properties": {
        "id": "osm-n-2499414398",
        "category": "cafe",
        "name": "Coffee Under Pressure",
        "wheelchair": null,
        "fee": null,
        "opening_hours": "Mo-Fr 07:00-17:00; Sa-Su 09:00-18:00",
        "source": "osm"
      }
    },
    {
      "type": "Feature",
      "geometry": {
        "type": "Point",
        "coordinates": [
          -0.9720069,
          51.4572734
        ]
      },
      "properties": {
        "id": "osm-n-2499414399",
        "category": "cafe",
        "name": "Pierre's",
        "wheelchair": null,
        "fee": null,
        "opening_hours": null,
        "source": "osm"
      }
    },
    {
      "type": "Feature",
      "geometry": {
        "type": "Point",
        "coordinates": [
          -0.9592166,
          51.4709019
        ]
      },
      "properties": {
        "id": "osm-n-2640923334",
        "category": "shop",
        "name": "Shop Inn",
        "wheelchair": null,
        "fee": null,
        "opening_hours": null,
        "source": "osm"
      }
    },
    {
      "type": "Feature",
      "geometry": {
        "type": "Point",
        "coordinates": [
          -0.9722378,
          51.4566515
        ]
      },
      "properties": {
        "id": "osm-n-2793679079",
        "category": "cafe",
        "name": "Black Sheep Coffee",
        "wheelchair": null,
        "fee": null,
        "opening_hours": "Mo-Fr 06:30-20:00; Sa 07:00-20:00; Su 08:00-19:00",
        "source": "osm"
      }
    },
    {
      "type": "Feature",
      "geometry": {
        "type": "Point",
        "coordinates": [
          -0.9718685,
          51.4577666
        ]
      },
      "properties": {
        "id": "osm-n-2872006601",
        "category": "cafe",
        "name": "Starbucks",
        "wheelchair": null,
        "fee": null,
        "opening_hours": null,
        "source": "osm"
      }
    },
    {
      "type": "Feature",
      "geometry": {
        "type": "Point",
        "coordinates": [
          -0.9713074,
          51.4583676
        ]
      },
      "properties": {
        "id": "osm-n-2872012601",
        "category": "shop",
        "name": "M&S Simply Food",
        "wheelchair": "yes",
        "fee": null,
        "opening_hours": "Mo-We 07:00-20:30; Th-Sa 07:00-21:00; Su 10:00-18:00",
        "source": "osm"
      }
    },
    {
      "type": "Feature",
      "geometry": {
        "type": "Point",
        "coordinates": [
          -0.9709162,
          51.4534281
        ]
      },
      "properties": {
        "id": "osm-n-2941126926",
        "category": "cafe",
        "name": "Caff\u00e8 Nero",
        "wheelchair": null,
        "fee": null,
        "opening_hours": "Mo-Fr 08:00-19:00; Sa 08:00-20:00; Su 09:00-18:00",
        "source": "osm"
      }
    },
    {
      "type": "Feature",
      "geometry": {
        "type": "Point",
        "coordinates": [
          -0.9699425,
          51.4531366
        ]
      },
      "properties": {
        "id": "osm-n-2964982471",
        "category": "cafe",
        "name": "Creperie Doux Sourire",
        "wheelchair": "yes",
        "fee": null,
        "opening_hours": null,
        "source": "osm"
      }
    },
    {
      "type": "Feature",
      "geometry": {
        "type": "Point",
        "coordinates": [
          -0.971417,
          51.4538529
        ]
      },
      "properties": {
        "id": "osm-n-2964982472",
        "category": "cafe",
        "name": "Starbucks",
        "wheelchair": null,
        "fee": null,
        "opening_hours": "Mo-Fr 08:00-20:00; Sa 08:00-19:00; Su 09:00-17:30",
        "source": "osm"
      }
    },
    {
      "type": "Feature",
      "geometry": {
        "type": "Point",
        "coordinates": [
          -0.9715013,
          51.4585059
        ]
      },
      "properties": {
        "id": "osm-n-2965993528",
        "category": "shop",
        "name": "Mavi's Food & Wine",
        "wheelchair": "yes",
        "fee": null,
        "opening_hours": null,
        "source": "osm"
      }
    },
    {
      "type": "Feature",
      "geometry": {
        "type": "Point",
        "coordinates": [
          -0.9717765,
          51.4584215
        ]
      },
      "properties": {
        "id": "osm-n-2965997234",
        "category": "cafe",
        "name": "AMT Coffee",
        "wheelchair": "yes",
        "fee": null,
        "opening_hours": "Mo-Fr 05:00-20:00; Sa 05:30-19:00; Su 06:30-18:30",
        "source": "osm"
      }
    },
    {
      "type": "Feature",
      "geometry": {
        "type": "Point",
        "coordinates": [
          -0.998255,
          51.4581043
        ]
      },
      "properties": {
        "id": "osm-n-3085105461",
        "category": "cafe",
        "name": "Costa",
        "wheelchair": "yes",
        "fee": null,
        "opening_hours": "Mo-We 07:30-19:00, Th,Fr 07:30-20:00, Sa 08:00-22:00, Su 09:30-15:30",
        "source": "osm"
      }
    },
    {
      "type": "Feature",
      "geometry": {
        "type": "Point",
        "coordinates": [
          -0.9657747,
          51.466082
        ]
      },
      "properties": {
        "id": "osm-n-3111764556",
        "category": "shop",
        "name": "Corner Store",
        "wheelchair": null,
        "fee": null,
        "opening_hours": null,
        "source": "osm"
      }
    },
    {
      "type": "Feature",
      "geometry": {
        "type": "Point",
        "coordinates": [
          -0.9633416,
          51.4657746
        ]
      },
      "properties": {
        "id": "osm-n-3111764563",
        "category": "shop",
        "name": "Londis",
        "wheelchair": "yes",
        "fee": null,
        "opening_hours": "Mo-Fr 07:30-22:30; Sa 08:00-22:30; Su 08:00-22:00",
        "source": "osm"
      }
    },
    {
      "type": "Feature",
      "geometry": {
        "type": "Point",
        "coordinates": [
          -0.9696691,
          51.4664464
        ]
      },
      "properties": {
        "id": "osm-n-3111764568",
        "category": "shop",
        "name": "Smith News",
        "wheelchair": null,
        "fee": null,
        "opening_hours": null,
        "source": "osm"
      }
    },
    {
      "type": "Feature",
      "geometry": {
        "type": "Point",
        "coordinates": [
          -0.970531,
          51.4550434
        ]
      },
      "properties": {
        "id": "osm-n-3243324497",
        "category": "cafe",
        "name": "GAIL's",
        "wheelchair": null,
        "fee": null,
        "opening_hours": "Mo-Sa 07:00-19:00; Su 07:00-18:00",
        "source": "osm"
      }
    },
    {
      "type": "Feature",
      "geometry": {
        "type": "Point",
        "coordinates": [
          -0.9701116,
          51.4552594
        ]
      },
      "properties": {
        "id": "osm-n-3243324499",
        "category": "cafe",
        "name": "Costa",
        "wheelchair": null,
        "fee": null,
        "opening_hours": null,
        "source": "osm"
      }
    },
    {
      "type": "Feature",
      "geometry": {
        "type": "Point",
        "coordinates": [
          -0.9797136,
          51.4681488
        ]
      },
      "properties": {
        "id": "osm-n-3308188989",
        "category": "info",
        "name": "Caversham Court Gardens",
        "wheelchair": null,
        "fee": null,
        "opening_hours": null,
        "source": "osm"
      }
    },
    {
      "type": "Feature",
      "geometry": {
        "type": "Point",
        "coordinates": [
          -0.9624731,
          51.4830505
        ]
      },
      "properties": {
        "id": "osm-n-3329294917",
        "category": "cafe",
        "name": "The Bite",
        "wheelchair": "yes",
        "fee": null,
        "opening_hours": "Mo-Fr 08:00-17:00, Sa 08:30-17:00",
        "source": "osm"
      }
    },
    {
      "type": "Feature",
      "geometry": {
        "type": "Point",
        "coordinates": [
          -0.9622512,
          51.4830078
        ]
      },
      "properties": {
        "id": "osm-n-3329299893",
        "category": "shop",
        "name": "Martin's Newsagent",
        "wheelchair": "limited",
        "fee": null,
        "opening_hours": "Mo-Sa 06:00-19:00, Su 07:00-19:00",
        "source": "osm"
      }
    },
    {
      "type": "Feature",
      "geometry": {
        "type": "Point",
        "coordinates": [
          -0.9736099,
          51.4449215
        ]
      },
      "properties": {
        "id": "osm-n-3330942239",
        "category": "charging",
        "name": "Nissan",
        "wheelchair": null,
        "fee": null,
        "opening_hours": null,
        "source": "osm"
      }
    },
    {
      "type": "Feature",
      "geometry": {
        "type": "Point",
        "coordinates": [
          -0.972143,
          51.4588794
        ]
      },
      "properties": {
        "id": "osm-n-3397267026",
        "category": "cafe",
        "name": "Pumpkin",
        "wheelchair": "yes",
        "fee": null,
        "opening_hours": null,
        "source": "osm"
      }
    },
    {
      "type": "Feature",
      "geometry": {
        "type": "Point",
        "coordinates": [
          -0.9860959,
          51.455294
        ]
      },
      "properties": {
        "id": "osm-n-3646467958",
        "category": "shop",
        "name": "Today's Local",
        "wheelchair": null,
        "fee": null,
        "opening_hours": "Mo-Su 07:00-23:00",
        "source": "osm"
      }
    },
    {
      "type": "Feature",
      "geometry": {
        "type": "Point",
        "coordinates": [
          -0.986653,
          51.4550673
        ]
      },
      "properties": {
        "id": "osm-n-3646467961",
        "category": "shop",
        "name": "Tesco Express",
        "wheelchair": null,
        "fee": null,
        "opening_hours": "Mo-Su 07:00-23:00",
        "source": "osm"
      }
    },
    {
      "type": "Feature",
      "geometry": {
        "type": "Point",
        "coordinates": [
          -0.9908257,
          51.45213
        ]
      },
      "properties": {
        "id": "osm-n-3646570958",
        "category": "shop",
        "name": "AK Superstores",
        "wheelchair": null,
        "fee": null,
        "opening_hours": null,
        "source": "osm"
      }
    },
    {
      "type": "Feature",
      "geometry": {
        "type": "Point",
        "coordinates": [
          -0.9810659,
          51.4572262
        ]
      },
      "properties": {
        "id": "osm-n-3700593262",
        "category": "parking",
        "name": "Parking",
        "wheelchair": null,
        "fee": "yes",
        "opening_hours": null,
        "source": "osm"
      }
    },
    {
      "type": "Feature",
      "geometry": {
        "type": "Point",
        "coordinates": [
          -0.9749613,
          51.4545736
        ]
      },
      "properties": {
        "id": "osm-n-3732894050",
        "category": "shop",
        "name": "Perfect Chicken",
        "wheelchair": null,
        "fee": null,
        "opening_hours": null,
        "source": "osm"
      }
    },
    {
      "type": "Feature",
      "geometry": {
        "type": "Point",
        "coordinates": [
          -0.9725272,
          51.4542968
        ]
      },
      "properties": {
        "id": "osm-n-3739930515",
        "category": "cafe",
        "name": "Tamp Culture Coffee",
        "wheelchair": null,
        "fee": null,
        "opening_hours": null,
        "source": "osm"
      }
    },
    {
      "type": "Feature",
      "geometry": {
        "type": "Point",
        "coordinates": [
          -0.9758934,
          51.4552476
        ]
      },
      "properties": {
        "id": "osm-n-3791960779",
        "category": "cafe",
        "name": "Muffin Break",
        "wheelchair": null,
        "fee": null,
        "opening_hours": null,
        "source": "osm"
      }
    },
    {
      "type": "Feature",
      "geometry": {
        "type": "Point",
        "coordinates": [
          -0.9985206,
          51.457571
        ]
      },
      "properties": {
        "id": "osm-n-3939547733",
        "category": "parking",
        "name": "Parking",
        "wheelchair": null,
        "fee": "yes",
        "opening_hours": null,
        "source": "osm"
      }
    },
    {
      "type": "Feature",
      "geometry": {
        "type": "Point",
        "coordinates": [
          -0.975141,
          51.4555734
        ]
      },
      "properties": {
        "id": "osm-n-4169364508",
        "category": "shop",
        "name": "Davina's",
        "wheelchair": null,
        "fee": null,
        "opening_hours": null,
        "source": "osm"
      }
    },
    {
      "type": "Feature",
      "geometry": {
        "type": "Point",
        "coordinates": [
          -0.9765906,
          51.4549095
        ]
      },
      "properties": {
        "id": "osm-n-4169825720",
        "category": "shop",
        "name": "Cmart",
        "wheelchair": null,
        "fee": null,
        "opening_hours": null,
        "source": "osm"
      }
    },
    {
      "type": "Feature",
      "geometry": {
        "type": "Point",
        "coordinates": [
          -0.9740475,
          51.456581
        ]
      },
      "properties": {
        "id": "osm-n-4169825729",
        "category": "shop",
        "name": "Super Delight",
        "wheelchair": null,
        "fee": null,
        "opening_hours": null,
        "source": "osm"
      }
    },
    {
      "type": "Feature",
      "geometry": {
        "type": "Point",
        "coordinates": [
          -0.9935904,
          51.4795378
        ]
      },
      "properties": {
        "id": "osm-n-4394222894",
        "category": "shop",
        "name": "Woodcote Way News",
        "wheelchair": null,
        "fee": null,
        "opening_hours": null,
        "source": "osm"
      }
    },
    {
      "type": "Feature",
      "geometry": {
        "type": "Point",
        "coordinates": [
          -1.0002465,
          51.4510639
        ]
      },
      "properties": {
        "id": "osm-n-4457240611",
        "category": "cafe",
        "name": "Parkside Cafe",
        "wheelchair": "yes",
        "fee": null,
        "opening_hours": "Mo-Fr 09:00-14:00; Sa-Su closed",
        "source": "osm"
      }
    },
    {
      "type": "Feature",
      "geometry": {
        "type": "Point",
        "coordinates": [
          -0.9708185,
          51.4545516
        ]
      },
      "properties": {
        "id": "osm-n-4476854690",
        "category": "cafe",
        "name": "Costa",
        "wheelchair": null,
        "fee": null,
        "opening_hours": null,
        "source": "osm"
      }
    },
    {
      "type": "Feature",
      "geometry": {
        "type": "Point",
        "coordinates": [
          -0.9462369,
          51.4408061
        ]
      },
      "properties": {
        "id": "osm-n-4728957976",
        "category": "cafe",
        "name": "The Breakfast Box",
        "wheelchair": null,
        "fee": null,
        "opening_hours": null,
        "source": "osm"
      }
    },
    {
      "type": "Feature",
      "geometry": {
        "type": "Point",
        "coordinates": [
          -0.9432394,
          51.4408987
        ]
      },
      "properties": {
        "id": "osm-n-4736504923",
        "category": "cafe",
        "name": "Starbucks",
        "wheelchair": null,
        "fee": null,
        "opening_hours": null,
        "source": "osm"
      }
    },
    {
      "type": "Feature",
      "geometry": {
        "type": "Point",
        "coordinates": [
          -0.9929796,
          51.4562783
        ]
      },
      "properties": {
        "id": "osm-n-4807216276",
        "category": "cafe",
        "name": "Karak Chaii",
        "wheelchair": null,
        "fee": null,
        "opening_hours": null,
        "source": "osm"
      }
    },
    {
      "type": "Feature",
      "geometry": {
        "type": "Point",
        "coordinates": [
          -0.9940765,
          51.4562463
        ]
      },
      "properties": {
        "id": "osm-n-4808445629",
        "category": "cafe",
        "name": "Dua Lounge",
        "wheelchair": null,
        "fee": null,
        "opening_hours": null,
        "source": "osm"
      }
    },
    {
      "type": "Feature",
      "geometry": {
        "type": "Point",
        "coordinates": [
          -0.9948349,
          51.456394
        ]
      },
      "properties": {
        "id": "osm-n-4826866845",
        "category": "shop",
        "name": "Today's Local",
        "wheelchair": "yes",
        "fee": null,
        "opening_hours": null,
        "source": "osm"
      }
    },
    {
      "type": "Feature",
      "geometry": {
        "type": "Point",
        "coordinates": [
          -0.994981,
          51.4564246
        ]
      },
      "properties": {
        "id": "osm-n-4826866847",
        "category": "cafe",
        "name": "DeNata Coffee & Co",
        "wheelchair": "limited",
        "fee": null,
        "opening_hours": "Mo-Sa 09:00-19:00",
        "source": "osm"
      }
    },
    {
      "type": "Feature",
      "geometry": {
        "type": "Point",
        "coordinates": [
          -0.9982843,
          51.4571556
        ]
      },
      "properties": {
        "id": "osm-n-4860664637",
        "category": "cafe",
        "name": "Reading Baguettes",
        "wheelchair": "limited",
        "fee": null,
        "opening_hours": null,
        "source": "osm"
      }
    },
    {
      "type": "Feature",
      "geometry": {
        "type": "Point",
        "coordinates": [
          -0.9738688,
          51.4594351
        ]
      },
      "properties": {
        "id": "osm-n-4865093222",
        "category": "cafe",
        "name": "Coffee2Go",
        "wheelchair": "yes",
        "fee": null,
        "opening_hours": null,
        "source": "osm"
      }
    },
    {
      "type": "Feature",
      "geometry": {
        "type": "Point",
        "coordinates": [
          -0.9882547,
          51.4557399
        ]
      },
      "properties": {
        "id": "osm-n-4917778862",
        "category": "shop",
        "name": "Delicii Roman\u00e2ne\u0219ti",
        "wheelchair": null,
        "fee": null,
        "opening_hours": null,
        "source": "osm"
      }
    },
    {
      "type": "Feature",
      "geometry": {
        "type": "Point",
        "coordinates": [
          -0.9883507,
          51.4557473
        ]
      },
      "properties": {
        "id": "osm-n-4917778863",
        "category": "shop",
        "name": "Zam-Zam Halal Superstore",
        "wheelchair": "limited",
        "fee": null,
        "opening_hours": null,
        "source": "osm"
      }
    },
    {
      "type": "Feature",
      "geometry": {
        "type": "Point",
        "coordinates": [
          -0.988514,
          51.4557599
        ]
      },
      "properties": {
        "id": "osm-n-4917778865",
        "category": "shop",
        "name": "H.A. Ditta & Sons",
        "wheelchair": "yes",
        "fee": null,
        "opening_hours": "Su-Th 09:00-21:00; Fr,Sa 09:00-22:00",
        "source": "osm"
      }
    },
    {
      "type": "Feature",
      "geometry": {
        "type": "Point",
        "coordinates": [
          -0.9845276,
          51.4550618
        ]
      },
      "properties": {
        "id": "osm-n-4917778880",
        "category": "shop",
        "name": "A & S Continental Food and Wine Store",
        "wheelchair": null,
        "fee": null,
        "opening_hours": "Mo-Su 09:00-23:00",
        "source": "osm"
      }
    },
    {
      "type": "Feature",
      "geometry": {
        "type": "Point",
        "coordinates": [
          -0.9909931,
          51.4555646
        ]
      },
      "properties": {
        "id": "osm-n-4920672955",
        "category": "parking",
        "name": "Parking",
        "wheelchair": null,
        "fee": "no",
        "opening_hours": null,
        "source": "osm"
      }
    },
    {
      "type": "Feature",
      "geometry": {
        "type": "Point",
        "coordinates": [
          -0.9991161,
          51.4573597
        ]
      },
      "properties": {
        "id": "osm-n-4934131003",
        "category": "shop",
        "name": "La Mamaja",
        "wheelchair": "yes",
        "fee": null,
        "opening_hours": "Mo-Fr 10:00-20:00; Sa 11:00-19:00; Su 12:00-16:00",
        "source": "osm"
      }
    },
    {
      "type": "Feature",
      "geometry": {
        "type": "Point",
        "coordinates": [
          -0.9989875,
          51.4573321
        ]
      },
      "properties": {
        "id": "osm-n-4934131006",
        "category": "shop",
        "name": "Tariq Halal",
        "wheelchair": "yes",
        "fee": null,
        "opening_hours": null,
        "source": "osm"
      }
    },
    {
      "type": "Feature",
      "geometry": {
        "type": "Point",
        "coordinates": [
          -0.979646,
          51.4584039
        ]
      },
      "properties": {
        "id": "osm-n-4945803237",
        "category": "cafe",
        "name": "The Market Cafe",
        "wheelchair": null,
        "fee": null,
        "opening_hours": null,
        "source": "osm"
      }
    },
    {
      "type": "Feature",
      "geometry": {
        "type": "Point",
        "coordinates": [
          -0.973211,
          51.4551509
        ]
      },
      "properties": {
        "id": "osm-n-4950854528",
        "category": "cafe",
        "name": "T4 Tea For U",
        "wheelchair": null,
        "fee": null,
        "opening_hours": null,
        "source": "osm"
      }
    },
    {
      "type": "Feature",
      "geometry": {
        "type": "Point",
        "coordinates": [
          -0.9648819,
          51.4447289
        ]
      },
      "properties": {
        "id": "osm-n-4973748913",
        "category": "shop",
        "name": "Premier",
        "wheelchair": null,
        "fee": null,
        "opening_hours": null,
        "source": "osm"
      }
    },
    {
      "type": "Feature",
      "geometry": {
        "type": "Point",
        "coordinates": [
          -0.9650716,
          51.4450737
        ]
      },
      "properties": {
        "id": "osm-n-4973748919",
        "category": "shop",
        "name": "Tesco Express",
        "wheelchair": null,
        "fee": null,
        "opening_hours": "Mo-Su 06:00-23:00",
        "source": "osm"
      }
    },
    {
      "type": "Feature",
      "geometry": {
        "type": "Point",
        "coordinates": [
          -0.9653259,
          51.4455416
        ]
      },
      "properties": {
        "id": "osm-n-4973749328",
        "category": "shop",
        "name": "Freddies",
        "wheelchair": null,
        "fee": null,
        "opening_hours": null,
        "source": "osm"
      }
    },
    {
      "type": "Feature",
      "geometry": {
        "type": "Point",
        "coordinates": [
          -0.9654371,
          51.4457501
        ]
      },
      "properties": {
        "id": "osm-n-4973749331",
        "category": "shop",
        "name": "Speciality Food & Wine",
        "wheelchair": null,
        "fee": null,
        "opening_hours": null,
        "source": "osm"
      }
    },
    {
      "type": "Feature",
      "geometry": {
        "type": "Point",
        "coordinates": [
          -0.9655994,
          51.4461504
        ]
      },
      "properties": {
        "id": "osm-n-4973749335",
        "category": "shop",
        "name": "Whitley Store",
        "wheelchair": null,
        "fee": null,
        "opening_hours": null,
        "source": "osm"
      }
    },
    {
      "type": "Feature",
      "geometry": {
        "type": "Point",
        "coordinates": [
          -0.9723886,
          51.4568799
        ]
      },
      "properties": {
        "id": "osm-n-4973749348",
        "category": "shop",
        "name": "Davina's Local",
        "wheelchair": null,
        "fee": null,
        "opening_hours": null,
        "source": "osm"
      }
    },
    {
      "type": "Feature",
      "geometry": {
        "type": "Point",
        "coordinates": [
          -0.9762217,
          51.45625
        ]
      },
      "properties": {
        "id": "osm-n-4973749357",
        "category": "cafe",
        "name": "Rafina",
        "wheelchair": null,
        "fee": null,
        "opening_hours": null,
        "source": "osm"
      }
    },
    {
      "type": "Feature",
      "geometry": {
        "type": "Point",
        "coordinates": [
          -0.9767061,
          51.4768258
        ]
      },
      "properties": {
        "id": "osm-n-4998249059",
        "category": "shop",
        "name": "Costcutter",
        "wheelchair": null,
        "fee": null,
        "opening_hours": null,
        "source": "osm"
      }
    },
    {
      "type": "Feature",
      "geometry": {
        "type": "Point",
        "coordinates": [
          -0.9978294,
          51.4545292
        ]
      },
      "properties": {
        "id": "osm-n-5018254395",
        "category": "shop",
        "name": "Butts Avenue Store",
        "wheelchair": "no",
        "fee": null,
        "opening_hours": "Mo-Su,PH 07:00-22:00",
        "source": "osm"
      }
    },
    {
      "type": "Feature",
      "geometry": {
        "type": "Point",
        "coordinates": [
          -0.9907503,
          51.4559794
        ]
      },
      "properties": {
        "id": "osm-n-5030785329",
        "category": "cafe",
        "name": "Elle's Baguettes",
        "wheelchair": "yes",
        "fee": null,
        "opening_hours": "Mo-Fr 06:30-16:00, Sa 07:00-16:00",
        "source": "osm"
      }
    },
    {
      "type": "Feature",
      "geometry": {
        "type": "Point",
        "coordinates": [
          -0.9908281,
          51.4559887
        ]
      },
      "properties": {
        "id": "osm-n-5030785330",
        "category": "shop",
        "name": "Today's Local",
        "wheelchair": "yes",
        "fee": null,
        "opening_hours": "Mo-Sa 06:00-23:00, Su 08:00-23:00",
        "source": "osm"
      }
    },
    {
      "type": "Feature",
      "geometry": {
        "type": "Point",
        "coordinates": [
          -0.9716691,
          51.4534146
        ]
      },
      "properties": {
        "id": "osm-n-5031194811",
        "category": "toilet",
        "name": "Toilet",
        "wheelchair": null,
        "fee": "no",
        "opening_hours": null,
        "source": "osm"
      }
    },
    {
      "type": "Feature",
      "geometry": {
        "type": "Point",
        "coordinates": [
          -1.0170803,
          51.4497832
        ]
      },
      "properties": {
        "id": "osm-n-5114971230",
        "category": "cafe",
        "name": "The Grove",
        "wheelchair": "yes",
        "fee": null,
        "opening_hours": "Mo-Sa 08:00-16:00; Su 09:00-15:00",
        "source": "osm"
      }
    },
    {
      "type": "Feature",
      "geometry": {
        "type": "Point",
        "coordinates": [
          -1.0169577,
          51.4497932
        ]
      },
      "properties": {
        "id": "osm-n-5114971247",
        "category": "shop",
        "name": "Mandy\u2019s",
        "wheelchair": "limited",
        "fee": null,
        "opening_hours": null,
        "source": "osm"
      }
    },
    {
      "type": "Feature",
      "geometry": {
        "type": "Point",
        "coordinates": [
          -0.9735024,
          51.4573496
        ]
      },
      "properties": {
        "id": "osm-n-5121388239",
        "category": "cafe",
        "name": "Shed",
        "wheelchair": null,
        "fee": null,
        "opening_hours": "Mo-Fr 08:00-16:30; Sa 10:00-17:00",
        "source": "osm"
      }
    },
    {
      "type": "Feature",
      "geometry": {
        "type": "Point",
        "coordinates": [
          -0.9734055,
          51.4587994
        ]
      },
      "properties": {
        "id": "osm-n-5180526520",
        "category": "cafe",
        "name": "Starbucks",
        "wheelchair": "yes",
        "fee": null,
        "opening_hours": "Mo-Fr 05:30-21:30; Sa 06:00-21:00; Su 07:30-21:00",
        "source": "osm"
      }
    },
    {
      "type": "Feature",
      "geometry": {
        "type": "Point",
        "coordinates": [
          -0.9841166,
          51.4579517
        ]
      },
      "properties": {
        "id": "osm-n-5212533189",
        "category": "shop",
        "name": "A&S News & Off Licence",
        "wheelchair": null,
        "fee": null,
        "opening_hours": "Mo-Su 07:00-23:00",
        "source": "osm"
      }
    },
    {
      "type": "Feature",
      "geometry": {
        "type": "Point",
        "coordinates": [
          -0.9841016,
          51.4516742
        ]
      },
      "properties": {
        "id": "osm-n-5236071476",
        "category": "fuel",
        "name": "BP",
        "wheelchair": null,
        "fee": null,
        "opening_hours": null,
        "source": "osm"
      }
    },
    {
      "type": "Feature",
      "geometry": {
        "type": "Point",
        "coordinates": [
          -1.0374208,
          51.4604748
        ]
      },
      "properties": {
        "id": "osm-n-5298253118",
        "category": "fuel",
        "name": "Asda",
        "wheelchair": null,
        "fee": null,
        "opening_hours": "06:00-23:00",
        "source": "osm"
      }
    },
    {
      "type": "Feature",
      "geometry": {
        "type": "Point",
        "coordinates": [
          -0.9656449,
          51.4639415
        ]
      },
      "properties": {
        "id": "osm-n-5337308003",
        "category": "shop",
        "name": "Londis",
        "wheelchair": null,
        "fee": null,
        "opening_hours": "Mo-Su 06:00-22:00",
        "source": "osm"
      }
    },
    {
      "type": "Feature",
      "geometry": {
        "type": "Point",
        "coordinates": [
          -0.9726835,
          51.4480289
        ]
      },
      "properties": {
        "id": "osm-n-5367701313",
        "category": "shop",
        "name": "No 1 Convenience Store",
        "wheelchair": null,
        "fee": null,
        "opening_hours": null,
        "source": "osm"
      }
    },
    {
      "type": "Feature",
      "geometry": {
        "type": "Point",
        "coordinates": [
          -0.9727778,
          51.448282
        ]
      },
      "properties": {
        "id": "osm-n-5367701314",
        "category": "shop",
        "name": "Bally Convenience Store",
        "wheelchair": null,
        "fee": null,
        "opening_hours": null,
        "source": "osm"
      }
    },
    {
      "type": "Feature",
      "geometry": {
        "type": "Point",
        "coordinates": [
          -0.9760599,
          51.4630098
        ]
      },
      "properties": {
        "id": "osm-n-5368468280",
        "category": "shop",
        "name": "Your Local Store",
        "wheelchair": null,
        "fee": null,
        "opening_hours": null,
        "source": "osm"
      }
    },
    {
      "type": "Feature",
      "geometry": {
        "type": "Point",
        "coordinates": [
          -0.9777094,
          51.4646199
        ]
      },
      "properties": {
        "id": "osm-n-5368468554",
        "category": "shop",
        "name": "Caversham Road Stores",
        "wheelchair": null,
        "fee": null,
        "opening_hours": "06:00-23:00",
        "source": "osm"
      }
    },
    {
      "type": "Feature",
      "geometry": {
        "type": "Point",
        "coordinates": [
          -1.0164211,
          51.4494691
        ]
      },
      "properties": {
        "id": "osm-n-5586170299",
        "category": "info",
        "name": "Info",
        "wheelchair": null,
        "fee": null,
        "opening_hours": null,
        "source": "osm"
      }
    },
    {
      "type": "Feature",
      "geometry": {
        "type": "Point",
        "coordinates": [
          -0.9803246,
          51.4551118
        ]
      },
      "properties": {
        "id": "osm-n-5586723750",
        "category": "shop",
        "name": "Anrish Stores",
        "wheelchair": null,
        "fee": null,
        "opening_hours": null,
        "source": "osm"
      }
    },
    {
      "type": "Feature",
      "geometry": {
        "type": "Point",
        "coordinates": [
          -0.9761679,
          51.4552158
        ]
      },
      "properties": {
        "id": "osm-n-5591030887",
        "category": "shop",
        "name": "Polskie Delikatesy \"Smaczek\"",
        "wheelchair": null,
        "fee": null,
        "opening_hours": null,
        "source": "osm"
      }
    },
    {
      "type": "Feature",
      "geometry": {
        "type": "Point",
        "coordinates": [
          -1.0193597,
          51.4660678
        ]
      },
      "properties": {
        "id": "osm-n-5592108773",
        "category": "cafe",
        "name": "Waitrose Cafe",
        "wheelchair": null,
        "fee": null,
        "opening_hours": null,
        "source": "osm"
      }
    },
    {
      "type": "Feature",
      "geometry": {
        "type": "Point",
        "coordinates": [
          -0.9843702,
          51.4517449
        ]
      },
      "properties": {
        "id": "osm-n-5599132667",
        "category": "shop",
        "name": "M&S Simply Food",
        "wheelchair": null,
        "fee": null,
        "opening_hours": "Mo-Su 07:00-22:30",
        "source": "osm"
      }
    },
    {
      "type": "Feature",
      "geometry": {
        "type": "Point",
        "coordinates": [
          -0.9763391,
          51.453408
        ]
      },
      "properties": {
        "id": "osm-n-5599859299",
        "category": "parking",
        "name": "Civic Centre B",
        "wheelchair": null,
        "fee": "yes",
        "opening_hours": null,
        "source": "osm"
      }
    },
    {
      "type": "Feature",
      "geometry": {
        "type": "Point",
        "coordinates": [
          -0.9765771,
          51.4537769
        ]
      },
      "properties": {
        "id": "osm-n-5599877168",
        "category": "info",
        "name": "Info",
        "wheelchair": null,
        "fee": null,
        "opening_hours": null,
        "source": "osm"
      }
    },
    {
      "type": "Feature",
      "geometry": {
        "type": "Point",
        "coordinates": [
          -0.9726843,
          51.4729683
        ]
      },
      "properties": {
        "id": "osm-n-5605467683",
        "category": "info",
        "name": "Millennium Milepost Caversham",
        "wheelchair": null,
        "fee": null,
        "opening_hours": null,
        "source": "osm"
      }
    },
    {
      "type": "Feature",
      "geometry": {
        "type": "Point",
        "coordinates": [
          -1.0106106,
          51.4425481
        ]
      },
      "properties": {
        "id": "osm-n-5606949428",
        "category": "shop",
        "name": "JAS express",
        "wheelchair": null,
        "fee": null,
        "opening_hours": "Mo-Sa 09:00-18:00; Su 10:00-14:00",
        "source": "osm"
      }
    },
    {
      "type": "Feature",
      "geometry": {
        "type": "Point",
        "coordinates": [
          -1.0106218,
          51.4420727
        ]
      },
      "properties": {
        "id": "osm-n-5606990324",
        "category": "shop",
        "name": "Morrisons Daily",
        "wheelchair": null,
        "fee": null,
        "opening_hours": null,
        "source": "osm"
      }
    },
    {
      "type": "Feature",
      "geometry": {
        "type": "Point",
        "coordinates": [
          -1.0106147,
          51.4421311
        ]
      },
      "properties": {
        "id": "osm-n-5606990326",
        "category": "shop",
        "name": "Premier",
        "wheelchair": null,
        "fee": null,
        "opening_hours": null,
        "source": "osm"
      }
    },
    {
      "type": "Feature",
      "geometry": {
        "type": "Point",
        "coordinates": [
          -1.022255,
          51.4437427
        ]
      },
      "properties": {
        "id": "osm-n-5612081390",
        "category": "parking",
        "name": "Parking",
        "wheelchair": null,
        "fee": "no",
        "opening_hours": null,
        "source": "osm"
      }
    },
    {
      "type": "Feature",
      "geometry": {
        "type": "Point",
        "coordinates": [
          -0.9706488,
          51.4578185
        ]
      },
      "properties": {
        "id": "osm-n-5625068153",
        "category": "info",
        "name": "Info",
        "wheelchair": null,
        "fee": null,
        "opening_hours": null,
        "source": "osm"
      }
    },
    {
      "type": "Feature",
      "geometry": {
        "type": "Point",
        "coordinates": [
          -0.9970953,
          51.4587248
        ]
      },
      "properties": {
        "id": "osm-n-5630403022",
        "category": "parking",
        "name": "Parking",
        "wheelchair": null,
        "fee": null,
        "opening_hours": null,
        "source": "osm"
      }
    },
    {
      "type": "Feature",
      "geometry": {
        "type": "Point",
        "coordinates": [
          -0.9657764,
          51.4578507
        ]
      },
      "properties": {
        "id": "osm-n-5631898343",
        "category": "cafe",
        "name": "The Spark",
        "wheelchair": null,
        "fee": null,
        "opening_hours": null,
        "source": "osm"
      }
    },
    {
      "type": "Feature",
      "geometry": {
        "type": "Point",
        "coordinates": [
          -0.9703716,
          51.4551473
        ]
      },
      "properties": {
        "id": "osm-n-5634356857",
        "category": "info",
        "name": "Info",
        "wheelchair": null,
        "fee": null,
        "opening_hours": null,
        "source": "osm"
      }
    },
    {
      "type": "Feature",
      "geometry": {
        "type": "Point",
        "coordinates": [
          -0.9756955,
          51.4556597
        ]
      },
      "properties": {
        "id": "osm-n-5635671583",
        "category": "shop",
        "name": "Mleczko Delikatesy",
        "wheelchair": null,
        "fee": null,
        "opening_hours": null,
        "source": "osm"
      }
    },
    {
      "type": "Feature",
      "geometry": {
        "type": "Point",
        "coordinates": [
          -0.9655348,
          51.4581272
        ]
      },
      "properties": {
        "id": "osm-n-5637409830",
        "category": "charging",
        "name": "Charging",
        "wheelchair": null,
        "fee": null,
        "opening_hours": null,
        "source": "osm"
      }
    },
    {
      "type": "Feature",
      "geometry": {
        "type": "Point",
        "coordinates": [
          -0.9668147,
          51.4582738
        ]
      },
      "properties": {
        "id": "osm-n-5637409831",
        "category": "charging",
        "name": "Charging",
        "wheelchair": null,
        "fee": null,
        "opening_hours": null,
        "source": "osm"
      }
    },
    {
      "type": "Feature",
      "geometry": {
        "type": "Point",
        "coordinates": [
          -0.9698181,
          51.4568371
        ]
      },
      "properties": {
        "id": "osm-n-5638077226",
        "category": "cafe",
        "name": "The Pantry",
        "wheelchair": null,
        "fee": null,
        "opening_hours": null,
        "source": "osm"
      }
    },
    {
      "type": "Feature",
      "geometry": {
        "type": "Point",
        "coordinates": [
          -0.9700134,
          51.456525
        ]
      },
      "properties": {
        "id": "osm-n-5638077228",
        "category": "info",
        "name": "Info",
        "wheelchair": null,
        "fee": null,
        "opening_hours": null,
        "source": "osm"
      }
    },
    {
      "type": "Feature",
      "geometry": {
        "type": "Point",
        "coordinates": [
          -0.9737347,
          51.4539661
        ]
      },
      "properties": {
        "id": "osm-n-5640312962",
        "category": "info",
        "name": "Info",
        "wheelchair": null,
        "fee": null,
        "opening_hours": null,
        "source": "osm"
      }
    },
    {
      "type": "Feature",
      "geometry": {
        "type": "Point",
        "coordinates": [
          -1.0247151,
          51.4440496
        ]
      },
      "properties": {
        "id": "osm-n-5645728759",
        "category": "toilet",
        "name": "Lidl",
        "wheelchair": "yes",
        "fee": null,
        "opening_hours": null,
        "source": "osm"
      }
    },
    {
      "type": "Feature",
      "geometry": {
        "type": "Point",
        "coordinates": [
          -1.0097262,
          51.4607102
        ]
      },
      "properties": {
        "id": "osm-n-5658669265",
        "category": "shop",
        "name": "Hewad Store",
        "wheelchair": null,
        "fee": null,
        "opening_hours": null,
        "source": "osm"
      }
    },
    {
      "type": "Feature",
      "geometry": {
        "type": "Point",
        "coordinates": [
          -0.9718006,
          51.4585369
        ]
      },
      "properties": {
        "id": "osm-n-5671697056",
        "category": "info",
        "name": "Info",
        "wheelchair": "yes",
        "fee": null,
        "opening_hours": null,
        "source": "osm"
      }
    },
    {
      "type": "Feature",
      "geometry": {
        "type": "Point",
        "coordinates": [
          -0.9706496,
          51.4578568
        ]
      },
      "properties": {
        "id": "osm-n-5715912352",
        "category": "info",
        "name": "Info",
        "wheelchair": null,
        "fee": null,
        "opening_hours": null,
        "source": "osm"
      }
    },
    {
      "type": "Feature",
      "geometry": {
        "type": "Point",
        "coordinates": [
          -0.9796895,
          51.4679384
        ]
      },
      "properties": {
        "id": "osm-n-5752423767",
        "category": "info",
        "name": "The Development of the Gardens",
        "wheelchair": null,
        "fee": null,
        "opening_hours": null,
        "source": "osm"
      }
    },
    {
      "type": "Feature",
      "geometry": {
        "type": "Point",
        "coordinates": [
          -0.9803776,
          51.4683396
        ]
      },
      "properties": {
        "id": "osm-n-5752425194",
        "category": "info",
        "name": "The Development of the House",
        "wheelchair": null,
        "fee": null,
        "opening_hours": null,
        "source": "osm"
      }
    },
    {
      "type": "Feature",
      "geometry": {
        "type": "Point",
        "coordinates": [
          -0.9743788,
          51.4677692
        ]
      },
      "properties": {
        "id": "osm-n-5764225644",
        "category": "info",
        "name": "Caversham Heritage Trail",
        "wheelchair": null,
        "fee": null,
        "opening_hours": null,
        "source": "osm"
      }
    },
    {
      "type": "Feature",
      "geometry": {
        "type": "Point",
        "coordinates": [
          -0.9779656,
          51.4677116
        ]
      },
      "properties": {
        "id": "osm-n-5764226376",
        "category": "cafe",
        "name": "The Collective",
        "wheelchair": null,
        "fee": null,
        "opening_hours": "Tu-Fr 08:30-16:30; Sa 09:00-16:00",
        "source": "osm"
      }
    },
    {
      "type": "Feature",
      "geometry": {
        "type": "Point",
        "coordinates": [
          -0.9644157,
          51.4606001
        ]
      },
      "properties": {
        "id": "osm-n-5764226380",
        "category": "info",
        "name": "Caversham Lock",
        "wheelchair": null,
        "fee": null,
        "opening_hours": null,
        "source": "osm"
      }
    },
    {
      "type": "Feature",
      "geometry": {
        "type": "Point",
        "coordinates": [
          -0.9644621,
          51.460593
        ]
      },
      "properties": {
        "id": "osm-n-5764226381",
        "category": "info",
        "name": "Enjoying the River Thames",
        "wheelchair": null,
        "fee": null,
        "opening_hours": null,
        "source": "osm"
      }
    },
    {
      "type": "Feature",
      "geometry": {
        "type": "Point",
        "coordinates": [
          -0.9631343,
          51.4623228
        ]
      },
      "properties": {
        "id": "osm-n-5764226591",
        "category": "info",
        "name": "View Island",
        "wheelchair": null,
        "fee": null,
        "opening_hours": null,
        "source": "osm"
      }
    },
    {
      "type": "Feature",
      "geometry": {
        "type": "Point",
        "coordinates": [
          -0.9679472,
          51.4612905
        ]
      },
      "properties": {
        "id": "osm-n-5764226638",
        "category": "info",
        "name": "Welcome to the Thames Parks",
        "wheelchair": null,
        "fee": null,
        "opening_hours": null,
        "source": "osm"
      }
    },
    {
      "type": "Feature",
      "geometry": {
        "type": "Point",
        "coordinates": [
          -0.9722216,
          51.4643538
        ]
      },
      "properties": {
        "id": "osm-n-5764226705",
        "category": "info",
        "name": "Thames Parks",
        "wheelchair": null,
        "fee": null,
        "opening_hours": null,
        "source": "osm"
      }
    },
    {
      "type": "Feature",
      "geometry": {
        "type": "Point",
        "coordinates": [
          -0.955307,
          51.459757
        ]
      },
      "properties": {
        "id": "osm-n-5773594509",
        "category": "aed",
        "name": "Aed",
        "wheelchair": null,
        "fee": null,
        "opening_hours": null,
        "source": "osm"
      }
    },
    {
      "type": "Feature",
      "geometry": {
        "type": "Point",
        "coordinates": [
          -1.022041,
          51.4444781
        ]
      },
      "properties": {
        "id": "osm-n-5774707162",
        "category": "info",
        "name": "Info",
        "wheelchair": null,
        "fee": null,
        "opening_hours": null,
        "source": "osm"
      }
    },
    {
      "type": "Feature",
      "geometry": {
        "type": "Point",
        "coordinates": [
          -0.9476895,
          51.4528152
        ]
      },
      "properties": {
        "id": "osm-n-5787473547",
        "category": "water",
        "name": "Water",
        "wheelchair": null,
        "fee": null,
        "opening_hours": null,
        "source": "osm"
      }
    },
    {
      "type": "Feature",
      "geometry": {
        "type": "Point",
        "coordinates": [
          -1.0269306,
          51.4440777
        ]
      },
      "properties": {
        "id": "osm-n-5796995298",
        "category": "info",
        "name": "Reading",
        "wheelchair": null,
        "fee": null,
        "opening_hours": null,
        "source": "osm"
      }
    },
    {
      "type": "Feature",
      "geometry": {
        "type": "Point",
        "coordinates": [
          -0.9715833,
          51.4559022
        ]
      },
      "properties": {
        "id": "osm-n-5799225139",
        "category": "cafe",
        "name": "YayLo coffee and cake",
        "wheelchair": null,
        "fee": null,
        "opening_hours": null,
        "source": "osm"
      }
    },
    {
      "type": "Feature",
      "geometry": {
        "type": "Point",
        "coordinates": [
          -0.9769557,
          51.4551047
        ]
      },
      "properties": {
        "id": "osm-n-5818162178",
        "category": "cafe",
        "name": "Mooboo",
        "wheelchair": null,
        "fee": null,
        "opening_hours": null,
        "source": "osm"
      }
    },
    {
      "type": "Feature",
      "geometry": {
        "type": "Point",
        "coordinates": [
          -0.9654128,
          51.4448253
        ]
      },
      "properties": {
        "id": "osm-n-5818550514",
        "category": "shop",
        "name": "AD Supermarket",
        "wheelchair": null,
        "fee": null,
        "opening_hours": null,
        "source": "osm"
      }
    },
    {
      "type": "Feature",
      "geometry": {
        "type": "Point",
        "coordinates": [
          -0.9709102,
          51.4565265
        ]
      },
      "properties": {
        "id": "osm-n-5821315853",
        "category": "shop",
        "name": "Chandni Kiosk",
        "wheelchair": "no",
        "fee": null,
        "opening_hours": null,
        "source": "osm"
      }
    },
    {
      "type": "Feature",
      "geometry": {
        "type": "Point",
        "coordinates": [
          -0.9665635,
          51.4401048
        ]
      },
      "properties": {
        "id": "osm-n-5840328281",
        "category": "shop",
        "name": "7 Day Supermarket",
        "wheelchair": null,
        "fee": null,
        "opening_hours": null,
        "source": "osm"
      }
    },
    {
      "type": "Feature",
      "geometry": {
        "type": "Point",
        "coordinates": [
          -0.9666336,
          51.4400506
        ]
      },
      "properties": {
        "id": "osm-n-5840328282",
        "category": "shop",
        "name": "Best & Less Supermarket",
        "wheelchair": null,
        "fee": null,
        "opening_hours": null,
        "source": "osm"
      }
    },
    {
      "type": "Feature",
      "geometry": {
        "type": "Point",
        "coordinates": [
          -0.966989,
          51.4397235
        ]
      },
      "properties": {
        "id": "osm-n-5840333891",
        "category": "shop",
        "name": "Trehan News",
        "wheelchair": null,
        "fee": null,
        "opening_hours": null,
        "source": "osm"
      }
    },
    {
      "type": "Feature",
      "geometry": {
        "type": "Point",
        "coordinates": [
          -0.9673564,
          51.4388195
        ]
      },
      "properties": {
        "id": "osm-n-5840333914",
        "category": "cafe",
        "name": "Reading Caf\u00e9",
        "wheelchair": null,
        "fee": null,
        "opening_hours": null,
        "source": "osm"
      }
    },
    {
      "type": "Feature",
      "geometry": {
        "type": "Point",
        "coordinates": [
          -0.9673796,
          51.4386127
        ]
      },
      "properties": {
        "id": "osm-n-5840333916",
        "category": "shop",
        "name": "Whitley Local",
        "wheelchair": null,
        "fee": null,
        "opening_hours": null,
        "source": "osm"
      }
    },
    {
      "type": "Feature",
      "geometry": {
        "type": "Point",
        "coordinates": [
          -0.9700499,
          51.4340647
        ]
      },
      "properties": {
        "id": "osm-n-5842107314",
        "category": "cafe",
        "name": "Morrisons Cafe",
        "wheelchair": null,
        "fee": null,
        "opening_hours": null,
        "source": "osm"
      }
    },
    {
      "type": "Feature",
      "geometry": {
        "type": "Point",
        "coordinates": [
          -0.9744192,
          51.4532038
        ]
      },
      "properties": {
        "id": "osm-n-5898635836",
        "category": "charging",
        "name": "Evolt",
        "wheelchair": null,
        "fee": "yes",
        "opening_hours": null,
        "source": "osm"
      }
    },
    {
      "type": "Feature",
      "geometry": {
        "type": "Point",
        "coordinates": [
          -0.9715651,
          51.45314
        ]
      },
      "properties": {
        "id": "osm-n-5899064800",
        "category": "cafe",
        "name": "BBS",
        "wheelchair": null,
        "fee": null,
        "opening_hours": null,
        "source": "osm"
      }
    },
    {
      "type": "Feature",
      "geometry": {
        "type": "Point",
        "coordinates": [
          -0.9605017,
          51.4537111
        ]
      },
      "properties": {
        "id": "osm-n-5907031262",
        "category": "shop",
        "name": "Nisha Food and Wine",
        "wheelchair": null,
        "fee": null,
        "opening_hours": "Mo-Su 07:00-23:00",
        "source": "osm"
      }
    },
    {
      "type": "Feature",
      "geometry": {
        "type": "Point",
        "coordinates": [
          -0.9729768,
          51.4556215
        ]
      },
      "properties": {
        "id": "osm-n-5919889713",
        "category": "info",
        "name": "Info",
        "wheelchair": null,
        "fee": null,
        "opening_hours": null,
        "source": "osm"
      }
    },
    {
      "type": "Feature",
      "geometry": {
        "type": "Point",
        "coordinates": [
          -0.9722111,
          51.4540763
        ]
      },
      "properties": {
        "id": "osm-n-5919889714",
        "category": "info",
        "name": "Info",
        "wheelchair": null,
        "fee": null,
        "opening_hours": null,
        "source": "osm"
      }
    },
    {
      "type": "Feature",
      "geometry": {
        "type": "Point",
        "coordinates": [
          -0.9680756,
          51.4333693
        ]
      },
      "properties": {
        "id": "osm-n-5924062324",
        "category": "cafe",
        "name": "Zotta Deli",
        "wheelchair": null,
        "fee": null,
        "opening_hours": null,
        "source": "osm"
      }
    },
    {
      "type": "Feature",
      "geometry": {
        "type": "Point",
        "coordinates": [
          -0.9680533,
          51.4441537
        ]
      },
      "properties": {
        "id": "osm-n-5940643651",
        "category": "info",
        "name": "Reading Borough Council Housing Notice Board",
        "wheelchair": null,
        "fee": null,
        "opening_hours": null,
        "source": "osm"
      }
    },
    {
      "type": "Feature",
      "geometry": {
        "type": "Point",
        "coordinates": [
          -0.960037,
          51.4490333
        ]
      },
      "properties": {
        "id": "osm-n-5940783470",
        "category": "cafe",
        "name": "MERL Cafe",
        "wheelchair": null,
        "fee": null,
        "opening_hours": "Tu-Fr 09:00-17:00, 09:00-18:00; Sa, Su 10:00-17:00",
        "source": "osm"
      }
    },
    {
      "type": "Feature",
      "geometry": {
        "type": "Point",
        "coordinates": [
          -0.9461829,
          51.4418622
        ]
      },
      "properties": {
        "id": "osm-n-5940783629",
        "category": "cafe",
        "name": "HBS Cafe",
        "wheelchair": null,
        "fee": null,
        "opening_hours": "Mo-Fr 08:30-16:00",
        "source": "osm"
      }
    },
    {
      "type": "Feature",
      "geometry": {
        "type": "Point",
        "coordinates": [
          -0.9452436,
          51.4401775
        ]
      },
      "properties": {
        "id": "osm-n-5963647607",
        "category": "cafe",
        "name": "Library Caf\u00e9",
        "wheelchair": null,
        "fee": null,
        "opening_hours": null,
        "source": "osm"
      }
    },
    {
      "type": "Feature",
      "geometry": {
        "type": "Point",
        "coordinates": [
          -0.9635858,
          51.4550134
        ]
      },
      "properties": {
        "id": "osm-n-5973031321",
        "category": "shop",
        "name": "King Food & Wine",
        "wheelchair": null,
        "fee": null,
        "opening_hours": "Mo-Su 07:00-23:00",
        "source": "osm"
      }
    },
    {
      "type": "Feature",
      "geometry": {
        "type": "Point",
        "coordinates": [
          -0.9549844,
          51.4598414
        ]
      },
      "properties": {
        "id": "osm-n-5979988794",
        "category": "cafe",
        "name": "The Cafe",
        "wheelchair": null,
        "fee": null,
        "opening_hours": null,
        "source": "osm"
      }
    },
    {
      "type": "Feature",
      "geometry": {
        "type": "Point",
        "coordinates": [
          -0.9730828,
          51.4548341
        ]
      },
      "properties": {
        "id": "osm-n-6058498556",
        "category": "info",
        "name": "Info",
        "wheelchair": null,
        "fee": null,
        "opening_hours": null,
        "source": "osm"
      }
    },
    {
      "type": "Feature",
      "geometry": {
        "type": "Point",
        "coordinates": [
          -0.9728346,
          51.4544588
        ]
      },
      "properties": {
        "id": "osm-n-6058498557",
        "category": "info",
        "name": "Info",
        "wheelchair": null,
        "fee": null,
        "opening_hours": null,
        "source": "osm"
      }
    },
    {
      "type": "Feature",
      "geometry": {
        "type": "Point",
        "coordinates": [
          -1.0373077,
          51.4605609
        ]
      },
      "properties": {
        "id": "osm-n-6087658288",
        "category": "shop",
        "name": "Asda",
        "wheelchair": null,
        "fee": null,
        "opening_hours": null,
        "source": "osm"
      }
    },
    {
      "type": "Feature",
      "geometry": {
        "type": "Point",
        "coordinates": [
          -0.998682,
          51.4575905
        ]
      },
      "properties": {
        "id": "osm-n-6087679753",
        "category": "cafe",
        "name": "Chaay\u00e8Paani",
        "wheelchair": null,
        "fee": null,
        "opening_hours": null,
        "source": "osm"
      }
    },
    {
      "type": "Feature",
      "geometry": {
        "type": "Point",
        "coordinates": [
          -0.9684937,
          51.4527329
        ]
      },
      "properties": {
        "id": "osm-n-6221613831",
        "category": "cafe",
        "name": "Nathan's Nibbles",
        "wheelchair": null,
        "fee": null,
        "opening_hours": "Mo-Fr 08:00-14:30",
        "source": "osm"
      }
    },
    {
      "type": "Feature",
      "geometry": {
        "type": "Point",
        "coordinates": [
          -0.9684841,
          51.4526577
        ]
      },
      "properties": {
        "id": "osm-n-6221613833",
        "category": "clinic",
        "name": "ultrasound direct The Fertility Partnership",
        "wheelchair": null,
        "fee": null,
        "opening_hours": null,
        "source": "osm"
      }
    },
    {
      "type": "Feature",
      "geometry": {
        "type": "Point",
        "coordinates": [
          -0.968457,
          51.4525273
        ]
      },
      "properties": {
        "id": "osm-n-6221613836",
        "category": "clinic",
        "name": "Skin",
        "wheelchair": null,
        "fee": null,
        "opening_hours": null,
        "source": "osm"
      }
    },
    {
      "type": "Feature",
      "geometry": {
        "type": "Point",
        "coordinates": [
          -0.9623016,
          51.4391687
        ]
      },
      "properties": {
        "id": "osm-n-6223314922",
        "category": "shop",
        "name": "Reading Food Centre",
        "wheelchair": null,
        "fee": null,
        "opening_hours": "Mo-Su 08:00-22:00",
        "source": "osm"
      }
    },
    {
      "type": "Feature",
      "geometry": {
        "type": "Point",
        "coordinates": [
          -0.9622264,
          51.4388859
        ]
      },
      "properties": {
        "id": "osm-n-6223314931",
        "category": "clinic",
        "name": "Window to the Womb",
        "wheelchair": null,
        "fee": null,
        "opening_hours": null,
        "source": "osm"
      }
    },
    {
      "type": "Feature",
      "geometry": {
        "type": "Point",
        "coordinates": [
          -0.9622268,
          51.4388373
        ]
      },
      "properties": {
        "id": "osm-n-6223314932",
        "category": "shop",
        "name": "1 Stop Shop",
        "wheelchair": null,
        "fee": null,
        "opening_hours": "Su-Th 07:00-23:00; Fr,Sa 07:00-23:30",
        "source": "osm"
      }
    },
    {
      "type": "Feature",
      "geometry": {
        "type": "Point",
        "coordinates": [
          -0.9723468,
          51.4588991
        ]
      },
      "properties": {
        "id": "osm-n-6247957323",
        "category": "cafe",
        "name": "Brewer Street Coffee",
        "wheelchair": null,
        "fee": null,
        "opening_hours": null,
        "source": "osm"
      }
    },
    {
      "type": "Feature",
      "geometry": {
        "type": "Point",
        "coordinates": [
          -1.0047712,
          51.4590678
        ]
      },
      "properties": {
        "id": "osm-n-6277362997",
        "category": "shop",
        "name": "APR Convenience store",
        "wheelchair": null,
        "fee": null,
        "opening_hours": "Mo-Su 07:00-22:00",
        "source": "osm"
      }
    },
    {
      "type": "Feature",
      "geometry": {
        "type": "Point",
        "coordinates": [
          -0.9705391,
          51.4581547
        ]
      },
      "properties": {
        "id": "osm-n-6283620150",
        "category": "cafe",
        "name": "Caff\u00e8 Nero",
        "wheelchair": null,
        "fee": null,
        "opening_hours": "Mo-Fr 06:15-18:30; Sa 07:30-17:30; Su 08:00-17:30",
        "source": "osm"
      }
    },
    {
      "type": "Feature",
      "geometry": {
        "type": "Point",
        "coordinates": [
          -0.976375,
          51.4543612
        ]
      },
      "properties": {
        "id": "osm-n-6296770393",
        "category": "toilet",
        "name": "Toilet",
        "wheelchair": null,
        "fee": null,
        "opening_hours": null,
        "source": "osm"
      }
    },
    {
      "type": "Feature",
      "geometry": {
        "type": "Point",
        "coordinates": [
          -0.9707196,
          51.4547462
        ]
      },
      "properties": {
        "id": "osm-n-6301705707",
        "category": "cafe",
        "name": "Boost",
        "wheelchair": null,
        "fee": null,
        "opening_hours": null,
        "source": "osm"
      }
    },
    {
      "type": "Feature",
      "geometry": {
        "type": "Point",
        "coordinates": [
          -0.9654805,
          51.4450848
        ]
      },
      "properties": {
        "id": "osm-n-6325596328",
        "category": "shop",
        "name": "Express",
        "wheelchair": null,
        "fee": null,
        "opening_hours": null,
        "source": "osm"
      }
    },
    {
      "type": "Feature",
      "geometry": {
        "type": "Point",
        "coordinates": [
          -0.966412,
          51.4506406
        ]
      },
      "properties": {
        "id": "osm-n-6387796417",
        "category": "shop",
        "name": "Big Bazaar",
        "wheelchair": null,
        "fee": null,
        "opening_hours": null,
        "source": "osm"
      }
    },
    {
      "type": "Feature",
      "geometry": {
        "type": "Point",
        "coordinates": [
          -0.9488499,
          51.4563144
        ]
      },
      "properties": {
        "id": "osm-n-6416365937",
        "category": "shop",
        "name": "Kennet Corner Store",
        "wheelchair": null,
        "fee": null,
        "opening_hours": "Mo-Su 08:00-22:00",
        "source": "osm"
      }
    },
    {
      "type": "Feature",
      "geometry": {
        "type": "Point",
        "coordinates": [
          -0.9733315,
          51.4588949
        ]
      },
      "properties": {
        "id": "osm-n-6418863687",
        "category": "water",
        "name": "Water",
        "wheelchair": null,
        "fee": "no",
        "opening_hours": null,
        "source": "osm"
      }
    },
    {
      "type": "Feature",
      "geometry": {
        "type": "Point",
        "coordinates": [
          -0.9732767,
          51.4589014
        ]
      },
      "properties": {
        "id": "osm-n-6418863845",
        "category": "toilet",
        "name": "Toilet",
        "wheelchair": "yes",
        "fee": "no",
        "opening_hours": null,
        "source": "osm"
      }
    },
    {
      "type": "Feature",
      "geometry": {
        "type": "Point",
        "coordinates": [
          -0.9564657,
          51.4855374
        ]
      },
      "properties": {
        "id": "osm-n-6429311498",
        "category": "info",
        "name": "Clayfield Copse & Blackhouse Woods",
        "wheelchair": null,
        "fee": null,
        "opening_hours": null,
        "source": "osm"
      }
    },
    {
      "type": "Feature",
      "geometry": {
        "type": "Point",
        "coordinates": [
          -0.9596448,
          51.4564791
        ]
      },
      "properties": {
        "id": "osm-n-6447620351",
        "category": "parking",
        "name": "Parking",
        "wheelchair": null,
        "fee": null,
        "opening_hours": null,
        "source": "osm"
      }
    },
    {
      "type": "Feature",
      "geometry": {
        "type": "Point",
        "coordinates": [
          -0.9676727,
          51.4579738
        ]
      },
      "properties": {
        "id": "osm-n-6457450880",
        "category": "cafe",
        "name": "Forbury Kitchen",
        "wheelchair": null,
        "fee": null,
        "opening_hours": "Mo-Fr 07:30-16:30 open \"Starbucks\", Mo-Fr 08:00-10:00 open \"Breakfast\", Mo-Fr 11:30-14:00 open \"Hot food\"; PH off",
        "source": "osm"
      }
    },
    {
      "type": "Feature",
      "geometry": {
        "type": "Point",
        "coordinates": [
          -0.9693192,
          51.4572098
        ]
      },
      "properties": {
        "id": "osm-n-6461549489",
        "category": "parking",
        "name": "Parking",
        "wheelchair": null,
        "fee": null,
        "opening_hours": null,
        "source": "osm"
      }
    },
    {
      "type": "Feature",
      "geometry": {
        "type": "Point",
        "coordinates": [
          -0.971846,
          51.4535
        ]
      },
      "properties": {
        "id": "osm-n-6464205996",
        "category": "info",
        "name": "Customer Service Desk",
        "wheelchair": null,
        "fee": null,
        "opening_hours": "Mo-Fr 09:30-20:00; Sa 09:00-19:00; Su 11:00-17:00; PH 10:00-18:00",
        "source": "osm"
      }
    },
    {
      "type": "Feature",
      "geometry": {
        "type": "Point",
        "coordinates": [
          -0.9833461,
          51.4658472
        ]
      },
      "properties": {
        "id": "osm-n-6474110660",
        "category": "info",
        "name": "Thames Parks",
        "wheelchair": null,
        "fee": null,
        "opening_hours": null,
        "source": "osm"
      }
    },
    {
      "type": "Feature",
      "geometry": {
        "type": "Point",
        "coordinates": [
          -0.9786422,
          51.466067
        ]
      },
      "properties": {
        "id": "osm-n-6476666982",
        "category": "info",
        "name": "Thames Parks",
        "wheelchair": null,
        "fee": null,
        "opening_hours": null,
        "source": "osm"
      }
    },
    {
      "type": "Feature",
      "geometry": {
        "type": "Point",
        "coordinates": [
          -1.0138576,
          51.4622804
        ]
      },
      "properties": {
        "id": "osm-n-6481667247",
        "category": "cafe",
        "name": "Val's Cafe",
        "wheelchair": null,
        "fee": null,
        "opening_hours": "Mo-Fr 07:00-14:30; Sa 08:00-14:30",
        "source": "osm"
      }
    },
    {
      "type": "Feature",
      "geometry": {
        "type": "Point",
        "coordinates": [
          -0.9784833,
          51.4645288
        ]
      },
      "properties": {
        "id": "osm-n-6481667309",
        "category": "shop",
        "name": "Shop'N Drive",
        "wheelchair": null,
        "fee": null,
        "opening_hours": null,
        "source": "osm"
      }
    },
    {
      "type": "Feature",
      "geometry": {
        "type": "Point",
        "coordinates": [
          -1.0174766,
          51.4446804
        ]
      },
      "properties": {
        "id": "osm-n-6518587185",
        "category": "aed",
        "name": "Aed",
        "wheelchair": null,
        "fee": null,
        "opening_hours": null,
        "source": "osm"
      }
    },
    {
      "type": "Feature",
      "geometry": {
        "type": "Point",
        "coordinates": [
          -0.9498829,
          51.4591529
        ]
      },
      "properties": {
        "id": "osm-n-6522124714",
        "category": "info",
        "name": "Millennium Milepost River Kennet",
        "wheelchair": null,
        "fee": null,
        "opening_hours": null,
        "source": "osm"
      }
    },
    {
      "type": "Feature",
      "geometry": {
        "type": "Point",
        "coordinates": [
          -0.9626873,
          51.4607
        ]
      },
      "properties": {
        "id": "osm-n-6522124855",
        "category": "info",
        "name": "Thames Parks",
        "wheelchair": null,
        "fee": null,
        "opening_hours": null,
        "source": "osm"
      }
    },
    {
      "type": "Feature",
      "geometry": {
        "type": "Point",
        "coordinates": [
          -0.9622082,
          51.4607022
        ]
      },
      "properties": {
        "id": "osm-n-6522124856",
        "category": "info",
        "name": "Millennium Milepost Reading",
        "wheelchair": null,
        "fee": null,
        "opening_hours": null,
        "source": "osm"
      }
    },
    {
      "type": "Feature",
      "geometry": {
        "type": "Point",
        "coordinates": [
          -0.9555663,
          51.442752
        ]
      },
      "properties": {
        "id": "osm-n-6535205920",
        "category": "shop",
        "name": "Costcutter",
        "wheelchair": null,
        "fee": null,
        "opening_hours": null,
        "source": "osm"
      }
    },
    {
      "type": "Feature",
      "geometry": {
        "type": "Point",
        "coordinates": [
          -0.9554582,
          51.442722
        ]
      },
      "properties": {
        "id": "osm-n-6535205921",
        "category": "shop",
        "name": "Premier",
        "wheelchair": "limited",
        "fee": null,
        "opening_hours": "Mo-Su 07:00-23:00",
        "source": "osm"
      }
    },
    {
      "type": "Feature",
      "geometry": {
        "type": "Point",
        "coordinates": [
          -0.9665419,
          51.4565811
        ]
      },
      "properties": {
        "id": "osm-n-6558618949",
        "category": "info",
        "name": "Info",
        "wheelchair": null,
        "fee": null,
        "opening_hours": null,
        "source": "osm"
      }
    },
    {
      "type": "Feature",
      "geometry": {
        "type": "Point",
        "coordinates": [
          -0.9657386,
          51.456703
        ]
      },
      "properties": {
        "id": "osm-n-6558618957",
        "category": "info",
        "name": "Info",
        "wheelchair": null,
        "fee": null,
        "opening_hours": null,
        "source": "osm"
      }
    },
    {
      "type": "Feature",
      "geometry": {
        "type": "Point",
        "coordinates": [
          -0.9668891,
          51.457333
        ]
      },
      "properties": {
        "id": "osm-n-6558618966",
        "category": "info",
        "name": "Info",
        "wheelchair": null,
        "fee": null,
        "opening_hours": null,
        "source": "osm"
      }
    },
    {
      "type": "Feature",
      "geometry": {
        "type": "Point",
        "coordinates": [
          -0.9680128,
          51.4569004
        ]
      },
      "properties": {
        "id": "osm-n-6558618977",
        "category": "info",
        "name": "Info",
        "wheelchair": null,
        "fee": null,
        "opening_hours": null,
        "source": "osm"
      }
    },
    {
      "type": "Feature",
      "geometry": {
        "type": "Point",
        "coordinates": [
          -0.9678553,
          51.4566142
        ]
      },
      "properties": {
        "id": "osm-n-6558652204",
        "category": "info",
        "name": "Info",
        "wheelchair": null,
        "fee": null,
        "opening_hours": null,
        "source": "osm"
      }
    },
    {
      "type": "Feature",
      "geometry": {
        "type": "Point",
        "coordinates": [
          -0.9650893,
          51.4565547
        ]
      },
      "properties": {
        "id": "osm-n-6573168590",
        "category": "info",
        "name": "Info",
        "wheelchair": null,
        "fee": null,
        "opening_hours": null,
        "source": "osm"
      }
    },
    {
      "type": "Feature",
      "geometry": {
        "type": "Point",
        "coordinates": [
          -0.9652832,
          51.4566066
        ]
      },
      "properties": {
        "id": "osm-n-6573168648",
        "category": "info",
        "name": "Info",
        "wheelchair": null,
        "fee": null,
        "opening_hours": null,
        "source": "osm"
      }
    },
    {
      "type": "Feature",
      "geometry": {
        "type": "Point",
        "coordinates": [
          -0.9650451,
          51.4566306
        ]
      },
      "properties": {
        "id": "osm-n-6573168650",
        "category": "info",
        "name": "Info",
        "wheelchair": null,
        "fee": null,
        "opening_hours": null,
        "source": "osm"
      }
    },
    {
      "type": "Feature",
      "geometry": {
        "type": "Point",
        "coordinates": [
          -0.965234,
          51.4562979
        ]
      },
      "properties": {
        "id": "osm-n-6573168679",
        "category": "info",
        "name": "Info",
        "wheelchair": null,
        "fee": null,
        "opening_hours": null,
        "source": "osm"
      }
    },
    {
      "type": "Feature",
      "geometry": {
        "type": "Point",
        "coordinates": [
          -0.9652484,
          51.4563609
        ]
      },
      "properties": {
        "id": "osm-n-6573168680",
        "category": "info",
        "name": "Info",
        "wheelchair": null,
        "fee": null,
        "opening_hours": null,
        "source": "osm"
      }
    },
    {
      "type": "Feature",
      "geometry": {
        "type": "Point",
        "coordinates": [
          -0.9649986,
          51.4558487
        ]
      },
      "properties": {
        "id": "osm-n-6573180091",
        "category": "info",
        "name": "Info",
        "wheelchair": null,
        "fee": null,
        "opening_hours": null,
        "source": "osm"
      }
    },
    {
      "type": "Feature",
      "geometry": {
        "type": "Point",
        "coordinates": [
          -0.9648458,
          51.4559257
        ]
      },
      "properties": {
        "id": "osm-n-6573180109",
        "category": "info",
        "name": "Info",
        "wheelchair": null,
        "fee": null,
        "opening_hours": null,
        "source": "osm"
      }
    },
    {
      "type": "Feature",
      "geometry": {
        "type": "Point",
        "coordinates": [
          -0.9754048,
          51.439622
        ]
      },
      "properties": {
        "id": "osm-n-6573180261",
        "category": "info",
        "name": "Info",
        "wheelchair": null,
        "fee": null,
        "opening_hours": null,
        "source": "osm"
      }
    },
    {
      "type": "Feature",
      "geometry": {
        "type": "Point",
        "coordinates": [
          -0.9738585,
          51.4436865
        ]
      },
      "properties": {
        "id": "osm-n-6573180269",
        "category": "info",
        "name": "Info",
        "wheelchair": null,
        "fee": null,
        "opening_hours": null,
        "source": "osm"
      }
    },
    {
      "type": "Feature",
      "geometry": {
        "type": "Point",
        "coordinates": [
          -0.9730323,
          51.4515522
        ]
      },
      "properties": {
        "id": "osm-n-6573180316",
        "category": "info",
        "name": "Info",
        "wheelchair": null,
        "fee": null,
        "opening_hours": null,
        "source": "osm"
      }
    },
    {
      "type": "Feature",
      "geometry": {
        "type": "Point",
        "coordinates": [
          -0.9652975,
          51.4557183
        ]
      },
      "properties": {
        "id": "osm-n-6575604114",
        "category": "info",
        "name": "Info",
        "wheelchair": null,
        "fee": null,
        "opening_hours": null,
        "source": "osm"
      }
    },
    {
      "type": "Feature",
      "geometry": {
        "type": "Point",
        "coordinates": [
          -0.9985502,
          51.4572385
        ]
      },
      "properties": {
        "id": "osm-n-6580176305",
        "category": "cafe",
        "name": "Yaadgaar Reading",
        "wheelchair": null,
        "fee": null,
        "opening_hours": null,
        "source": "osm"
      }
    },
    {
      "type": "Feature",
      "geometry": {
        "type": "Point",
        "coordinates": [
          -0.9739866,
          51.4597697
        ]
      },
      "properties": {
        "id": "osm-n-6598210023",
        "category": "toilet",
        "name": "Toilet",
        "wheelchair": "yes",
        "fee": "no",
        "opening_hours": null,
        "source": "osm"
      }
    },
    {
      "type": "Feature",
      "geometry": {
        "type": "Point",
        "coordinates": [
          -0.966536,
          51.4541197
        ]
      },
      "properties": {
        "id": "osm-n-6668103599",
        "category": "info",
        "name": "Queen's Road Car Park",
        "wheelchair": null,
        "fee": null,
        "opening_hours": null,
        "source": "osm"
      }
    },
    {
      "type": "Feature",
      "geometry": {
        "type": "Point",
        "coordinates": [
          -0.9672612,
          51.4565516
        ]
      },
      "properties": {
        "id": "osm-n-6668103640",
        "category": "info",
        "name": "The Victoria Cross",
        "wheelchair": null,
        "fee": null,
        "opening_hours": null,
        "source": "osm"
      }
    },
    {
      "type": "Feature",
      "geometry": {
        "type": "Point",
        "coordinates": [
          -0.9672047,
          51.4565594
        ]
      },
      "properties": {
        "id": "osm-n-6668103641",
        "category": "info",
        "name": "The Gallipoli Campaign",
        "wheelchair": null,
        "fee": null,
        "opening_hours": null,
        "source": "osm"
      }
    },
    {
      "type": "Feature",
      "geometry": {
        "type": "Point",
        "coordinates": [
          -0.9433287,
          51.440766
        ]
      },
      "properties": {
        "id": "osm-n-6699471751",
        "category": "cafe",
        "name": "Pearls Bubble Tea",
        "wheelchair": null,
        "fee": null,
        "opening_hours": null,
        "source": "osm"
      }
    },
    {
      "type": "Feature",
      "geometry": {
        "type": "Point",
        "coordinates": [
          -0.9855661,
          51.4454723
        ]
      },
      "properties": {
        "id": "osm-n-6726690517",
        "category": "shop",
        "name": "Morrisons Daily",
        "wheelchair": null,
        "fee": null,
        "opening_hours": null,
        "source": "osm"
      }
    },
    {
      "type": "Feature",
      "geometry": {
        "type": "Point",
        "coordinates": [
          -0.9575588,
          51.4478875
        ]
      },
      "properties": {
        "id": "osm-n-6743710644",
        "category": "cafe",
        "name": "Jamaica Blue Cafe",
        "wheelchair": null,
        "fee": null,
        "opening_hours": null,
        "source": "osm"
      }
    },
    {
      "type": "Feature",
      "geometry": {
        "type": "Point",
        "coordinates": [
          -0.9584297,
          51.4491122
        ]
      },
      "properties": {
        "id": "osm-n-6743710645",
        "category": "cafe",
        "name": "AMT Cafe",
        "wheelchair": null,
        "fee": null,
        "opening_hours": null,
        "source": "osm"
      }
    },
    {
      "type": "Feature",
      "geometry": {
        "type": "Point",
        "coordinates": [
          -0.957279,
          51.448793
        ]
      },
      "properties": {
        "id": "osm-n-6743710647",
        "category": "shop",
        "name": "General Convenience Shop League of Friends",
        "wheelchair": null,
        "fee": null,
        "opening_hours": null,
        "source": "osm"
      }
    },
    {
      "type": "Feature",
      "geometry": {
        "type": "Point",
        "coordinates": [
          -0.9799773,
          51.454861
        ]
      },
      "properties": {
        "id": "osm-n-6780626002",
        "category": "shop",
        "name": "Sun Convenience Store",
        "wheelchair": null,
        "fee": null,
        "opening_hours": null,
        "source": "osm"
      }
    },
    {
      "type": "Feature",
      "geometry": {
        "type": "Point",
        "coordinates": [
          -0.969026,
          51.4546711
        ]
      },
      "properties": {
        "id": "osm-n-6796627286",
        "category": "aed",
        "name": "Aed",
        "wheelchair": null,
        "fee": null,
        "opening_hours": null,
        "source": "osm"
      }
    },
    {
      "type": "Feature",
      "geometry": {
        "type": "Point",
        "coordinates": [
          -0.9278492,
          51.4646316
        ]
      },
      "properties": {
        "id": "osm-n-6820987986",
        "category": "info",
        "name": "Watch out for... the Common Blue, the Burnet Moth",
        "wheelchair": null,
        "fee": null,
        "opening_hours": null,
        "source": "osm"
      }
    },
    {
      "type": "Feature",
      "geometry": {
        "type": "Point",
        "coordinates": [
          -0.9286009,
          51.4672817
        ]
      },
      "properties": {
        "id": "osm-n-6820987987",
        "category": "info",
        "name": "The Riverbank",
        "wheelchair": null,
        "fee": null,
        "opening_hours": null,
        "source": "osm"
      }
    },
    {
      "type": "Feature",
      "geometry": {
        "type": "Point",
        "coordinates": [
          -0.935354,
          51.4639019
        ]
      },
      "properties": {
        "id": "osm-n-6820988164",
        "category": "info",
        "name": "The Western Ditch",
        "wheelchair": null,
        "fee": null,
        "opening_hours": null,
        "source": "osm"
      }
    },
    {
      "type": "Feature",
      "geometry": {
        "type": "Point",
        "coordinates": [
          -0.9283139,
          51.4662428
        ]
      },
      "properties": {
        "id": "osm-n-6820988176",
        "category": "info",
        "name": "Watch out for... the Damselfly, the White Water-lily",
        "wheelchair": null,
        "fee": null,
        "opening_hours": null,
        "source": "osm"
      }
    },
    {
      "type": "Feature",
      "geometry": {
        "type": "Point",
        "coordinates": [
          -0.9262653,
          51.4660665
        ]
      },
      "properties": {
        "id": "osm-n-6820988208",
        "category": "info",
        "name": "Wetlands",
        "wheelchair": null,
        "fee": null,
        "opening_hours": null,
        "source": "osm"
      }
    },
    {
      "type": "Feature",
      "geometry": {
        "type": "Point",
        "coordinates": [
          -0.9268719,
          51.4651788
        ]
      },
      "properties": {
        "id": "osm-n-6820988213",
        "category": "info",
        "name": "Watch out for... the Small Skipper, the Birdsfoot Trefoil",
        "wheelchair": null,
        "fee": null,
        "opening_hours": null,
        "source": "osm"
      }
    },
    {
      "type": "Feature",
      "geometry": {
        "type": "Point",
        "coordinates": [
          -0.9288906,
          51.4645827
        ]
      },
      "properties": {
        "id": "osm-n-6820988246",
        "category": "info",
        "name": "Watch out for... the Dragonfly, the Purple Loosestrife",
        "wheelchair": null,
        "fee": null,
        "opening_hours": null,
        "source": "osm"
      }
    },
    {
      "type": "Feature",
      "geometry": {
        "type": "Point",
        "coordinates": [
          -0.9305998,
          51.4633211
        ]
      },
      "properties": {
        "id": "osm-n-6820988331",
        "category": "info",
        "name": "Watch out for... the Gatekeeptr, Meadowsweet",
        "wheelchair": null,
        "fee": null,
        "opening_hours": null,
        "source": "osm"
      }
    },
    {
      "type": "Feature",
      "geometry": {
        "type": "Point",
        "coordinates": [
          -0.966408,
          51.4541586
        ]
      },
      "properties": {
        "id": "osm-n-6879710514",
        "category": "info",
        "name": "Vastern Road",
        "wheelchair": null,
        "fee": null,
        "opening_hours": null,
        "source": "osm"
      }
    },
    {
      "type": "Feature",
      "geometry": {
        "type": "Point",
        "coordinates": [
          -1.0256462,
          51.4423753
        ]
      },
      "properties": {
        "id": "osm-n-6975825526",
        "category": "parking",
        "name": "Parking",
        "wheelchair": null,
        "fee": "no",
        "opening_hours": null,
        "source": "osm"
      }
    },
    {
      "type": "Feature",
      "geometry": {
        "type": "Point",
        "coordinates": [
          -1.0258338,
          51.4438416
        ]
      },
      "properties": {
        "id": "osm-n-6975825527",
        "category": "parking",
        "name": "Parking",
        "wheelchair": null,
        "fee": "no",
        "opening_hours": null,
        "source": "osm"
      }
    },
    {
      "type": "Feature",
      "geometry": {
        "type": "Point",
        "coordinates": [
          -1.016302,
          51.4439149
        ]
      },
      "properties": {
        "id": "osm-n-6980889520",
        "category": "parking",
        "name": "Parking",
        "wheelchair": null,
        "fee": null,
        "opening_hours": null,
        "source": "osm"
      }
    },
    {
      "type": "Feature",
      "geometry": {
        "type": "Point",
        "coordinates": [
          -1.0269624,
          51.4436739
        ]
      },
      "properties": {
        "id": "osm-n-6982826773",
        "category": "parking",
        "name": "Parking",
        "wheelchair": null,
        "fee": null,
        "opening_hours": null,
        "source": "osm"
      }
    },
    {
      "type": "Feature",
      "geometry": {
        "type": "Point",
        "coordinates": [
          -1.0269263,
          51.4435238
        ]
      },
      "properties": {
        "id": "osm-n-6982826784",
        "category": "parking",
        "name": "Parking",
        "wheelchair": null,
        "fee": null,
        "opening_hours": null,
        "source": "osm"
      }
    },
    {
      "type": "Feature",
      "geometry": {
        "type": "Point",
        "coordinates": [
          -1.0254826,
          51.4428908
        ]
      },
      "properties": {
        "id": "osm-n-6987032547",
        "category": "parking",
        "name": "Parking",
        "wheelchair": null,
        "fee": null,
        "opening_hours": null,
        "source": "osm"
      }
    },
    {
      "type": "Feature",
      "geometry": {
        "type": "Point",
        "coordinates": [
          -1.0247434,
          51.4422342
        ]
      },
      "properties": {
        "id": "osm-n-6987032550",
        "category": "parking",
        "name": "Parking",
        "wheelchair": null,
        "fee": null,
        "opening_hours": null,
        "source": "osm"
      }
    },
    {
      "type": "Feature",
      "geometry": {
        "type": "Point",
        "coordinates": [
          -1.0235794,
          51.4429646
        ]
      },
      "properties": {
        "id": "osm-n-6987032551",
        "category": "parking",
        "name": "Parking",
        "wheelchair": null,
        "fee": null,
        "opening_hours": null,
        "source": "osm"
      }
    },
    {
      "type": "Feature",
      "geometry": {
        "type": "Point",
        "coordinates": [
          -1.020327,
          51.4436115
        ]
      },
      "properties": {
        "id": "osm-n-6987032554",
        "category": "parking",
        "name": "Parking",
        "wheelchair": null,
        "fee": null,
        "opening_hours": null,
        "source": "osm"
      }
    },
    {
      "type": "Feature",
      "geometry": {
        "type": "Point",
        "coordinates": [
          -1.0198686,
          51.4431207
        ]
      },
      "properties": {
        "id": "osm-n-6987032555",
        "category": "parking",
        "name": "Parking",
        "wheelchair": null,
        "fee": null,
        "opening_hours": null,
        "source": "osm"
      }
    },
    {
      "type": "Feature",
      "geometry": {
        "type": "Point",
        "coordinates": [
          -1.0199221,
          51.4427812
        ]
      },
      "properties": {
        "id": "osm-n-6987032556",
        "category": "parking",
        "name": "Parking",
        "wheelchair": null,
        "fee": null,
        "opening_hours": null,
        "source": "osm"
      }
    },
    {
      "type": "Feature",
      "geometry": {
        "type": "Point",
        "coordinates": [
          -1.0261834,
          51.4455129
        ]
      },
      "properties": {
        "id": "osm-n-6987032851",
        "category": "parking",
        "name": "Parking",
        "wheelchair": null,
        "fee": null,
        "opening_hours": null,
        "source": "osm"
      }
    },
    {
      "type": "Feature",
      "geometry": {
        "type": "Point",
        "coordinates": [
          -1.0314971,
          51.4512933
        ]
      },
      "properties": {
        "id": "osm-n-6987032853",
        "category": "parking",
        "name": "Parking",
        "wheelchair": null,
        "fee": null,
        "opening_hours": null,
        "source": "osm"
      }
    },
    {
      "type": "Feature",
      "geometry": {
        "type": "Point",
        "coordinates": [
          -1.031979,
          51.4517145
        ]
      },
      "properties": {
        "id": "osm-n-6987032854",
        "category": "parking",
        "name": "Parking",
        "wheelchair": null,
        "fee": null,
        "opening_hours": null,
        "source": "osm"
      }
    },
    {
      "type": "Feature",
      "geometry": {
        "type": "Point",
        "coordinates": [
          -1.0155213,
          51.4505493
        ]
      },
      "properties": {
        "id": "osm-n-7001044961",
        "category": "parking",
        "name": "Parking",
        "wheelchair": null,
        "fee": null,
        "opening_hours": null,
        "source": "osm"
      }
    },
    {
      "type": "Feature",
      "geometry": {
        "type": "Point",
        "coordinates": [
          -1.015221,
          51.4501232
        ]
      },
      "properties": {
        "id": "osm-n-7001044962",
        "category": "parking",
        "name": "Parking",
        "wheelchair": null,
        "fee": null,
        "opening_hours": null,
        "source": "osm"
      }
    },
    {
      "type": "Feature",
      "geometry": {
        "type": "Point",
        "coordinates": [
          -1.0144786,
          51.4494531
        ]
      },
      "properties": {
        "id": "osm-n-7001044963",
        "category": "parking",
        "name": "Parking",
        "wheelchair": null,
        "fee": null,
        "opening_hours": null,
        "source": "osm"
      }
    },
    {
      "type": "Feature",
      "geometry": {
        "type": "Point",
        "coordinates": [
          -1.0169617,
          51.4449187
        ]
      },
      "properties": {
        "id": "osm-n-7001044966",
        "category": "parking",
        "name": "Parking",
        "wheelchair": null,
        "fee": null,
        "opening_hours": null,
        "source": "osm"
      }
    },
    {
      "type": "Feature",
      "geometry": {
        "type": "Point",
        "coordinates": [
          -1.0171322,
          51.4452659
        ]
      },
      "properties": {
        "id": "osm-n-7001044967",
        "category": "parking",
        "name": "Parking",
        "wheelchair": null,
        "fee": null,
        "opening_hours": null,
        "source": "osm"
      }
    },
    {
      "type": "Feature",
      "geometry": {
        "type": "Point",
        "coordinates": [
          -1.0174395,
          51.4449916
        ]
      },
      "properties": {
        "id": "osm-n-7001044968",
        "category": "parking",
        "name": "Parking",
        "wheelchair": null,
        "fee": null,
        "opening_hours": null,
        "source": "osm"
      }
    },
    {
      "type": "Feature",
      "geometry": {
        "type": "Point",
        "coordinates": [
          -1.014653,
          51.4432926
        ]
      },
      "properties": {
        "id": "osm-n-7001044969",
        "category": "parking",
        "name": "Parking",
        "wheelchair": null,
        "fee": null,
        "opening_hours": null,
        "source": "osm"
      }
    },
    {
      "type": "Feature",
      "geometry": {
        "type": "Point",
        "coordinates": [
          -1.0131614,
          51.4447336
        ]
      },
      "properties": {
        "id": "osm-n-7001044975",
        "category": "parking",
        "name": "Parking",
        "wheelchair": null,
        "fee": null,
        "opening_hours": null,
        "source": "osm"
      }
    },
    {
      "type": "Feature",
      "geometry": {
        "type": "Point",
        "coordinates": [
          -1.0141707,
          51.4444724
        ]
      },
      "properties": {
        "id": "osm-n-7001044976",
        "category": "parking",
        "name": "Parking",
        "wheelchair": null,
        "fee": null,
        "opening_hours": null,
        "source": "osm"
      }
    },
    {
      "type": "Feature",
      "geometry": {
        "type": "Point",
        "coordinates": [
          -1.0122743,
          51.4448934
        ]
      },
      "properties": {
        "id": "osm-n-7001044983",
        "category": "parking",
        "name": "Parking",
        "wheelchair": null,
        "fee": null,
        "opening_hours": null,
        "source": "osm"
      }
    },
    {
      "type": "Feature",
      "geometry": {
        "type": "Point",
        "coordinates": [
          -1.0100351,
          51.4445079
        ]
      },
      "properties": {
        "id": "osm-n-7001044984",
        "category": "parking",
        "name": "Parking",
        "wheelchair": null,
        "fee": null,
        "opening_hours": null,
        "source": "osm"
      }
    },
    {
      "type": "Feature",
      "geometry": {
        "type": "Point",
        "coordinates": [
          -1.0122049,
          51.441615
        ]
      },
      "properties": {
        "id": "osm-n-7001068199",
        "category": "parking",
        "name": "Parking",
        "wheelchair": null,
        "fee": null,
        "opening_hours": null,
        "source": "osm"
      }
    },
    {
      "type": "Feature",
      "geometry": {
        "type": "Point",
        "coordinates": [
          -1.0150259,
          51.4417581
        ]
      },
      "properties": {
        "id": "osm-n-7001068203",
        "category": "parking",
        "name": "Parking",
        "wheelchair": null,
        "fee": null,
        "opening_hours": null,
        "source": "osm"
      }
    },
    {
      "type": "Feature",
      "geometry": {
        "type": "Point",
        "coordinates": [
          -1.0167327,
          51.4431515
        ]
      },
      "properties": {
        "id": "osm-n-7001068208",
        "category": "parking",
        "name": "Parking",
        "wheelchair": null,
        "fee": "no",
        "opening_hours": null,
        "source": "osm"
      }
    },
    {
      "type": "Feature",
      "geometry": {
        "type": "Point",
        "coordinates": [
          -1.0196748,
          51.4436232
        ]
      },
      "properties": {
        "id": "osm-n-7001068228",
        "category": "parking",
        "name": "Parking",
        "wheelchair": null,
        "fee": null,
        "opening_hours": null,
        "source": "osm"
      }
    },
    {
      "type": "Feature",
      "geometry": {
        "type": "Point",
        "coordinates": [
          -1.0215927,
          51.4414182
        ]
      },
      "properties": {
        "id": "osm-n-7001068242",
        "category": "parking",
        "name": "Parking",
        "wheelchair": null,
        "fee": null,
        "opening_hours": null,
        "source": "osm"
      }
    },
    {
      "type": "Feature",
      "geometry": {
        "type": "Point",
        "coordinates": [
          -1.0227159,
          51.4438728
        ]
      },
      "properties": {
        "id": "osm-n-7001068243",
        "category": "parking",
        "name": "Parking",
        "wheelchair": null,
        "fee": "no",
        "opening_hours": null,
        "source": "osm"
      }
    },
    {
      "type": "Feature",
      "geometry": {
        "type": "Point",
        "coordinates": [
          -1.0135303,
          51.4433263
        ]
      },
      "properties": {
        "id": "osm-n-7001068372",
        "category": "parking",
        "name": "Parking",
        "wheelchair": null,
        "fee": null,
        "opening_hours": null,
        "source": "osm"
      }
    },
    {
      "type": "Feature",
      "geometry": {
        "type": "Point",
        "coordinates": [
          -1.0106397,
          51.4449393
        ]
      },
      "properties": {
        "id": "osm-n-7001068388",
        "category": "parking",
        "name": "Parking",
        "wheelchair": null,
        "fee": null,
        "opening_hours": null,
        "source": "osm"
      }
    },
    {
      "type": "Feature",
      "geometry": {
        "type": "Point",
        "coordinates": [
          -0.9847583,
          51.4494628
        ]
      },
      "properties": {
        "id": "osm-n-7026969912",
        "category": "parking",
        "name": "Parking",
        "wheelchair": null,
        "fee": null,
        "opening_hours": null,
        "source": "osm"
      }
    },
    {
      "type": "Feature",
      "geometry": {
        "type": "Point",
        "coordinates": [
          -0.9854468,
          51.4494886
        ]
      },
      "properties": {
        "id": "osm-n-7026969913",
        "category": "parking",
        "name": "Parking",
        "wheelchair": null,
        "fee": null,
        "opening_hours": null,
        "source": "osm"
      }
    },
    {
      "type": "Feature",
      "geometry": {
        "type": "Point",
        "coordinates": [
          -0.9852921,
          51.4498756
        ]
      },
      "properties": {
        "id": "osm-n-7026969914",
        "category": "parking",
        "name": "Parking",
        "wheelchair": null,
        "fee": null,
        "opening_hours": null,
        "source": "osm"
      }
    },
    {
      "type": "Feature",
      "geometry": {
        "type": "Point",
        "coordinates": [
          -0.9843818,
          51.4502795
        ]
      },
      "properties": {
        "id": "osm-n-7026969915",
        "category": "parking",
        "name": "Parking",
        "wheelchair": null,
        "fee": null,
        "opening_hours": null,
        "source": "osm"
      }
    },
    {
      "type": "Feature",
      "geometry": {
        "type": "Point",
        "coordinates": [
          -0.9823317,
          51.4491948
        ]
      },
      "properties": {
        "id": "osm-n-7026969916",
        "category": "parking",
        "name": "Parking",
        "wheelchair": null,
        "fee": null,
        "opening_hours": null,
        "source": "osm"
      }
    },
    {
      "type": "Feature",
      "geometry": {
        "type": "Point",
        "coordinates": [
          -0.9855918,
          51.4514359
        ]
      },
      "properties": {
        "id": "osm-n-7026969917",
        "category": "parking",
        "name": "Parking",
        "wheelchair": null,
        "fee": null,
        "opening_hours": null,
        "source": "osm"
      }
    },
    {
      "type": "Feature",
      "geometry": {
        "type": "Point",
        "coordinates": [
          -0.9824949,
          51.4526866
        ]
      },
      "properties": {
        "id": "osm-n-7026969922",
        "category": "parking",
        "name": "Parking",
        "wheelchair": null,
        "fee": null,
        "opening_hours": null,
        "source": "osm"
      }
    },
    {
      "type": "Feature",
      "geometry": {
        "type": "Point",
        "coordinates": [
          -0.9810911,
          51.454616
        ]
      },
      "properties": {
        "id": "osm-n-7026969928",
        "category": "parking",
        "name": "Parking",
        "wheelchair": null,
        "fee": null,
        "opening_hours": null,
        "source": "osm"
      }
    },
    {
      "type": "Feature",
      "geometry": {
        "type": "Point",
        "coordinates": [
          -0.9786396,
          51.4526665
        ]
      },
      "properties": {
        "id": "osm-n-7026969929",
        "category": "parking",
        "name": "Parking",
        "wheelchair": null,
        "fee": "no",
        "opening_hours": null,
        "source": "osm"
      }
    },
    {
      "type": "Feature",
      "geometry": {
        "type": "Point",
        "coordinates": [
          -0.9791506,
          51.4519678
        ]
      },
      "properties": {
        "id": "osm-n-7026969930",
        "category": "parking",
        "name": "Parking",
        "wheelchair": null,
        "fee": null,
        "opening_hours": null,
        "source": "osm"
      }
    },
    {
      "type": "Feature",
      "geometry": {
        "type": "Point",
        "coordinates": [
          -0.9783766,
          51.4523561
        ]
      },
      "properties": {
        "id": "osm-n-7026969931",
        "category": "parking",
        "name": "Parking",
        "wheelchair": null,
        "fee": null,
        "opening_hours": null,
        "source": "osm"
      }
    },
    {
      "type": "Feature",
      "geometry": {
        "type": "Point",
        "coordinates": [
          -0.9809574,
          51.4520202
        ]
      },
      "properties": {
        "id": "osm-n-7026969932",
        "category": "parking",
        "name": "Parking",
        "wheelchair": null,
        "fee": null,
        "opening_hours": null,
        "source": "osm"
      }
    },
    {
      "type": "Feature",
      "geometry": {
        "type": "Point",
        "coordinates": [
          -0.982111,
          51.4503985
        ]
      },
      "properties": {
        "id": "osm-n-7026969933",
        "category": "parking",
        "name": "Parking",
        "wheelchair": null,
        "fee": "no",
        "opening_hours": null,
        "source": "osm"
      }
    },
    {
      "type": "Feature",
      "geometry": {
        "type": "Point",
        "coordinates": [
          -0.9800001,
          51.4509695
        ]
      },
      "properties": {
        "id": "osm-n-7026969934",
        "category": "parking",
        "name": "Parking",
        "wheelchair": null,
        "fee": null,
        "opening_hours": null,
        "source": "osm"
      }
    },
    {
      "type": "Feature",
      "geometry": {
        "type": "Point",
        "coordinates": [
          -0.9787194,
          51.4514573
        ]
      },
      "properties": {
        "id": "osm-n-7026969935",
        "category": "parking",
        "name": "Parking",
        "wheelchair": null,
        "fee": null,
        "opening_hours": null,
        "source": "osm"
      }
    },
    {
      "type": "Feature",
      "geometry": {
        "type": "Point",
        "coordinates": [
          -0.9787165,
          51.4511704
        ]
      },
      "properties": {
        "id": "osm-n-7026969936",
        "category": "parking",
        "name": "Parking",
        "wheelchair": null,
        "fee": null,
        "opening_hours": null,
        "source": "osm"
      }
    },
    {
      "type": "Feature",
      "geometry": {
        "type": "Point",
        "coordinates": [
          -0.9839782,
          51.4470149
        ]
      },
      "properties": {
        "id": "osm-n-7026969937",
        "category": "parking",
        "name": "Parking",
        "wheelchair": null,
        "fee": null,
        "opening_hours": null,
        "source": "osm"
      }
    },
    {
      "type": "Feature",
      "geometry": {
        "type": "Point",
        "coordinates": [
          -0.9855658,
          51.4469977
        ]
      },
      "properties": {
        "id": "osm-n-7026969938",
        "category": "parking",
        "name": "Parking",
        "wheelchair": null,
        "fee": null,
        "opening_hours": null,
        "source": "osm"
      }
    },
    {
      "type": "Feature",
      "geometry": {
        "type": "Point",
        "coordinates": [
          -0.9851828,
          51.448587
        ]
      },
      "properties": {
        "id": "osm-n-7026969939",
        "category": "parking",
        "name": "Parking",
        "wheelchair": null,
        "fee": "no",
        "opening_hours": null,
        "source": "osm"
      }
    },
    {
      "type": "Feature",
      "geometry": {
        "type": "Point",
        "coordinates": [
          -0.9879749,
          51.448964
        ]
      },
      "properties": {
        "id": "osm-n-7026969940",
        "category": "parking",
        "name": "Parking",
        "wheelchair": null,
        "fee": null,
        "opening_hours": null,
        "source": "osm"
      }
    },
    {
      "type": "Feature",
      "geometry": {
        "type": "Point",
        "coordinates": [
          -0.9883025,
          51.4490048
        ]
      },
      "properties": {
        "id": "osm-n-7026969949",
        "category": "parking",
        "name": "Parking",
        "wheelchair": null,
        "fee": null,
        "opening_hours": null,
        "source": "osm"
      }
    },
    {
      "type": "Feature",
      "geometry": {
        "type": "Point",
        "coordinates": [
          -0.990316,
          51.450247
        ]
      },
      "properties": {
        "id": "osm-n-7026969951",
        "category": "parking",
        "name": "Parking",
        "wheelchair": null,
        "fee": null,
        "opening_hours": null,
        "source": "osm"
      }
    },
    {
      "type": "Feature",
      "geometry": {
        "type": "Point",
        "coordinates": [
          -0.987287,
          51.4511971
        ]
      },
      "properties": {
        "id": "osm-n-7026969952",
        "category": "parking",
        "name": "Parking",
        "wheelchair": null,
        "fee": null,
        "opening_hours": null,
        "source": "osm"
      }
    },
    {
      "type": "Feature",
      "geometry": {
        "type": "Point",
        "coordinates": [
          -0.9876448,
          51.4522619
        ]
      },
      "properties": {
        "id": "osm-n-7026969953",
        "category": "parking",
        "name": "Parking",
        "wheelchair": null,
        "fee": null,
        "opening_hours": null,
        "source": "osm"
      }
    },
    {
      "type": "Feature",
      "geometry": {
        "type": "Point",
        "coordinates": [
          -0.982441,
          51.4522807
        ]
      },
      "properties": {
        "id": "osm-n-7026969954",
        "category": "parking",
        "name": "Parking",
        "wheelchair": null,
        "fee": null,
        "opening_hours": null,
        "source": "osm"
      }
    },
    {
      "type": "Feature",
      "geometry": {
        "type": "Point",
        "coordinates": [
          -0.9855331,
          51.4528869
        ]
      },
      "properties": {
        "id": "osm-n-7026969955",
        "category": "parking",
        "name": "Parking",
        "wheelchair": null,
        "fee": null,
        "opening_hours": null,
        "source": "osm"
      }
    },
    {
      "type": "Feature",
      "geometry": {
        "type": "Point",
        "coordinates": [
          -0.9851198,
          51.4530612
        ]
      },
      "properties": {
        "id": "osm-n-7026969956",
        "category": "parking",
        "name": "Parking",
        "wheelchair": null,
        "fee": "no",
        "opening_hours": null,
        "source": "osm"
      }
    },
    {
      "type": "Feature",
      "geometry": {
        "type": "Point",
        "coordinates": [
          -0.9844683,
          51.4547467
        ]
      },
      "properties": {
        "id": "osm-n-7026969960",
        "category": "parking",
        "name": "Parking",
        "wheelchair": null,
        "fee": null,
        "opening_hours": null,
        "source": "osm"
      }
    },
    {
      "type": "Feature",
      "geometry": {
        "type": "Point",
        "coordinates": [
          -0.9842942,
          51.454701
        ]
      },
      "properties": {
        "id": "osm-n-7026969961",
        "category": "parking",
        "name": "Parking",
        "wheelchair": null,
        "fee": null,
        "opening_hours": null,
        "source": "osm"
      }
    },
    {
      "type": "Feature",
      "geometry": {
        "type": "Point",
        "coordinates": [
          -0.9836191,
          51.4546953
        ]
      },
      "properties": {
        "id": "osm-n-7026969962",
        "category": "parking",
        "name": "Parking",
        "wheelchair": null,
        "fee": null,
        "opening_hours": null,
        "source": "osm"
      }
    },
    {
      "type": "Feature",
      "geometry": {
        "type": "Point",
        "coordinates": [
          -0.9831029,
          51.4540634
        ]
      },
      "properties": {
        "id": "osm-n-7026969963",
        "category": "parking",
        "name": "Parking",
        "wheelchair": null,
        "fee": null,
        "opening_hours": null,
        "source": "osm"
      }
    },
    {
      "type": "Feature",
      "geometry": {
        "type": "Point",
        "coordinates": [
          -0.983387,
          51.4534638
        ]
      },
      "properties": {
        "id": "osm-n-7026969964",
        "category": "parking",
        "name": "Parking",
        "wheelchair": null,
        "fee": null,
        "opening_hours": null,
        "source": "osm"
      }
    },
    {
      "type": "Feature",
      "geometry": {
        "type": "Point",
        "coordinates": [
          -0.9823821,
          51.453342
        ]
      },
      "properties": {
        "id": "osm-n-7026969966",
        "category": "parking",
        "name": "Parking",
        "wheelchair": null,
        "fee": null,
        "opening_hours": null,
        "source": "osm"
      }
    },
    {
      "type": "Feature",
      "geometry": {
        "type": "Point",
        "coordinates": [
          -0.981759,
          51.4535875
        ]
      },
      "properties": {
        "id": "osm-n-7026969967",
        "category": "parking",
        "name": "Parking",
        "wheelchair": null,
        "fee": null,
        "opening_hours": null,
        "source": "osm"
      }
    },
    {
      "type": "Feature",
      "geometry": {
        "type": "Point",
        "coordinates": [
          -0.9821133,
          51.453814
        ]
      },
      "properties": {
        "id": "osm-n-7026969968",
        "category": "parking",
        "name": "Parking",
        "wheelchair": null,
        "fee": null,
        "opening_hours": null,
        "source": "osm"
      }
    },
    {
      "type": "Feature",
      "geometry": {
        "type": "Point",
        "coordinates": [
          -0.9804394,
          51.4570934
        ]
      },
      "properties": {
        "id": "osm-n-7026969970",
        "category": "parking",
        "name": "Parking",
        "wheelchair": null,
        "fee": null,
        "opening_hours": null,
        "source": "osm"
      }
    },
    {
      "type": "Feature",
      "geometry": {
        "type": "Point",
        "coordinates": [
          -0.9784876,
          51.4580298
        ]
      },
      "properties": {
        "id": "osm-n-7026969972",
        "category": "parking",
        "name": "Parking",
        "wheelchair": null,
        "fee": null,
        "opening_hours": null,
        "source": "osm"
      }
    },
    {
      "type": "Feature",
      "geometry": {
        "type": "Point",
        "coordinates": [
          -0.9767374,
          51.4580431
        ]
      },
      "properties": {
        "id": "osm-n-7026969973",
        "category": "parking",
        "name": "Parking",
        "wheelchair": null,
        "fee": null,
        "opening_hours": null,
        "source": "osm"
      }
    },
    {
      "type": "Feature",
      "geometry": {
        "type": "Point",
        "coordinates": [
          -0.9751491,
          51.4538883
        ]
      },
      "properties": {
        "id": "osm-n-7026969974",
        "category": "parking",
        "name": "Parking",
        "wheelchair": null,
        "fee": null,
        "opening_hours": null,
        "source": "osm"
      }
    },
    {
      "type": "Feature",
      "geometry": {
        "type": "Point",
        "coordinates": [
          -0.9881451,
          51.4530874
        ]
      },
      "properties": {
        "id": "osm-n-7028145940",
        "category": "parking",
        "name": "Parking",
        "wheelchair": null,
        "fee": null,
        "opening_hours": null,
        "source": "osm"
      }
    },
    {
      "type": "Feature",
      "geometry": {
        "type": "Point",
        "coordinates": [
          -0.9851759,
          51.4527816
        ]
      },
      "properties": {
        "id": "osm-n-7028145941",
        "category": "parking",
        "name": "Parking",
        "wheelchair": null,
        "fee": "no",
        "opening_hours": null,
        "source": "osm"
      }
    },
    {
      "type": "Feature",
      "geometry": {
        "type": "Point",
        "coordinates": [
          -0.9784241,
          51.4528297
        ]
      },
      "properties": {
        "id": "osm-n-7028145945",
        "category": "parking",
        "name": "Parking",
        "wheelchair": null,
        "fee": "no",
        "opening_hours": null,
        "source": "osm"
      }
    },
    {
      "type": "Feature",
      "geometry": {
        "type": "Point",
        "coordinates": [
          -0.9775304,
          51.451452
        ]
      },
      "properties": {
        "id": "osm-n-7028145946",
        "category": "parking",
        "name": "Parking",
        "wheelchair": null,
        "fee": null,
        "opening_hours": null,
        "source": "osm"
      }
    },
    {
      "type": "Feature",
      "geometry": {
        "type": "Point",
        "coordinates": [
          -0.9725026,
          51.4584409
        ]
      },
      "properties": {
        "id": "osm-n-7037075980",
        "category": "info",
        "name": "Reading Station South",
        "wheelchair": null,
        "fee": null,
        "opening_hours": null,
        "source": "osm"
      }
    },
    {
      "type": "Feature",
      "geometry": {
        "type": "Point",
        "coordinates": [
          -0.9804599,
          51.4480609
        ]
      },
      "properties": {
        "id": "osm-n-7050508959",
        "category": "parking",
        "name": "Parking",
        "wheelchair": null,
        "fee": null,
        "opening_hours": null,
        "source": "osm"
      }
    },
    {
      "type": "Feature",
      "geometry": {
        "type": "Point",
        "coordinates": [
          -0.9975074,
          51.4493518
        ]
      },
      "properties": {
        "id": "osm-n-7050508966",
        "category": "parking",
        "name": "Parking",
        "wheelchair": null,
        "fee": null,
        "opening_hours": null,
        "source": "osm"
      }
    },
    {
      "type": "Feature",
      "geometry": {
        "type": "Point",
        "coordinates": [
          -1.0035867,
          51.4469255
        ]
      },
      "properties": {
        "id": "osm-n-7057977235",
        "category": "parking",
        "name": "Parking",
        "wheelchair": null,
        "fee": null,
        "opening_hours": null,
        "source": "osm"
      }
    },
    {
      "type": "Feature",
      "geometry": {
        "type": "Point",
        "coordinates": [
          -1.0032563,
          51.4476921
        ]
      },
      "properties": {
        "id": "osm-n-7057977236",
        "category": "parking",
        "name": "Parking",
        "wheelchair": null,
        "fee": null,
        "opening_hours": null,
        "source": "osm"
      }
    },
    {
      "type": "Feature",
      "geometry": {
        "type": "Point",
        "coordinates": [
          -1.0041145,
          51.4481573
        ]
      },
      "properties": {
        "id": "osm-n-7057977237",
        "category": "parking",
        "name": "Parking",
        "wheelchair": null,
        "fee": null,
        "opening_hours": null,
        "source": "osm"
      }
    },
    {
      "type": "Feature",
      "geometry": {
        "type": "Point",
        "coordinates": [
          -1.0028875,
          51.4490718
        ]
      },
      "properties": {
        "id": "osm-n-7057977243",
        "category": "parking",
        "name": "Parking",
        "wheelchair": null,
        "fee": null,
        "opening_hours": null,
        "source": "osm"
      }
    },
    {
      "type": "Feature",
      "geometry": {
        "type": "Point",
        "coordinates": [
          -1.0013101,
          51.4482753
        ]
      },
      "properties": {
        "id": "osm-n-7057977244",
        "category": "parking",
        "name": "Parking",
        "wheelchair": null,
        "fee": null,
        "opening_hours": null,
        "source": "osm"
      }
    },
    {
      "type": "Feature",
      "geometry": {
        "type": "Point",
        "coordinates": [
          -1.0002988,
          51.4476054
        ]
      },
      "properties": {
        "id": "osm-n-7057977245",
        "category": "parking",
        "name": "Parking",
        "wheelchair": null,
        "fee": null,
        "opening_hours": null,
        "source": "osm"
      }
    },
    {
      "type": "Feature",
      "geometry": {
        "type": "Point",
        "coordinates": [
          -1.0016883,
          51.449047
        ]
      },
      "properties": {
        "id": "osm-n-7057977248",
        "category": "parking",
        "name": "Parking",
        "wheelchair": null,
        "fee": null,
        "opening_hours": null,
        "source": "osm"
      }
    },
    {
      "type": "Feature",
      "geometry": {
        "type": "Point",
        "coordinates": [
          -0.9996365,
          51.4510067
        ]
      },
      "properties": {
        "id": "osm-n-7057977250",
        "category": "parking",
        "name": "Parking",
        "wheelchair": null,
        "fee": null,
        "opening_hours": null,
        "source": "osm"
      }
    },
    {
      "type": "Feature",
      "geometry": {
        "type": "Point",
        "coordinates": [
          -0.9991823,
          51.4514863
        ]
      },
      "properties": {
        "id": "osm-n-7057977251",
        "category": "parking",
        "name": "Parking",
        "wheelchair": null,
        "fee": null,
        "opening_hours": null,
        "source": "osm"
      }
    },
    {
      "type": "Feature",
      "geometry": {
        "type": "Point",
        "coordinates": [
          -0.9988572,
          51.4488736
        ]
      },
      "properties": {
        "id": "osm-n-7057977252",
        "category": "parking",
        "name": "Parking",
        "wheelchair": null,
        "fee": null,
        "opening_hours": null,
        "source": "osm"
      }
    },
    {
      "type": "Feature",
      "geometry": {
        "type": "Point",
        "coordinates": [
          -1.0008638,
          51.4502258
        ]
      },
      "properties": {
        "id": "osm-n-7058147157",
        "category": "parking",
        "name": "Parking",
        "wheelchair": null,
        "fee": null,
        "opening_hours": null,
        "source": "osm"
      }
    },
    {
      "type": "Feature",
      "geometry": {
        "type": "Point",
        "coordinates": [
          -1.0003265,
          51.450601
        ]
      },
      "properties": {
        "id": "osm-n-7058147158",
        "category": "parking",
        "name": "Parking",
        "wheelchair": null,
        "fee": null,
        "opening_hours": null,
        "source": "osm"
      }
    },
    {
      "type": "Feature",
      "geometry": {
        "type": "Point",
        "coordinates": [
          -1.0075565,
          51.4503994
        ]
      },
      "properties": {
        "id": "osm-n-7058150286",
        "category": "parking",
        "name": "Parking",
        "wheelchair": null,
        "fee": null,
        "opening_hours": null,
        "source": "osm"
      }
    },
    {
      "type": "Feature",
      "geometry": {
        "type": "Point",
        "coordinates": [
          -1.0071143,
          51.4504315
        ]
      },
      "properties": {
        "id": "osm-n-7058150289",
        "category": "info",
        "name": "Info",
        "wheelchair": null,
        "fee": null,
        "opening_hours": null,
        "source": "osm"
      }
    },
    {
      "type": "Feature",
      "geometry": {
        "type": "Point",
        "coordinates": [
          -1.0071959,
          51.4502913
        ]
      },
      "properties": {
        "id": "osm-n-7058150292",
        "category": "toilet",
        "name": "Toilet",
        "wheelchair": null,
        "fee": "yes",
        "opening_hours": null,
        "source": "osm"
      }
    },
    {
      "type": "Feature",
      "geometry": {
        "type": "Point",
        "coordinates": [
          -1.0093086,
          51.4501102
        ]
      },
      "properties": {
        "id": "osm-n-7058150299",
        "category": "parking",
        "name": "Parking",
        "wheelchair": null,
        "fee": null,
        "opening_hours": null,
        "source": "osm"
      }
    },
    {
      "type": "Feature",
      "geometry": {
        "type": "Point",
        "coordinates": [
          -0.9773657,
          51.4436963
        ]
      },
      "properties": {
        "id": "osm-n-7139685113",
        "category": "toilet",
        "name": "Toilet",
        "wheelchair": null,
        "fee": null,
        "opening_hours": null,
        "source": "osm"
      }
    },
    {
      "type": "Feature",
      "geometry": {
        "type": "Point",
        "coordinates": [
          -0.9773092,
          51.4437043
        ]
      },
      "properties": {
        "id": "osm-n-7139685115",
        "category": "shop",
        "name": "Londis",
        "wheelchair": null,
        "fee": null,
        "opening_hours": "24/7",
        "source": "osm"
      }
    },
    {
      "type": "Feature",
      "geometry": {
        "type": "Point",
        "coordinates": [
          -0.9844415,
          51.4516905
        ]
      },
      "properties": {
        "id": "osm-n-7139685126",
        "category": "toilet",
        "name": "Toilet",
        "wheelchair": null,
        "fee": null,
        "opening_hours": null,
        "source": "osm"
      }
    },
    {
      "type": "Feature",
      "geometry": {
        "type": "Point",
        "coordinates": [
          -0.9874283,
          51.4557428
        ]
      },
      "properties": {
        "id": "osm-n-7139685128",
        "category": "toilet",
        "name": "Toilet",
        "wheelchair": null,
        "fee": null,
        "opening_hours": null,
        "source": "osm"
      }
    },
    {
      "type": "Feature",
      "geometry": {
        "type": "Point",
        "coordinates": [
          -0.9863998,
          51.445185
        ]
      },
      "properties": {
        "id": "osm-n-7156811241",
        "category": "parking",
        "name": "Parking",
        "wheelchair": null,
        "fee": null,
        "opening_hours": null,
        "source": "osm"
      }
    },
    {
      "type": "Feature",
      "geometry": {
        "type": "Point",
        "coordinates": [
          -0.9849824,
          51.445684
        ]
      },
      "properties": {
        "id": "osm-n-7156811242",
        "category": "parking",
        "name": "Parking",
        "wheelchair": null,
        "fee": null,
        "opening_hours": null,
        "source": "osm"
      }
    },
    {
      "type": "Feature",
      "geometry": {
        "type": "Point",
        "coordinates": [
          -0.9895582,
          51.4437471
        ]
      },
      "properties": {
        "id": "osm-n-7156811243",
        "category": "parking",
        "name": "Parking",
        "wheelchair": null,
        "fee": "no",
        "opening_hours": null,
        "source": "osm"
      }
    },
    {
      "type": "Feature",
      "geometry": {
        "type": "Point",
        "coordinates": [
          -0.9864873,
          51.4442434
        ]
      },
      "properties": {
        "id": "osm-n-7156811247",
        "category": "parking",
        "name": "Parking",
        "wheelchair": null,
        "fee": null,
        "opening_hours": null,
        "source": "osm"
      }
    },
    {
      "type": "Feature",
      "geometry": {
        "type": "Point",
        "coordinates": [
          -0.9848014,
          51.4468497
        ]
      },
      "properties": {
        "id": "osm-n-7156811248",
        "category": "parking",
        "name": "Parking",
        "wheelchair": null,
        "fee": null,
        "opening_hours": null,
        "source": "osm"
      }
    },
    {
      "type": "Feature",
      "geometry": {
        "type": "Point",
        "coordinates": [
          -0.9979879,
          51.4484256
        ]
      },
      "properties": {
        "id": "osm-n-7175424791",
        "category": "parking",
        "name": "Parking",
        "wheelchair": null,
        "fee": null,
        "opening_hours": null,
        "source": "osm"
      }
    },
    {
      "type": "Feature",
      "geometry": {
        "type": "Point",
        "coordinates": [
          -0.9987008,
          51.4486762
        ]
      },
      "properties": {
        "id": "osm-n-7175424792",
        "category": "parking",
        "name": "Parking",
        "wheelchair": null,
        "fee": null,
        "opening_hours": null,
        "source": "osm"
      }
    },
    {
      "type": "Feature",
      "geometry": {
        "type": "Point",
        "coordinates": [
          -1.0176106,
          51.4491501
        ]
      },
      "properties": {
        "id": "osm-n-7175747255",
        "category": "toilet",
        "name": "Toilet",
        "wheelchair": "yes",
        "fee": null,
        "opening_hours": "Mo-Fr 07:00-23:00; Sa 07:00-22:00; Su 10:00-16:00",
        "source": "osm"
      }
    },
    {
      "type": "Feature",
      "geometry": {
        "type": "Point",
        "coordinates": [
          -1.0155427,
          51.4484205
        ]
      },
      "properties": {
        "id": "osm-n-7175757236",
        "category": "info",
        "name": "Info",
        "wheelchair": null,
        "fee": null,
        "opening_hours": null,
        "source": "osm"
      }
    },
    {
      "type": "Feature",
      "geometry": {
        "type": "Point",
        "coordinates": [
          -0.9887923,
          51.4346463
        ]
      },
      "properties": {
        "id": "osm-n-7185367504",
        "category": "info",
        "name": "Info",
        "wheelchair": null,
        "fee": null,
        "opening_hours": null,
        "source": "osm"
      }
    },
    {
      "type": "Feature",
      "geometry": {
        "type": "Point",
        "coordinates": [
          -0.9903581,
          51.4347926
        ]
      },
      "properties": {
        "id": "osm-n-7185367673",
        "category": "info",
        "name": "Info",
        "wheelchair": null,
        "fee": null,
        "opening_hours": null,
        "source": "osm"
      }
    },
    {
      "type": "Feature",
      "geometry": {
        "type": "Point",
        "coordinates": [
          -0.986495,
          51.4343867
        ]
      },
      "properties": {
        "id": "osm-n-7185367685",
        "category": "info",
        "name": "Canals & River Trust",
        "wheelchair": null,
        "fee": null,
        "opening_hours": null,
        "source": "osm"
      }
    },
    {
      "type": "Feature",
      "geometry": {
        "type": "Point",
        "coordinates": [
          -0.9862382,
          51.4342998
        ]
      },
      "properties": {
        "id": "osm-n-7185367687",
        "category": "info",
        "name": "Info",
        "wheelchair": null,
        "fee": null,
        "opening_hours": null,
        "source": "osm"
      }
    },
    {
      "type": "Feature",
      "geometry": {
        "type": "Point",
        "coordinates": [
          -1.0137453,
          51.4622429
        ]
      },
      "properties": {
        "id": "osm-n-7340079475",
        "category": "shop",
        "name": "hev's best deals",
        "wheelchair": null,
        "fee": null,
        "opening_hours": "Mo-Sa 07:00-23:00; Su 08:00-23:00",
        "source": "osm"
      }
    },
    {
      "type": "Feature",
      "geometry": {
        "type": "Point",
        "coordinates": [
          -1.0374766,
          51.4608049
        ]
      },
      "properties": {
        "id": "osm-n-7862225652",
        "category": "parking",
        "name": "Parking",
        "wheelchair": null,
        "fee": null,
        "opening_hours": null,
        "source": "osm"
      }
    },
    {
      "type": "Feature",
      "geometry": {
        "type": "Point",
        "coordinates": [
          -1.0246372,
          51.4548481
        ]
      },
      "properties": {
        "id": "osm-n-7871679443",
        "category": "parking",
        "name": "Parking",
        "wheelchair": null,
        "fee": null,
        "opening_hours": null,
        "source": "osm"
      }
    },
    {
      "type": "Feature",
      "geometry": {
        "type": "Point",
        "coordinates": [
          -1.0231551,
          51.4535447
        ]
      },
      "properties": {
        "id": "osm-n-7871679444",
        "category": "parking",
        "name": "Parking",
        "wheelchair": null,
        "fee": null,
        "opening_hours": null,
        "source": "osm"
      }
    },
    {
      "type": "Feature",
      "geometry": {
        "type": "Point",
        "coordinates": [
          -1.0248739,
          51.4545154
        ]
      },
      "properties": {
        "id": "osm-n-7871679452",
        "category": "parking",
        "name": "Parking",
        "wheelchair": null,
        "fee": null,
        "opening_hours": null,
        "source": "osm"
      }
    },
    {
      "type": "Feature",
      "geometry": {
        "type": "Point",
        "coordinates": [
          -1.0241559,
          51.4536411
        ]
      },
      "properties": {
        "id": "osm-n-7871679456",
        "category": "parking",
        "name": "Parking",
        "wheelchair": null,
        "fee": null,
        "opening_hours": null,
        "source": "osm"
      }
    },
    {
      "type": "Feature",
      "geometry": {
        "type": "Point",
        "coordinates": [
          -1.0255491,
          51.4543229
        ]
      },
      "properties": {
        "id": "osm-n-7879205833",
        "category": "parking",
        "name": "Parking",
        "wheelchair": null,
        "fee": null,
        "opening_hours": null,
        "source": "osm"
      }
    },
    {
      "type": "Feature",
      "geometry": {
        "type": "Point",
        "coordinates": [
          -0.9640692,
          51.4594878
        ]
      },
      "properties": {
        "id": "osm-n-7923020708",
        "category": "toilet",
        "name": "Toilet",
        "wheelchair": null,
        "fee": null,
        "opening_hours": null,
        "source": "osm"
      }
    },
    {
      "type": "Feature",
      "geometry": {
        "type": "Point",
        "coordinates": [
          -1.0295424,
          51.471579
        ]
      },
      "properties": {
        "id": "osm-n-7941705736",
        "category": "toilet",
        "name": "Toilet",
        "wheelchair": null,
        "fee": null,
        "opening_hours": null,
        "source": "osm"
      }
    },
    {
      "type": "Feature",
      "geometry": {
        "type": "Point",
        "coordinates": [
          -1.0360313,
          51.4561536
        ]
      },
      "properties": {
        "id": "osm-n-8039450963",
        "category": "parking",
        "name": "Parking",
        "wheelchair": null,
        "fee": null,
        "opening_hours": null,
        "source": "osm"
      }
    },
    {
      "type": "Feature",
      "geometry": {
        "type": "Point",
        "coordinates": [
          -0.9678964,
          51.4363011
        ]
      },
      "properties": {
        "id": "osm-n-8066151026",
        "category": "parking",
        "name": "Parking",
        "wheelchair": null,
        "fee": null,
        "opening_hours": null,
        "source": "osm"
      }
    },
    {
      "type": "Feature",
      "geometry": {
        "type": "Point",
        "coordinates": [
          -0.9683709,
          51.436614
        ]
      },
      "properties": {
        "id": "osm-n-8066151033",
        "category": "parking",
        "name": "Parking",
        "wheelchair": null,
        "fee": "no",
        "opening_hours": null,
        "source": "osm"
      }
    },
    {
      "type": "Feature",
      "geometry": {
        "type": "Point",
        "coordinates": [
          -0.9633903,
          51.4663785
        ]
      },
      "properties": {
        "id": "osm-n-8153564369",
        "category": "parking",
        "name": "Parking",
        "wheelchair": null,
        "fee": null,
        "opening_hours": null,
        "source": "osm"
      }
    },
    {
      "type": "Feature",
      "geometry": {
        "type": "Point",
        "coordinates": [
          -1.0003911,
          51.4576562
        ]
      },
      "properties": {
        "id": "osm-n-8523394590",
        "category": "cafe",
        "name": "Julaga",
        "wheelchair": null,
        "fee": null,
        "opening_hours": null,
        "source": "osm"
      }
    },
    {
      "type": "Feature",
      "geometry": {
        "type": "Point",
        "coordinates": [
          -0.9544771,
          51.4598437
        ]
      },
      "properties": {
        "id": "osm-n-8827540650",
        "category": "charging",
        "name": "Pod Point",
        "wheelchair": null,
        "fee": "yes",
        "opening_hours": null,
        "source": "osm"
      }
    },
    {
      "type": "Feature",
      "geometry": {
        "type": "Point",
        "coordinates": [
          -0.9664743,
          51.458222
        ]
      },
      "properties": {
        "id": "osm-n-8890523215",
        "category": "charging",
        "name": "Charging",
        "wheelchair": null,
        "fee": null,
        "opening_hours": null,
        "source": "osm"
      }
    },
    {
      "type": "Feature",
      "geometry": {
        "type": "Point",
        "coordinates": [
          -1.0322153,
          51.4512384
        ]
      },
      "properties": {
        "id": "osm-n-9043375314",
        "category": "info",
        "name": "Info",
        "wheelchair": null,
        "fee": null,
        "opening_hours": null,
        "source": "osm"
      }
    },
    {
      "type": "Feature",
      "geometry": {
        "type": "Point",
        "coordinates": [
          -1.0294818,
          51.449974
        ]
      },
      "properties": {
        "id": "osm-n-9043459224",
        "category": "parking",
        "name": "Parking",
        "wheelchair": null,
        "fee": null,
        "opening_hours": null,
        "source": "osm"
      }
    },
    {
      "type": "Feature",
      "geometry": {
        "type": "Point",
        "coordinates": [
          -1.032368,
          51.451349
        ]
      },
      "properties": {
        "id": "osm-n-9043459232",
        "category": "parking",
        "name": "Parking",
        "wheelchair": null,
        "fee": null,
        "opening_hours": null,
        "source": "osm"
      }
    },
    {
      "type": "Feature",
      "geometry": {
        "type": "Point",
        "coordinates": [
          -0.9844172,
          51.4516066
        ]
      },
      "properties": {
        "id": "osm-n-9073585710",
        "category": "parking",
        "name": "Parking",
        "wheelchair": null,
        "fee": null,
        "opening_hours": null,
        "source": "osm"
      }
    },
    {
      "type": "Feature",
      "geometry": {
        "type": "Point",
        "coordinates": [
          -0.9898858,
          51.4490597
        ]
      },
      "properties": {
        "id": "osm-n-9073601925",
        "category": "parking",
        "name": "Parking",
        "wheelchair": null,
        "fee": null,
        "opening_hours": null,
        "source": "osm"
      }
    },
    {
      "type": "Feature",
      "geometry": {
        "type": "Point",
        "coordinates": [
          -0.9911863,
          51.4483663
        ]
      },
      "properties": {
        "id": "osm-n-9073601926",
        "category": "parking",
        "name": "Parking",
        "wheelchair": null,
        "fee": null,
        "opening_hours": null,
        "source": "osm"
      }
    },
    {
      "type": "Feature",
      "geometry": {
        "type": "Point",
        "coordinates": [
          -1.0107398,
          51.4425469
        ]
      },
      "properties": {
        "id": "osm-n-9124058628",
        "category": "info",
        "name": "Info",
        "wheelchair": null,
        "fee": null,
        "opening_hours": null,
        "source": "osm"
      }
    },
    {
      "type": "Feature",
      "geometry": {
        "type": "Point",
        "coordinates": [
          -0.9496792,
          51.4675029
        ]
      },
      "properties": {
        "id": "osm-n-9191387504",
        "category": "shop",
        "name": "Best-one",
        "wheelchair": null,
        "fee": null,
        "opening_hours": "Mo-Su 08:00-20:00",
        "source": "osm"
      }
    },
    {
      "type": "Feature",
      "geometry": {
        "type": "Point",
        "coordinates": [
          -1.0359243,
          51.4545264
        ]
      },
      "properties": {
        "id": "osm-n-9196055840",
        "category": "parking",
        "name": "Parking",
        "wheelchair": null,
        "fee": null,
        "opening_hours": null,
        "source": "osm"
      }
    },
    {
      "type": "Feature",
      "geometry": {
        "type": "Point",
        "coordinates": [
          -1.0289595,
          51.453922
        ]
      },
      "properties": {
        "id": "osm-n-9196055845",
        "category": "parking",
        "name": "Parking",
        "wheelchair": null,
        "fee": null,
        "opening_hours": null,
        "source": "osm"
      }
    },
    {
      "type": "Feature",
      "geometry": {
        "type": "Point",
        "coordinates": [
          -1.0352796,
          51.4544886
        ]
      },
      "properties": {
        "id": "osm-n-9196055854",
        "category": "info",
        "name": "Info",
        "wheelchair": null,
        "fee": null,
        "opening_hours": null,
        "source": "osm"
      }
    },
    {
      "type": "Feature",
      "geometry": {
        "type": "Point",
        "coordinates": [
          -1.0279525,
          51.4529897
        ]
      },
      "properties": {
        "id": "osm-n-9196055858",
        "category": "parking",
        "name": "Parking",
        "wheelchair": null,
        "fee": null,
        "opening_hours": null,
        "source": "osm"
      }
    },
    {
      "type": "Feature",
      "geometry": {
        "type": "Point",
        "coordinates": [
          -1.0292972,
          51.458016
        ]
      },
      "properties": {
        "id": "osm-n-9196055874",
        "category": "parking",
        "name": "Parking",
        "wheelchair": null,
        "fee": null,
        "opening_hours": null,
        "source": "osm"
      }
    },
    {
      "type": "Feature",
      "geometry": {
        "type": "Point",
        "coordinates": [
          -1.0318222,
          51.4591108
        ]
      },
      "properties": {
        "id": "osm-n-9196055880",
        "category": "parking",
        "name": "Parking",
        "wheelchair": null,
        "fee": null,
        "opening_hours": null,
        "source": "osm"
      }
    },
    {
      "type": "Feature",
      "geometry": {
        "type": "Point",
        "coordinates": [
          -0.9520896,
          51.4660573
        ]
      },
      "properties": {
        "id": "osm-n-9200406938",
        "category": "aed",
        "name": "Aed",
        "wheelchair": null,
        "fee": null,
        "opening_hours": null,
        "source": "osm"
      }
    },
    {
      "type": "Feature",
      "geometry": {
        "type": "Point",
        "coordinates": [
          -1.0384272,
          51.4636883
        ]
      },
      "properties": {
        "id": "osm-n-9256518372",
        "category": "parking",
        "name": "Parking",
        "wheelchair": null,
        "fee": null,
        "opening_hours": null,
        "source": "osm"
      }
    },
    {
      "type": "Feature",
      "geometry": {
        "type": "Point",
        "coordinates": [
          -1.0254401,
          51.4496373
        ]
      },
      "properties": {
        "id": "osm-n-9269761423",
        "category": "parking",
        "name": "Parking",
        "wheelchair": null,
        "fee": null,
        "opening_hours": null,
        "source": "osm"
      }
    },
    {
      "type": "Feature",
      "geometry": {
        "type": "Point",
        "coordinates": [
          -0.9601953,
          51.4453975
        ]
      },
      "properties": {
        "id": "osm-n-9290555257",
        "category": "parking",
        "name": "Parking",
        "wheelchair": null,
        "fee": null,
        "opening_hours": null,
        "source": "osm"
      }
    },
    {
      "type": "Feature",
      "geometry": {
        "type": "Point",
        "coordinates": [
          -1.0213613,
          51.4545725
        ]
      },
      "properties": {
        "id": "osm-n-9348731176",
        "category": "parking",
        "name": "Parking",
        "wheelchair": null,
        "fee": null,
        "opening_hours": null,
        "source": "osm"
      }
    },
    {
      "type": "Feature",
      "geometry": {
        "type": "Point",
        "coordinates": [
          -1.021528,
          51.4543988
        ]
      },
      "properties": {
        "id": "osm-n-9348731192",
        "category": "parking",
        "name": "Parking",
        "wheelchair": null,
        "fee": "no",
        "opening_hours": null,
        "source": "osm"
      }
    },
    {
      "type": "Feature",
      "geometry": {
        "type": "Point",
        "coordinates": [
          -1.0215065,
          51.4530895
        ]
      },
      "properties": {
        "id": "osm-n-9348731196",
        "category": "parking",
        "name": "Parking",
        "wheelchair": null,
        "fee": null,
        "opening_hours": null,
        "source": "osm"
      }
    },
    {
      "type": "Feature",
      "geometry": {
        "type": "Point",
        "coordinates": [
          -1.0227048,
          51.4545623
        ]
      },
      "properties": {
        "id": "osm-n-9348731205",
        "category": "parking",
        "name": "Parking",
        "wheelchair": null,
        "fee": null,
        "opening_hours": null,
        "source": "osm"
      }
    },
    {
      "type": "Feature",
      "geometry": {
        "type": "Point",
        "coordinates": [
          -1.0240564,
          51.4550017
        ]
      },
      "properties": {
        "id": "osm-n-9348731206",
        "category": "parking",
        "name": "Parking",
        "wheelchair": null,
        "fee": null,
        "opening_hours": null,
        "source": "osm"
      }
    },
    {
      "type": "Feature",
      "geometry": {
        "type": "Point",
        "coordinates": [
          -1.0214375,
          51.4522443
        ]
      },
      "properties": {
        "id": "osm-n-9348731207",
        "category": "parking",
        "name": "Parking",
        "wheelchair": null,
        "fee": null,
        "opening_hours": null,
        "source": "osm"
      }
    },
    {
      "type": "Feature",
      "geometry": {
        "type": "Point",
        "coordinates": [
          -0.9980399,
          51.4464678
        ]
      },
      "properties": {
        "id": "osm-n-9407863712",
        "category": "parking",
        "name": "Parking",
        "wheelchair": null,
        "fee": null,
        "opening_hours": null,
        "source": "osm"
      }
    },
    {
      "type": "Feature",
      "geometry": {
        "type": "Point",
        "coordinates": [
          -0.9371045,
          51.48832
        ]
      },
      "properties": {
        "id": "osm-n-9416714933",
        "category": "info",
        "name": "Info",
        "wheelchair": null,
        "fee": null,
        "opening_hours": null,
        "source": "osm"
      }
    },
    {
      "type": "Feature",
      "geometry": {
        "type": "Point",
        "coordinates": [
          -0.9767329,
          51.4527321
        ]
      },
      "properties": {
        "id": "osm-n-9700797903",
        "category": "parking",
        "name": "Parking",
        "wheelchair": null,
        "fee": null,
        "opening_hours": null,
        "source": "osm"
      }
    },
    {
      "type": "Feature",
      "geometry": {
        "type": "Point",
        "coordinates": [
          -0.9731192,
          51.4587511
        ]
      },
      "properties": {
        "id": "osm-n-9874167270",
        "category": "info",
        "name": "Info",
        "wheelchair": "yes",
        "fee": null,
        "opening_hours": null,
        "source": "osm"
      }
    },
    {
      "type": "Feature",
      "geometry": {
        "type": "Point",
        "coordinates": [
          -0.9722267,
          51.4592683
        ]
      },
      "properties": {
        "id": "osm-n-9889899093",
        "category": "toilet",
        "name": "Toilet",
        "wheelchair": "yes",
        "fee": "no",
        "opening_hours": null,
        "source": "osm"
      }
    },
    {
      "type": "Feature",
      "geometry": {
        "type": "Point",
        "coordinates": [
          -0.9722674,
          51.4590796
        ]
      },
      "properties": {
        "id": "osm-n-9889899094",
        "category": "toilet",
        "name": "Toilet",
        "wheelchair": "yes",
        "fee": "no",
        "opening_hours": null,
        "source": "osm"
      }
    },
    {
      "type": "Feature",
      "geometry": {
        "type": "Point",
        "coordinates": [
          -0.9964591,
          51.4489327
        ]
      },
      "properties": {
        "id": "osm-n-9891366123",
        "category": "parking",
        "name": "Parking",
        "wheelchair": null,
        "fee": null,
        "opening_hours": null,
        "source": "osm"
      }
    },
    {
      "type": "Feature",
      "geometry": {
        "type": "Point",
        "coordinates": [
          -1.0004595,
          51.4507727
        ]
      },
      "properties": {
        "id": "osm-n-9891367712",
        "category": "parking",
        "name": "Parking",
        "wheelchair": null,
        "fee": null,
        "opening_hours": null,
        "source": "osm"
      }
    },
    {
      "type": "Feature",
      "geometry": {
        "type": "Point",
        "coordinates": [
          -1.0280862,
          51.4486446
        ]
      },
      "properties": {
        "id": "osm-n-9920727196",
        "category": "parking",
        "name": "Parking",
        "wheelchair": null,
        "fee": null,
        "opening_hours": null,
        "source": "osm"
      }
    },
    {
      "type": "Feature",
      "geometry": {
        "type": "Point",
        "coordinates": [
          -0.9793395,
          51.4659967
        ]
      },
      "properties": {
        "id": "osm-n-9922988852",
        "category": "charging",
        "name": "mer",
        "wheelchair": null,
        "fee": null,
        "opening_hours": null,
        "source": "osm"
      }
    },
    {
      "type": "Feature",
      "geometry": {
        "type": "Point",
        "coordinates": [
          -0.9875772,
          51.4728242
        ]
      },
      "properties": {
        "id": "osm-n-10018096624",
        "category": "aed",
        "name": "Aed",
        "wheelchair": null,
        "fee": null,
        "opening_hours": null,
        "source": "osm"
      }
    },
    {
      "type": "Feature",
      "geometry": {
        "type": "Point",
        "coordinates": [
          -0.9379712,
          51.4515098
        ]
      },
      "properties": {
        "id": "osm-n-10281358117",
        "category": "cafe",
        "name": "Cafe",
        "wheelchair": null,
        "fee": null,
        "opening_hours": null,
        "source": "osm"
      }
    },
    {
      "type": "Feature",
      "geometry": {
        "type": "Point",
        "coordinates": [
          -0.9748631,
          51.4542455
        ]
      },
      "properties": {
        "id": "osm-n-10543188162",
        "category": "parking",
        "name": "Parking",
        "wheelchair": null,
        "fee": "yes",
        "opening_hours": null,
        "source": "osm"
      }
    },
    {
      "type": "Feature",
      "geometry": {
        "type": "Point",
        "coordinates": [
          -0.9703176,
          51.4553129
        ]
      },
      "properties": {
        "id": "osm-n-10608272357",
        "category": "cafe",
        "name": "Caff\u00e8 Nero",
        "wheelchair": "yes",
        "fee": null,
        "opening_hours": "Mo-Sa 06:30-20:00; Su 07:00-19:00",
        "source": "osm"
      }
    },
    {
      "type": "Feature",
      "geometry": {
        "type": "Point",
        "coordinates": [
          -0.9688568,
          51.4386308
        ]
      },
      "properties": {
        "id": "osm-n-10672651417",
        "category": "charging",
        "name": "Reading - Katesgrove Supercharger",
        "wheelchair": null,
        "fee": "yes",
        "opening_hours": "24/7",
        "source": "osm"
      }
    },
    {
      "type": "Feature",
      "geometry": {
        "type": "Point",
        "coordinates": [
          -1.0067069,
          51.4501576
        ]
      },
      "properties": {
        "id": "osm-n-10695319466",
        "category": "cafe",
        "name": "Hey Coffee",
        "wheelchair": null,
        "fee": null,
        "opening_hours": "Tu-Su 09:30-16:30; Mo off",
        "source": "osm"
      }
    },
    {
      "type": "Feature",
      "geometry": {
        "type": "Point",
        "coordinates": [
          -1.017184,
          51.4497217
        ]
      },
      "properties": {
        "id": "osm-n-10795072596",
        "category": "shop",
        "name": "GroceryAsia",
        "wheelchair": null,
        "fee": null,
        "opening_hours": "Mo-Sa 09:00-17:30; Su 10:00-17:30",
        "source": "osm"
      }
    },
    {
      "type": "Feature",
      "geometry": {
        "type": "Point",
        "coordinates": [
          -0.9592109,
          51.4564369
        ]
      },
      "properties": {
        "id": "osm-n-11047153799",
        "category": "parking",
        "name": "Parking",
        "wheelchair": null,
        "fee": null,
        "opening_hours": null,
        "source": "osm"
      }
    },
    {
      "type": "Feature",
      "geometry": {
        "type": "Point",
        "coordinates": [
          -0.9593822,
          51.4562878
        ]
      },
      "properties": {
        "id": "osm-n-11078417178",
        "category": "parking",
        "name": "Parking",
        "wheelchair": null,
        "fee": null,
        "opening_hours": null,
        "source": "osm"
      }
    },
    {
      "type": "Feature",
      "geometry": {
        "type": "Point",
        "coordinates": [
          -0.9595875,
          51.4563101
        ]
      },
      "properties": {
        "id": "osm-n-11078417180",
        "category": "parking",
        "name": "Parking",
        "wheelchair": null,
        "fee": null,
        "opening_hours": null,
        "source": "osm"
      }
    },
    {
      "type": "Feature",
      "geometry": {
        "type": "Point",
        "coordinates": [
          -0.97343,
          51.4591909
        ]
      },
      "properties": {
        "id": "osm-n-11098875128",
        "category": "aed",
        "name": "Aed",
        "wheelchair": null,
        "fee": null,
        "opening_hours": null,
        "source": "osm"
      }
    },
    {
      "type": "Feature",
      "geometry": {
        "type": "Point",
        "coordinates": [
          -0.9660915,
          51.4555219
        ]
      },
      "properties": {
        "id": "osm-n-11125979705",
        "category": "info",
        "name": "You\u2019ve Found the Abbey Mill (Explore the Abbey Quarter walk)",
        "wheelchair": null,
        "fee": null,
        "opening_hours": null,
        "source": "osm"
      }
    },
    {
      "type": "Feature",
      "geometry": {
        "type": "Point",
        "coordinates": [
          -0.9680411,
          51.4549751
        ]
      },
      "properties": {
        "id": "osm-n-11125995705",
        "category": "info",
        "name": "You\u2019ve Found the Abbey Stables (Explore the Abbey Quarter walk)",
        "wheelchair": null,
        "fee": null,
        "opening_hours": null,
        "source": "osm"
      }
    },
    {
      "type": "Feature",
      "geometry": {
        "type": "Point",
        "coordinates": [
          -0.9660962,
          51.4557907
        ]
      },
      "properties": {
        "id": "osm-n-11126032605",
        "category": "info",
        "name": "You\u2019ve Found the Abbey Ruins (Explore the Abbey Quarter walk",
        "wheelchair": null,
        "fee": null,
        "opening_hours": null,
        "source": "osm"
      }
    },
    {
      "type": "Feature",
      "geometry": {
        "type": "Point",
        "coordinates": [
          -0.9650907,
          51.4556188
        ]
      },
      "properties": {
        "id": "osm-n-11126039205",
        "category": "info",
        "name": "You\u2019ve Found the Abbey Wharf (Explore the Abbey Quarter walk)",
        "wheelchair": null,
        "fee": null,
        "opening_hours": null,
        "source": "osm"
      }
    },
    {
      "type": "Feature",
      "geometry": {
        "type": "Point",
        "coordinates": [
          -0.9652705,
          51.4556726
        ]
      },
      "properties": {
        "id": "osm-n-11126040205",
        "category": "info",
        "name": "You\u2019ve Found the Abbey Refectory (Explore the Abbey Quarter walk)",
        "wheelchair": null,
        "fee": null,
        "opening_hours": null,
        "source": "osm"
      }
    },
    {
      "type": "Feature",
      "geometry": {
        "type": "Point",
        "coordinates": [
          -0.9644422,
          51.4616769
        ]
      },
      "properties": {
        "id": "osm-n-11127705406",
        "category": "info",
        "name": "Trees and Plants information",
        "wheelchair": null,
        "fee": null,
        "opening_hours": null,
        "source": "osm"
      }
    },
    {
      "type": "Feature",
      "geometry": {
        "type": "Point",
        "coordinates": [
          -0.9644269,
          51.4616448
        ]
      },
      "properties": {
        "id": "osm-n-11127705407",
        "category": "info",
        "name": "Turbine House information",
        "wheelchair": null,
        "fee": null,
        "opening_hours": null,
        "source": "osm"
      }
    },
    {
      "type": "Feature",
      "geometry": {
        "type": "Point",
        "coordinates": [
          -0.9636198,
          51.4621797
        ]
      },
      "properties": {
        "id": "osm-n-11127706505",
        "category": "info",
        "name": "Fish Pass information",
        "wheelchair": null,
        "fee": null,
        "opening_hours": null,
        "source": "osm"
      }
    },
    {
      "type": "Feature",
      "geometry": {
        "type": "Point",
        "coordinates": [
          -0.9643722,
          51.4615088
        ]
      },
      "properties": {
        "id": "osm-n-11128041405",
        "category": "info",
        "name": "Wildlife on View Island",
        "wheelchair": null,
        "fee": null,
        "opening_hours": null,
        "source": "osm"
      }
    },
    {
      "type": "Feature",
      "geometry": {
        "type": "Point",
        "coordinates": [
          -0.9643484,
          51.4614783
        ]
      },
      "properties": {
        "id": "osm-n-11128041406",
        "category": "info",
        "name": "Hydroelectric Generation",
        "wheelchair": null,
        "fee": null,
        "opening_hours": null,
        "source": "osm"
      }
    },
    {
      "type": "Feature",
      "geometry": {
        "type": "Point",
        "coordinates": [
          -0.9694881,
          51.4557548
        ]
      },
      "properties": {
        "id": "osm-n-11128620305",
        "category": "info",
        "name": "Ready by Abbey\u2019s Market Place (Explore the Abbey Quarter)",
        "wheelchair": null,
        "fee": null,
        "opening_hours": null,
        "source": "osm"
      }
    },
    {
      "type": "Feature",
      "geometry": {
        "type": "Point",
        "coordinates": [
          -0.9739079,
          51.4502903
        ]
      },
      "properties": {
        "id": "osm-n-11228877939",
        "category": "parking",
        "name": "Parking",
        "wheelchair": null,
        "fee": null,
        "opening_hours": null,
        "source": "osm"
      }
    },
    {
      "type": "Feature",
      "geometry": {
        "type": "Point",
        "coordinates": [
          -0.9737224,
          51.4499306
        ]
      },
      "properties": {
        "id": "osm-n-11228877940",
        "category": "parking",
        "name": "Parking",
        "wheelchair": null,
        "fee": null,
        "opening_hours": null,
        "source": "osm"
      }
    },
    {
      "type": "Feature",
      "geometry": {
        "type": "Point",
        "coordinates": [
          -0.958655,
          51.4709192
        ]
      },
      "properties": {
        "id": "osm-n-11262038390",
        "category": "shop",
        "name": "Co-op Food",
        "wheelchair": null,
        "fee": null,
        "opening_hours": "Mo-Su 06:00-22:00",
        "source": "osm"
      }
    },
    {
      "type": "Feature",
      "geometry": {
        "type": "Point",
        "coordinates": [
          -0.9894527,
          51.4484627
        ]
      },
      "properties": {
        "id": "osm-n-11308037202",
        "category": "parking",
        "name": "Parking",
        "wheelchair": null,
        "fee": null,
        "opening_hours": null,
        "source": "osm"
      }
    },
    {
      "type": "Feature",
      "geometry": {
        "type": "Point",
        "coordinates": [
          -0.9597931,
          51.4374072
        ]
      },
      "properties": {
        "id": "osm-n-11310189216",
        "category": "parking",
        "name": "Parking",
        "wheelchair": null,
        "fee": null,
        "opening_hours": null,
        "source": "osm"
      }
    },
    {
      "type": "Feature",
      "geometry": {
        "type": "Point",
        "coordinates": [
          -0.9624686,
          51.4388783
        ]
      },
      "properties": {
        "id": "osm-n-11310189217",
        "category": "parking",
        "name": "Parking",
        "wheelchair": null,
        "fee": null,
        "opening_hours": null,
        "source": "osm"
      }
    },
    {
      "type": "Feature",
      "geometry": {
        "type": "Point",
        "coordinates": [
          -0.9750522,
          51.4310878
        ]
      },
      "properties": {
        "id": "osm-n-11362299269",
        "category": "shop",
        "name": "Londis",
        "wheelchair": null,
        "fee": null,
        "opening_hours": "Mo-Sa 07:00-23:00; Su 08:00-23:00",
        "source": "osm"
      }
    },
    {
      "type": "Feature",
      "geometry": {
        "type": "Point",
        "coordinates": [
          -0.9623374,
          51.4569181
        ]
      },
      "properties": {
        "id": "osm-n-11365071416",
        "category": "shop",
        "name": "Tesco Express",
        "wheelchair": null,
        "fee": null,
        "opening_hours": null,
        "source": "osm"
      }
    },
    {
      "type": "Feature",
      "geometry": {
        "type": "Point",
        "coordinates": [
          -0.9764111,
          51.4679347
        ]
      },
      "properties": {
        "id": "osm-n-11373194059",
        "category": "parking",
        "name": "Parking",
        "wheelchair": null,
        "fee": null,
        "opening_hours": null,
        "source": "osm"
      }
    },
    {
      "type": "Feature",
      "geometry": {
        "type": "Point",
        "coordinates": [
          -0.950342,
          51.4531747
        ]
      },
      "properties": {
        "id": "osm-n-11528047583",
        "category": "parking",
        "name": "Parking",
        "wheelchair": null,
        "fee": null,
        "opening_hours": null,
        "source": "osm"
      }
    },
    {
      "type": "Feature",
      "geometry": {
        "type": "Point",
        "coordinates": [
          -0.9679405,
          51.4591979
        ]
      },
      "properties": {
        "id": "osm-n-11603058958",
        "category": "cafe",
        "name": "Honesty",
        "wheelchair": null,
        "fee": null,
        "opening_hours": null,
        "source": "osm"
      }
    },
    {
      "type": "Feature",
      "geometry": {
        "type": "Point",
        "coordinates": [
          -0.961711,
          51.4566841
        ]
      },
      "properties": {
        "id": "osm-n-11672996007",
        "category": "parking",
        "name": "Parking",
        "wheelchair": null,
        "fee": null,
        "opening_hours": null,
        "source": "osm"
      }
    },
    {
      "type": "Feature",
      "geometry": {
        "type": "Point",
        "coordinates": [
          -0.9551144,
          51.4568574
        ]
      },
      "properties": {
        "id": "osm-n-11718098848",
        "category": "parking",
        "name": "Parking",
        "wheelchair": null,
        "fee": null,
        "opening_hours": null,
        "source": "osm"
      }
    },
    {
      "type": "Feature",
      "geometry": {
        "type": "Point",
        "coordinates": [
          -0.95416,
          51.4575411
        ]
      },
      "properties": {
        "id": "osm-n-11718098868",
        "category": "parking",
        "name": "Parking",
        "wheelchair": null,
        "fee": null,
        "opening_hours": null,
        "source": "osm"
      }
    },
    {
      "type": "Feature",
      "geometry": {
        "type": "Point",
        "coordinates": [
          -0.9541014,
          51.4574592
        ]
      },
      "properties": {
        "id": "osm-n-11718130781",
        "category": "parking",
        "name": "Parking",
        "wheelchair": null,
        "fee": null,
        "opening_hours": null,
        "source": "osm"
      }
    },
    {
      "type": "Feature",
      "geometry": {
        "type": "Point",
        "coordinates": [
          -0.9534984,
          51.4576656
        ]
      },
      "properties": {
        "id": "osm-n-11718130796",
        "category": "parking",
        "name": "Parking",
        "wheelchair": null,
        "fee": null,
        "opening_hours": null,
        "source": "osm"
      }
    },
    {
      "type": "Feature",
      "geometry": {
        "type": "Point",
        "coordinates": [
          -0.9552862,
          51.4574638
        ]
      },
      "properties": {
        "id": "osm-n-11718130797",
        "category": "parking",
        "name": "Parking",
        "wheelchair": null,
        "fee": null,
        "opening_hours": null,
        "source": "osm"
      }
    },
    {
      "type": "Feature",
      "geometry": {
        "type": "Point",
        "coordinates": [
          -0.9552642,
          51.4575533
        ]
      },
      "properties": {
        "id": "osm-n-11718130798",
        "category": "parking",
        "name": "Parking",
        "wheelchair": null,
        "fee": null,
        "opening_hours": null,
        "source": "osm"
      }
    },
    {
      "type": "Feature",
      "geometry": {
        "type": "Point",
        "coordinates": [
          -0.9558963,
          51.4574067
        ]
      },
      "properties": {
        "id": "osm-n-11718130811",
        "category": "parking",
        "name": "Parking",
        "wheelchair": null,
        "fee": null,
        "opening_hours": null,
        "source": "osm"
      }
    },
    {
      "type": "Feature",
      "geometry": {
        "type": "Point",
        "coordinates": [
          -0.9563757,
          51.4573708
        ]
      },
      "properties": {
        "id": "osm-n-11718130812",
        "category": "parking",
        "name": "Parking",
        "wheelchair": null,
        "fee": null,
        "opening_hours": null,
        "source": "osm"
      }
    },
    {
      "type": "Feature",
      "geometry": {
        "type": "Point",
        "coordinates": [
          -0.9570073,
          51.4575279
        ]
      },
      "properties": {
        "id": "osm-n-11718130820",
        "category": "parking",
        "name": "Parking",
        "wheelchair": null,
        "fee": null,
        "opening_hours": null,
        "source": "osm"
      }
    },
    {
      "type": "Feature",
      "geometry": {
        "type": "Point",
        "coordinates": [
          -0.9583209,
          51.4571441
        ]
      },
      "properties": {
        "id": "osm-n-11718130821",
        "category": "parking",
        "name": "Parking",
        "wheelchair": null,
        "fee": null,
        "opening_hours": null,
        "source": "osm"
      }
    },
    {
      "type": "Feature",
      "geometry": {
        "type": "Point",
        "coordinates": [
          -0.9351632,
          51.4683696
        ]
      },
      "properties": {
        "id": "osm-n-11718437080",
        "category": "parking",
        "name": "Parking",
        "wheelchair": null,
        "fee": null,
        "opening_hours": null,
        "source": "osm"
      }
    },
    {
      "type": "Feature",
      "geometry": {
        "type": "Point",
        "coordinates": [
          -0.9506399,
          51.4611302
        ]
      },
      "properties": {
        "id": "osm-n-11718437093",
        "category": "parking",
        "name": "Parking",
        "wheelchair": null,
        "fee": null,
        "opening_hours": null,
        "source": "osm"
      }
    },
    {
      "type": "Feature",
      "geometry": {
        "type": "Point",
        "coordinates": [
          -0.9723986,
          51.4590999
        ]
      },
      "properties": {
        "id": "osm-n-11735191278",
        "category": "cafe",
        "name": "Caf\u00e9 local",
        "wheelchair": null,
        "fee": null,
        "opening_hours": null,
        "source": "osm"
      }
    },
    {
      "type": "Feature",
      "geometry": {
        "type": "Point",
        "coordinates": [
          -0.9748611,
          51.4555966
        ]
      },
      "properties": {
        "id": "osm-n-11756415550",
        "category": "cafe",
        "name": "Paul",
        "wheelchair": null,
        "fee": null,
        "opening_hours": null,
        "source": "osm"
      }
    },
    {
      "type": "Feature",
      "geometry": {
        "type": "Point",
        "coordinates": [
          -0.9661612,
          51.4624735
        ]
      },
      "properties": {
        "id": "osm-n-11756488709",
        "category": "toilet",
        "name": "Toilet",
        "wheelchair": null,
        "fee": null,
        "opening_hours": null,
        "source": "osm"
      }
    },
    {
      "type": "Feature",
      "geometry": {
        "type": "Point",
        "coordinates": [
          -0.9463092,
          51.4409029
        ]
      },
      "properties": {
        "id": "osm-n-11802322608",
        "category": "aed",
        "name": "Aed",
        "wheelchair": null,
        "fee": null,
        "opening_hours": null,
        "source": "osm"
      }
    },
    {
      "type": "Feature",
      "geometry": {
        "type": "Point",
        "coordinates": [
          -0.9465735,
          51.4420842
        ]
      },
      "properties": {
        "id": "osm-n-11802322610",
        "category": "aed",
        "name": "Aed",
        "wheelchair": null,
        "fee": null,
        "opening_hours": null,
        "source": "osm"
      }
    },
    {
      "type": "Feature",
      "geometry": {
        "type": "Point",
        "coordinates": [
          -0.9769927,
          51.4649183
        ]
      },
      "properties": {
        "id": "osm-n-11830368747",
        "category": "parking",
        "name": "Parking",
        "wheelchair": null,
        "fee": null,
        "opening_hours": null,
        "source": "osm"
      }
    },
    {
      "type": "Feature",
      "geometry": {
        "type": "Point",
        "coordinates": [
          -0.9758862,
          51.4644003
        ]
      },
      "properties": {
        "id": "osm-n-11830368752",
        "category": "parking",
        "name": "Parking",
        "wheelchair": null,
        "fee": null,
        "opening_hours": null,
        "source": "osm"
      }
    },
    {
      "type": "Feature",
      "geometry": {
        "type": "Point",
        "coordinates": [
          -0.9707275,
          51.4611515
        ]
      },
      "properties": {
        "id": "osm-n-11851427236",
        "category": "parking",
        "name": "Parking",
        "wheelchair": null,
        "fee": null,
        "opening_hours": null,
        "source": "osm"
      }
    },
    {
      "type": "Feature",
      "geometry": {
        "type": "Point",
        "coordinates": [
          -0.9705458,
          51.461326
        ]
      },
      "properties": {
        "id": "osm-n-11851427237",
        "category": "parking",
        "name": "Parking",
        "wheelchair": null,
        "fee": null,
        "opening_hours": null,
        "source": "osm"
      }
    },
    {
      "type": "Feature",
      "geometry": {
        "type": "Point",
        "coordinates": [
          -0.9689163,
          51.4545511
        ]
      },
      "properties": {
        "id": "osm-n-11851428965",
        "category": "cafe",
        "name": "Madoo",
        "wheelchair": null,
        "fee": null,
        "opening_hours": null,
        "source": "osm"
      }
    },
    {
      "type": "Feature",
      "geometry": {
        "type": "Point",
        "coordinates": [
          -0.9767584,
          51.4567135
        ]
      },
      "properties": {
        "id": "osm-n-11876077505",
        "category": "cafe",
        "name": "The Atrium",
        "wheelchair": "designated",
        "fee": null,
        "opening_hours": "Tu-Fr 09:00-17:00; Mo 10:00-17:00; Sa 09:00-16:00; Su 09:00-12:00; Su 17:30-20:30",
        "source": "osm"
      }
    },
    {
      "type": "Feature",
      "geometry": {
        "type": "Point",
        "coordinates": [
          -0.9721284,
          51.4594932
        ]
      },
      "properties": {
        "id": "osm-n-11917381863",
        "category": "toilet",
        "name": "Toilet",
        "wheelchair": null,
        "fee": "no",
        "opening_hours": null,
        "source": "osm"
      }
    },
    {
      "type": "Feature",
      "geometry": {
        "type": "Point",
        "coordinates": [
          -0.9799698,
          51.4613181
        ]
      },
      "properties": {
        "id": "osm-n-11957997963",
        "category": "parking",
        "name": "Parking",
        "wheelchair": null,
        "fee": null,
        "opening_hours": null,
        "source": "osm"
      }
    },
    {
      "type": "Feature",
      "geometry": {
        "type": "Point",
        "coordinates": [
          -0.9803228,
          51.4616343
        ]
      },
      "properties": {
        "id": "osm-n-11957997964",
        "category": "parking",
        "name": "Parking",
        "wheelchair": null,
        "fee": null,
        "opening_hours": null,
        "source": "osm"
      }
    },
    {
      "type": "Feature",
      "geometry": {
        "type": "Point",
        "coordinates": [
          -0.9745275,
          51.4551509
        ]
      },
      "properties": {
        "id": "osm-n-11963438197",
        "category": "parking",
        "name": "Parking",
        "wheelchair": null,
        "fee": null,
        "opening_hours": null,
        "source": "osm"
      }
    },
    {
      "type": "Feature",
      "geometry": {
        "type": "Point",
        "coordinates": [
          -0.9738268,
          51.4550948
        ]
      },
      "properties": {
        "id": "osm-n-11963438207",
        "category": "parking",
        "name": "Parking",
        "wheelchair": null,
        "fee": null,
        "opening_hours": null,
        "source": "osm"
      }
    },
    {
      "type": "Feature",
      "geometry": {
        "type": "Point",
        "coordinates": [
          -0.9768179,
          51.4602255
        ]
      },
      "properties": {
        "id": "osm-n-11972543212",
        "category": "parking",
        "name": "Parking",
        "wheelchair": null,
        "fee": null,
        "opening_hours": null,
        "source": "osm"
      }
    },
    {
      "type": "Feature",
      "geometry": {
        "type": "Point",
        "coordinates": [
          -0.9780359,
          51.4591015
        ]
      },
      "properties": {
        "id": "osm-n-11975752928",
        "category": "parking",
        "name": "DVLA Vehicle Pound",
        "wheelchair": null,
        "fee": null,
        "opening_hours": null,
        "source": "osm"
      }
    },
    {
      "type": "Feature",
      "geometry": {
        "type": "Point",
        "coordinates": [
          -0.9496361,
          51.4453886
        ]
      },
      "properties": {
        "id": "osm-n-12061735341",
        "category": "parking",
        "name": "Parking",
        "wheelchair": null,
        "fee": null,
        "opening_hours": null,
        "source": "osm"
      }
    },
    {
      "type": "Feature",
      "geometry": {
        "type": "Point",
        "coordinates": [
          -0.976403,
          51.4633266
        ]
      },
      "properties": {
        "id": "osm-n-12078912945",
        "category": "shop",
        "name": "Nisa Local",
        "wheelchair": null,
        "fee": null,
        "opening_hours": null,
        "source": "osm"
      }
    },
    {
      "type": "Feature",
      "geometry": {
        "type": "Point",
        "coordinates": [
          -0.9582195,
          51.4514953
        ]
      },
      "properties": {
        "id": "osm-n-12079728637",
        "category": "aed",
        "name": "Aed",
        "wheelchair": null,
        "fee": null,
        "opening_hours": "24/7",
        "source": "osm"
      }
    },
    {
      "type": "Feature",
      "geometry": {
        "type": "Point",
        "coordinates": [
          -0.9555221,
          51.4428685
        ]
      },
      "properties": {
        "id": "osm-n-12101032332",
        "category": "parking",
        "name": "Parking",
        "wheelchair": null,
        "fee": null,
        "opening_hours": null,
        "source": "osm"
      }
    },
    {
      "type": "Feature",
      "geometry": {
        "type": "Point",
        "coordinates": [
          -1.014723,
          51.4662149
        ]
      },
      "properties": {
        "id": "osm-n-12104078698",
        "category": "aed",
        "name": "Aed",
        "wheelchair": null,
        "fee": null,
        "opening_hours": null,
        "source": "osm"
      }
    },
    {
      "type": "Feature",
      "geometry": {
        "type": "Point",
        "coordinates": [
          -0.9904855,
          51.4551199
        ]
      },
      "properties": {
        "id": "osm-n-12106056761",
        "category": "aed",
        "name": "Aed",
        "wheelchair": null,
        "fee": null,
        "opening_hours": null,
        "source": "osm"
      }
    },
    {
      "type": "Feature",
      "geometry": {
        "type": "Point",
        "coordinates": [
          -0.9941345,
          51.441537
        ]
      },
      "properties": {
        "id": "osm-n-12127052885",
        "category": "parking",
        "name": "Parking",
        "wheelchair": null,
        "fee": null,
        "opening_hours": null,
        "source": "osm"
      }
    },
    {
      "type": "Feature",
      "geometry": {
        "type": "Point",
        "coordinates": [
          -0.9922469,
          51.4421799
        ]
      },
      "properties": {
        "id": "osm-n-12127052886",
        "category": "parking",
        "name": "Parking",
        "wheelchair": null,
        "fee": null,
        "opening_hours": null,
        "source": "osm"
      }
    },
    {
      "type": "Feature",
      "geometry": {
        "type": "Point",
        "coordinates": [
          -0.9933061,
          51.4416106
        ]
      },
      "properties": {
        "id": "osm-n-12127055518",
        "category": "parking",
        "name": "Parking",
        "wheelchair": null,
        "fee": null,
        "opening_hours": null,
        "source": "osm"
      }
    },
    {
      "type": "Feature",
      "geometry": {
        "type": "Point",
        "coordinates": [
          -0.9601652,
          51.4517391
        ]
      },
      "properties": {
        "id": "osm-n-12138785275",
        "category": "parking",
        "name": "Parking",
        "wheelchair": null,
        "fee": null,
        "opening_hours": null,
        "source": "osm"
      }
    },
    {
      "type": "Feature",
      "geometry": {
        "type": "Point",
        "coordinates": [
          -0.958182,
          51.451278
        ]
      },
      "properties": {
        "id": "osm-n-12138785278",
        "category": "parking",
        "name": "Parking",
        "wheelchair": null,
        "fee": null,
        "opening_hours": null,
        "source": "osm"
      }
    },
    {
      "type": "Feature",
      "geometry": {
        "type": "Point",
        "coordinates": [
          -0.9696618,
          51.4549162
        ]
      },
      "properties": {
        "id": "osm-n-12146853157",
        "category": "cafe",
        "name": "Fluffy Fluffy",
        "wheelchair": null,
        "fee": null,
        "opening_hours": null,
        "source": "osm"
      }
    },
    {
      "type": "Feature",
      "geometry": {
        "type": "Point",
        "coordinates": [
          -0.9696418,
          51.4542863
        ]
      },
      "properties": {
        "id": "osm-n-12146853158",
        "category": "cafe",
        "name": "The Churros Kitchen",
        "wheelchair": null,
        "fee": null,
        "opening_hours": null,
        "source": "osm"
      }
    },
    {
      "type": "Feature",
      "geometry": {
        "type": "Point",
        "coordinates": [
          -0.9695771,
          51.4546958
        ]
      },
      "properties": {
        "id": "osm-n-12146853161",
        "category": "cafe",
        "name": "Ding Tea",
        "wheelchair": null,
        "fee": null,
        "opening_hours": null,
        "source": "osm"
      }
    },
    {
      "type": "Feature",
      "geometry": {
        "type": "Point",
        "coordinates": [
          -0.9763115,
          51.4600736
        ]
      },
      "properties": {
        "id": "osm-n-12336883235",
        "category": "aed",
        "name": "Aed",
        "wheelchair": null,
        "fee": null,
        "opening_hours": null,
        "source": "osm"
      }
    },
    {
      "type": "Feature",
      "geometry": {
        "type": "Point",
        "coordinates": [
          -0.9599208,
          51.4886862
        ]
      },
      "properties": {
        "id": "osm-n-12453211401",
        "category": "aed",
        "name": "Aed",
        "wheelchair": null,
        "fee": null,
        "opening_hours": null,
        "source": "osm"
      }
    },
    {
      "type": "Feature",
      "geometry": {
        "type": "Point",
        "coordinates": [
          -0.9865597,
          51.4685954
        ]
      },
      "properties": {
        "id": "osm-n-12453212001",
        "category": "aed",
        "name": "Aed",
        "wheelchair": null,
        "fee": null,
        "opening_hours": null,
        "source": "osm"
      }
    },
    {
      "type": "Feature",
      "geometry": {
        "type": "Point",
        "coordinates": [
          -0.9780231,
          51.4424754
        ]
      },
      "properties": {
        "id": "osm-n-12487250921",
        "category": "parking",
        "name": "Parking",
        "wheelchair": null,
        "fee": null,
        "opening_hours": null,
        "source": "osm"
      }
    },
    {
      "type": "Feature",
      "geometry": {
        "type": "Point",
        "coordinates": [
          -0.9668554,
          51.4566166
        ]
      },
      "properties": {
        "id": "osm-n-12488427449",
        "category": "aed",
        "name": "Aed",
        "wheelchair": null,
        "fee": null,
        "opening_hours": null,
        "source": "osm"
      }
    },
    {
      "type": "Feature",
      "geometry": {
        "type": "Point",
        "coordinates": [
          -1.0206177,
          51.4444709
        ]
      },
      "properties": {
        "id": "osm-n-12492314042",
        "category": "charging",
        "name": "evyve",
        "wheelchair": null,
        "fee": "yes",
        "opening_hours": "24/7",
        "source": "osm"
      }
    },
    {
      "type": "Feature",
      "geometry": {
        "type": "Point",
        "coordinates": [
          -0.9699495,
          51.4520211
        ]
      },
      "properties": {
        "id": "osm-n-12514442489",
        "category": "parking",
        "name": "Parking",
        "wheelchair": null,
        "fee": null,
        "opening_hours": null,
        "source": "osm"
      }
    },
    {
      "type": "Feature",
      "geometry": {
        "type": "Point",
        "coordinates": [
          -0.9321263,
          51.4615118
        ]
      },
      "properties": {
        "id": "osm-n-12541238363",
        "category": "charging",
        "name": "PodPoint",
        "wheelchair": null,
        "fee": null,
        "opening_hours": null,
        "source": "osm"
      }
    },
    {
      "type": "Feature",
      "geometry": {
        "type": "Point",
        "coordinates": [
          -1.0195872,
          51.4474262
        ]
      },
      "properties": {
        "id": "osm-n-12549640206",
        "category": "parking",
        "name": "Parking",
        "wheelchair": null,
        "fee": null,
        "opening_hours": null,
        "source": "osm"
      }
    },
    {
      "type": "Feature",
      "geometry": {
        "type": "Point",
        "coordinates": [
          -1.0203546,
          51.4476116
        ]
      },
      "properties": {
        "id": "osm-n-12549640209",
        "category": "parking",
        "name": "Parking",
        "wheelchair": null,
        "fee": null,
        "opening_hours": null,
        "source": "osm"
      }
    },
    {
      "type": "Feature",
      "geometry": {
        "type": "Point",
        "coordinates": [
          -0.9587682,
          51.4593126
        ]
      },
      "properties": {
        "id": "osm-n-12549770942",
        "category": "info",
        "name": "Info",
        "wheelchair": null,
        "fee": null,
        "opening_hours": null,
        "source": "osm"
      }
    },
    {
      "type": "Feature",
      "geometry": {
        "type": "Point",
        "coordinates": [
          -0.9751236,
          51.4553227
        ]
      },
      "properties": {
        "id": "osm-n-12743380887",
        "category": "info",
        "name": "Info",
        "wheelchair": null,
        "fee": null,
        "opening_hours": null,
        "source": "osm"
      }
    },
    {
      "type": "Feature",
      "geometry": {
        "type": "Point",
        "coordinates": [
          -0.9822339,
          51.4528498
        ]
      },
      "properties": {
        "id": "osm-n-12744988133",
        "category": "parking",
        "name": "Parking",
        "wheelchair": null,
        "fee": null,
        "opening_hours": null,
        "source": "osm"
      }
    },
    {
      "type": "Feature",
      "geometry": {
        "type": "Point",
        "coordinates": [
          -0.9945104,
          51.45941
        ]
      },
      "properties": {
        "id": "osm-n-12778228496",
        "category": "parking",
        "name": "Parking",
        "wheelchair": null,
        "fee": null,
        "opening_hours": null,
        "source": "osm"
      }
    },
    {
      "type": "Feature",
      "geometry": {
        "type": "Point",
        "coordinates": [
          -0.9949037,
          51.4600643
        ]
      },
      "properties": {
        "id": "osm-n-12778228497",
        "category": "parking",
        "name": "Parking",
        "wheelchair": null,
        "fee": null,
        "opening_hours": null,
        "source": "osm"
      }
    },
    {
      "type": "Feature",
      "geometry": {
        "type": "Point",
        "coordinates": [
          -1.019985,
          51.4663779
        ]
      },
      "properties": {
        "id": "osm-n-12788623093",
        "category": "charging",
        "name": "Shell Recharge Solutions",
        "wheelchair": null,
        "fee": "yes",
        "opening_hours": null,
        "source": "osm"
      }
    },
    {
      "type": "Feature",
      "geometry": {
        "type": "Point",
        "coordinates": [
          -1.0002515,
          51.4514648
        ]
      },
      "properties": {
        "id": "osm-n-12790173409",
        "category": "parking",
        "name": "Parking",
        "wheelchair": null,
        "fee": null,
        "opening_hours": null,
        "source": "osm"
      }
    },
    {
      "type": "Feature",
      "geometry": {
        "type": "Point",
        "coordinates": [
          -0.9426323,
          51.4598402
        ]
      },
      "properties": {
        "id": "osm-n-12806048069",
        "category": "cafe",
        "name": "Driftwood Caf\u00e9",
        "wheelchair": null,
        "fee": null,
        "opening_hours": null,
        "source": "osm"
      }
    },
    {
      "type": "Feature",
      "geometry": {
        "type": "Point",
        "coordinates": [
          -1.0137658,
          51.4565809
        ]
      },
      "properties": {
        "id": "osm-n-12806800907",
        "category": "parking",
        "name": "Parking",
        "wheelchair": null,
        "fee": null,
        "opening_hours": null,
        "source": "osm"
      }
    },
    {
      "type": "Feature",
      "geometry": {
        "type": "Point",
        "coordinates": [
          -0.9705539,
          51.4425754
        ]
      },
      "properties": {
        "id": "osm-n-12819090084",
        "category": "cafe",
        "name": "Wolseley Street Bakery",
        "wheelchair": null,
        "fee": null,
        "opening_hours": "Mo-Fr 08:00-15:00; Sa 09:30-16:00; Su off",
        "source": "osm"
      }
    },
    {
      "type": "Feature",
      "geometry": {
        "type": "Point",
        "coordinates": [
          -0.9659491,
          51.45832
        ]
      },
      "properties": {
        "id": "osm-n-12902698744",
        "category": "charging",
        "name": "SSE",
        "wheelchair": null,
        "fee": null,
        "opening_hours": null,
        "source": "osm"
      }
    },
    {
      "type": "Feature",
      "geometry": {
        "type": "Point",
        "coordinates": [
          -0.9596685,
          51.4572676
        ]
      },
      "properties": {
        "id": "osm-n-12956403469",
        "category": "aed",
        "name": "Aed",
        "wheelchair": null,
        "fee": null,
        "opening_hours": null,
        "source": "osm"
      }
    },
    {
      "type": "Feature",
      "geometry": {
        "type": "Point",
        "coordinates": [
          -0.9987781,
          51.4591107
        ]
      },
      "properties": {
        "id": "osm-n-12961338316",
        "category": "charging",
        "name": "Pod Point",
        "wheelchair": null,
        "fee": null,
        "opening_hours": null,
        "source": "osm"
      }
    },
    {
      "type": "Feature",
      "geometry": {
        "type": "Point",
        "coordinates": [
          -0.9668739,
          51.4506003
        ]
      },
      "properties": {
        "id": "osm-n-12964488218",
        "category": "cafe",
        "name": "O'Anna's",
        "wheelchair": null,
        "fee": null,
        "opening_hours": null,
        "source": "osm"
      }
    },
    {
      "type": "Feature",
      "geometry": {
        "type": "Point",
        "coordinates": [
          -1.0227377,
          51.4679024
        ]
      },
      "properties": {
        "id": "osm-n-12997225818",
        "category": "parking",
        "name": "Parking",
        "wheelchair": null,
        "fee": null,
        "opening_hours": null,
        "source": "osm"
      }
    },
    {
      "type": "Feature",
      "geometry": {
        "type": "Point",
        "coordinates": [
          -1.0142952,
          51.466232
        ]
      },
      "properties": {
        "id": "osm-n-12997225826",
        "category": "parking",
        "name": "Parking",
        "wheelchair": null,
        "fee": null,
        "opening_hours": null,
        "source": "osm"
      }
    },
    {
      "type": "Feature",
      "geometry": {
        "type": "Point",
        "coordinates": [
          -1.0195802,
          51.4659889
        ]
      },
      "properties": {
        "id": "osm-n-12997242233",
        "category": "aed",
        "name": "DuraFib",
        "wheelchair": null,
        "fee": null,
        "opening_hours": null,
        "source": "osm"
      }
    },
    {
      "type": "Feature",
      "geometry": {
        "type": "Point",
        "coordinates": [
          -0.9297535,
          51.4641805
        ]
      },
      "properties": {
        "id": "osm-n-13002725870",
        "category": "info",
        "name": "Ponds",
        "wheelchair": null,
        "fee": null,
        "opening_hours": null,
        "source": "osm"
      }
    },
    {
      "type": "Feature",
      "geometry": {
        "type": "Point",
        "coordinates": [
          -0.9823948,
          51.45156
        ]
      },
      "properties": {
        "id": "osm-n-13005919318",
        "category": "parking",
        "name": "Parking",
        "wheelchair": null,
        "fee": null,
        "opening_hours": null,
        "source": "osm"
      }
    },
    {
      "type": "Feature",
      "geometry": {
        "type": "Point",
        "coordinates": [
          -0.980464,
          51.4561114
        ]
      },
      "properties": {
        "id": "osm-n-13026833380",
        "category": "charging",
        "name": "Blink",
        "wheelchair": null,
        "fee": "yes",
        "opening_hours": null,
        "source": "osm"
      }
    },
    {
      "type": "Feature",
      "geometry": {
        "type": "Point",
        "coordinates": [
          -0.9719764,
          51.4534954
        ]
      },
      "properties": {
        "id": "osm-n-13026833381",
        "category": "charging",
        "name": "Pod Point",
        "wheelchair": null,
        "fee": "yes",
        "opening_hours": null,
        "source": "osm"
      }
    },
    {
      "type": "Feature",
      "geometry": {
        "type": "Point",
        "coordinates": [
          -0.9699242,
          51.4528927
        ]
      },
      "properties": {
        "id": "osm-n-13026833382",
        "category": "charging",
        "name": "Pod Point",
        "wheelchair": null,
        "fee": "yes",
        "opening_hours": null,
        "source": "osm"
      }
    },
    {
      "type": "Feature",
      "geometry": {
        "type": "Point",
        "coordinates": [
          -1.0212564,
          51.4474387
        ]
      },
      "properties": {
        "id": "osm-n-13031214641",
        "category": "charging",
        "name": "Berkshire Music Trust",
        "wheelchair": null,
        "fee": "yes",
        "opening_hours": null,
        "source": "osm"
      }
    },
    {
      "type": "Feature",
      "geometry": {
        "type": "Point",
        "coordinates": [
          -0.953377,
          51.4710815
        ]
      },
      "properties": {
        "id": "osm-n-13031219451",
        "category": "charging",
        "name": "Motor Fuel Group",
        "wheelchair": null,
        "fee": "yes",
        "opening_hours": null,
        "source": "osm"
      }
    },
    {
      "type": "Feature",
      "geometry": {
        "type": "Point",
        "coordinates": [
          -0.9759222,
          51.4592082
        ]
      },
      "properties": {
        "id": "osm-n-13031234990",
        "category": "charging",
        "name": "Abrdn Property Holdings",
        "wheelchair": null,
        "fee": "yes",
        "opening_hours": null,
        "source": "osm"
      }
    },
    {
      "type": "Feature",
      "geometry": {
        "type": "Point",
        "coordinates": [
          -0.9762603,
          51.4419309
        ]
      },
      "properties": {
        "id": "osm-n-13031252509",
        "category": "charging",
        "name": "EVBox",
        "wheelchair": null,
        "fee": "yes",
        "opening_hours": null,
        "source": "osm"
      }
    },
    {
      "type": "Feature",
      "geometry": {
        "type": "Point",
        "coordinates": [
          -0.9304013,
          51.4673073
        ]
      },
      "properties": {
        "id": "osm-n-13031522535",
        "category": "info",
        "name": "Info",
        "wheelchair": null,
        "fee": null,
        "opening_hours": null,
        "source": "osm"
      }
    },
    {
      "type": "Feature",
      "geometry": {
        "type": "Point",
        "coordinates": [
          -0.9256157,
          51.4658168
        ]
      },
      "properties": {
        "id": "osm-n-13031523164",
        "category": "info",
        "name": "Reedbeds",
        "wheelchair": null,
        "fee": null,
        "opening_hours": null,
        "source": "osm"
      }
    },
    {
      "type": "Feature",
      "geometry": {
        "type": "Point",
        "coordinates": [
          -0.9336289,
          51.4648865
        ]
      },
      "properties": {
        "id": "osm-n-13031544685",
        "category": "info",
        "name": "Wildflower Meadow",
        "wheelchair": null,
        "fee": null,
        "opening_hours": null,
        "source": "osm"
      }
    },
    {
      "type": "Feature",
      "geometry": {
        "type": "Point",
        "coordinates": [
          -0.9745633,
          51.4444842
        ]
      },
      "properties": {
        "id": "osm-n-13037305892",
        "category": "parking",
        "name": "Parking",
        "wheelchair": null,
        "fee": null,
        "opening_hours": null,
        "source": "osm"
      }
    },
    {
      "type": "Feature",
      "geometry": {
        "type": "Point",
        "coordinates": [
          -0.9708711,
          51.4335216
        ]
      },
      "properties": {
        "id": "osm-n-13042810681",
        "category": "parking",
        "name": "Parking",
        "wheelchair": null,
        "fee": null,
        "opening_hours": null,
        "source": "osm"
      }
    },
    {
      "type": "Feature",
      "geometry": {
        "type": "Point",
        "coordinates": [
          -0.9702733,
          51.4332327
        ]
      },
      "properties": {
        "id": "osm-n-13042810689",
        "category": "charging",
        "name": "Pod Point",
        "wheelchair": null,
        "fee": null,
        "opening_hours": null,
        "source": "osm"
      }
    },
    {
      "type": "Feature",
      "geometry": {
        "type": "Point",
        "coordinates": [
          -1.0344547,
          51.4531508
        ]
      },
      "properties": {
        "id": "osm-n-13043075200",
        "category": "parking",
        "name": "Parking",
        "wheelchair": null,
        "fee": null,
        "opening_hours": null,
        "source": "osm"
      }
    },
    {
      "type": "Feature",
      "geometry": {
        "type": "Point",
        "coordinates": [
          -0.9753718,
          51.4453499
        ]
      },
      "properties": {
        "id": "osm-n-13043135131",
        "category": "parking",
        "name": "Parking",
        "wheelchair": null,
        "fee": null,
        "opening_hours": null,
        "source": "osm"
      }
    },
    {
      "type": "Feature",
      "geometry": {
        "type": "Point",
        "coordinates": [
          -0.9755929,
          51.4448642
        ]
      },
      "properties": {
        "id": "osm-n-13043135134",
        "category": "parking",
        "name": "Parking",
        "wheelchair": null,
        "fee": null,
        "opening_hours": null,
        "source": "osm"
      }
    },
    {
      "type": "Feature",
      "geometry": {
        "type": "Point",
        "coordinates": [
          -0.9717627,
          51.4355539
        ]
      },
      "properties": {
        "id": "osm-n-13043135147",
        "category": "cafe",
        "name": "Starbucks",
        "wheelchair": null,
        "fee": null,
        "opening_hours": null,
        "source": "osm"
      }
    },
    {
      "type": "Feature",
      "geometry": {
        "type": "Point",
        "coordinates": [
          -0.9705586,
          51.4328849
        ]
      },
      "properties": {
        "id": "osm-n-13043135180",
        "category": "parking",
        "name": "Parking",
        "wheelchair": null,
        "fee": null,
        "opening_hours": null,
        "source": "osm"
      }
    },
    {
      "type": "Feature",
      "geometry": {
        "type": "Point",
        "coordinates": [
          -0.9715796,
          51.4325796
        ]
      },
      "properties": {
        "id": "osm-n-13043166109",
        "category": "parking",
        "name": "Parking",
        "wheelchair": null,
        "fee": null,
        "opening_hours": null,
        "source": "osm"
      }
    },
    {
      "type": "Feature",
      "geometry": {
        "type": "Point",
        "coordinates": [
          -0.9723858,
          51.4360659
        ]
      },
      "properties": {
        "id": "osm-n-13043166171",
        "category": "parking",
        "name": "Parking",
        "wheelchair": null,
        "fee": "no",
        "opening_hours": null,
        "source": "osm"
      }
    },
    {
      "type": "Feature",
      "geometry": {
        "type": "Point",
        "coordinates": [
          -0.9975809,
          51.4609455
        ]
      },
      "properties": {
        "id": "osm-n-13066021855",
        "category": "aed",
        "name": "Aed",
        "wheelchair": null,
        "fee": null,
        "opening_hours": null,
        "source": "osm"
      }
    },
    {
      "type": "Feature",
      "geometry": {
        "type": "Point",
        "coordinates": [
          -0.9985573,
          51.461652
        ]
      },
      "properties": {
        "id": "osm-n-13066021862",
        "category": "parking",
        "name": "Parking",
        "wheelchair": null,
        "fee": null,
        "opening_hours": null,
        "source": "osm"
      }
    },
    {
      "type": "Feature",
      "geometry": {
        "type": "Point",
        "coordinates": [
          -0.99953,
          51.4620829
        ]
      },
      "properties": {
        "id": "osm-n-13066021863",
        "category": "parking",
        "name": "Parking",
        "wheelchair": null,
        "fee": null,
        "opening_hours": null,
        "source": "osm"
      }
    },
    {
      "type": "Feature",
      "geometry": {
        "type": "Point",
        "coordinates": [
          -0.9723359,
          51.4573309
        ]
      },
      "properties": {
        "id": "osm-n-13140064052",
        "category": "shop",
        "name": "Sainsbury's Local",
        "wheelchair": null,
        "fee": null,
        "opening_hours": null,
        "source": "osm"
      }
    },
    {
      "type": "Feature",
      "geometry": {
        "type": "Point",
        "coordinates": [
          -0.9313928,
          51.466516
        ]
      },
      "properties": {
        "id": "osm-n-13146697468",
        "category": "info",
        "name": "Thames Riverside",
        "wheelchair": null,
        "fee": null,
        "opening_hours": null,
        "source": "osm"
      }
    },
    {
      "type": "Feature",
      "geometry": {
        "type": "Point",
        "coordinates": [
          -0.973197,
          51.4580195
        ]
      },
      "properties": {
        "id": "osm-n-13158899465",
        "category": "cafe",
        "name": "Notes",
        "wheelchair": null,
        "fee": null,
        "opening_hours": "Mo 07:00-17:00; Tu-Fr 07:00-19:00; Sa-Su 09:00-18:00",
        "source": "osm"
      }
    },
    {
      "type": "Feature",
      "geometry": {
        "type": "Point",
        "coordinates": [
          -0.9767599,
          51.4524491
        ]
      },
      "properties": {
        "id": "osm-n-13167345041",
        "category": "parking",
        "name": "Parking",
        "wheelchair": null,
        "fee": "yes",
        "opening_hours": null,
        "source": "osm"
      }
    },
    {
      "type": "Feature",
      "geometry": {
        "type": "Point",
        "coordinates": [
          -0.986698,
          51.4818642
        ]
      },
      "properties": {
        "id": "osm-n-13192319543",
        "category": "aed",
        "name": "Aed",
        "wheelchair": null,
        "fee": null,
        "opening_hours": null,
        "source": "osm"
      }
    },
    {
      "type": "Feature",
      "geometry": {
        "type": "Point",
        "coordinates": [
          -0.9627724,
          51.4825261
        ]
      },
      "properties": {
        "id": "osm-n-13254370691",
        "category": "charging",
        "name": "InstaVolt",
        "wheelchair": null,
        "fee": "yes",
        "opening_hours": null,
        "source": "osm"
      }
    },
    {
      "type": "Feature",
      "geometry": {
        "type": "Point",
        "coordinates": [
          -0.9641598,
          51.4831202
        ]
      },
      "properties": {
        "id": "osm-n-13254370692",
        "category": "charging",
        "name": "Raw",
        "wheelchair": null,
        "fee": "yes",
        "opening_hours": null,
        "source": "osm"
      }
    },
    {
      "type": "Feature",
      "geometry": {
        "type": "Point",
        "coordinates": [
          -0.9733468,
          51.4684254
        ]
      },
      "properties": {
        "id": "osm-n-13255772229",
        "category": "charging",
        "name": "Alfen",
        "wheelchair": null,
        "fee": null,
        "opening_hours": null,
        "source": "osm"
      }
    },
    {
      "type": "Feature",
      "geometry": {
        "type": "Point",
        "coordinates": [
          -0.972401,
          51.4648833
        ]
      },
      "properties": {
        "id": "osm-n-13267477820",
        "category": "parking",
        "name": "Parking",
        "wheelchair": null,
        "fee": null,
        "opening_hours": null,
        "source": "osm"
      }
    },
    {
      "type": "Feature",
      "geometry": {
        "type": "Point",
        "coordinates": [
          -0.9679883,
          51.4603099
        ]
      },
      "properties": {
        "id": "osm-n-13267477828",
        "category": "parking",
        "name": "Parking",
        "wheelchair": null,
        "fee": null,
        "opening_hours": null,
        "source": "osm"
      }
    },
    {
      "type": "Feature",
      "geometry": {
        "type": "Point",
        "coordinates": [
          -0.9804604,
          51.4705637
        ]
      },
      "properties": {
        "id": "osm-n-13272089914",
        "category": "aed",
        "name": "Aed",
        "wheelchair": null,
        "fee": null,
        "opening_hours": null,
        "source": "osm"
      }
    },
    {
      "type": "Feature",
      "geometry": {
        "type": "Point",
        "coordinates": [
          -0.9774098,
          51.4642665
        ]
      },
      "properties": {
        "id": "osm-n-13272089915",
        "category": "aed",
        "name": "Aed",
        "wheelchair": null,
        "fee": null,
        "opening_hours": null,
        "source": "osm"
      }
    },
    {
      "type": "Feature",
      "geometry": {
        "type": "Point",
        "coordinates": [
          -0.9814754,
          51.4634468
        ]
      },
      "properties": {
        "id": "osm-n-13272089916",
        "category": "aed",
        "name": "Aed",
        "wheelchair": null,
        "fee": null,
        "opening_hours": null,
        "source": "osm"
      }
    },
    {
      "type": "Feature",
      "geometry": {
        "type": "Point",
        "coordinates": [
          -0.9631695,
          51.454992
        ]
      },
      "properties": {
        "id": "osm-n-13272089917",
        "category": "aed",
        "name": "Aed",
        "wheelchair": null,
        "fee": null,
        "opening_hours": null,
        "source": "osm"
      }
    },
    {
      "type": "Feature",
      "geometry": {
        "type": "Point",
        "coordinates": [
          -0.9681425,
          51.4528787
        ]
      },
      "properties": {
        "id": "osm-n-13272089918",
        "category": "aed",
        "name": "Aed",
        "wheelchair": null,
        "fee": null,
        "opening_hours": null,
        "source": "osm"
      }
    },
    {
      "type": "Feature",
      "geometry": {
        "type": "Point",
        "coordinates": [
          -0.9394937,
          51.4482084
        ]
      },
      "properties": {
        "id": "osm-n-13272089919",
        "category": "aed",
        "name": "Aed",
        "wheelchair": null,
        "fee": null,
        "opening_hours": null,
        "source": "osm"
      }
    },
    {
      "type": "Feature",
      "geometry": {
        "type": "Point",
        "coordinates": [
          -0.9708675,
          51.4551434
        ]
      },
      "properties": {
        "id": "osm-n-13272104056",
        "category": "aed",
        "name": "Aed",
        "wheelchair": null,
        "fee": null,
        "opening_hours": null,
        "source": "osm"
      }
    },
    {
      "type": "Feature",
      "geometry": {
        "type": "Point",
        "coordinates": [
          -0.9893951,
          51.4615828
        ]
      },
      "properties": {
        "id": "osm-n-13274100992",
        "category": "parking",
        "name": "Parking",
        "wheelchair": null,
        "fee": null,
        "opening_hours": null,
        "source": "osm"
      }
    },
    {
      "type": "Feature",
      "geometry": {
        "type": "Point",
        "coordinates": [
          -0.9888429,
          51.4739693
        ]
      },
      "properties": {
        "id": "osm-n-13277792108",
        "category": "aed",
        "name": "Aed",
        "wheelchair": null,
        "fee": null,
        "opening_hours": null,
        "source": "osm"
      }
    },
    {
      "type": "Feature",
      "geometry": {
        "type": "Point",
        "coordinates": [
          -0.9956713,
          51.4768289
        ]
      },
      "properties": {
        "id": "osm-n-13277792109",
        "category": "aed",
        "name": "Aed",
        "wheelchair": null,
        "fee": null,
        "opening_hours": null,
        "source": "osm"
      }
    },
    {
      "type": "Feature",
      "geometry": {
        "type": "Point",
        "coordinates": [
          -0.986472,
          51.476941
        ]
      },
      "properties": {
        "id": "osm-n-13277792114",
        "category": "aed",
        "name": "Aed",
        "wheelchair": null,
        "fee": null,
        "opening_hours": null,
        "source": "osm"
      }
    },
    {
      "type": "Feature",
      "geometry": {
        "type": "Point",
        "coordinates": [
          -0.9703577,
          51.4825476
        ]
      },
      "properties": {
        "id": "osm-n-13277792115",
        "category": "aed",
        "name": "Aed",
        "wheelchair": null,
        "fee": null,
        "opening_hours": null,
        "source": "osm"
      }
    },
    {
      "type": "Feature",
      "geometry": {
        "type": "Point",
        "coordinates": [
          -0.9535704,
          51.4827374
        ]
      },
      "properties": {
        "id": "osm-n-13277792116",
        "category": "aed",
        "name": "Aed",
        "wheelchair": null,
        "fee": null,
        "opening_hours": null,
        "source": "osm"
      }
    },
    {
      "type": "Feature",
      "geometry": {
        "type": "Point",
        "coordinates": [
          -0.973017,
          51.4568311
        ]
      },
      "properties": {
        "id": "osm-n-13285268879",
        "category": "aed",
        "name": "Aed",
        "wheelchair": null,
        "fee": null,
        "opening_hours": null,
        "source": "osm"
      }
    },
    {
      "type": "Feature",
      "geometry": {
        "type": "Point",
        "coordinates": [
          -0.9992439,
          51.4570885
        ]
      },
      "properties": {
        "id": "osm-n-13285268881",
        "category": "aed",
        "name": "Aed",
        "wheelchair": null,
        "fee": null,
        "opening_hours": null,
        "source": "osm"
      }
    },
    {
      "type": "Feature",
      "geometry": {
        "type": "Point",
        "coordinates": [
          -1.0377883,
          51.4601494
        ]
      },
      "properties": {
        "id": "osm-n-13285268882",
        "category": "aed",
        "name": "Aed",
        "wheelchair": null,
        "fee": null,
        "opening_hours": null,
        "source": "osm"
      }
    },
    {
      "type": "Feature",
      "geometry": {
        "type": "Point",
        "coordinates": [
          -1.0118632,
          51.442382
        ]
      },
      "properties": {
        "id": "osm-n-13304640228",
        "category": "aed",
        "name": "Aed",
        "wheelchair": null,
        "fee": null,
        "opening_hours": null,
        "source": "osm"
      }
    },
    {
      "type": "Feature",
      "geometry": {
        "type": "Point",
        "coordinates": [
          -1.0298223,
          51.471508
        ]
      },
      "properties": {
        "id": "osm-n-13351154249",
        "category": "aed",
        "name": "Aed",
        "wheelchair": null,
        "fee": null,
        "opening_hours": null,
        "source": "osm"
      }
    },
    {
      "type": "Feature",
      "geometry": {
        "type": "Point",
        "coordinates": [
          -0.9897714,
          51.453403
        ]
      },
      "properties": {
        "id": "osm-n-13355353117",
        "category": "parking",
        "name": "Parking",
        "wheelchair": null,
        "fee": null,
        "opening_hours": null,
        "source": "osm"
      }
    },
    {
      "type": "Feature",
      "geometry": {
        "type": "Point",
        "coordinates": [
          -0.9673823,
          51.4554591
        ]
      },
      "properties": {
        "id": "osm-n-13479591940",
        "category": "parking",
        "name": "Parking",
        "wheelchair": null,
        "fee": null,
        "opening_hours": null,
        "source": "osm"
      }
    },
    {
      "type": "Feature",
      "geometry": {
        "type": "Point",
        "coordinates": [
          -0.9516481,
          51.4565871
        ]
      },
      "properties": {
        "id": "osm-n-13729906746",
        "category": "parking",
        "name": "Parking",
        "wheelchair": null,
        "fee": null,
        "opening_hours": null,
        "source": "osm"
      }
    },
    {
      "type": "Feature",
      "geometry": {
        "type": "Point",
        "coordinates": [
          -0.9526505,
          51.4562794
        ]
      },
      "properties": {
        "id": "osm-n-13729906747",
        "category": "parking",
        "name": "Parking",
        "wheelchair": null,
        "fee": null,
        "opening_hours": null,
        "source": "osm"
      }
    },
    {
      "type": "Feature",
      "geometry": {
        "type": "Point",
        "coordinates": [
          -0.9523346,
          51.4561898
        ]
      },
      "properties": {
        "id": "osm-n-13729906748",
        "category": "parking",
        "name": "Parking",
        "wheelchair": null,
        "fee": null,
        "opening_hours": null,
        "source": "osm"
      }
    },
    {
      "type": "Feature",
      "geometry": {
        "type": "Point",
        "coordinates": [
          -0.9515664,
          51.4555879
        ]
      },
      "properties": {
        "id": "osm-n-13729906749",
        "category": "parking",
        "name": "Parking",
        "wheelchair": null,
        "fee": null,
        "opening_hours": null,
        "source": "osm"
      }
    },
    {
      "type": "Feature",
      "geometry": {
        "type": "Point",
        "coordinates": [
          -0.9417047,
          51.4514702
        ]
      },
      "properties": {
        "id": "osm-w-3113932",
        "category": "parking",
        "name": "Reading Borough Council",
        "wheelchair": null,
        "fee": "yes",
        "opening_hours": null,
        "source": "osm"
      }
    },
    {
      "type": "Feature",
      "geometry": {
        "type": "Point",
        "coordinates": [
          -0.9652416,
          51.4594793
        ]
      },
      "properties": {
        "id": "osm-w-3236434",
        "category": "parking",
        "name": "Kings Meadow Car Park",
        "wheelchair": null,
        "fee": "yes",
        "opening_hours": null,
        "source": "osm"
      }
    },
    {
      "type": "Feature",
      "geometry": {
        "type": "Point",
        "coordinates": [
          -0.9455936,
          51.4417703
        ]
      },
      "properties": {
        "id": "osm-w-3264753",
        "category": "parking",
        "name": "Parking",
        "wheelchair": null,
        "fee": null,
        "opening_hours": null,
        "source": "osm"
      }
    },
    {
      "type": "Feature",
      "geometry": {
        "type": "Point",
        "coordinates": [
          -0.9433565,
          51.4419947
        ]
      },
      "properties": {
        "id": "osm-w-3264757",
        "category": "parking",
        "name": "Parking",
        "wheelchair": null,
        "fee": null,
        "opening_hours": null,
        "source": "osm"
      }
    },
    {
      "type": "Feature",
      "geometry": {
        "type": "Point",
        "coordinates": [
          -0.9460368,
          51.4450867
        ]
      },
      "properties": {
        "id": "osm-w-3264994",
        "category": "parking",
        "name": "Reading University",
        "wheelchair": null,
        "fee": "permit",
        "opening_hours": null,
        "source": "osm"
      }
    },
    {
      "type": "Feature",
      "geometry": {
        "type": "Point",
        "coordinates": [
          -0.9461375,
          51.4446159
        ]
      },
      "properties": {
        "id": "osm-w-3264995",
        "category": "parking",
        "name": "Parking",
        "wheelchair": null,
        "fee": null,
        "opening_hours": null,
        "source": "osm"
      }
    },
    {
      "type": "Feature",
      "geometry": {
        "type": "Point",
        "coordinates": [
          -0.948114,
          51.4452394
        ]
      },
      "properties": {
        "id": "osm-w-3265031",
        "category": "parking",
        "name": "Parking",
        "wheelchair": null,
        "fee": null,
        "opening_hours": null,
        "source": "osm"
      }
    },
    {
      "type": "Feature",
      "geometry": {
        "type": "Point",
        "coordinates": [
          -0.9550739,
          51.439002
        ]
      },
      "properties": {
        "id": "osm-w-3993873",
        "category": "parking",
        "name": "Parking",
        "wheelchair": null,
        "fee": null,
        "opening_hours": null,
        "source": "osm"
      }
    },
    {
      "type": "Feature",
      "geometry": {
        "type": "Point",
        "coordinates": [
          -0.9625218,
          51.4826804
        ]
      },
      "properties": {
        "id": "osm-w-11136261",
        "category": "parking",
        "name": "Parking",
        "wheelchair": "limited",
        "fee": "no",
        "opening_hours": null,
        "source": "osm"
      }
    },
    {
      "type": "Feature",
      "geometry": {
        "type": "Point",
        "coordinates": [
          -0.9537085,
          51.4829516
        ]
      },
      "properties": {
        "id": "osm-w-28431336",
        "category": "parking",
        "name": "Milestone Centre",
        "wheelchair": null,
        "fee": "no",
        "opening_hours": null,
        "source": "osm"
      }
    },
    {
      "type": "Feature",
      "geometry": {
        "type": "Point",
        "coordinates": [
          -0.9661833,
          51.4618914
        ]
      },
      "properties": {
        "id": "osm-w-28963401",
        "category": "parking",
        "name": "Hills Meadow Car Park",
        "wheelchair": null,
        "fee": "yes",
        "opening_hours": null,
        "source": "osm"
      }
    },
    {
      "type": "Feature",
      "geometry": {
        "type": "Point",
        "coordinates": [
          -1.0204598,
          51.4663558
        ]
      },
      "properties": {
        "id": "osm-w-28970647",
        "category": "parking",
        "name": "Parking",
        "wheelchair": null,
        "fee": "no",
        "opening_hours": null,
        "source": "osm"
      }
    },
    {
      "type": "Feature",
      "geometry": {
        "type": "Point",
        "coordinates": [
          -0.9501111,
          51.4624964
        ]
      },
      "properties": {
        "id": "osm-w-28987297",
        "category": "parking",
        "name": "Parking",
        "wheelchair": null,
        "fee": null,
        "opening_hours": null,
        "source": "osm"
      }
    },
    {
      "type": "Feature",
      "geometry": {
        "type": "Point",
        "coordinates": [
          -1.0050733,
          51.4568498
        ]
      },
      "properties": {
        "id": "osm-w-29007139",
        "category": "parking",
        "name": "Parking",
        "wheelchair": null,
        "fee": null,
        "opening_hours": null,
        "source": "osm"
      }
    },
    {
      "type": "Feature",
      "geometry": {
        "type": "Point",
        "coordinates": [
          -1.0118643,
          51.4500264
        ]
      },
      "properties": {
        "id": "osm-w-29021537",
        "category": "parking",
        "name": "Parking",
        "wheelchair": null,
        "fee": "no",
        "opening_hours": null,
        "source": "osm"
      }
    },
    {
      "type": "Feature",
      "geometry": {
        "type": "Point",
        "coordinates": [
          -1.0364245,
          51.4600671
        ]
      },
      "properties": {
        "id": "osm-w-29111240",
        "category": "parking",
        "name": "Parking",
        "wheelchair": null,
        "fee": "yes",
        "opening_hours": null,
        "source": "osm"
      }
    },
    {
      "type": "Feature",
      "geometry": {
        "type": "Point",
        "coordinates": [
          -0.9562083,
          51.4853202
        ]
      },
      "properties": {
        "id": "osm-w-29149871",
        "category": "parking",
        "name": "Clayfield Copse Recreation Grounds",
        "wheelchair": "limited",
        "fee": "no",
        "opening_hours": null,
        "source": "osm"
      }
    },
    {
      "type": "Feature",
      "geometry": {
        "type": "Point",
        "coordinates": [
          -0.9580091,
          51.449191
        ]
      },
      "properties": {
        "id": "osm-w-31900608",
        "category": "hospital",
        "name": "Royal Berkshire Hospital",
        "wheelchair": null,
        "fee": null,
        "opening_hours": null,
        "source": "osm"
      }
    },
    {
      "type": "Feature",
      "geometry": {
        "type": "Point",
        "coordinates": [
          -0.9794706,
          51.4658307
        ]
      },
      "properties": {
        "id": "osm-w-33195664",
        "category": "parking",
        "name": "Thames Side Promenade Car Park",
        "wheelchair": null,
        "fee": "yes",
        "opening_hours": null,
        "source": "osm"
      }
    },
    {
      "type": "Feature",
      "geometry": {
        "type": "Point",
        "coordinates": [
          -0.9985267,
          51.4596477
        ]
      },
      "properties": {
        "id": "osm-w-36461806",
        "category": "parking",
        "name": "Tesco Car Park",
        "wheelchair": null,
        "fee": "no",
        "opening_hours": null,
        "source": "osm"
      }
    },
    {
      "type": "Feature",
      "geometry": {
        "type": "Point",
        "coordinates": [
          -0.9670805,
          51.4676367
        ]
      },
      "properties": {
        "id": "osm-w-37000875",
        "category": "parking",
        "name": "Parking",
        "wheelchair": null,
        "fee": "no",
        "opening_hours": null,
        "source": "osm"
      }
    },
    {
      "type": "Feature",
      "geometry": {
        "type": "Point",
        "coordinates": [
          -1.0237771,
          51.4438931
        ]
      },
      "properties": {
        "id": "osm-w-37498282",
        "category": "parking",
        "name": "Parking",
        "wheelchair": null,
        "fee": "no",
        "opening_hours": null,
        "source": "osm"
      }
    },
    {
      "type": "Feature",
      "geometry": {
        "type": "Point",
        "coordinates": [
          -0.9735209,
          51.4610956
        ]
      },
      "properties": {
        "id": "osm-w-41805034",
        "category": "parking",
        "name": "Parking",
        "wheelchair": null,
        "fee": "no",
        "opening_hours": null,
        "source": "osm"
      }
    },
    {
      "type": "Feature",
      "geometry": {
        "type": "Point",
        "coordinates": [
          -0.9560434,
          51.4594759
        ]
      },
      "properties": {
        "id": "osm-w-41807459",
        "category": "fuel",
        "name": "Tesco Petrol Station",
        "wheelchair": "yes",
        "fee": null,
        "opening_hours": "24/7",
        "source": "osm"
      }
    },
    {
      "type": "Feature",
      "geometry": {
        "type": "Point",
        "coordinates": [
          -0.960545,
          51.4573975
        ]
      },
      "properties": {
        "id": "osm-w-43574164",
        "category": "parking",
        "name": "Parking",
        "wheelchair": null,
        "fee": "no",
        "opening_hours": null,
        "source": "osm"
      }
    },
    {
      "type": "Feature",
      "geometry": {
        "type": "Point",
        "coordinates": [
          -0.9633198,
          51.4574676
        ]
      },
      "properties": {
        "id": "osm-w-43574166",
        "category": "parking",
        "name": "Parking",
        "wheelchair": null,
        "fee": "no",
        "opening_hours": "06:00-23:30",
        "source": "osm"
      }
    },
    {
      "type": "Feature",
      "geometry": {
        "type": "Point",
        "coordinates": [
          -1.0060735,
          51.4500497
        ]
      },
      "properties": {
        "id": "osm-w-44833673",
        "category": "parking",
        "name": "Pavilion car park",
        "wheelchair": null,
        "fee": "no",
        "opening_hours": null,
        "source": "osm"
      }
    },
    {
      "type": "Feature",
      "geometry": {
        "type": "Point",
        "coordinates": [
          -0.9696744,
          51.4347859
        ]
      },
      "properties": {
        "id": "osm-w-45726423",
        "category": "parking",
        "name": "Parking",
        "wheelchair": null,
        "fee": "no",
        "opening_hours": null,
        "source": "osm"
      }
    },
    {
      "type": "Feature",
      "geometry": {
        "type": "Point",
        "coordinates": [
          -0.9568946,
          51.4486702
        ]
      },
      "properties": {
        "id": "osm-w-50950062",
        "category": "parking",
        "name": "Parking",
        "wheelchair": null,
        "fee": null,
        "opening_hours": null,
        "source": "osm"
      }
    },
    {
      "type": "Feature",
      "geometry": {
        "type": "Point",
        "coordinates": [
          -0.9385574,
          51.4499747
        ]
      },
      "properties": {
        "id": "osm-w-50950079",
        "category": "parking",
        "name": "Park United Reformed Church",
        "wheelchair": null,
        "fee": null,
        "opening_hours": null,
        "source": "osm"
      }
    },
    {
      "type": "Feature",
      "geometry": {
        "type": "Point",
        "coordinates": [
          -0.9733513,
          51.4357069
        ]
      },
      "properties": {
        "id": "osm-w-53536912",
        "category": "parking",
        "name": "Parking",
        "wheelchair": null,
        "fee": "no",
        "opening_hours": null,
        "source": "osm"
      }
    },
    {
      "type": "Feature",
      "geometry": {
        "type": "Point",
        "coordinates": [
          -0.9976839,
          51.4602484
        ]
      },
      "properties": {
        "id": "osm-w-55890688",
        "category": "fuel",
        "name": "Tesco",
        "wheelchair": "yes",
        "fee": null,
        "opening_hours": "24/7",
        "source": "osm"
      }
    },
    {
      "type": "Feature",
      "geometry": {
        "type": "Point",
        "coordinates": [
          -0.9673204,
          51.4528434
        ]
      },
      "properties": {
        "id": "osm-w-61283798",
        "category": "parking",
        "name": "Parking",
        "wheelchair": null,
        "fee": null,
        "opening_hours": null,
        "source": "osm"
      }
    },
    {
      "type": "Feature",
      "geometry": {
        "type": "Point",
        "coordinates": [
          -0.9706025,
          51.4398341
        ]
      },
      "properties": {
        "id": "osm-w-62236451",
        "category": "parking",
        "name": "Parking",
        "wheelchair": null,
        "fee": "no",
        "opening_hours": null,
        "source": "osm"
      }
    },
    {
      "type": "Feature",
      "geometry": {
        "type": "Point",
        "coordinates": [
          -0.9575828,
          51.4499377
        ]
      },
      "properties": {
        "id": "osm-w-63818525",
        "category": "parking",
        "name": "Multi-storey Car Park",
        "wheelchair": null,
        "fee": "yes",
        "opening_hours": "24/7",
        "source": "osm"
      }
    },
    {
      "type": "Feature",
      "geometry": {
        "type": "Point",
        "coordinates": [
          -0.9490667,
          51.4532292
        ]
      },
      "properties": {
        "id": "osm-w-63944456",
        "category": "shop",
        "name": "Co-op Food",
        "wheelchair": null,
        "fee": null,
        "opening_hours": "Mo-Su 07:00-23:00",
        "source": "osm"
      }
    },
    {
      "type": "Feature",
      "geometry": {
        "type": "Point",
        "coordinates": [
          -0.9283974,
          51.4629119
        ]
      },
      "properties": {
        "id": "osm-w-65465521",
        "category": "parking",
        "name": "Parking",
        "wheelchair": null,
        "fee": null,
        "opening_hours": null,
        "source": "osm"
      }
    },
    {
      "type": "Feature",
      "geometry": {
        "type": "Point",
        "coordinates": [
          -0.9264891,
          51.4638354
        ]
      },
      "properties": {
        "id": "osm-w-65465533",
        "category": "parking",
        "name": "Parking",
        "wheelchair": null,
        "fee": null,
        "opening_hours": null,
        "source": "osm"
      }
    },
    {
      "type": "Feature",
      "geometry": {
        "type": "Point",
        "coordinates": [
          -0.9270237,
          51.4635513
        ]
      },
      "properties": {
        "id": "osm-w-65465597",
        "category": "parking",
        "name": "Parking",
        "wheelchair": null,
        "fee": null,
        "opening_hours": null,
        "source": "osm"
      }
    },
    {
      "type": "Feature",
      "geometry": {
        "type": "Point",
        "coordinates": [
          -0.9277032,
          51.4632747
        ]
      },
      "properties": {
        "id": "osm-w-65465652",
        "category": "parking",
        "name": "Parking",
        "wheelchair": null,
        "fee": null,
        "opening_hours": null,
        "source": "osm"
      }
    },
    {
      "type": "Feature",
      "geometry": {
        "type": "Point",
        "coordinates": [
          -1.0174908,
          51.444638
        ]
      },
      "properties": {
        "id": "osm-w-68637777",
        "category": "shop",
        "name": "Tesco Express",
        "wheelchair": null,
        "fee": null,
        "opening_hours": "Mo-Su 06:00-00:00",
        "source": "osm"
      }
    },
    {
      "type": "Feature",
      "geometry": {
        "type": "Point",
        "coordinates": [
          -1.0177797,
          51.4445847
        ]
      },
      "properties": {
        "id": "osm-w-68637795",
        "category": "fuel",
        "name": "Esso",
        "wheelchair": null,
        "fee": null,
        "opening_hours": "Mo-Su 06:00-00:00",
        "source": "osm"
      }
    },
    {
      "type": "Feature",
      "geometry": {
        "type": "Point",
        "coordinates": [
          -1.0244363,
          51.4511664
        ]
      },
      "properties": {
        "id": "osm-w-68995600",
        "category": "shop",
        "name": "Butts",
        "wheelchair": "yes",
        "fee": null,
        "opening_hours": null,
        "source": "osm"
      }
    },
    {
      "type": "Feature",
      "geometry": {
        "type": "Point",
        "coordinates": [
          -1.0293201,
          51.4696412
        ]
      },
      "properties": {
        "id": "osm-w-70483369",
        "category": "shop",
        "name": "Premier",
        "wheelchair": null,
        "fee": null,
        "opening_hours": null,
        "source": "osm"
      }
    },
    {
      "type": "Feature",
      "geometry": {
        "type": "Point",
        "coordinates": [
          -1.0294157,
          51.4690463
        ]
      },
      "properties": {
        "id": "osm-w-70483375",
        "category": "shop",
        "name": "Costcutter",
        "wheelchair": null,
        "fee": null,
        "opening_hours": "Mo-Su 06:00-22:00",
        "source": "osm"
      }
    },
    {
      "type": "Feature",
      "geometry": {
        "type": "Point",
        "coordinates": [
          -0.9555852,
          51.4482502
        ]
      },
      "properties": {
        "id": "osm-w-72359788",
        "category": "parking",
        "name": "Walled Car Park",
        "wheelchair": null,
        "fee": "no",
        "opening_hours": null,
        "source": "osm"
      }
    },
    {
      "type": "Feature",
      "geometry": {
        "type": "Point",
        "coordinates": [
          -0.9778244,
          51.4646423
        ]
      },
      "properties": {
        "id": "osm-w-77516215",
        "category": "cafe",
        "name": "The Gorge Cafe",
        "wheelchair": null,
        "fee": null,
        "opening_hours": null,
        "source": "osm"
      }
    },
    {
      "type": "Feature",
      "geometry": {
        "type": "Point",
        "coordinates": [
          -0.9791199,
          51.4652254
        ]
      },
      "properties": {
        "id": "osm-w-77516234",
        "category": "toilet",
        "name": "Reading Borough Council",
        "wheelchair": "yes",
        "fee": "yes",
        "opening_hours": null,
        "source": "osm"
      }
    },
    {
      "type": "Feature",
      "geometry": {
        "type": "Point",
        "coordinates": [
          -0.9405132,
          51.4517802
        ]
      },
      "properties": {
        "id": "osm-w-77979896",
        "category": "cafe",
        "name": "Tutu's Ethiopian Table",
        "wheelchair": null,
        "fee": null,
        "opening_hours": "Tu-Fr 11:00-16:00; Sa 10:00-16:00; Su-Mo off",
        "source": "osm"
      }
    },
    {
      "type": "Feature",
      "geometry": {
        "type": "Point",
        "coordinates": [
          -0.9393666,
          51.4729964
        ]
      },
      "properties": {
        "id": "osm-w-80376874",
        "category": "parking",
        "name": "Parking",
        "wheelchair": null,
        "fee": "no",
        "opening_hours": null,
        "source": "osm"
      }
    },
    {
      "type": "Feature",
      "geometry": {
        "type": "Point",
        "coordinates": [
          -0.9308798,
          51.4515112
        ]
      },
      "properties": {
        "id": "osm-w-81235335",
        "category": "shop",
        "name": "Culver Lane Convenience Store",
        "wheelchair": null,
        "fee": null,
        "opening_hours": null,
        "source": "osm"
      }
    },
    {
      "type": "Feature",
      "geometry": {
        "type": "Point",
        "coordinates": [
          -0.9466621,
          51.4546314
        ]
      },
      "properties": {
        "id": "osm-w-85735237",
        "category": "shop",
        "name": "Souza Stores",
        "wheelchair": null,
        "fee": null,
        "opening_hours": null,
        "source": "osm"
      }
    },
    {
      "type": "Feature",
      "geometry": {
        "type": "Point",
        "coordinates": [
          -0.9563394,
          51.4551877
        ]
      },
      "properties": {
        "id": "osm-w-85742491",
        "category": "shop",
        "name": "Kennet Express",
        "wheelchair": null,
        "fee": null,
        "opening_hours": "Mo-Su 07:30-19:30",
        "source": "osm"
      }
    },
    {
      "type": "Feature",
      "geometry": {
        "type": "Point",
        "coordinates": [
          -0.9521989,
          51.453866
        ]
      },
      "properties": {
        "id": "osm-w-85742494",
        "category": "parking",
        "name": "Parking",
        "wheelchair": null,
        "fee": null,
        "opening_hours": null,
        "source": "osm"
      }
    },
    {
      "type": "Feature",
      "geometry": {
        "type": "Point",
        "coordinates": [
          -0.9495726,
          51.4525964
        ]
      },
      "properties": {
        "id": "osm-w-86435106",
        "category": "shop",
        "name": "Tesco Express",
        "wheelchair": null,
        "fee": null,
        "opening_hours": "Mo-Su 06:00-23:00",
        "source": "osm"
      }
    },
    {
      "type": "Feature",
      "geometry": {
        "type": "Point",
        "coordinates": [
          -0.948958,
          51.4527265
        ]
      },
      "properties": {
        "id": "osm-w-86439145",
        "category": "cafe",
        "name": "Kaspa's",
        "wheelchair": null,
        "fee": null,
        "opening_hours": null,
        "source": "osm"
      }
    },
    {
      "type": "Feature",
      "geometry": {
        "type": "Point",
        "coordinates": [
          -0.9495673,
          51.4498502
        ]
      },
      "properties": {
        "id": "osm-w-86440107",
        "category": "shop",
        "name": "Co-op Food",
        "wheelchair": null,
        "fee": null,
        "opening_hours": "Mo-Su 07:00-23:00",
        "source": "osm"
      }
    },
    {
      "type": "Feature",
      "geometry": {
        "type": "Point",
        "coordinates": [
          -0.955559,
          51.4511616
        ]
      },
      "properties": {
        "id": "osm-w-86482635",
        "category": "parking",
        "name": "Parking",
        "wheelchair": null,
        "fee": null,
        "opening_hours": null,
        "source": "osm"
      }
    },
    {
      "type": "Feature",
      "geometry": {
        "type": "Point",
        "coordinates": [
          -0.9590183,
          51.4517657
        ]
      },
      "properties": {
        "id": "osm-w-87086601",
        "category": "hospital",
        "name": "Princes House",
        "wheelchair": null,
        "fee": null,
        "opening_hours": null,
        "source": "osm"
      }
    },
    {
      "type": "Feature",
      "geometry": {
        "type": "Point",
        "coordinates": [
          -0.9641172,
          51.4536998
        ]
      },
      "properties": {
        "id": "osm-w-87332674",
        "category": "parking",
        "name": "Parking",
        "wheelchair": null,
        "fee": "no",
        "opening_hours": null,
        "source": "osm"
      }
    },
    {
      "type": "Feature",
      "geometry": {
        "type": "Point",
        "coordinates": [
          -0.9372109,
          51.4594412
        ]
      },
      "properties": {
        "id": "osm-w-90274477",
        "category": "parking",
        "name": "Parking",
        "wheelchair": null,
        "fee": null,
        "opening_hours": null,
        "source": "osm"
      }
    },
    {
      "type": "Feature",
      "geometry": {
        "type": "Point",
        "coordinates": [
          -0.9355827,
          51.4595319
        ]
      },
      "properties": {
        "id": "osm-w-90274483",
        "category": "parking",
        "name": "Parking",
        "wheelchair": null,
        "fee": null,
        "opening_hours": null,
        "source": "osm"
      }
    },
    {
      "type": "Feature",
      "geometry": {
        "type": "Point",
        "coordinates": [
          -0.939511,
          51.4593133
        ]
      },
      "properties": {
        "id": "osm-w-90275169",
        "category": "parking",
        "name": "Parking",
        "wheelchair": null,
        "fee": null,
        "opening_hours": null,
        "source": "osm"
      }
    },
    {
      "type": "Feature",
      "geometry": {
        "type": "Point",
        "coordinates": [
          -0.9369315,
          51.4606785
        ]
      },
      "properties": {
        "id": "osm-w-90276626",
        "category": "parking",
        "name": "Parking",
        "wheelchair": null,
        "fee": null,
        "opening_hours": null,
        "source": "osm"
      }
    },
    {
      "type": "Feature",
      "geometry": {
        "type": "Point",
        "coordinates": [
          -0.9346615,
          51.4611215
        ]
      },
      "properties": {
        "id": "osm-w-90276634",
        "category": "parking",
        "name": "Parking",
        "wheelchair": null,
        "fee": null,
        "opening_hours": null,
        "source": "osm"
      }
    },
    {
      "type": "Feature",
      "geometry": {
        "type": "Point",
        "coordinates": [
          -0.9665855,
          51.4538424
        ]
      },
      "properties": {
        "id": "osm-w-95856054",
        "category": "parking",
        "name": "Queen's Road Car Park",
        "wheelchair": null,
        "fee": "yes",
        "opening_hours": "Mo-Su,PH 00:00-24:00",
        "source": "osm"
      }
    },
    {
      "type": "Feature",
      "geometry": {
        "type": "Point",
        "coordinates": [
          -0.9771223,
          51.4438004
        ]
      },
      "properties": {
        "id": "osm-w-95914417",
        "category": "fuel",
        "name": "Esso",
        "wheelchair": null,
        "fee": null,
        "opening_hours": "24/7",
        "source": "osm"
      }
    },
    {
      "type": "Feature",
      "geometry": {
        "type": "Point",
        "coordinates": [
          -0.9707497,
          51.4525647
        ]
      },
      "properties": {
        "id": "osm-w-96032345",
        "category": "parking",
        "name": "The Oracle Riverside Car Park",
        "wheelchair": null,
        "fee": "yes",
        "opening_hours": "Mo-Su,PH 00:00+",
        "source": "osm"
      }
    },
    {
      "type": "Feature",
      "geometry": {
        "type": "Point",
        "coordinates": [
          -0.9804843,
          51.4477818
        ]
      },
      "properties": {
        "id": "osm-w-96203110",
        "category": "shop",
        "name": "Costcutter",
        "wheelchair": null,
        "fee": null,
        "opening_hours": null,
        "source": "osm"
      }
    },
    {
      "type": "Feature",
      "geometry": {
        "type": "Point",
        "coordinates": [
          -0.9831481,
          51.4465277
        ]
      },
      "properties": {
        "id": "osm-w-96334044",
        "category": "clinic",
        "name": "Coley Clinic",
        "wheelchair": null,
        "fee": null,
        "opening_hours": null,
        "source": "osm"
      }
    },
    {
      "type": "Feature",
      "geometry": {
        "type": "Point",
        "coordinates": [
          -0.9415868,
          51.4600002
        ]
      },
      "properties": {
        "id": "osm-w-97468777",
        "category": "parking",
        "name": "Parking",
        "wheelchair": null,
        "fee": null,
        "opening_hours": null,
        "source": "osm"
      }
    },
    {
      "type": "Feature",
      "geometry": {
        "type": "Point",
        "coordinates": [
          -0.9814242,
          51.4555521
        ]
      },
      "properties": {
        "id": "osm-w-97662289",
        "category": "parking",
        "name": "Parking",
        "wheelchair": null,
        "fee": null,
        "opening_hours": null,
        "source": "osm"
      }
    },
    {
      "type": "Feature",
      "geometry": {
        "type": "Point",
        "coordinates": [
          -0.98609,
          51.4530334
        ]
      },
      "properties": {
        "id": "osm-w-97882654",
        "category": "parking",
        "name": "Parking",
        "wheelchair": null,
        "fee": null,
        "opening_hours": null,
        "source": "osm"
      }
    },
    {
      "type": "Feature",
      "geometry": {
        "type": "Point",
        "coordinates": [
          -0.9851881,
          51.4524685
        ]
      },
      "properties": {
        "id": "osm-w-97882682",
        "category": "shop",
        "name": "Tesco Express",
        "wheelchair": null,
        "fee": null,
        "opening_hours": null,
        "source": "osm"
      }
    },
    {
      "type": "Feature",
      "geometry": {
        "type": "Point",
        "coordinates": [
          -0.9992009,
          51.4539851
        ]
      },
      "properties": {
        "id": "osm-w-98979010",
        "category": "parking",
        "name": "Parking",
        "wheelchair": null,
        "fee": "yes",
        "opening_hours": null,
        "source": "osm"
      }
    },
    {
      "type": "Feature",
      "geometry": {
        "type": "Point",
        "coordinates": [
          -1.0164096,
          51.4581991
        ]
      },
      "properties": {
        "id": "osm-w-112552106",
        "category": "parking",
        "name": "Parking",
        "wheelchair": null,
        "fee": null,
        "opening_hours": null,
        "source": "osm"
      }
    },
    {
      "type": "Feature",
      "geometry": {
        "type": "Point",
        "coordinates": [
          -0.9658215,
          51.4467769
        ]
      },
      "properties": {
        "id": "osm-w-113499518",
        "category": "cafe",
        "name": "Pau Brasil",
        "wheelchair": null,
        "fee": null,
        "opening_hours": null,
        "source": "osm"
      }
    },
    {
      "type": "Feature",
      "geometry": {
        "type": "Point",
        "coordinates": [
          -0.9886605,
          51.4443285
        ]
      },
      "properties": {
        "id": "osm-w-132398394",
        "category": "hospital",
        "name": "Berkshire Independent Hospital",
        "wheelchair": null,
        "fee": null,
        "opening_hours": null,
        "source": "osm"
      }
    },
    {
      "type": "Feature",
      "geometry": {
        "type": "Point",
        "coordinates": [
          -0.9590275,
          51.4680949
        ]
      },
      "properties": {
        "id": "osm-w-137733753",
        "category": "parking",
        "name": "Parking",
        "wheelchair": null,
        "fee": "no",
        "opening_hours": null,
        "source": "osm"
      }
    },
    {
      "type": "Feature",
      "geometry": {
        "type": "Point",
        "coordinates": [
          -0.9580273,
          51.4662539
        ]
      },
      "properties": {
        "id": "osm-w-138603349",
        "category": "parking",
        "name": "Red Cow",
        "wheelchair": null,
        "fee": "no",
        "opening_hours": null,
        "source": "osm"
      }
    },
    {
      "type": "Feature",
      "geometry": {
        "type": "Point",
        "coordinates": [
          -0.9752001,
          51.4678763
        ]
      },
      "properties": {
        "id": "osm-w-140485518",
        "category": "shop",
        "name": "Tesco Express",
        "wheelchair": null,
        "fee": null,
        "opening_hours": "Mo-Su 07:00-23:00",
        "source": "osm"
      }
    },
    {
      "type": "Feature",
      "geometry": {
        "type": "Point",
        "coordinates": [
          -0.9834169,
          51.4493456
        ]
      },
      "properties": {
        "id": "osm-w-141273919",
        "category": "parking",
        "name": "Parking",
        "wheelchair": null,
        "fee": "no",
        "opening_hours": null,
        "source": "osm"
      }
    },
    {
      "type": "Feature",
      "geometry": {
        "type": "Point",
        "coordinates": [
          -0.9453795,
          51.457659
        ]
      },
      "properties": {
        "id": "osm-w-145031311",
        "category": "parking",
        "name": "Royal Mail",
        "wheelchair": null,
        "fee": null,
        "opening_hours": null,
        "source": "osm"
      }
    },
    {
      "type": "Feature",
      "geometry": {
        "type": "Point",
        "coordinates": [
          -0.9295437,
          51.4599847
        ]
      },
      "properties": {
        "id": "osm-w-146466733",
        "category": "parking",
        "name": "Parking",
        "wheelchair": null,
        "fee": null,
        "opening_hours": null,
        "source": "osm"
      }
    },
    {
      "type": "Feature",
      "geometry": {
        "type": "Point",
        "coordinates": [
          -0.9261533,
          51.4616628
        ]
      },
      "properties": {
        "id": "osm-w-146466741",
        "category": "parking",
        "name": "Parking",
        "wheelchair": null,
        "fee": null,
        "opening_hours": null,
        "source": "osm"
      }
    },
    {
      "type": "Feature",
      "geometry": {
        "type": "Point",
        "coordinates": [
          -0.9313113,
          51.4598343
        ]
      },
      "properties": {
        "id": "osm-w-146466745",
        "category": "parking",
        "name": "Parking",
        "wheelchair": null,
        "fee": null,
        "opening_hours": null,
        "source": "osm"
      }
    },
    {
      "type": "Feature",
      "geometry": {
        "type": "Point",
        "coordinates": [
          -0.9337521,
          51.4595753
        ]
      },
      "properties": {
        "id": "osm-w-146466754",
        "category": "parking",
        "name": "Parking",
        "wheelchair": null,
        "fee": null,
        "opening_hours": null,
        "source": "osm"
      }
    },
    {
      "type": "Feature",
      "geometry": {
        "type": "Point",
        "coordinates": [
          -0.9272711,
          51.460659
        ]
      },
      "properties": {
        "id": "osm-w-146466755",
        "category": "parking",
        "name": "Building 1 Rear Car Park",
        "wheelchair": null,
        "fee": "no",
        "opening_hours": null,
        "source": "osm"
      }
    },
    {
      "type": "Feature",
      "geometry": {
        "type": "Point",
        "coordinates": [
          -0.9272231,
          51.4615474
        ]
      },
      "properties": {
        "id": "osm-w-146466756",
        "category": "parking",
        "name": "Building 1 Front Car Park",
        "wheelchair": null,
        "fee": "no",
        "opening_hours": null,
        "source": "osm"
      }
    },
    {
      "type": "Feature",
      "geometry": {
        "type": "Point",
        "coordinates": [
          -0.9279263,
          51.4602103
        ]
      },
      "properties": {
        "id": "osm-w-146466761",
        "category": "parking",
        "name": "Parking",
        "wheelchair": null,
        "fee": null,
        "opening_hours": null,
        "source": "osm"
      }
    },
    {
      "type": "Feature",
      "geometry": {
        "type": "Point",
        "coordinates": [
          -0.9326657,
          51.4598126
        ]
      },
      "properties": {
        "id": "osm-w-146466765",
        "category": "parking",
        "name": "Parking",
        "wheelchair": null,
        "fee": null,
        "opening_hours": null,
        "source": "osm"
      }
    },
    {
      "type": "Feature",
      "geometry": {
        "type": "Point",
        "coordinates": [
          -0.9661698,
          51.4459441
        ]
      },
      "properties": {
        "id": "osm-w-146631887",
        "category": "parking",
        "name": "Parking",
        "wheelchair": null,
        "fee": null,
        "opening_hours": null,
        "source": "osm"
      }
    },
    {
      "type": "Feature",
      "geometry": {
        "type": "Point",
        "coordinates": [
          -0.9659453,
          51.4456316
        ]
      },
      "properties": {
        "id": "osm-w-146631888",
        "category": "parking",
        "name": "Parking",
        "wheelchair": null,
        "fee": null,
        "opening_hours": null,
        "source": "osm"
      }
    },
    {
      "type": "Feature",
      "geometry": {
        "type": "Point",
        "coordinates": [
          -1.0277128,
          51.4703405
        ]
      },
      "properties": {
        "id": "osm-w-147489572",
        "category": "parking",
        "name": "Parking",
        "wheelchair": null,
        "fee": "yes",
        "opening_hours": null,
        "source": "osm"
      }
    },
    {
      "type": "Feature",
      "geometry": {
        "type": "Point",
        "coordinates": [
          -0.9500935,
          51.4528828
        ]
      },
      "properties": {
        "id": "osm-w-147511251",
        "category": "toilet",
        "name": "Cemetery Junction Public Toilets",
        "wheelchair": null,
        "fee": "yes",
        "opening_hours": null,
        "source": "osm"
      }
    },
    {
      "type": "Feature",
      "geometry": {
        "type": "Point",
        "coordinates": [
          -0.9688158,
          51.4326343
        ]
      },
      "properties": {
        "id": "osm-w-149734949",
        "category": "parking",
        "name": "Parking",
        "wheelchair": null,
        "fee": "no",
        "opening_hours": null,
        "source": "osm"
      }
    },
    {
      "type": "Feature",
      "geometry": {
        "type": "Point",
        "coordinates": [
          -0.9700572,
          51.4324288
        ]
      },
      "properties": {
        "id": "osm-w-149734952",
        "category": "parking",
        "name": "Parking",
        "wheelchair": null,
        "fee": "no",
        "opening_hours": null,
        "source": "osm"
      }
    },
    {
      "type": "Feature",
      "geometry": {
        "type": "Point",
        "coordinates": [
          -0.957023,
          51.4632264
        ]
      },
      "properties": {
        "id": "osm-w-149747322",
        "category": "parking",
        "name": "Parking",
        "wheelchair": null,
        "fee": null,
        "opening_hours": null,
        "source": "osm"
      }
    },
    {
      "type": "Feature",
      "geometry": {
        "type": "Point",
        "coordinates": [
          -1.0133554,
          51.4610515
        ]
      },
      "properties": {
        "id": "osm-w-157007488",
        "category": "parking",
        "name": "Parking",
        "wheelchair": null,
        "fee": "no",
        "opening_hours": null,
        "source": "osm"
      }
    },
    {
      "type": "Feature",
      "geometry": {
        "type": "Point",
        "coordinates": [
          -0.9642675,
          51.4831973
        ]
      },
      "properties": {
        "id": "osm-w-160047218",
        "category": "parking",
        "name": "Parking",
        "wheelchair": "yes",
        "fee": "no",
        "opening_hours": null,
        "source": "osm"
      }
    },
    {
      "type": "Feature",
      "geometry": {
        "type": "Point",
        "coordinates": [
          -0.9531671,
          51.4710676
        ]
      },
      "properties": {
        "id": "osm-w-161702668",
        "category": "fuel",
        "name": "BP Leander Service Station",
        "wheelchair": null,
        "fee": null,
        "opening_hours": "Mo-Sa 06:00-23:00; Su 07:00-23:00",
        "source": "osm"
      }
    },
    {
      "type": "Feature",
      "geometry": {
        "type": "Point",
        "coordinates": [
          -0.9538347,
          51.4710544
        ]
      },
      "properties": {
        "id": "osm-w-161703081",
        "category": "parking",
        "name": "Parking",
        "wheelchair": null,
        "fee": "no",
        "opening_hours": null,
        "source": "osm"
      }
    },
    {
      "type": "Feature",
      "geometry": {
        "type": "Point",
        "coordinates": [
          -0.9768259,
          51.4606083
        ]
      },
      "properties": {
        "id": "osm-w-162264662",
        "category": "parking",
        "name": "Parking",
        "wheelchair": null,
        "fee": null,
        "opening_hours": null,
        "source": "osm"
      }
    },
    {
      "type": "Feature",
      "geometry": {
        "type": "Point",
        "coordinates": [
          -0.9761854,
          51.460916
        ]
      },
      "properties": {
        "id": "osm-w-162264663",
        "category": "parking",
        "name": "Parking",
        "wheelchair": null,
        "fee": "no",
        "opening_hours": null,
        "source": "osm"
      }
    },
    {
      "type": "Feature",
      "geometry": {
        "type": "Point",
        "coordinates": [
          -0.974219,
          51.4671517
        ]
      },
      "properties": {
        "id": "osm-w-162418715",
        "category": "toilet",
        "name": "Toilet",
        "wheelchair": "yes",
        "fee": "no",
        "opening_hours": null,
        "source": "osm"
      }
    },
    {
      "type": "Feature",
      "geometry": {
        "type": "Point",
        "coordinates": [
          -0.9731614,
          51.4681669
        ]
      },
      "properties": {
        "id": "osm-w-162472526",
        "category": "parking",
        "name": "Chester Street",
        "wheelchair": null,
        "fee": "yes",
        "opening_hours": null,
        "source": "osm"
      }
    },
    {
      "type": "Feature",
      "geometry": {
        "type": "Point",
        "coordinates": [
          -0.9650777,
          51.4785145
        ]
      },
      "properties": {
        "id": "osm-w-163753726",
        "category": "shop",
        "name": "Tesco Express",
        "wheelchair": "yes",
        "fee": null,
        "opening_hours": null,
        "source": "osm"
      }
    },
    {
      "type": "Feature",
      "geometry": {
        "type": "Point",
        "coordinates": [
          -0.9774285,
          51.4443481
        ]
      },
      "properties": {
        "id": "osm-w-165412076",
        "category": "parking",
        "name": "Reading Link",
        "wheelchair": null,
        "fee": "no",
        "opening_hours": null,
        "source": "osm"
      }
    },
    {
      "type": "Feature",
      "geometry": {
        "type": "Point",
        "coordinates": [
          -0.9462393,
          51.4779997
        ]
      },
      "properties": {
        "id": "osm-w-172564013",
        "category": "parking",
        "name": "Parking",
        "wheelchair": null,
        "fee": "no",
        "opening_hours": null,
        "source": "osm"
      }
    },
    {
      "type": "Feature",
      "geometry": {
        "type": "Point",
        "coordinates": [
          -1.0144583,
          51.4491596
        ]
      },
      "properties": {
        "id": "osm-w-174419804",
        "category": "hospital",
        "name": "Prospect Park Hospital",
        "wheelchair": null,
        "fee": null,
        "opening_hours": null,
        "source": "osm"
      }
    },
    {
      "type": "Feature",
      "geometry": {
        "type": "Point",
        "coordinates": [
          -0.9621686,
          51.4527459
        ]
      },
      "properties": {
        "id": "osm-w-188484808",
        "category": "parking",
        "name": "Parking",
        "wheelchair": null,
        "fee": null,
        "opening_hours": null,
        "source": "osm"
      }
    },
    {
      "type": "Feature",
      "geometry": {
        "type": "Point",
        "coordinates": [
          -0.956409,
          51.4818032
        ]
      },
      "properties": {
        "id": "osm-w-192159794",
        "category": "parking",
        "name": "Main Car Park",
        "wheelchair": null,
        "fee": null,
        "opening_hours": null,
        "source": "osm"
      }
    },
    {
      "type": "Feature",
      "geometry": {
        "type": "Point",
        "coordinates": [
          -0.9503314,
          51.4423298
        ]
      },
      "properties": {
        "id": "osm-w-194367396",
        "category": "parking",
        "name": "Car Park 1a",
        "wheelchair": null,
        "fee": "yes",
        "opening_hours": null,
        "source": "osm"
      }
    },
    {
      "type": "Feature",
      "geometry": {
        "type": "Point",
        "coordinates": [
          -1.0258201,
          51.4598321
        ]
      },
      "properties": {
        "id": "osm-w-199808305",
        "category": "parking",
        "name": "Tilehurst Surgery",
        "wheelchair": null,
        "fee": "no",
        "opening_hours": null,
        "source": "osm"
      }
    },
    {
      "type": "Feature",
      "geometry": {
        "type": "Point",
        "coordinates": [
          -1.0259433,
          51.459562
        ]
      },
      "properties": {
        "id": "osm-w-199808306",
        "category": "parking",
        "name": "Tylers Rest",
        "wheelchair": null,
        "fee": "yes",
        "opening_hours": null,
        "source": "osm"
      }
    },
    {
      "type": "Feature",
      "geometry": {
        "type": "Point",
        "coordinates": [
          -0.9775118,
          51.4429037
        ]
      },
      "properties": {
        "id": "osm-w-218979747",
        "category": "parking",
        "name": "Parking",
        "wheelchair": null,
        "fee": null,
        "opening_hours": null,
        "source": "osm"
      }
    },
    {
      "type": "Feature",
      "geometry": {
        "type": "Point",
        "coordinates": [
          -0.9359866,
          51.4480536
        ]
      },
      "properties": {
        "id": "osm-w-222053222",
        "category": "cafe",
        "name": "Earley Cafe",
        "wheelchair": null,
        "fee": null,
        "opening_hours": "Mo-Fr 07:00-16:00; Sa 08:00-16:00; Su 09:00-16:00",
        "source": "osm"
      }
    },
    {
      "type": "Feature",
      "geometry": {
        "type": "Point",
        "coordinates": [
          -0.9358911,
          51.4479788
        ]
      },
      "properties": {
        "id": "osm-w-222053409",
        "category": "shop",
        "name": "Premier - Earley Express",
        "wheelchair": null,
        "fee": null,
        "opening_hours": null,
        "source": "osm"
      }
    },
    {
      "type": "Feature",
      "geometry": {
        "type": "Point",
        "coordinates": [
          -0.9375433,
          51.4491378
        ]
      },
      "properties": {
        "id": "osm-w-222053780",
        "category": "shop",
        "name": "M&M Food & Wine",
        "wheelchair": null,
        "fee": null,
        "opening_hours": null,
        "source": "osm"
      }
    },
    {
      "type": "Feature",
      "geometry": {
        "type": "Point",
        "coordinates": [
          -0.9374549,
          51.4490776
        ]
      },
      "properties": {
        "id": "osm-w-222053793",
        "category": "shop",
        "name": "Rahim Stores",
        "wheelchair": null,
        "fee": null,
        "opening_hours": null,
        "source": "osm"
      }
    },
    {
      "type": "Feature",
      "geometry": {
        "type": "Point",
        "coordinates": [
          -0.9372783,
          51.4489571
        ]
      },
      "properties": {
        "id": "osm-w-222053836",
        "category": "shop",
        "name": "Big Bazaar",
        "wheelchair": null,
        "fee": null,
        "opening_hours": null,
        "source": "osm"
      }
    },
    {
      "type": "Feature",
      "geometry": {
        "type": "Point",
        "coordinates": [
          -0.936834,
          51.4486543
        ]
      },
      "properties": {
        "id": "osm-w-222053909",
        "category": "shop",
        "name": "Sambuca Off Licence",
        "wheelchair": null,
        "fee": null,
        "opening_hours": null,
        "source": "osm"
      }
    },
    {
      "type": "Feature",
      "geometry": {
        "type": "Point",
        "coordinates": [
          -0.9390422,
          51.457014
        ]
      },
      "properties": {
        "id": "osm-w-229895069",
        "category": "parking",
        "name": "Parking",
        "wheelchair": null,
        "fee": null,
        "opening_hours": null,
        "source": "osm"
      }
    },
    {
      "type": "Feature",
      "geometry": {
        "type": "Point",
        "coordinates": [
          -0.9698875,
          51.46068
        ]
      },
      "properties": {
        "id": "osm-w-231796389",
        "category": "parking",
        "name": "Parking",
        "wheelchair": null,
        "fee": null,
        "opening_hours": null,
        "source": "osm"
      }
    },
    {
      "type": "Feature",
      "geometry": {
        "type": "Point",
        "coordinates": [
          -0.9615388,
          51.4442233
        ]
      },
      "properties": {
        "id": "osm-w-241025948",
        "category": "parking",
        "name": "Parking",
        "wheelchair": null,
        "fee": "no",
        "opening_hours": null,
        "source": "osm"
      }
    },
    {
      "type": "Feature",
      "geometry": {
        "type": "Point",
        "coordinates": [
          -0.9617543,
          51.444739
        ]
      },
      "properties": {
        "id": "osm-w-241025950",
        "category": "parking",
        "name": "Parking",
        "wheelchair": null,
        "fee": "no",
        "opening_hours": null,
        "source": "osm"
      }
    },
    {
      "type": "Feature",
      "geometry": {
        "type": "Point",
        "coordinates": [
          -0.9763522,
          51.4311407
        ]
      },
      "properties": {
        "id": "osm-w-241781774",
        "category": "parking",
        "name": "Parking",
        "wheelchair": null,
        "fee": null,
        "opening_hours": null,
        "source": "osm"
      }
    },
    {
      "type": "Feature",
      "geometry": {
        "type": "Point",
        "coordinates": [
          -1.0118403,
          51.4795373
        ]
      },
      "properties": {
        "id": "osm-w-245493473",
        "category": "parking",
        "name": "Delta Force",
        "wheelchair": null,
        "fee": null,
        "opening_hours": null,
        "source": "osm"
      }
    },
    {
      "type": "Feature",
      "geometry": {
        "type": "Point",
        "coordinates": [
          -0.9599442,
          51.4814299
        ]
      },
      "properties": {
        "id": "osm-w-257034404",
        "category": "parking",
        "name": "BBC Monitoring Small Car Park",
        "wheelchair": null,
        "fee": null,
        "opening_hours": null,
        "source": "osm"
      }
    },
    {
      "type": "Feature",
      "geometry": {
        "type": "Point",
        "coordinates": [
          -0.9471101,
          51.4430519
        ]
      },
      "properties": {
        "id": "osm-w-258286397",
        "category": "parking",
        "name": "Car Park 2",
        "wheelchair": null,
        "fee": null,
        "opening_hours": null,
        "source": "osm"
      }
    },
    {
      "type": "Feature",
      "geometry": {
        "type": "Point",
        "coordinates": [
          -0.9593079,
          51.468376
        ]
      },
      "properties": {
        "id": "osm-w-258637443",
        "category": "parking",
        "name": "Cooperative Food Car Park",
        "wheelchair": null,
        "fee": "no",
        "opening_hours": null,
        "source": "osm"
      }
    },
    {
      "type": "Feature",
      "geometry": {
        "type": "Point",
        "coordinates": [
          -0.9451872,
          51.4449192
        ]
      },
      "properties": {
        "id": "osm-w-268532590",
        "category": "parking",
        "name": "Parking",
        "wheelchair": null,
        "fee": null,
        "opening_hours": null,
        "source": "osm"
      }
    },
    {
      "type": "Feature",
      "geometry": {
        "type": "Point",
        "coordinates": [
          -0.9588197,
          51.4557421
        ]
      },
      "properties": {
        "id": "osm-w-290765274",
        "category": "parking",
        "name": "Parking",
        "wheelchair": null,
        "fee": "no",
        "opening_hours": null,
        "source": "osm"
      }
    },
    {
      "type": "Feature",
      "geometry": {
        "type": "Point",
        "coordinates": [
          -0.9696891,
          51.4361687
        ]
      },
      "properties": {
        "id": "osm-w-293898257",
        "category": "parking",
        "name": "Parking",
        "wheelchair": null,
        "fee": null,
        "opening_hours": null,
        "source": "osm"
      }
    },
    {
      "type": "Feature",
      "geometry": {
        "type": "Point",
        "coordinates": [
          -1.0132326,
          51.4637482
        ]
      },
      "properties": {
        "id": "osm-w-293898259",
        "category": "parking",
        "name": "Parking",
        "wheelchair": null,
        "fee": "no",
        "opening_hours": null,
        "source": "osm"
      }
    },
    {
      "type": "Feature",
      "geometry": {
        "type": "Point",
        "coordinates": [
          -1.0184689,
          51.448938
        ]
      },
      "properties": {
        "id": "osm-w-307782110",
        "category": "parking",
        "name": "Parking",
        "wheelchair": null,
        "fee": "no",
        "opening_hours": null,
        "source": "osm"
      }
    },
    {
      "type": "Feature",
      "geometry": {
        "type": "Point",
        "coordinates": [
          -1.0176916,
          51.4497217
        ]
      },
      "properties": {
        "id": "osm-w-307782111",
        "category": "parking",
        "name": "Parking",
        "wheelchair": null,
        "fee": "yes",
        "opening_hours": null,
        "source": "osm"
      }
    },
    {
      "type": "Feature",
      "geometry": {
        "type": "Point",
        "coordinates": [
          -1.0164986,
          51.4490663
        ]
      },
      "properties": {
        "id": "osm-w-307782112",
        "category": "parking",
        "name": "Parking",
        "wheelchair": null,
        "fee": "no",
        "opening_hours": null,
        "source": "osm"
      }
    },
    {
      "type": "Feature",
      "geometry": {
        "type": "Point",
        "coordinates": [
          -0.9745458,
          51.4658539
        ]
      },
      "properties": {
        "id": "osm-w-325418741",
        "category": "parking",
        "name": "Parking",
        "wheelchair": null,
        "fee": null,
        "opening_hours": null,
        "source": "osm"
      }
    },
    {
      "type": "Feature",
      "geometry": {
        "type": "Point",
        "coordinates": [
          -0.9732526,
          51.4664836
        ]
      },
      "properties": {
        "id": "osm-w-325424138",
        "category": "parking",
        "name": "Parking",
        "wheelchair": null,
        "fee": null,
        "opening_hours": null,
        "source": "osm"
      }
    },
    {
      "type": "Feature",
      "geometry": {
        "type": "Point",
        "coordinates": [
          -0.9738356,
          51.4666111
        ]
      },
      "properties": {
        "id": "osm-w-325424140",
        "category": "parking",
        "name": "Waitrose",
        "wheelchair": null,
        "fee": null,
        "opening_hours": null,
        "source": "osm"
      }
    },
    {
      "type": "Feature",
      "geometry": {
        "type": "Point",
        "coordinates": [
          -0.9861146,
          51.4769651
        ]
      },
      "properties": {
        "id": "osm-w-327155333",
        "category": "parking",
        "name": "Parking",
        "wheelchair": null,
        "fee": null,
        "opening_hours": null,
        "source": "osm"
      }
    },
    {
      "type": "Feature",
      "geometry": {
        "type": "Point",
        "coordinates": [
          -0.9864373,
          51.4769411
        ]
      },
      "properties": {
        "id": "osm-w-327155403",
        "category": "toilet",
        "name": "Toilet",
        "wheelchair": "yes",
        "fee": "yes",
        "opening_hours": null,
        "source": "osm"
      }
    },
    {
      "type": "Feature",
      "geometry": {
        "type": "Point",
        "coordinates": [
          -0.9343514,
          51.4787305
        ]
      },
      "properties": {
        "id": "osm-w-336336195",
        "category": "parking",
        "name": "Parking",
        "wheelchair": null,
        "fee": "no",
        "opening_hours": null,
        "source": "osm"
      }
    },
    {
      "type": "Feature",
      "geometry": {
        "type": "Point",
        "coordinates": [
          -1.0351685,
          51.4740272
        ]
      },
      "properties": {
        "id": "osm-w-376076453",
        "category": "parking",
        "name": "Parking",
        "wheelchair": null,
        "fee": null,
        "opening_hours": null,
        "source": "osm"
      }
    },
    {
      "type": "Feature",
      "geometry": {
        "type": "Point",
        "coordinates": [
          -0.9362804,
          51.4468851
        ]
      },
      "properties": {
        "id": "osm-w-390624913",
        "category": "parking",
        "name": "Parking",
        "wheelchair": null,
        "fee": null,
        "opening_hours": null,
        "source": "osm"
      }
    },
    {
      "type": "Feature",
      "geometry": {
        "type": "Point",
        "coordinates": [
          -0.9671976,
          51.4706989
        ]
      },
      "properties": {
        "id": "osm-w-390632899",
        "category": "parking",
        "name": "Parking",
        "wheelchair": null,
        "fee": null,
        "opening_hours": null,
        "source": "osm"
      }
    },
    {
      "type": "Feature",
      "geometry": {
        "type": "Point",
        "coordinates": [
          -0.9506146,
          51.473924
        ]
      },
      "properties": {
        "id": "osm-w-391622932",
        "category": "parking",
        "name": "Parking",
        "wheelchair": null,
        "fee": null,
        "opening_hours": null,
        "source": "osm"
      }
    },
    {
      "type": "Feature",
      "geometry": {
        "type": "Point",
        "coordinates": [
          -0.9740579,
          51.4547367
        ]
      },
      "properties": {
        "id": "osm-w-393010043",
        "category": "cafe",
        "name": "Coffee Under Pressure",
        "wheelchair": null,
        "fee": null,
        "opening_hours": "Mo-Sa 08:00-19:00; Su 10:00-18:00",
        "source": "osm"
      }
    },
    {
      "type": "Feature",
      "geometry": {
        "type": "Point",
        "coordinates": [
          -0.9588028,
          51.4753902
        ]
      },
      "properties": {
        "id": "osm-w-407517926",
        "category": "parking",
        "name": "Parking",
        "wheelchair": null,
        "fee": null,
        "opening_hours": null,
        "source": "osm"
      }
    },
    {
      "type": "Feature",
      "geometry": {
        "type": "Point",
        "coordinates": [
          -1.013226,
          51.4386761
        ]
      },
      "properties": {
        "id": "osm-w-411080335",
        "category": "parking",
        "name": "Parking",
        "wheelchair": null,
        "fee": "no",
        "opening_hours": null,
        "source": "osm"
      }
    },
    {
      "type": "Feature",
      "geometry": {
        "type": "Point",
        "coordinates": [
          -0.959373,
          51.4512646
        ]
      },
      "properties": {
        "id": "osm-w-417862883",
        "category": "parking",
        "name": "North Block",
        "wheelchair": null,
        "fee": "yes",
        "opening_hours": null,
        "source": "osm"
      }
    },
    {
      "type": "Feature",
      "geometry": {
        "type": "Point",
        "coordinates": [
          -1.0098559,
          51.4530942
        ]
      },
      "properties": {
        "id": "osm-w-419059928",
        "category": "parking",
        "name": "Kingdom Hall of Jehovah's Witnesses",
        "wheelchair": null,
        "fee": "no",
        "opening_hours": null,
        "source": "osm"
      }
    },
    {
      "type": "Feature",
      "geometry": {
        "type": "Point",
        "coordinates": [
          -0.9849219,
          51.452054
        ]
      },
      "properties": {
        "id": "osm-w-420087704",
        "category": "parking",
        "name": "Castle Vets",
        "wheelchair": null,
        "fee": "no",
        "opening_hours": null,
        "source": "osm"
      }
    },
    {
      "type": "Feature",
      "geometry": {
        "type": "Point",
        "coordinates": [
          -0.9693041,
          51.4332283
        ]
      },
      "properties": {
        "id": "osm-w-431511973",
        "category": "parking",
        "name": "Aldi/Tropper Potts",
        "wheelchair": null,
        "fee": "no",
        "opening_hours": null,
        "source": "osm"
      }
    },
    {
      "type": "Feature",
      "geometry": {
        "type": "Point",
        "coordinates": [
          -0.9532786,
          51.4711348
        ]
      },
      "properties": {
        "id": "osm-w-446138117",
        "category": "shop",
        "name": "Londis",
        "wheelchair": null,
        "fee": null,
        "opening_hours": null,
        "source": "osm"
      }
    },
    {
      "type": "Feature",
      "geometry": {
        "type": "Point",
        "coordinates": [
          -0.950331,
          51.4528704
        ]
      },
      "properties": {
        "id": "osm-w-446896812",
        "category": "parking",
        "name": "Parking",
        "wheelchair": null,
        "fee": null,
        "opening_hours": null,
        "source": "osm"
      }
    },
    {
      "type": "Feature",
      "geometry": {
        "type": "Point",
        "coordinates": [
          -1.0003943,
          51.4896176
        ]
      },
      "properties": {
        "id": "osm-w-450242096",
        "category": "parking",
        "name": "Pack Saddl",
        "wheelchair": null,
        "fee": "no",
        "opening_hours": null,
        "source": "osm"
      }
    },
    {
      "type": "Feature",
      "geometry": {
        "type": "Point",
        "coordinates": [
          -1.000202,
          51.4888893
        ]
      },
      "properties": {
        "id": "osm-w-450242097",
        "category": "parking",
        "name": "Pack Saddle",
        "wheelchair": "yes",
        "fee": "no",
        "opening_hours": null,
        "source": "osm"
      }
    },
    {
      "type": "Feature",
      "geometry": {
        "type": "Point",
        "coordinates": [
          -0.9952127,
          51.4771308
        ]
      },
      "properties": {
        "id": "osm-w-450242574",
        "category": "parking",
        "name": "Parking",
        "wheelchair": null,
        "fee": null,
        "opening_hours": null,
        "source": "osm"
      }
    },
    {
      "type": "Feature",
      "geometry": {
        "type": "Point",
        "coordinates": [
          -0.9426234,
          51.4414706
        ]
      },
      "properties": {
        "id": "osm-w-454290252",
        "category": "parking",
        "name": "Car Park 4",
        "wheelchair": null,
        "fee": null,
        "opening_hours": null,
        "source": "osm"
      }
    },
    {
      "type": "Feature",
      "geometry": {
        "type": "Point",
        "coordinates": [
          -0.9396603,
          51.4578023
        ]
      },
      "properties": {
        "id": "osm-w-460010265",
        "category": "parking",
        "name": "Parking",
        "wheelchair": null,
        "fee": null,
        "opening_hours": null,
        "source": "osm"
      }
    },
    {
      "type": "Feature",
      "geometry": {
        "type": "Point",
        "coordinates": [
          -0.9411443,
          51.4571658
        ]
      },
      "properties": {
        "id": "osm-w-460010269",
        "category": "parking",
        "name": "Parking",
        "wheelchair": null,
        "fee": null,
        "opening_hours": null,
        "source": "osm"
      }
    },
    {
      "type": "Feature",
      "geometry": {
        "type": "Point",
        "coordinates": [
          -0.9803422,
          51.4560625
        ]
      },
      "properties": {
        "id": "osm-w-466698458",
        "category": "parking",
        "name": "Q-Park Chatham Place",
        "wheelchair": null,
        "fee": "yes",
        "opening_hours": null,
        "source": "osm"
      }
    },
    {
      "type": "Feature",
      "geometry": {
        "type": "Point",
        "coordinates": [
          -1.0103008,
          51.4421984
        ]
      },
      "properties": {
        "id": "osm-w-468429077",
        "category": "parking",
        "name": "Parking",
        "wheelchair": null,
        "fee": null,
        "opening_hours": null,
        "source": "osm"
      }
    },
    {
      "type": "Feature",
      "geometry": {
        "type": "Point",
        "coordinates": [
          -1.0063625,
          51.4422272
        ]
      },
      "properties": {
        "id": "osm-w-470219003",
        "category": "parking",
        "name": "Parking",
        "wheelchair": null,
        "fee": "no",
        "opening_hours": null,
        "source": "osm"
      }
    },
    {
      "type": "Feature",
      "geometry": {
        "type": "Point",
        "coordinates": [
          -1.0108818,
          51.4412274
        ]
      },
      "properties": {
        "id": "osm-w-471015876",
        "category": "parking",
        "name": "Parking",
        "wheelchair": null,
        "fee": "no",
        "opening_hours": null,
        "source": "osm"
      }
    },
    {
      "type": "Feature",
      "geometry": {
        "type": "Point",
        "coordinates": [
          -0.9569143,
          51.4471803
        ]
      },
      "properties": {
        "id": "osm-w-475683363",
        "category": "parking",
        "name": "Parking",
        "wheelchair": null,
        "fee": null,
        "opening_hours": null,
        "source": "osm"
      }
    },
    {
      "type": "Feature",
      "geometry": {
        "type": "Point",
        "coordinates": [
          -0.9626351,
          51.4503822
        ]
      },
      "properties": {
        "id": "osm-w-477136893",
        "category": "parking",
        "name": "White Gates Car Park",
        "wheelchair": null,
        "fee": null,
        "opening_hours": null,
        "source": "osm"
      }
    },
    {
      "type": "Feature",
      "geometry": {
        "type": "Point",
        "coordinates": [
          -0.9625541,
          51.4497444
        ]
      },
      "properties": {
        "id": "osm-w-477136896",
        "category": "parking",
        "name": "West Cloister Car Park",
        "wheelchair": null,
        "fee": null,
        "opening_hours": null,
        "source": "osm"
      }
    },
    {
      "type": "Feature",
      "geometry": {
        "type": "Point",
        "coordinates": [
          -0.9522431,
          51.4435054
        ]
      },
      "properties": {
        "id": "osm-w-477295459",
        "category": "parking",
        "name": "Parking",
        "wheelchair": null,
        "fee": null,
        "opening_hours": null,
        "source": "osm"
      }
    },
    {
      "type": "Feature",
      "geometry": {
        "type": "Point",
        "coordinates": [
          -0.9522601,
          51.4421992
        ]
      },
      "properties": {
        "id": "osm-w-477295462",
        "category": "parking",
        "name": "Car Park 1",
        "wheelchair": "yes",
        "fee": "yes",
        "opening_hours": null,
        "source": "osm"
      }
    },
    {
      "type": "Feature",
      "geometry": {
        "type": "Point",
        "coordinates": [
          -0.947919,
          51.439831
        ]
      },
      "properties": {
        "id": "osm-w-477856457",
        "category": "parking",
        "name": "Car Park 6",
        "wheelchair": null,
        "fee": null,
        "opening_hours": null,
        "source": "osm"
      }
    },
    {
      "type": "Feature",
      "geometry": {
        "type": "Point",
        "coordinates": [
          -0.9501772,
          51.4395253
        ]
      },
      "properties": {
        "id": "osm-w-477856459",
        "category": "parking",
        "name": "Car Park 7",
        "wheelchair": null,
        "fee": null,
        "opening_hours": null,
        "source": "osm"
      }
    },
    {
      "type": "Feature",
      "geometry": {
        "type": "Point",
        "coordinates": [
          -0.9470695,
          51.4410297
        ]
      },
      "properties": {
        "id": "osm-w-477858133",
        "category": "parking",
        "name": "Car Park 5",
        "wheelchair": null,
        "fee": null,
        "opening_hours": null,
        "source": "osm"
      }
    },
    {
      "type": "Feature",
      "geometry": {
        "type": "Point",
        "coordinates": [
          -0.9442667,
          51.4427863
        ]
      },
      "properties": {
        "id": "osm-w-478122256",
        "category": "parking",
        "name": "Car Park 3",
        "wheelchair": null,
        "fee": null,
        "opening_hours": null,
        "source": "osm"
      }
    },
    {
      "type": "Feature",
      "geometry": {
        "type": "Point",
        "coordinates": [
          -0.9461325,
          51.4427117
        ]
      },
      "properties": {
        "id": "osm-w-478122269",
        "category": "parking",
        "name": "Parking",
        "wheelchair": null,
        "fee": null,
        "opening_hours": null,
        "source": "osm"
      }
    },
    {
      "type": "Feature",
      "geometry": {
        "type": "Point",
        "coordinates": [
          -0.9451358,
          51.4424827
        ]
      },
      "properties": {
        "id": "osm-w-478122276",
        "category": "parking",
        "name": "Car Park 16",
        "wheelchair": null,
        "fee": null,
        "opening_hours": null,
        "source": "osm"
      }
    },
    {
      "type": "Feature",
      "geometry": {
        "type": "Point",
        "coordinates": [
          -0.9604607,
          51.4491619
        ]
      },
      "properties": {
        "id": "osm-w-478129587",
        "category": "parking",
        "name": "Acacia Road Car Park",
        "wheelchair": null,
        "fee": null,
        "opening_hours": null,
        "source": "osm"
      }
    },
    {
      "type": "Feature",
      "geometry": {
        "type": "Point",
        "coordinates": [
          -1.0048147,
          51.4469075
        ]
      },
      "properties": {
        "id": "osm-w-478270740",
        "category": "parking",
        "name": "Parking",
        "wheelchair": null,
        "fee": null,
        "opening_hours": null,
        "source": "osm"
      }
    },
    {
      "type": "Feature",
      "geometry": {
        "type": "Point",
        "coordinates": [
          -0.9476831,
          51.4440364
        ]
      },
      "properties": {
        "id": "osm-w-478835810",
        "category": "parking",
        "name": "Parking",
        "wheelchair": null,
        "fee": null,
        "opening_hours": null,
        "source": "osm"
      }
    },
    {
      "type": "Feature",
      "geometry": {
        "type": "Point",
        "coordinates": [
          -0.9498978,
          51.4451521
        ]
      },
      "properties": {
        "id": "osm-w-479681092",
        "category": "parking",
        "name": "Parking",
        "wheelchair": null,
        "fee": null,
        "opening_hours": null,
        "source": "osm"
      }
    },
    {
      "type": "Feature",
      "geometry": {
        "type": "Point",
        "coordinates": [
          -0.941454,
          51.4456038
        ]
      },
      "properties": {
        "id": "osm-w-481427717",
        "category": "parking",
        "name": "Parking",
        "wheelchair": null,
        "fee": null,
        "opening_hours": null,
        "source": "osm"
      }
    },
    {
      "type": "Feature",
      "geometry": {
        "type": "Point",
        "coordinates": [
          -0.9625884,
          51.4520848
        ]
      },
      "properties": {
        "id": "osm-w-484068229",
        "category": "parking",
        "name": "Parking",
        "wheelchair": null,
        "fee": null,
        "opening_hours": null,
        "source": "osm"
      }
    },
    {
      "type": "Feature",
      "geometry": {
        "type": "Point",
        "coordinates": [
          -1.0052837,
          51.4980004
        ]
      },
      "properties": {
        "id": "osm-w-499952514",
        "category": "parking",
        "name": "Parking",
        "wheelchair": null,
        "fee": null,
        "opening_hours": null,
        "source": "osm"
      }
    },
    {
      "type": "Feature",
      "geometry": {
        "type": "Point",
        "coordinates": [
          -0.9864933,
          51.4552624
        ]
      },
      "properties": {
        "id": "osm-w-501194205",
        "category": "parking",
        "name": "Tesco Express",
        "wheelchair": null,
        "fee": "no",
        "opening_hours": null,
        "source": "osm"
      }
    },
    {
      "type": "Feature",
      "geometry": {
        "type": "Point",
        "coordinates": [
          -0.9495905,
          51.4640593
        ]
      },
      "properties": {
        "id": "osm-w-521508311",
        "category": "parking",
        "name": "Parking",
        "wheelchair": null,
        "fee": null,
        "opening_hours": null,
        "source": "osm"
      }
    },
    {
      "type": "Feature",
      "geometry": {
        "type": "Point",
        "coordinates": [
          -0.9791209,
          51.452203
        ]
      },
      "properties": {
        "id": "osm-w-529040630",
        "category": "parking",
        "name": "The Castle Tap",
        "wheelchair": null,
        "fee": "no",
        "opening_hours": null,
        "source": "osm"
      }
    },
    {
      "type": "Feature",
      "geometry": {
        "type": "Point",
        "coordinates": [
          -0.9832948,
          51.4568739
        ]
      },
      "properties": {
        "id": "osm-w-529968722",
        "category": "parking",
        "name": "Parking",
        "wheelchair": null,
        "fee": null,
        "opening_hours": null,
        "source": "osm"
      }
    },
    {
      "type": "Feature",
      "geometry": {
        "type": "Point",
        "coordinates": [
          -1.005177,
          51.4554141
        ]
      },
      "properties": {
        "id": "osm-w-532543774",
        "category": "parking",
        "name": "Wilson Primary School Staff Parking",
        "wheelchair": null,
        "fee": null,
        "opening_hours": null,
        "source": "osm"
      }
    },
    {
      "type": "Feature",
      "geometry": {
        "type": "Point",
        "coordinates": [
          -0.9734045,
          51.458799
        ]
      },
      "properties": {
        "id": "osm-w-534104763",
        "category": "cafe",
        "name": "Cafe",
        "wheelchair": null,
        "fee": null,
        "opening_hours": null,
        "source": "osm"
      }
    },
    {
      "type": "Feature",
      "geometry": {
        "type": "Point",
        "coordinates": [
          -0.9802874,
          51.4586342
        ]
      },
      "properties": {
        "id": "osm-w-534106214",
        "category": "parking",
        "name": "Cattle Market car park",
        "wheelchair": null,
        "fee": "yes",
        "opening_hours": null,
        "source": "osm"
      }
    },
    {
      "type": "Feature",
      "geometry": {
        "type": "Point",
        "coordinates": [
          -1.0250183,
          51.4436929
        ]
      },
      "properties": {
        "id": "osm-w-539512165",
        "category": "parking",
        "name": "Parking",
        "wheelchair": null,
        "fee": "no",
        "opening_hours": null,
        "source": "osm"
      }
    },
    {
      "type": "Feature",
      "geometry": {
        "type": "Point",
        "coordinates": [
          -1.0246811,
          51.4443839
        ]
      },
      "properties": {
        "id": "osm-w-539512168",
        "category": "parking",
        "name": "Parking",
        "wheelchair": null,
        "fee": "no",
        "opening_hours": null,
        "source": "osm"
      }
    },
    {
      "type": "Feature",
      "geometry": {
        "type": "Point",
        "coordinates": [
          -0.9729906,
          51.4695423
        ]
      },
      "properties": {
        "id": "osm-w-540381210",
        "category": "parking",
        "name": "Parking",
        "wheelchair": null,
        "fee": "no",
        "opening_hours": null,
        "source": "osm"
      }
    },
    {
      "type": "Feature",
      "geometry": {
        "type": "Point",
        "coordinates": [
          -0.9840235,
          51.4489843
        ]
      },
      "properties": {
        "id": "osm-w-544782966",
        "category": "parking",
        "name": "Parking",
        "wheelchair": null,
        "fee": null,
        "opening_hours": null,
        "source": "osm"
      }
    },
    {
      "type": "Feature",
      "geometry": {
        "type": "Point",
        "coordinates": [
          -0.9838734,
          51.4492497
        ]
      },
      "properties": {
        "id": "osm-w-544782973",
        "category": "parking",
        "name": "Parking",
        "wheelchair": null,
        "fee": null,
        "opening_hours": null,
        "source": "osm"
      }
    },
    {
      "type": "Feature",
      "geometry": {
        "type": "Point",
        "coordinates": [
          -0.9835808,
          51.4490871
        ]
      },
      "properties": {
        "id": "osm-w-544834953",
        "category": "parking",
        "name": "Parking",
        "wheelchair": null,
        "fee": null,
        "opening_hours": null,
        "source": "osm"
      }
    },
    {
      "type": "Feature",
      "geometry": {
        "type": "Point",
        "coordinates": [
          -0.9849147,
          51.4643779
        ]
      },
      "properties": {
        "id": "osm-w-547221324",
        "category": "parking",
        "name": "Parking",
        "wheelchair": null,
        "fee": "yes",
        "opening_hours": null,
        "source": "osm"
      }
    },
    {
      "type": "Feature",
      "geometry": {
        "type": "Point",
        "coordinates": [
          -0.9798539,
          51.4482436
        ]
      },
      "properties": {
        "id": "osm-w-548726582",
        "category": "shop",
        "name": "Asda Express",
        "wheelchair": null,
        "fee": null,
        "opening_hours": "24/7",
        "source": "osm"
      }
    },
    {
      "type": "Feature",
      "geometry": {
        "type": "Point",
        "coordinates": [
          -0.9779532,
          51.4515677
        ]
      },
      "properties": {
        "id": "osm-w-549567726",
        "category": "parking",
        "name": "Parking",
        "wheelchair": null,
        "fee": null,
        "opening_hours": null,
        "source": "osm"
      }
    },
    {
      "type": "Feature",
      "geometry": {
        "type": "Point",
        "coordinates": [
          -0.9771085,
          51.4506195
        ]
      },
      "properties": {
        "id": "osm-w-549595198",
        "category": "parking",
        "name": "Parking",
        "wheelchair": null,
        "fee": null,
        "opening_hours": null,
        "source": "osm"
      }
    },
    {
      "type": "Feature",
      "geometry": {
        "type": "Point",
        "coordinates": [
          -0.9618849,
          51.4643166
        ]
      },
      "properties": {
        "id": "osm-w-552927124",
        "category": "parking",
        "name": "Parking",
        "wheelchair": null,
        "fee": null,
        "opening_hours": null,
        "source": "osm"
      }
    },
    {
      "type": "Feature",
      "geometry": {
        "type": "Point",
        "coordinates": [
          -0.9663441,
          51.4646974
        ]
      },
      "properties": {
        "id": "osm-w-553054807",
        "category": "parking",
        "name": "Parking",
        "wheelchair": null,
        "fee": null,
        "opening_hours": null,
        "source": "osm"
      }
    },
    {
      "type": "Feature",
      "geometry": {
        "type": "Point",
        "coordinates": [
          -0.9667024,
          51.4552065
        ]
      },
      "properties": {
        "id": "osm-w-554335877",
        "category": "parking",
        "name": "Parking",
        "wheelchair": null,
        "fee": null,
        "opening_hours": null,
        "source": "osm"
      }
    },
    {
      "type": "Feature",
      "geometry": {
        "type": "Point",
        "coordinates": [
          -0.9750645,
          51.4329647
        ]
      },
      "properties": {
        "id": "osm-w-557095568",
        "category": "parking",
        "name": "Parking",
        "wheelchair": null,
        "fee": null,
        "opening_hours": null,
        "source": "osm"
      }
    },
    {
      "type": "Feature",
      "geometry": {
        "type": "Point",
        "coordinates": [
          -0.9750831,
          51.4321612
        ]
      },
      "properties": {
        "id": "osm-w-557095570",
        "category": "parking",
        "name": "Parking",
        "wheelchair": null,
        "fee": null,
        "opening_hours": null,
        "source": "osm"
      }
    },
    {
      "type": "Feature",
      "geometry": {
        "type": "Point",
        "coordinates": [
          -0.9761975,
          51.4321611
        ]
      },
      "properties": {
        "id": "osm-w-557095594",
        "category": "parking",
        "name": "Parking",
        "wheelchair": null,
        "fee": null,
        "opening_hours": null,
        "source": "osm"
      }
    },
    {
      "type": "Feature",
      "geometry": {
        "type": "Point",
        "coordinates": [
          -0.9764229,
          51.4335926
        ]
      },
      "properties": {
        "id": "osm-w-557097072",
        "category": "parking",
        "name": "Parking",
        "wheelchair": null,
        "fee": null,
        "opening_hours": null,
        "source": "osm"
      }
    },
    {
      "type": "Feature",
      "geometry": {
        "type": "Point",
        "coordinates": [
          -0.9752208,
          51.4314076
        ]
      },
      "properties": {
        "id": "osm-w-557099516",
        "category": "parking",
        "name": "Parking",
        "wheelchair": null,
        "fee": null,
        "opening_hours": null,
        "source": "osm"
      }
    },
    {
      "type": "Feature",
      "geometry": {
        "type": "Point",
        "coordinates": [
          -0.9742163,
          51.431361
        ]
      },
      "properties": {
        "id": "osm-w-557099517",
        "category": "parking",
        "name": "Parking",
        "wheelchair": null,
        "fee": null,
        "opening_hours": null,
        "source": "osm"
      }
    },
    {
      "type": "Feature",
      "geometry": {
        "type": "Point",
        "coordinates": [
          -0.9742248,
          51.4310241
        ]
      },
      "properties": {
        "id": "osm-w-557099520",
        "category": "parking",
        "name": "Parking",
        "wheelchair": null,
        "fee": null,
        "opening_hours": null,
        "source": "osm"
      }
    },
    {
      "type": "Feature",
      "geometry": {
        "type": "Point",
        "coordinates": [
          -0.9763487,
          51.4314052
        ]
      },
      "properties": {
        "id": "osm-w-557099524",
        "category": "parking",
        "name": "Parking",
        "wheelchair": null,
        "fee": null,
        "opening_hours": null,
        "source": "osm"
      }
    },
    {
      "type": "Feature",
      "geometry": {
        "type": "Point",
        "coordinates": [
          -0.9732953,
          51.4311531
        ]
      },
      "properties": {
        "id": "osm-w-557099532",
        "category": "parking",
        "name": "Parking",
        "wheelchair": null,
        "fee": null,
        "opening_hours": null,
        "source": "osm"
      }
    },
    {
      "type": "Feature",
      "geometry": {
        "type": "Point",
        "coordinates": [
          -0.9764735,
          51.4328598
        ]
      },
      "properties": {
        "id": "osm-w-557100028",
        "category": "parking",
        "name": "Parking",
        "wheelchair": null,
        "fee": null,
        "opening_hours": null,
        "source": "osm"
      }
    },
    {
      "type": "Feature",
      "geometry": {
        "type": "Point",
        "coordinates": [
          -0.9749473,
          51.4338224
        ]
      },
      "properties": {
        "id": "osm-w-557100031",
        "category": "parking",
        "name": "Parking",
        "wheelchair": null,
        "fee": null,
        "opening_hours": null,
        "source": "osm"
      }
    },
    {
      "type": "Feature",
      "geometry": {
        "type": "Point",
        "coordinates": [
          -0.9739501,
          51.4332084
        ]
      },
      "properties": {
        "id": "osm-w-557100032",
        "category": "parking",
        "name": "Parking",
        "wheelchair": null,
        "fee": null,
        "opening_hours": null,
        "source": "osm"
      }
    },
    {
      "type": "Feature",
      "geometry": {
        "type": "Point",
        "coordinates": [
          -0.9734806,
          51.4328665
        ]
      },
      "properties": {
        "id": "osm-w-557100034",
        "category": "parking",
        "name": "Parking",
        "wheelchair": null,
        "fee": null,
        "opening_hours": null,
        "source": "osm"
      }
    },
    {
      "type": "Feature",
      "geometry": {
        "type": "Point",
        "coordinates": [
          -0.961339,
          51.465158
        ]
      },
      "properties": {
        "id": "osm-w-562069773",
        "category": "parking",
        "name": "Parking",
        "wheelchair": null,
        "fee": null,
        "opening_hours": null,
        "source": "osm"
      }
    },
    {
      "type": "Feature",
      "geometry": {
        "type": "Point",
        "coordinates": [
          -1.0022403,
          51.4493029
        ]
      },
      "properties": {
        "id": "osm-w-566191573",
        "category": "hospital",
        "name": "Sue Ryder Duchess of Kent Hospice",
        "wheelchair": null,
        "fee": null,
        "opening_hours": null,
        "source": "osm"
      }
    },
    {
      "type": "Feature",
      "geometry": {
        "type": "Point",
        "coordinates": [
          -1.0063532,
          51.4403527
        ]
      },
      "properties": {
        "id": "osm-w-572746994",
        "category": "parking",
        "name": "Parking",
        "wheelchair": null,
        "fee": null,
        "opening_hours": null,
        "source": "osm"
      }
    },
    {
      "type": "Feature",
      "geometry": {
        "type": "Point",
        "coordinates": [
          -1.0118496,
          51.4426774
        ]
      },
      "properties": {
        "id": "osm-w-575386335",
        "category": "parking",
        "name": "Parking",
        "wheelchair": null,
        "fee": null,
        "opening_hours": null,
        "source": "osm"
      }
    },
    {
      "type": "Feature",
      "geometry": {
        "type": "Point",
        "coordinates": [
          -1.0066556,
          51.4428371
        ]
      },
      "properties": {
        "id": "osm-w-575386337",
        "category": "parking",
        "name": "Parking",
        "wheelchair": null,
        "fee": "no",
        "opening_hours": null,
        "source": "osm"
      }
    },
    {
      "type": "Feature",
      "geometry": {
        "type": "Point",
        "coordinates": [
          -1.0311436,
          51.4527837
        ]
      },
      "properties": {
        "id": "osm-w-575386933",
        "category": "parking",
        "name": "Parking",
        "wheelchair": null,
        "fee": null,
        "opening_hours": null,
        "source": "osm"
      }
    },
    {
      "type": "Feature",
      "geometry": {
        "type": "Point",
        "coordinates": [
          -0.9390251,
          51.4495208
        ]
      },
      "properties": {
        "id": "osm-w-576396547",
        "category": "parking",
        "name": "The Palmer Tavern",
        "wheelchair": null,
        "fee": "yes",
        "opening_hours": null,
        "source": "osm"
      }
    },
    {
      "type": "Feature",
      "geometry": {
        "type": "Point",
        "coordinates": [
          -0.9494033,
          51.4531388
        ]
      },
      "properties": {
        "id": "osm-w-579638141",
        "category": "shop",
        "name": "Gurung's",
        "wheelchair": null,
        "fee": null,
        "opening_hours": "Mo-Su 07:00-23:00",
        "source": "osm"
      }
    },
    {
      "type": "Feature",
      "geometry": {
        "type": "Point",
        "coordinates": [
          -0.9796136,
          51.4653699
        ]
      },
      "properties": {
        "id": "osm-w-580489931",
        "category": "parking",
        "name": "Crown Plaza",
        "wheelchair": null,
        "fee": null,
        "opening_hours": null,
        "source": "osm"
      }
    },
    {
      "type": "Feature",
      "geometry": {
        "type": "Point",
        "coordinates": [
          -0.9803124,
          51.4648695
        ]
      },
      "properties": {
        "id": "osm-w-580489932",
        "category": "parking",
        "name": "Parking",
        "wheelchair": "yes",
        "fee": null,
        "opening_hours": null,
        "source": "osm"
      }
    },
    {
      "type": "Feature",
      "geometry": {
        "type": "Point",
        "coordinates": [
          -0.9782879,
          51.4649751
        ]
      },
      "properties": {
        "id": "osm-w-580489933",
        "category": "parking",
        "name": "Crown Plaza",
        "wheelchair": null,
        "fee": null,
        "opening_hours": null,
        "source": "osm"
      }
    },
    {
      "type": "Feature",
      "geometry": {
        "type": "Point",
        "coordinates": [
          -0.9405606,
          51.4466192
        ]
      },
      "properties": {
        "id": "osm-w-581522444",
        "category": "parking",
        "name": "Parking",
        "wheelchair": null,
        "fee": null,
        "opening_hours": null,
        "source": "osm"
      }
    },
    {
      "type": "Feature",
      "geometry": {
        "type": "Point",
        "coordinates": [
          -0.9852767,
          51.4557813
        ]
      },
      "properties": {
        "id": "osm-w-582213159",
        "category": "parking",
        "name": "Parking",
        "wheelchair": null,
        "fee": null,
        "opening_hours": null,
        "source": "osm"
      }
    },
    {
      "type": "Feature",
      "geometry": {
        "type": "Point",
        "coordinates": [
          -0.971916,
          51.4465114
        ]
      },
      "properties": {
        "id": "osm-w-582600022",
        "category": "parking",
        "name": "Parking",
        "wheelchair": null,
        "fee": null,
        "opening_hours": null,
        "source": "osm"
      }
    },
    {
      "type": "Feature",
      "geometry": {
        "type": "Point",
        "coordinates": [
          -0.9926902,
          51.4489366
        ]
      },
      "properties": {
        "id": "osm-w-585956938",
        "category": "parking",
        "name": "Parking",
        "wheelchair": null,
        "fee": "no",
        "opening_hours": null,
        "source": "osm"
      }
    },
    {
      "type": "Feature",
      "geometry": {
        "type": "Point",
        "coordinates": [
          -0.9897582,
          51.4495224
        ]
      },
      "properties": {
        "id": "osm-w-585956958",
        "category": "parking",
        "name": "Parking",
        "wheelchair": null,
        "fee": null,
        "opening_hours": null,
        "source": "osm"
      }
    },
    {
      "type": "Feature",
      "geometry": {
        "type": "Point",
        "coordinates": [
          -0.9860165,
          51.4505345
        ]
      },
      "properties": {
        "id": "osm-w-585956959",
        "category": "hospital",
        "name": "Spire Dunedin Hospital",
        "wheelchair": null,
        "fee": null,
        "opening_hours": null,
        "source": "osm"
      }
    },
    {
      "type": "Feature",
      "geometry": {
        "type": "Point",
        "coordinates": [
          -0.9862064,
          51.4505868
        ]
      },
      "properties": {
        "id": "osm-w-585956960",
        "category": "parking",
        "name": "Parking",
        "wheelchair": null,
        "fee": null,
        "opening_hours": null,
        "source": "osm"
      }
    },
    {
      "type": "Feature",
      "geometry": {
        "type": "Point",
        "coordinates": [
          -0.9856497,
          51.4503291
        ]
      },
      "properties": {
        "id": "osm-w-585956962",
        "category": "parking",
        "name": "Parking",
        "wheelchair": null,
        "fee": null,
        "opening_hours": null,
        "source": "osm"
      }
    },
    {
      "type": "Feature",
      "geometry": {
        "type": "Point",
        "coordinates": [
          -0.9808952,
          51.4516209
        ]
      },
      "properties": {
        "id": "osm-w-585956970",
        "category": "parking",
        "name": "Parking",
        "wheelchair": null,
        "fee": null,
        "opening_hours": null,
        "source": "osm"
      }
    },
    {
      "type": "Feature",
      "geometry": {
        "type": "Point",
        "coordinates": [
          -0.9755744,
          51.468072
        ]
      },
      "properties": {
        "id": "osm-w-586718499",
        "category": "parking",
        "name": "Parking",
        "wheelchair": null,
        "fee": null,
        "opening_hours": null,
        "source": "osm"
      }
    },
    {
      "type": "Feature",
      "geometry": {
        "type": "Point",
        "coordinates": [
          -0.9757505,
          51.4679078
        ]
      },
      "properties": {
        "id": "osm-w-586718500",
        "category": "parking",
        "name": "Parking",
        "wheelchair": null,
        "fee": "no",
        "opening_hours": null,
        "source": "osm"
      }
    },
    {
      "type": "Feature",
      "geometry": {
        "type": "Point",
        "coordinates": [
          -0.9754434,
          51.4679277
        ]
      },
      "properties": {
        "id": "osm-w-586718507",
        "category": "fuel",
        "name": "Esso",
        "wheelchair": "yes",
        "fee": null,
        "opening_hours": null,
        "source": "osm"
      }
    },
    {
      "type": "Feature",
      "geometry": {
        "type": "Point",
        "coordinates": [
          -0.961859,
          51.4590172
        ]
      },
      "properties": {
        "id": "osm-w-590199282",
        "category": "parking",
        "name": "Parking",
        "wheelchair": null,
        "fee": null,
        "opening_hours": null,
        "source": "osm"
      }
    },
    {
      "type": "Feature",
      "geometry": {
        "type": "Point",
        "coordinates": [
          -0.9562039,
          51.4596063
        ]
      },
      "properties": {
        "id": "osm-w-590199291",
        "category": "shop",
        "name": "Tesco",
        "wheelchair": null,
        "fee": null,
        "opening_hours": "24/7",
        "source": "osm"
      }
    },
    {
      "type": "Feature",
      "geometry": {
        "type": "Point",
        "coordinates": [
          -0.9572798,
          51.4574174
        ]
      },
      "properties": {
        "id": "osm-w-590199301",
        "category": "parking",
        "name": "Parking",
        "wheelchair": null,
        "fee": null,
        "opening_hours": null,
        "source": "osm"
      }
    },
    {
      "type": "Feature",
      "geometry": {
        "type": "Point",
        "coordinates": [
          -0.971107,
          51.4574327
        ]
      },
      "properties": {
        "id": "osm-w-590218726",
        "category": "parking",
        "name": "Parking",
        "wheelchair": null,
        "fee": null,
        "opening_hours": null,
        "source": "osm"
      }
    },
    {
      "type": "Feature",
      "geometry": {
        "type": "Point",
        "coordinates": [
          -0.9666602,
          51.4582864
        ]
      },
      "properties": {
        "id": "osm-w-590474230",
        "category": "parking",
        "name": "Parking",
        "wheelchair": null,
        "fee": null,
        "opening_hours": null,
        "source": "osm"
      }
    },
    {
      "type": "Feature",
      "geometry": {
        "type": "Point",
        "coordinates": [
          -0.9655036,
          51.4581256
        ]
      },
      "properties": {
        "id": "osm-w-590474231",
        "category": "parking",
        "name": "Parking",
        "wheelchair": null,
        "fee": null,
        "opening_hours": null,
        "source": "osm"
      }
    },
    {
      "type": "Feature",
      "geometry": {
        "type": "Point",
        "coordinates": [
          -0.9670823,
          51.4599111
        ]
      },
      "properties": {
        "id": "osm-w-590542622",
        "category": "parking",
        "name": "Parking",
        "wheelchair": null,
        "fee": null,
        "opening_hours": null,
        "source": "osm"
      }
    },
    {
      "type": "Feature",
      "geometry": {
        "type": "Point",
        "coordinates": [
          -0.9902461,
          51.4496285
        ]
      },
      "properties": {
        "id": "osm-w-591019811",
        "category": "parking",
        "name": "CPM",
        "wheelchair": null,
        "fee": null,
        "opening_hours": null,
        "source": "osm"
      }
    },
    {
      "type": "Feature",
      "geometry": {
        "type": "Point",
        "coordinates": [
          -0.9532718,
          51.4538257
        ]
      },
      "properties": {
        "id": "osm-w-591280972",
        "category": "parking",
        "name": "Parking",
        "wheelchair": null,
        "fee": null,
        "opening_hours": null,
        "source": "osm"
      }
    },
    {
      "type": "Feature",
      "geometry": {
        "type": "Point",
        "coordinates": [
          -0.9531758,
          51.4543025
        ]
      },
      "properties": {
        "id": "osm-w-591280973",
        "category": "parking",
        "name": "Parking",
        "wheelchair": null,
        "fee": null,
        "opening_hours": null,
        "source": "osm"
      }
    },
    {
      "type": "Feature",
      "geometry": {
        "type": "Point",
        "coordinates": [
          -0.954157,
          51.4539749
        ]
      },
      "properties": {
        "id": "osm-w-591280974",
        "category": "parking",
        "name": "Parking",
        "wheelchair": null,
        "fee": null,
        "opening_hours": null,
        "source": "osm"
      }
    },
    {
      "type": "Feature",
      "geometry": {
        "type": "Point",
        "coordinates": [
          -0.9357843,
          51.4464813
        ]
      },
      "properties": {
        "id": "osm-w-591386950",
        "category": "parking",
        "name": "Parking",
        "wheelchair": null,
        "fee": null,
        "opening_hours": null,
        "source": "osm"
      }
    },
    {
      "type": "Feature",
      "geometry": {
        "type": "Point",
        "coordinates": [
          -0.9529367,
          51.4423091
        ]
      },
      "properties": {
        "id": "osm-w-591679603",
        "category": "cafe",
        "name": "SportsPark Cafe",
        "wheelchair": null,
        "fee": null,
        "opening_hours": null,
        "source": "osm"
      }
    },
    {
      "type": "Feature",
      "geometry": {
        "type": "Point",
        "coordinates": [
          -0.9372547,
          51.4460855
        ]
      },
      "properties": {
        "id": "osm-w-592130369",
        "category": "parking",
        "name": "Parking",
        "wheelchair": null,
        "fee": null,
        "opening_hours": null,
        "source": "osm"
      }
    },
    {
      "type": "Feature",
      "geometry": {
        "type": "Point",
        "coordinates": [
          -0.9368487,
          51.4461512
        ]
      },
      "properties": {
        "id": "osm-w-592130370",
        "category": "parking",
        "name": "Parking",
        "wheelchair": null,
        "fee": null,
        "opening_hours": null,
        "source": "osm"
      }
    },
    {
      "type": "Feature",
      "geometry": {
        "type": "Point",
        "coordinates": [
          -0.9406364,
          51.4518644
        ]
      },
      "properties": {
        "id": "osm-w-592130387",
        "category": "parking",
        "name": "Parking",
        "wheelchair": null,
        "fee": null,
        "opening_hours": null,
        "source": "osm"
      }
    },
    {
      "type": "Feature",
      "geometry": {
        "type": "Point",
        "coordinates": [
          -0.9540489,
          51.4504439
        ]
      },
      "properties": {
        "id": "osm-w-592362222",
        "category": "parking",
        "name": "Parking",
        "wheelchair": null,
        "fee": null,
        "opening_hours": null,
        "source": "osm"
      }
    },
    {
      "type": "Feature",
      "geometry": {
        "type": "Point",
        "coordinates": [
          -0.9544134,
          51.4506386
        ]
      },
      "properties": {
        "id": "osm-w-592428244",
        "category": "parking",
        "name": "Parking",
        "wheelchair": null,
        "fee": null,
        "opening_hours": null,
        "source": "osm"
      }
    },
    {
      "type": "Feature",
      "geometry": {
        "type": "Point",
        "coordinates": [
          -0.9555175,
          51.4518598
        ]
      },
      "properties": {
        "id": "osm-w-592430233",
        "category": "parking",
        "name": "Parking",
        "wheelchair": null,
        "fee": null,
        "opening_hours": null,
        "source": "osm"
      }
    },
    {
      "type": "Feature",
      "geometry": {
        "type": "Point",
        "coordinates": [
          -0.9553428,
          51.4514859
        ]
      },
      "properties": {
        "id": "osm-w-592430236",
        "category": "parking",
        "name": "Parking",
        "wheelchair": null,
        "fee": null,
        "opening_hours": null,
        "source": "osm"
      }
    },
    {
      "type": "Feature",
      "geometry": {
        "type": "Point",
        "coordinates": [
          -0.9549778,
          51.4515983
        ]
      },
      "properties": {
        "id": "osm-w-595053719",
        "category": "parking",
        "name": "Parking",
        "wheelchair": null,
        "fee": null,
        "opening_hours": null,
        "source": "osm"
      }
    },
    {
      "type": "Feature",
      "geometry": {
        "type": "Point",
        "coordinates": [
          -0.9334871,
          51.4577118
        ]
      },
      "properties": {
        "id": "osm-w-597711194",
        "category": "parking",
        "name": "Parking",
        "wheelchair": null,
        "fee": "no",
        "opening_hours": null,
        "source": "osm"
      }
    },
    {
      "type": "Feature",
      "geometry": {
        "type": "Point",
        "coordinates": [
          -0.934005,
          51.4576768
        ]
      },
      "properties": {
        "id": "osm-w-597711198",
        "category": "cafe",
        "name": "Costa",
        "wheelchair": null,
        "fee": null,
        "opening_hours": "Mo-Sa 06:00-21:00; Su 08:00-18:00",
        "source": "osm"
      }
    },
    {
      "type": "Feature",
      "geometry": {
        "type": "Point",
        "coordinates": [
          -1.0050988,
          51.4587875
        ]
      },
      "properties": {
        "id": "osm-w-599220075",
        "category": "parking",
        "name": "Parking",
        "wheelchair": null,
        "fee": null,
        "opening_hours": null,
        "source": "osm"
      }
    },
    {
      "type": "Feature",
      "geometry": {
        "type": "Point",
        "coordinates": [
          -1.0063224,
          51.4566719
        ]
      },
      "properties": {
        "id": "osm-w-601330725",
        "category": "parking",
        "name": "Parking",
        "wheelchair": null,
        "fee": "no",
        "opening_hours": null,
        "source": "osm"
      }
    },
    {
      "type": "Feature",
      "geometry": {
        "type": "Point",
        "coordinates": [
          -1.0265994,
          51.460301
        ]
      },
      "properties": {
        "id": "osm-w-603156042",
        "category": "parking",
        "name": "Parking",
        "wheelchair": null,
        "fee": null,
        "opening_hours": null,
        "source": "osm"
      }
    },
    {
      "type": "Feature",
      "geometry": {
        "type": "Point",
        "coordinates": [
          -1.0096665,
          51.4652539
        ]
      },
      "properties": {
        "id": "osm-w-605989548",
        "category": "parking",
        "name": "Parking",
        "wheelchair": null,
        "fee": null,
        "opening_hours": null,
        "source": "osm"
      }
    },
    {
      "type": "Feature",
      "geometry": {
        "type": "Point",
        "coordinates": [
          -0.9840004,
          51.4526898
        ]
      },
      "properties": {
        "id": "osm-w-607945213",
        "category": "parking",
        "name": "Parking",
        "wheelchair": null,
        "fee": null,
        "opening_hours": null,
        "source": "osm"
      }
    },
    {
      "type": "Feature",
      "geometry": {
        "type": "Point",
        "coordinates": [
          -0.9495718,
          51.4497492
        ]
      },
      "properties": {
        "id": "osm-w-608834576",
        "category": "parking",
        "name": "The Co-operative Food",
        "wheelchair": null,
        "fee": null,
        "opening_hours": null,
        "source": "osm"
      }
    },
    {
      "type": "Feature",
      "geometry": {
        "type": "Point",
        "coordinates": [
          -0.9547674,
          51.4596786
        ]
      },
      "properties": {
        "id": "osm-w-610775267",
        "category": "parking",
        "name": "Pick-Up Point",
        "wheelchair": null,
        "fee": "no",
        "opening_hours": null,
        "source": "osm"
      }
    },
    {
      "type": "Feature",
      "geometry": {
        "type": "Point",
        "coordinates": [
          -1.0051298,
          51.4894986
        ]
      },
      "properties": {
        "id": "osm-w-621310710",
        "category": "parking",
        "name": "Parking",
        "wheelchair": null,
        "fee": null,
        "opening_hours": null,
        "source": "osm"
      }
    },
    {
      "type": "Feature",
      "geometry": {
        "type": "Point",
        "coordinates": [
          -0.99884,
          51.490676
        ]
      },
      "properties": {
        "id": "osm-w-621310711",
        "category": "parking",
        "name": "Parking",
        "wheelchair": null,
        "fee": "no",
        "opening_hours": null,
        "source": "osm"
      }
    },
    {
      "type": "Feature",
      "geometry": {
        "type": "Point",
        "coordinates": [
          -0.9666862,
          51.4480609
        ]
      },
      "properties": {
        "id": "osm-w-624126424",
        "category": "parking",
        "name": "Parking",
        "wheelchair": null,
        "fee": null,
        "opening_hours": null,
        "source": "osm"
      }
    },
    {
      "type": "Feature",
      "geometry": {
        "type": "Point",
        "coordinates": [
          -1.004171,
          51.4584458
        ]
      },
      "properties": {
        "id": "osm-w-624236367",
        "category": "parking",
        "name": "Brock Keep",
        "wheelchair": null,
        "fee": null,
        "opening_hours": null,
        "source": "osm"
      }
    },
    {
      "type": "Feature",
      "geometry": {
        "type": "Point",
        "coordinates": [
          -1.0046143,
          51.4585069
        ]
      },
      "properties": {
        "id": "osm-w-624236369",
        "category": "parking",
        "name": "Parking",
        "wheelchair": null,
        "fee": null,
        "opening_hours": null,
        "source": "osm"
      }
    },
    {
      "type": "Feature",
      "geometry": {
        "type": "Point",
        "coordinates": [
          -0.9629989,
          51.4788192
        ]
      },
      "properties": {
        "id": "osm-w-624282979",
        "category": "parking",
        "name": "Parking",
        "wheelchair": null,
        "fee": null,
        "opening_hours": null,
        "source": "osm"
      }
    },
    {
      "type": "Feature",
      "geometry": {
        "type": "Point",
        "coordinates": [
          -0.9731811,
          51.4322066
        ]
      },
      "properties": {
        "id": "osm-w-625045494",
        "category": "parking",
        "name": "Parking",
        "wheelchair": null,
        "fee": null,
        "opening_hours": null,
        "source": "osm"
      }
    },
    {
      "type": "Feature",
      "geometry": {
        "type": "Point",
        "coordinates": [
          -0.9722951,
          51.4317947
        ]
      },
      "properties": {
        "id": "osm-w-625045502",
        "category": "parking",
        "name": "Parking",
        "wheelchair": null,
        "fee": null,
        "opening_hours": null,
        "source": "osm"
      }
    },
    {
      "type": "Feature",
      "geometry": {
        "type": "Point",
        "coordinates": [
          -0.9723652,
          51.4312331
        ]
      },
      "properties": {
        "id": "osm-w-625045506",
        "category": "parking",
        "name": "PCM",
        "wheelchair": null,
        "fee": null,
        "opening_hours": null,
        "source": "osm"
      }
    },
    {
      "type": "Feature",
      "geometry": {
        "type": "Point",
        "coordinates": [
          -0.9561231,
          51.4534483
        ]
      },
      "properties": {
        "id": "osm-w-625760384",
        "category": "shop",
        "name": "Your Local",
        "wheelchair": null,
        "fee": null,
        "opening_hours": null,
        "source": "osm"
      }
    },
    {
      "type": "Feature",
      "geometry": {
        "type": "Point",
        "coordinates": [
          -0.9534475,
          51.4551451
        ]
      },
      "properties": {
        "id": "osm-w-625816472",
        "category": "parking",
        "name": "Parking",
        "wheelchair": null,
        "fee": null,
        "opening_hours": null,
        "source": "osm"
      }
    },
    {
      "type": "Feature",
      "geometry": {
        "type": "Point",
        "coordinates": [
          -0.9560435,
          51.4525498
        ]
      },
      "properties": {
        "id": "osm-w-625816486",
        "category": "parking",
        "name": "Parking",
        "wheelchair": null,
        "fee": "no",
        "opening_hours": null,
        "source": "osm"
      }
    },
    {
      "type": "Feature",
      "geometry": {
        "type": "Point",
        "coordinates": [
          -0.9860829,
          51.433775
        ]
      },
      "properties": {
        "id": "osm-w-626209911",
        "category": "parking",
        "name": "Parking",
        "wheelchair": null,
        "fee": null,
        "opening_hours": null,
        "source": "osm"
      }
    },
    {
      "type": "Feature",
      "geometry": {
        "type": "Point",
        "coordinates": [
          -0.9368648,
          51.4480859
        ]
      },
      "properties": {
        "id": "osm-w-626209914",
        "category": "parking",
        "name": "Alfred Sutton Primary School",
        "wheelchair": null,
        "fee": null,
        "opening_hours": null,
        "source": "osm"
      }
    },
    {
      "type": "Feature",
      "geometry": {
        "type": "Point",
        "coordinates": [
          -0.9717174,
          51.4455087
        ]
      },
      "properties": {
        "id": "osm-w-627422402",
        "category": "parking",
        "name": "Parking",
        "wheelchair": null,
        "fee": null,
        "opening_hours": null,
        "source": "osm"
      }
    },
    {
      "type": "Feature",
      "geometry": {
        "type": "Point",
        "coordinates": [
          -1.0068263,
          51.4597403
        ]
      },
      "properties": {
        "id": "osm-w-627443444",
        "category": "parking",
        "name": "Tulip Styles parking",
        "wheelchair": null,
        "fee": "no",
        "opening_hours": null,
        "source": "osm"
      }
    },
    {
      "type": "Feature",
      "geometry": {
        "type": "Point",
        "coordinates": [
          -0.9631057,
          51.4395358
        ]
      },
      "properties": {
        "id": "osm-w-628227150",
        "category": "parking",
        "name": "Parking",
        "wheelchair": null,
        "fee": null,
        "opening_hours": null,
        "source": "osm"
      }
    },
    {
      "type": "Feature",
      "geometry": {
        "type": "Point",
        "coordinates": [
          -0.9674998,
          51.4437822
        ]
      },
      "properties": {
        "id": "osm-w-629212759",
        "category": "parking",
        "name": "Milman Road Health Centre",
        "wheelchair": null,
        "fee": "no",
        "opening_hours": null,
        "source": "osm"
      }
    },
    {
      "type": "Feature",
      "geometry": {
        "type": "Point",
        "coordinates": [
          -0.9681726,
          51.444022
        ]
      },
      "properties": {
        "id": "osm-w-629212761",
        "category": "parking",
        "name": "New Christ Church Church of England Primary School",
        "wheelchair": null,
        "fee": null,
        "opening_hours": null,
        "source": "osm"
      }
    },
    {
      "type": "Feature",
      "geometry": {
        "type": "Point",
        "coordinates": [
          -0.9732904,
          51.4440165
        ]
      },
      "properties": {
        "id": "osm-w-629212791",
        "category": "parking",
        "name": "Parking",
        "wheelchair": null,
        "fee": null,
        "opening_hours": null,
        "source": "osm"
      }
    },
    {
      "type": "Feature",
      "geometry": {
        "type": "Point",
        "coordinates": [
          -0.9875981,
          51.4439998
        ]
      },
      "properties": {
        "id": "osm-w-630767627",
        "category": "parking",
        "name": "Parking",
        "wheelchair": null,
        "fee": null,
        "opening_hours": null,
        "source": "osm"
      }
    },
    {
      "type": "Feature",
      "geometry": {
        "type": "Point",
        "coordinates": [
          -0.9893677,
          51.4421522
        ]
      },
      "properties": {
        "id": "osm-w-631098748",
        "category": "parking",
        "name": "Parking",
        "wheelchair": null,
        "fee": null,
        "opening_hours": null,
        "source": "osm"
      }
    },
    {
      "type": "Feature",
      "geometry": {
        "type": "Point",
        "coordinates": [
          -0.9929141,
          51.4435364
        ]
      },
      "properties": {
        "id": "osm-w-631628430",
        "category": "parking",
        "name": "Parking",
        "wheelchair": null,
        "fee": null,
        "opening_hours": null,
        "source": "osm"
      }
    },
    {
      "type": "Feature",
      "geometry": {
        "type": "Point",
        "coordinates": [
          -0.992303,
          51.4438966
        ]
      },
      "properties": {
        "id": "osm-w-631628433",
        "category": "parking",
        "name": "Parking",
        "wheelchair": null,
        "fee": null,
        "opening_hours": null,
        "source": "osm"
      }
    },
    {
      "type": "Feature",
      "geometry": {
        "type": "Point",
        "coordinates": [
          -0.9943264,
          51.4444682
        ]
      },
      "properties": {
        "id": "osm-w-631628529",
        "category": "parking",
        "name": "Parking",
        "wheelchair": null,
        "fee": "no",
        "opening_hours": null,
        "source": "osm"
      }
    },
    {
      "type": "Feature",
      "geometry": {
        "type": "Point",
        "coordinates": [
          -0.9774901,
          51.4679186
        ]
      },
      "properties": {
        "id": "osm-w-642711050",
        "category": "parking",
        "name": "Parking",
        "wheelchair": null,
        "fee": null,
        "opening_hours": null,
        "source": "osm"
      }
    },
    {
      "type": "Feature",
      "geometry": {
        "type": "Point",
        "coordinates": [
          -0.9775318,
          51.4670222
        ]
      },
      "properties": {
        "id": "osm-w-642711051",
        "category": "parking",
        "name": "Parking",
        "wheelchair": null,
        "fee": "no",
        "opening_hours": null,
        "source": "osm"
      }
    },
    {
      "type": "Feature",
      "geometry": {
        "type": "Point",
        "coordinates": [
          -0.9652861,
          51.4402195
        ]
      },
      "properties": {
        "id": "osm-w-645974946",
        "category": "parking",
        "name": "Parking",
        "wheelchair": null,
        "fee": null,
        "opening_hours": null,
        "source": "osm"
      }
    },
    {
      "type": "Feature",
      "geometry": {
        "type": "Point",
        "coordinates": [
          -0.9670872,
          51.4388249
        ]
      },
      "properties": {
        "id": "osm-w-645974966",
        "category": "parking",
        "name": "Parking",
        "wheelchair": null,
        "fee": null,
        "opening_hours": null,
        "source": "osm"
      }
    },
    {
      "type": "Feature",
      "geometry": {
        "type": "Point",
        "coordinates": [
          -0.9320715,
          51.4625406
        ]
      },
      "properties": {
        "id": "osm-w-653570635",
        "category": "parking",
        "name": "Parking",
        "wheelchair": null,
        "fee": null,
        "opening_hours": null,
        "source": "osm"
      }
    },
    {
      "type": "Feature",
      "geometry": {
        "type": "Point",
        "coordinates": [
          -0.9690446,
          51.4542289
        ]
      },
      "properties": {
        "id": "osm-w-661130458",
        "category": "parking",
        "name": "The Horse & Barge",
        "wheelchair": null,
        "fee": "yes",
        "opening_hours": null,
        "source": "osm"
      }
    },
    {
      "type": "Feature",
      "geometry": {
        "type": "Point",
        "coordinates": [
          -0.9620294,
          51.4407464
        ]
      },
      "properties": {
        "id": "osm-w-664875706",
        "category": "parking",
        "name": "Parking",
        "wheelchair": null,
        "fee": "no",
        "opening_hours": null,
        "source": "osm"
      }
    },
    {
      "type": "Feature",
      "geometry": {
        "type": "Point",
        "coordinates": [
          -1.0164038,
          51.4465752
        ]
      },
      "properties": {
        "id": "osm-w-666537694",
        "category": "parking",
        "name": "Student Drop Off",
        "wheelchair": null,
        "fee": "no",
        "opening_hours": null,
        "source": "osm"
      }
    },
    {
      "type": "Feature",
      "geometry": {
        "type": "Point",
        "coordinates": [
          -1.0164699,
          51.4469546
        ]
      },
      "properties": {
        "id": "osm-w-666537696",
        "category": "parking",
        "name": "Parking",
        "wheelchair": null,
        "fee": null,
        "opening_hours": null,
        "source": "osm"
      }
    },
    {
      "type": "Feature",
      "geometry": {
        "type": "Point",
        "coordinates": [
          -0.9387741,
          51.448304
        ]
      },
      "properties": {
        "id": "osm-w-667462650",
        "category": "parking",
        "name": "Parking",
        "wheelchair": null,
        "fee": null,
        "opening_hours": null,
        "source": "osm"
      }
    },
    {
      "type": "Feature",
      "geometry": {
        "type": "Point",
        "coordinates": [
          -0.9740197,
          51.4467822
        ]
      },
      "properties": {
        "id": "osm-w-667858173",
        "category": "parking",
        "name": "Parking",
        "wheelchair": null,
        "fee": null,
        "opening_hours": null,
        "source": "osm"
      }
    },
    {
      "type": "Feature",
      "geometry": {
        "type": "Point",
        "coordinates": [
          -0.9704448,
          51.4516669
        ]
      },
      "properties": {
        "id": "osm-w-667909000",
        "category": "parking",
        "name": "Parking",
        "wheelchair": null,
        "fee": null,
        "opening_hours": null,
        "source": "osm"
      }
    },
    {
      "type": "Feature",
      "geometry": {
        "type": "Point",
        "coordinates": [
          -0.9660594,
          51.4458426
        ]
      },
      "properties": {
        "id": "osm-w-670262767",
        "category": "toilet",
        "name": "Toilet",
        "wheelchair": "yes",
        "fee": "yes",
        "opening_hours": null,
        "source": "osm"
      }
    },
    {
      "type": "Feature",
      "geometry": {
        "type": "Point",
        "coordinates": [
          -0.981351,
          51.4579957
        ]
      },
      "properties": {
        "id": "osm-w-670270688",
        "category": "parking",
        "name": "Parking",
        "wheelchair": null,
        "fee": null,
        "opening_hours": null,
        "source": "osm"
      }
    },
    {
      "type": "Feature",
      "geometry": {
        "type": "Point",
        "coordinates": [
          -0.9626935,
          51.4450268
        ]
      },
      "properties": {
        "id": "osm-w-670997101",
        "category": "parking",
        "name": "Parking",
        "wheelchair": null,
        "fee": "no",
        "opening_hours": null,
        "source": "osm"
      }
    },
    {
      "type": "Feature",
      "geometry": {
        "type": "Point",
        "coordinates": [
          -0.974211,
          51.4389321
        ]
      },
      "properties": {
        "id": "osm-w-672360639",
        "category": "parking",
        "name": "Parking",
        "wheelchair": null,
        "fee": "no",
        "opening_hours": null,
        "source": "osm"
      }
    },
    {
      "type": "Feature",
      "geometry": {
        "type": "Point",
        "coordinates": [
          -0.9578661,
          51.4566684
        ]
      },
      "properties": {
        "id": "osm-w-673840326",
        "category": "parking",
        "name": "Parking",
        "wheelchair": null,
        "fee": null,
        "opening_hours": null,
        "source": "osm"
      }
    },
    {
      "type": "Feature",
      "geometry": {
        "type": "Point",
        "coordinates": [
          -0.9677535,
          51.4540731
        ]
      },
      "properties": {
        "id": "osm-w-677279627",
        "category": "parking",
        "name": "Parking",
        "wheelchair": null,
        "fee": null,
        "opening_hours": null,
        "source": "osm"
      }
    },
    {
      "type": "Feature",
      "geometry": {
        "type": "Point",
        "coordinates": [
          -0.9789473,
          51.4499604
        ]
      },
      "properties": {
        "id": "osm-w-679071681",
        "category": "parking",
        "name": "Parking",
        "wheelchair": null,
        "fee": null,
        "opening_hours": null,
        "source": "osm"
      }
    },
    {
      "type": "Feature",
      "geometry": {
        "type": "Point",
        "coordinates": [
          -0.9438146,
          51.4549446
        ]
      },
      "properties": {
        "id": "osm-w-682931330",
        "category": "shop",
        "name": "Yuvraj's Mini Market",
        "wheelchair": null,
        "fee": null,
        "opening_hours": "Mo-Su 09:00-22:00",
        "source": "osm"
      }
    },
    {
      "type": "Feature",
      "geometry": {
        "type": "Point",
        "coordinates": [
          -0.9450215,
          51.4566794
        ]
      },
      "properties": {
        "id": "osm-w-682931400",
        "category": "parking",
        "name": "Parking",
        "wheelchair": null,
        "fee": null,
        "opening_hours": null,
        "source": "osm"
      }
    },
    {
      "type": "Feature",
      "geometry": {
        "type": "Point",
        "coordinates": [
          -0.9471994,
          51.454949
        ]
      },
      "properties": {
        "id": "osm-w-683428128",
        "category": "shop",
        "name": "Al Rehman General Store",
        "wheelchair": null,
        "fee": null,
        "opening_hours": null,
        "source": "osm"
      }
    },
    {
      "type": "Feature",
      "geometry": {
        "type": "Point",
        "coordinates": [
          -0.9464584,
          51.4538225
        ]
      },
      "properties": {
        "id": "osm-w-683428208",
        "category": "shop",
        "name": "M.A.P Food & Superstore",
        "wheelchair": null,
        "fee": null,
        "opening_hours": null,
        "source": "osm"
      }
    },
    {
      "type": "Feature",
      "geometry": {
        "type": "Point",
        "coordinates": [
          -0.969538,
          51.4426548
        ]
      },
      "properties": {
        "id": "osm-w-683742357",
        "category": "parking",
        "name": "Parking",
        "wheelchair": null,
        "fee": null,
        "opening_hours": null,
        "source": "osm"
      }
    },
    {
      "type": "Feature",
      "geometry": {
        "type": "Point",
        "coordinates": [
          -0.9919923,
          51.4493968
        ]
      },
      "properties": {
        "id": "osm-w-685079591",
        "category": "parking",
        "name": "Parking",
        "wheelchair": null,
        "fee": null,
        "opening_hours": null,
        "source": "osm"
      }
    },
    {
      "type": "Feature",
      "geometry": {
        "type": "Point",
        "coordinates": [
          -1.004763,
          51.4450235
        ]
      },
      "properties": {
        "id": "osm-w-685079599",
        "category": "parking",
        "name": "Parking",
        "wheelchair": null,
        "fee": null,
        "opening_hours": null,
        "source": "osm"
      }
    },
    {
      "type": "Feature",
      "geometry": {
        "type": "Point",
        "coordinates": [
          -0.9747164,
          51.4510296
        ]
      },
      "properties": {
        "id": "osm-w-686117585",
        "category": "parking",
        "name": "Parking",
        "wheelchair": null,
        "fee": null,
        "opening_hours": null,
        "source": "osm"
      }
    },
    {
      "type": "Feature",
      "geometry": {
        "type": "Point",
        "coordinates": [
          -0.9467424,
          51.4537396
        ]
      },
      "properties": {
        "id": "osm-w-688218067",
        "category": "cafe",
        "name": "Namak Mirch",
        "wheelchair": null,
        "fee": null,
        "opening_hours": null,
        "source": "osm"
      }
    },
    {
      "type": "Feature",
      "geometry": {
        "type": "Point",
        "coordinates": [
          -0.9857349,
          51.4642848
        ]
      },
      "properties": {
        "id": "osm-w-690074274",
        "category": "parking",
        "name": "Parking",
        "wheelchair": null,
        "fee": "no",
        "opening_hours": null,
        "source": "osm"
      }
    },
    {
      "type": "Feature",
      "geometry": {
        "type": "Point",
        "coordinates": [
          -0.9892893,
          51.4620883
        ]
      },
      "properties": {
        "id": "osm-w-690074306",
        "category": "parking",
        "name": "Parking",
        "wheelchair": null,
        "fee": null,
        "opening_hours": null,
        "source": "osm"
      }
    },
    {
      "type": "Feature",
      "geometry": {
        "type": "Point",
        "coordinates": [
          -0.9892264,
          51.4617959
        ]
      },
      "properties": {
        "id": "osm-w-690074307",
        "category": "parking",
        "name": "Parking",
        "wheelchair": null,
        "fee": null,
        "opening_hours": null,
        "source": "osm"
      }
    },
    {
      "type": "Feature",
      "geometry": {
        "type": "Point",
        "coordinates": [
          -1.011901,
          51.4646963
        ]
      },
      "properties": {
        "id": "osm-w-690074339",
        "category": "parking",
        "name": "IBIS Car Park C",
        "wheelchair": null,
        "fee": null,
        "opening_hours": null,
        "source": "osm"
      }
    },
    {
      "type": "Feature",
      "geometry": {
        "type": "Point",
        "coordinates": [
          -1.0122777,
          51.4650042
        ]
      },
      "properties": {
        "id": "osm-w-690074349",
        "category": "parking",
        "name": "Parking",
        "wheelchair": null,
        "fee": null,
        "opening_hours": null,
        "source": "osm"
      }
    },
    {
      "type": "Feature",
      "geometry": {
        "type": "Point",
        "coordinates": [
          -1.0083214,
          51.4650814
        ]
      },
      "properties": {
        "id": "osm-w-690074357",
        "category": "parking",
        "name": "Parking",
        "wheelchair": null,
        "fee": null,
        "opening_hours": null,
        "source": "osm"
      }
    },
    {
      "type": "Feature",
      "geometry": {
        "type": "Point",
        "coordinates": [
          -0.9785439,
          51.46596
        ]
      },
      "properties": {
        "id": "osm-w-690336674",
        "category": "parking",
        "name": "Parking",
        "wheelchair": null,
        "fee": null,
        "opening_hours": null,
        "source": "osm"
      }
    },
    {
      "type": "Feature",
      "geometry": {
        "type": "Point",
        "coordinates": [
          -1.0139702,
          51.4624041
        ]
      },
      "properties": {
        "id": "osm-w-690817701",
        "category": "parking",
        "name": "Parking",
        "wheelchair": null,
        "fee": "no",
        "opening_hours": null,
        "source": "osm"
      }
    },
    {
      "type": "Feature",
      "geometry": {
        "type": "Point",
        "coordinates": [
          -0.9779632,
          51.4646178
        ]
      },
      "properties": {
        "id": "osm-w-690817713",
        "category": "parking",
        "name": "Parking",
        "wheelchair": null,
        "fee": null,
        "opening_hours": null,
        "source": "osm"
      }
    },
    {
      "type": "Feature",
      "geometry": {
        "type": "Point",
        "coordinates": [
          -0.9783422,
          51.4645161
        ]
      },
      "properties": {
        "id": "osm-w-690817714",
        "category": "fuel",
        "name": "BP",
        "wheelchair": null,
        "fee": null,
        "opening_hours": null,
        "source": "osm"
      }
    },
    {
      "type": "Feature",
      "geometry": {
        "type": "Point",
        "coordinates": [
          -0.9656474,
          51.4596744
        ]
      },
      "properties": {
        "id": "osm-w-694588177",
        "category": "parking",
        "name": "Thames Lido",
        "wheelchair": null,
        "fee": "yes",
        "opening_hours": null,
        "source": "osm"
      }
    },
    {
      "type": "Feature",
      "geometry": {
        "type": "Point",
        "coordinates": [
          -0.9757866,
          51.453646
        ]
      },
      "properties": {
        "id": "osm-w-697034857",
        "category": "parking",
        "name": "Civic Centre B",
        "wheelchair": null,
        "fee": "yes",
        "opening_hours": null,
        "source": "osm"
      }
    },
    {
      "type": "Feature",
      "geometry": {
        "type": "Point",
        "coordinates": [
          -0.9743578,
          51.4667468
        ]
      },
      "properties": {
        "id": "osm-w-700428949",
        "category": "parking",
        "name": "Parking",
        "wheelchair": null,
        "fee": "no",
        "opening_hours": null,
        "source": "osm"
      }
    },
    {
      "type": "Feature",
      "geometry": {
        "type": "Point",
        "coordinates": [
          -0.999501,
          51.4466185
        ]
      },
      "properties": {
        "id": "osm-w-708797924",
        "category": "parking",
        "name": "Parking",
        "wheelchair": null,
        "fee": null,
        "opening_hours": null,
        "source": "osm"
      }
    },
    {
      "type": "Feature",
      "geometry": {
        "type": "Point",
        "coordinates": [
          -0.9719499,
          51.4673575
        ]
      },
      "properties": {
        "id": "osm-w-709363105",
        "category": "parking",
        "name": "Parking",
        "wheelchair": null,
        "fee": "no",
        "opening_hours": null,
        "source": "osm"
      }
    },
    {
      "type": "Feature",
      "geometry": {
        "type": "Point",
        "coordinates": [
          -0.9686016,
          51.4625281
        ]
      },
      "properties": {
        "id": "osm-w-709363114",
        "category": "toilet",
        "name": "Toilet",
        "wheelchair": null,
        "fee": null,
        "opening_hours": null,
        "source": "osm"
      }
    },
    {
      "type": "Feature",
      "geometry": {
        "type": "Point",
        "coordinates": [
          -0.9747073,
          51.4666595
        ]
      },
      "properties": {
        "id": "osm-w-709363130",
        "category": "parking",
        "name": "Parking",
        "wheelchair": null,
        "fee": null,
        "opening_hours": null,
        "source": "osm"
      }
    },
    {
      "type": "Feature",
      "geometry": {
        "type": "Point",
        "coordinates": [
          -0.9656501,
          51.4640434
        ]
      },
      "properties": {
        "id": "osm-w-709363132",
        "category": "fuel",
        "name": "Shell",
        "wheelchair": null,
        "fee": null,
        "opening_hours": "Mo-Su 06:00-22:00",
        "source": "osm"
      }
    },
    {
      "type": "Feature",
      "geometry": {
        "type": "Point",
        "coordinates": [
          -1.0290713,
          51.4521116
        ]
      },
      "properties": {
        "id": "osm-w-712308208",
        "category": "parking",
        "name": "Parking",
        "wheelchair": null,
        "fee": null,
        "opening_hours": null,
        "source": "osm"
      }
    },
    {
      "type": "Feature",
      "geometry": {
        "type": "Point",
        "coordinates": [
          -0.9333103,
          51.4777642
        ]
      },
      "properties": {
        "id": "osm-w-727868411",
        "category": "parking",
        "name": "Parking",
        "wheelchair": null,
        "fee": null,
        "opening_hours": null,
        "source": "osm"
      }
    },
    {
      "type": "Feature",
      "geometry": {
        "type": "Point",
        "coordinates": [
          -1.0275999,
          51.4434774
        ]
      },
      "properties": {
        "id": "osm-w-738284510",
        "category": "parking",
        "name": "Parking",
        "wheelchair": null,
        "fee": null,
        "opening_hours": null,
        "source": "osm"
      }
    },
    {
      "type": "Feature",
      "geometry": {
        "type": "Point",
        "coordinates": [
          -0.9758478,
          51.4757454
        ]
      },
      "properties": {
        "id": "osm-w-750592388",
        "category": "parking",
        "name": "Parking",
        "wheelchair": null,
        "fee": "no",
        "opening_hours": null,
        "source": "osm"
      }
    },
    {
      "type": "Feature",
      "geometry": {
        "type": "Point",
        "coordinates": [
          -0.9740777,
          51.458662
        ]
      },
      "properties": {
        "id": "osm-w-753128395",
        "category": "parking",
        "name": "Drop Off West",
        "wheelchair": null,
        "fee": null,
        "opening_hours": null,
        "source": "osm"
      }
    },
    {
      "type": "Feature",
      "geometry": {
        "type": "Point",
        "coordinates": [
          -1.0097505,
          51.4612193
        ]
      },
      "properties": {
        "id": "osm-w-753550294",
        "category": "parking",
        "name": "Parking",
        "wheelchair": null,
        "fee": null,
        "opening_hours": null,
        "source": "osm"
      }
    },
    {
      "type": "Feature",
      "geometry": {
        "type": "Point",
        "coordinates": [
          -1.0074238,
          51.4605163
        ]
      },
      "properties": {
        "id": "osm-w-753550353",
        "category": "parking",
        "name": "Parking",
        "wheelchair": null,
        "fee": null,
        "opening_hours": null,
        "source": "osm"
      }
    },
    {
      "type": "Feature",
      "geometry": {
        "type": "Point",
        "coordinates": [
          -1.0077063,
          51.4605859
        ]
      },
      "properties": {
        "id": "osm-w-753550354",
        "category": "parking",
        "name": "Parking",
        "wheelchair": null,
        "fee": null,
        "opening_hours": null,
        "source": "osm"
      }
    },
    {
      "type": "Feature",
      "geometry": {
        "type": "Point",
        "coordinates": [
          -1.0215172,
          51.4436173
        ]
      },
      "properties": {
        "id": "osm-w-755627912",
        "category": "parking",
        "name": "Parking",
        "wheelchair": null,
        "fee": "no",
        "opening_hours": null,
        "source": "osm"
      }
    },
    {
      "type": "Feature",
      "geometry": {
        "type": "Point",
        "coordinates": [
          -1.0046693,
          51.4539945
        ]
      },
      "properties": {
        "id": "osm-w-757666569",
        "category": "parking",
        "name": "Parking",
        "wheelchair": null,
        "fee": null,
        "opening_hours": null,
        "source": "osm"
      }
    },
    {
      "type": "Feature",
      "geometry": {
        "type": "Point",
        "coordinates": [
          -0.9848951,
          51.442541
        ]
      },
      "properties": {
        "id": "osm-w-760082031",
        "category": "parking",
        "name": "Parking",
        "wheelchair": null,
        "fee": null,
        "opening_hours": null,
        "source": "osm"
      }
    },
    {
      "type": "Feature",
      "geometry": {
        "type": "Point",
        "coordinates": [
          -0.9916149,
          51.4553154
        ]
      },
      "properties": {
        "id": "osm-w-762298328",
        "category": "parking",
        "name": "Parking",
        "wheelchair": null,
        "fee": null,
        "opening_hours": null,
        "source": "osm"
      }
    },
    {
      "type": "Feature",
      "geometry": {
        "type": "Point",
        "coordinates": [
          -0.9985149,
          51.4471753
        ]
      },
      "properties": {
        "id": "osm-w-766310493",
        "category": "parking",
        "name": "Parking",
        "wheelchair": null,
        "fee": "yes",
        "opening_hours": null,
        "source": "osm"
      }
    },
    {
      "type": "Feature",
      "geometry": {
        "type": "Point",
        "coordinates": [
          -0.966872,
          51.4493702
        ]
      },
      "properties": {
        "id": "osm-w-772722250",
        "category": "parking",
        "name": "Parking",
        "wheelchair": null,
        "fee": null,
        "opening_hours": null,
        "source": "osm"
      }
    },
    {
      "type": "Feature",
      "geometry": {
        "type": "Point",
        "coordinates": [
          -0.9740845,
          51.4336372
        ]
      },
      "properties": {
        "id": "osm-w-775121043",
        "category": "parking",
        "name": "Parking",
        "wheelchair": null,
        "fee": null,
        "opening_hours": null,
        "source": "osm"
      }
    },
    {
      "type": "Feature",
      "geometry": {
        "type": "Point",
        "coordinates": [
          -0.9985475,
          51.4616319
        ]
      },
      "properties": {
        "id": "osm-w-783251793",
        "category": "parking",
        "name": "door store",
        "wheelchair": null,
        "fee": null,
        "opening_hours": null,
        "source": "osm"
      }
    },
    {
      "type": "Feature",
      "geometry": {
        "type": "Point",
        "coordinates": [
          -0.9499318,
          51.4484074
        ]
      },
      "properties": {
        "id": "osm-w-799403549",
        "category": "cafe",
        "name": "Monty's Cafe",
        "wheelchair": null,
        "fee": null,
        "opening_hours": null,
        "source": "osm"
      }
    },
    {
      "type": "Feature",
      "geometry": {
        "type": "Point",
        "coordinates": [
          -0.947257,
          51.4523465
        ]
      },
      "properties": {
        "id": "osm-w-818074262",
        "category": "parking",
        "name": "Parking",
        "wheelchair": null,
        "fee": null,
        "opening_hours": null,
        "source": "osm"
      }
    },
    {
      "type": "Feature",
      "geometry": {
        "type": "Point",
        "coordinates": [
          -1.0292301,
          51.4543671
        ]
      },
      "properties": {
        "id": "osm-w-821231139",
        "category": "parking",
        "name": "Parking",
        "wheelchair": null,
        "fee": "no",
        "opening_hours": null,
        "source": "osm"
      }
    },
    {
      "type": "Feature",
      "geometry": {
        "type": "Point",
        "coordinates": [
          -1.0040446,
          51.4529124
        ]
      },
      "properties": {
        "id": "osm-w-831761438",
        "category": "parking",
        "name": "Parking",
        "wheelchair": null,
        "fee": null,
        "opening_hours": null,
        "source": "osm"
      }
    },
    {
      "type": "Feature",
      "geometry": {
        "type": "Point",
        "coordinates": [
          -1.0029946,
          51.4528433
        ]
      },
      "properties": {
        "id": "osm-w-831761442",
        "category": "parking",
        "name": "Parking",
        "wheelchair": null,
        "fee": null,
        "opening_hours": null,
        "source": "osm"
      }
    },
    {
      "type": "Feature",
      "geometry": {
        "type": "Point",
        "coordinates": [
          -1.0037162,
          51.4532367
        ]
      },
      "properties": {
        "id": "osm-w-831763946",
        "category": "parking",
        "name": "Parking",
        "wheelchair": null,
        "fee": null,
        "opening_hours": null,
        "source": "osm"
      }
    },
    {
      "type": "Feature",
      "geometry": {
        "type": "Point",
        "coordinates": [
          -1.0034208,
          51.4533661
        ]
      },
      "properties": {
        "id": "osm-w-832165120",
        "category": "parking",
        "name": "Parking",
        "wheelchair": null,
        "fee": null,
        "opening_hours": null,
        "source": "osm"
      }
    },
    {
      "type": "Feature",
      "geometry": {
        "type": "Point",
        "coordinates": [
          -1.0022161,
          51.4526119
        ]
      },
      "properties": {
        "id": "osm-w-832165123",
        "category": "parking",
        "name": "Parking",
        "wheelchair": null,
        "fee": null,
        "opening_hours": null,
        "source": "osm"
      }
    },
    {
      "type": "Feature",
      "geometry": {
        "type": "Point",
        "coordinates": [
          -1.0019511,
          51.4525013
        ]
      },
      "properties": {
        "id": "osm-w-832165124",
        "category": "parking",
        "name": "Parking",
        "wheelchair": null,
        "fee": null,
        "opening_hours": null,
        "source": "osm"
      }
    },
    {
      "type": "Feature",
      "geometry": {
        "type": "Point",
        "coordinates": [
          -1.0027186,
          51.4533517
        ]
      },
      "properties": {
        "id": "osm-w-832165125",
        "category": "parking",
        "name": "Parking",
        "wheelchair": null,
        "fee": null,
        "opening_hours": null,
        "source": "osm"
      }
    },
    {
      "type": "Feature",
      "geometry": {
        "type": "Point",
        "coordinates": [
          -1.002676,
          51.453152
        ]
      },
      "properties": {
        "id": "osm-w-832165126",
        "category": "parking",
        "name": "Parking",
        "wheelchair": null,
        "fee": null,
        "opening_hours": null,
        "source": "osm"
      }
    },
    {
      "type": "Feature",
      "geometry": {
        "type": "Point",
        "coordinates": [
          -1.0034019,
          51.4537432
        ]
      },
      "properties": {
        "id": "osm-w-832165127",
        "category": "parking",
        "name": "Parking",
        "wheelchair": null,
        "fee": null,
        "opening_hours": null,
        "source": "osm"
      }
    },
    {
      "type": "Feature",
      "geometry": {
        "type": "Point",
        "coordinates": [
          -1.0387388,
          51.458103
        ]
      },
      "properties": {
        "id": "osm-w-834946829",
        "category": "parking",
        "name": "Parking",
        "wheelchair": null,
        "fee": null,
        "opening_hours": null,
        "source": "osm"
      }
    },
    {
      "type": "Feature",
      "geometry": {
        "type": "Point",
        "coordinates": [
          -0.9635263,
          51.4485514
        ]
      },
      "properties": {
        "id": "osm-w-840942433",
        "category": "parking",
        "name": "Parking",
        "wheelchair": null,
        "fee": null,
        "opening_hours": null,
        "source": "osm"
      }
    },
    {
      "type": "Feature",
      "geometry": {
        "type": "Point",
        "coordinates": [
          -0.9861154,
          51.4800357
        ]
      },
      "properties": {
        "id": "osm-w-844058121",
        "category": "parking",
        "name": "Caversham Rose",
        "wheelchair": null,
        "fee": null,
        "opening_hours": null,
        "source": "osm"
      }
    },
    {
      "type": "Feature",
      "geometry": {
        "type": "Point",
        "coordinates": [
          -1.0006468,
          51.4457144
        ]
      },
      "properties": {
        "id": "osm-w-846432755",
        "category": "parking",
        "name": "Parking",
        "wheelchair": null,
        "fee": null,
        "opening_hours": null,
        "source": "osm"
      }
    },
    {
      "type": "Feature",
      "geometry": {
        "type": "Point",
        "coordinates": [
          -1.0027919,
          51.4427309
        ]
      },
      "properties": {
        "id": "osm-w-846435075",
        "category": "parking",
        "name": "Parking",
        "wheelchair": null,
        "fee": null,
        "opening_hours": null,
        "source": "osm"
      }
    },
    {
      "type": "Feature",
      "geometry": {
        "type": "Point",
        "coordinates": [
          -1.0022165,
          51.4427868
        ]
      },
      "properties": {
        "id": "osm-w-846435076",
        "category": "parking",
        "name": "Parking",
        "wheelchair": null,
        "fee": null,
        "opening_hours": null,
        "source": "osm"
      }
    },
    {
      "type": "Feature",
      "geometry": {
        "type": "Point",
        "coordinates": [
          -0.9663544,
          51.4580938
        ]
      },
      "properties": {
        "id": "osm-w-848920289",
        "category": "parking",
        "name": "Parking",
        "wheelchair": null,
        "fee": null,
        "opening_hours": null,
        "source": "osm"
      }
    },
    {
      "type": "Feature",
      "geometry": {
        "type": "Point",
        "coordinates": [
          -1.0296975,
          51.4714231
        ]
      },
      "properties": {
        "id": "osm-w-851459205",
        "category": "parking",
        "name": "Parking",
        "wheelchair": null,
        "fee": null,
        "opening_hours": null,
        "source": "osm"
      }
    },
    {
      "type": "Feature",
      "geometry": {
        "type": "Point",
        "coordinates": [
          -1.0218622,
          51.4469788
        ]
      },
      "properties": {
        "id": "osm-w-853245369",
        "category": "parking",
        "name": "Parking",
        "wheelchair": null,
        "fee": null,
        "opening_hours": null,
        "source": "osm"
      }
    },
    {
      "type": "Feature",
      "geometry": {
        "type": "Point",
        "coordinates": [
          -0.9484172,
          51.4458425
        ]
      },
      "properties": {
        "id": "osm-w-855872513",
        "category": "parking",
        "name": "Parking",
        "wheelchair": null,
        "fee": null,
        "opening_hours": null,
        "source": "osm"
      }
    },
    {
      "type": "Feature",
      "geometry": {
        "type": "Point",
        "coordinates": [
          -0.9468216,
          51.4461041
        ]
      },
      "properties": {
        "id": "osm-w-855872519",
        "category": "parking",
        "name": "Parking",
        "wheelchair": null,
        "fee": null,
        "opening_hours": null,
        "source": "osm"
      }
    },
    {
      "type": "Feature",
      "geometry": {
        "type": "Point",
        "coordinates": [
          -0.9855427,
          51.4522135
        ]
      },
      "properties": {
        "id": "osm-w-860762316",
        "category": "parking",
        "name": "Parking",
        "wheelchair": null,
        "fee": "no",
        "opening_hours": null,
        "source": "osm"
      }
    },
    {
      "type": "Feature",
      "geometry": {
        "type": "Point",
        "coordinates": [
          -1.0192154,
          51.4445254
        ]
      },
      "properties": {
        "id": "osm-w-865370267",
        "category": "parking",
        "name": "Parking",
        "wheelchair": null,
        "fee": null,
        "opening_hours": null,
        "source": "osm"
      }
    },
    {
      "type": "Feature",
      "geometry": {
        "type": "Point",
        "coordinates": [
          -0.9748721,
          51.4552695
        ]
      },
      "properties": {
        "id": "osm-w-888702342",
        "category": "cafe",
        "name": "Caff\u00e8 Nero",
        "wheelchair": null,
        "fee": null,
        "opening_hours": "Mo-Fr 06:00-20:00; Sa 07:00-20:00; Su 07:30-19:00",
        "source": "osm"
      }
    },
    {
      "type": "Feature",
      "geometry": {
        "type": "Point",
        "coordinates": [
          -0.9500041,
          51.4387966
        ]
      },
      "properties": {
        "id": "osm-w-900426421",
        "category": "parking",
        "name": "Parking",
        "wheelchair": null,
        "fee": null,
        "opening_hours": null,
        "source": "osm"
      }
    },
    {
      "type": "Feature",
      "geometry": {
        "type": "Point",
        "coordinates": [
          -0.9251858,
          51.4635904
        ]
      },
      "properties": {
        "id": "osm-w-905915231",
        "category": "parking",
        "name": "Parking",
        "wheelchair": null,
        "fee": null,
        "opening_hours": null,
        "source": "osm"
      }
    },
    {
      "type": "Feature",
      "geometry": {
        "type": "Point",
        "coordinates": [
          -0.9500683,
          51.4494148
        ]
      },
      "properties": {
        "id": "osm-w-913306113",
        "category": "cafe",
        "name": "Caf\u00e9 YOLK",
        "wheelchair": null,
        "fee": null,
        "opening_hours": "08:00-16:00",
        "source": "osm"
      }
    },
    {
      "type": "Feature",
      "geometry": {
        "type": "Point",
        "coordinates": [
          -0.9480941,
          51.4526975
        ]
      },
      "properties": {
        "id": "osm-w-938205597",
        "category": "cafe",
        "name": "Cafe Yolk",
        "wheelchair": null,
        "fee": null,
        "opening_hours": null,
        "source": "osm"
      }
    },
    {
      "type": "Feature",
      "geometry": {
        "type": "Point",
        "coordinates": [
          -0.9785898,
          51.4641646
        ]
      },
      "properties": {
        "id": "osm-w-938206772",
        "category": "parking",
        "name": "Parking",
        "wheelchair": null,
        "fee": null,
        "opening_hours": null,
        "source": "osm"
      }
    },
    {
      "type": "Feature",
      "geometry": {
        "type": "Point",
        "coordinates": [
          -1.0167899,
          51.4495546
        ]
      },
      "properties": {
        "id": "osm-w-943828996",
        "category": "toilet",
        "name": "Toilet",
        "wheelchair": null,
        "fee": null,
        "opening_hours": null,
        "source": "osm"
      }
    },
    {
      "type": "Feature",
      "geometry": {
        "type": "Point",
        "coordinates": [
          -1.0242745,
          51.4513192
        ]
      },
      "properties": {
        "id": "osm-w-943829951",
        "category": "parking",
        "name": "Parking",
        "wheelchair": null,
        "fee": null,
        "opening_hours": null,
        "source": "osm"
      }
    },
    {
      "type": "Feature",
      "geometry": {
        "type": "Point",
        "coordinates": [
          -1.0102581,
          51.4418685
        ]
      },
      "properties": {
        "id": "osm-w-962875786",
        "category": "parking",
        "name": "Parking",
        "wheelchair": null,
        "fee": null,
        "opening_hours": null,
        "source": "osm"
      }
    },
    {
      "type": "Feature",
      "geometry": {
        "type": "Point",
        "coordinates": [
          -1.01169,
          51.4554526
        ]
      },
      "properties": {
        "id": "osm-w-963235812",
        "category": "parking",
        "name": "Parking",
        "wheelchair": null,
        "fee": null,
        "opening_hours": null,
        "source": "osm"
      }
    },
    {
      "type": "Feature",
      "geometry": {
        "type": "Point",
        "coordinates": [
          -0.9292931,
          51.4612472
        ]
      },
      "properties": {
        "id": "osm-w-999518929",
        "category": "cafe",
        "name": "Park Kitchen",
        "wheelchair": null,
        "fee": null,
        "opening_hours": "Mo-Fr 07:30-15:00",
        "source": "osm"
      }
    },
    {
      "type": "Feature",
      "geometry": {
        "type": "Point",
        "coordinates": [
          -1.0178493,
          51.4447002
        ]
      },
      "properties": {
        "id": "osm-w-1005076187",
        "category": "parking",
        "name": "Parking",
        "wheelchair": null,
        "fee": "no",
        "opening_hours": null,
        "source": "osm"
      }
    },
    {
      "type": "Feature",
      "geometry": {
        "type": "Point",
        "coordinates": [
          -0.9712241,
          51.4585223
        ]
      },
      "properties": {
        "id": "osm-w-1013406550",
        "category": "toilet",
        "name": "Toilet",
        "wheelchair": "yes",
        "fee": "no",
        "opening_hours": null,
        "source": "osm"
      }
    },
    {
      "type": "Feature",
      "geometry": {
        "type": "Point",
        "coordinates": [
          -0.9493122,
          51.4526338
        ]
      },
      "properties": {
        "id": "osm-w-1019819198",
        "category": "cafe",
        "name": "Early Cafe",
        "wheelchair": null,
        "fee": null,
        "opening_hours": null,
        "source": "osm"
      }
    },
    {
      "type": "Feature",
      "geometry": {
        "type": "Point",
        "coordinates": [
          -0.9613384,
          51.4667602
        ]
      },
      "properties": {
        "id": "osm-w-1021794090",
        "category": "parking",
        "name": "Parking",
        "wheelchair": null,
        "fee": null,
        "opening_hours": null,
        "source": "osm"
      }
    },
    {
      "type": "Feature",
      "geometry": {
        "type": "Point",
        "coordinates": [
          -0.9607783,
          51.4667319
        ]
      },
      "properties": {
        "id": "osm-w-1021794091",
        "category": "parking",
        "name": "Parking",
        "wheelchair": null,
        "fee": null,
        "opening_hours": null,
        "source": "osm"
      }
    },
    {
      "type": "Feature",
      "geometry": {
        "type": "Point",
        "coordinates": [
          -0.9602282,
          51.4668264
        ]
      },
      "properties": {
        "id": "osm-w-1021794092",
        "category": "parking",
        "name": "Parking",
        "wheelchair": null,
        "fee": null,
        "opening_hours": null,
        "source": "osm"
      }
    },
    {
      "type": "Feature",
      "geometry": {
        "type": "Point",
        "coordinates": [
          -0.9714727,
          51.4690493
        ]
      },
      "properties": {
        "id": "osm-w-1022351408",
        "category": "parking",
        "name": "Parking",
        "wheelchair": null,
        "fee": null,
        "opening_hours": null,
        "source": "osm"
      }
    },
    {
      "type": "Feature",
      "geometry": {
        "type": "Point",
        "coordinates": [
          -0.9645972,
          51.4590356
        ]
      },
      "properties": {
        "id": "osm-w-1053576925",
        "category": "parking",
        "name": "Parking",
        "wheelchair": null,
        "fee": null,
        "opening_hours": null,
        "source": "osm"
      }
    },
    {
      "type": "Feature",
      "geometry": {
        "type": "Point",
        "coordinates": [
          -0.964048,
          51.4927771
        ]
      },
      "properties": {
        "id": "osm-w-1069320211",
        "category": "parking",
        "name": "Parking",
        "wheelchair": null,
        "fee": "no",
        "opening_hours": null,
        "source": "osm"
      }
    },
    {
      "type": "Feature",
      "geometry": {
        "type": "Point",
        "coordinates": [
          -0.9453418,
          51.4920266
        ]
      },
      "properties": {
        "id": "osm-w-1072239572",
        "category": "parking",
        "name": "All Saints Church",
        "wheelchair": null,
        "fee": "no",
        "opening_hours": null,
        "source": "osm"
      }
    },
    {
      "type": "Feature",
      "geometry": {
        "type": "Point",
        "coordinates": [
          -0.9743715,
          51.4557277
        ]
      },
      "properties": {
        "id": "osm-w-1081002727",
        "category": "cafe",
        "name": "Black Sheep Coffee",
        "wheelchair": null,
        "fee": null,
        "opening_hours": null,
        "source": "osm"
      }
    },
    {
      "type": "Feature",
      "geometry": {
        "type": "Point",
        "coordinates": [
          -0.9361333,
          51.4549174
        ]
      },
      "properties": {
        "id": "osm-w-1087124457",
        "category": "parking",
        "name": "Parking",
        "wheelchair": null,
        "fee": null,
        "opening_hours": null,
        "source": "osm"
      }
    },
    {
      "type": "Feature",
      "geometry": {
        "type": "Point",
        "coordinates": [
          -0.996095,
          51.4476279
        ]
      },
      "properties": {
        "id": "osm-w-1087259356",
        "category": "parking",
        "name": "Parking",
        "wheelchair": null,
        "fee": "no",
        "opening_hours": null,
        "source": "osm"
      }
    },
    {
      "type": "Feature",
      "geometry": {
        "type": "Point",
        "coordinates": [
          -0.9383758,
          51.4521059
        ]
      },
      "properties": {
        "id": "osm-w-1124305070",
        "category": "parking",
        "name": "Parking",
        "wheelchair": null,
        "fee": "no",
        "opening_hours": null,
        "source": "osm"
      }
    },
    {
      "type": "Feature",
      "geometry": {
        "type": "Point",
        "coordinates": [
          -0.9381335,
          51.451132
        ]
      },
      "properties": {
        "id": "osm-w-1124305071",
        "category": "parking",
        "name": "Parking",
        "wheelchair": null,
        "fee": "no",
        "opening_hours": null,
        "source": "osm"
      }
    },
    {
      "type": "Feature",
      "geometry": {
        "type": "Point",
        "coordinates": [
          -0.9615189,
          51.468346
        ]
      },
      "properties": {
        "id": "osm-w-1149455526",
        "category": "parking",
        "name": "Parking",
        "wheelchair": null,
        "fee": null,
        "opening_hours": null,
        "source": "osm"
      }
    },
    {
      "type": "Feature",
      "geometry": {
        "type": "Point",
        "coordinates": [
          -0.9602946,
          51.4679814
        ]
      },
      "properties": {
        "id": "osm-w-1149455527",
        "category": "parking",
        "name": "Parking",
        "wheelchair": null,
        "fee": null,
        "opening_hours": null,
        "source": "osm"
      }
    },
    {
      "type": "Feature",
      "geometry": {
        "type": "Point",
        "coordinates": [
          -0.9494567,
          51.4527903
        ]
      },
      "properties": {
        "id": "osm-w-1151949935",
        "category": "parking",
        "name": "Parking",
        "wheelchair": null,
        "fee": "no",
        "opening_hours": null,
        "source": "osm"
      }
    },
    {
      "type": "Feature",
      "geometry": {
        "type": "Point",
        "coordinates": [
          -0.9552257,
          51.4501437
        ]
      },
      "properties": {
        "id": "osm-w-1162146379",
        "category": "toilet",
        "name": "Toilet",
        "wheelchair": null,
        "fee": null,
        "opening_hours": null,
        "source": "osm"
      }
    },
    {
      "type": "Feature",
      "geometry": {
        "type": "Point",
        "coordinates": [
          -0.9880594,
          51.4640486
        ]
      },
      "properties": {
        "id": "osm-w-1178358182",
        "category": "parking",
        "name": "Staff Parking",
        "wheelchair": null,
        "fee": null,
        "opening_hours": null,
        "source": "osm"
      }
    },
    {
      "type": "Feature",
      "geometry": {
        "type": "Point",
        "coordinates": [
          -0.9398506,
          51.4468513
        ]
      },
      "properties": {
        "id": "osm-w-1221046487",
        "category": "parking",
        "name": "Parking",
        "wheelchair": null,
        "fee": null,
        "opening_hours": null,
        "source": "osm"
      }
    },
    {
      "type": "Feature",
      "geometry": {
        "type": "Point",
        "coordinates": [
          -0.984655,
          51.4652041
        ]
      },
      "properties": {
        "id": "osm-w-1248925468",
        "category": "parking",
        "name": "Parking",
        "wheelchair": null,
        "fee": null,
        "opening_hours": null,
        "source": "osm"
      }
    },
    {
      "type": "Feature",
      "geometry": {
        "type": "Point",
        "coordinates": [
          -0.9452449,
          51.447091
        ]
      },
      "properties": {
        "id": "osm-w-1253597412",
        "category": "parking",
        "name": "Parking",
        "wheelchair": null,
        "fee": null,
        "opening_hours": null,
        "source": "osm"
      }
    },
    {
      "type": "Feature",
      "geometry": {
        "type": "Point",
        "coordinates": [
          -0.9838155,
          51.431382
        ]
      },
      "properties": {
        "id": "osm-w-1254452079",
        "category": "parking",
        "name": "Thames Water",
        "wheelchair": null,
        "fee": null,
        "opening_hours": null,
        "source": "osm"
      }
    },
    {
      "type": "Feature",
      "geometry": {
        "type": "Point",
        "coordinates": [
          -0.9749994,
          51.4555163
        ]
      },
      "properties": {
        "id": "osm-w-1257593440",
        "category": "parking",
        "name": "Parking",
        "wheelchair": null,
        "fee": null,
        "opening_hours": null,
        "source": "osm"
      }
    },
    {
      "type": "Feature",
      "geometry": {
        "type": "Point",
        "coordinates": [
          -0.9542266,
          51.4569778
        ]
      },
      "properties": {
        "id": "osm-w-1260741621",
        "category": "parking",
        "name": "Parking",
        "wheelchair": null,
        "fee": null,
        "opening_hours": null,
        "source": "osm"
      }
    },
    {
      "type": "Feature",
      "geometry": {
        "type": "Point",
        "coordinates": [
          -0.9532196,
          51.4571465
        ]
      },
      "properties": {
        "id": "osm-w-1260741622",
        "category": "parking",
        "name": "Parking",
        "wheelchair": null,
        "fee": null,
        "opening_hours": null,
        "source": "osm"
      }
    },
    {
      "type": "Feature",
      "geometry": {
        "type": "Point",
        "coordinates": [
          -0.9564179,
          51.457617
        ]
      },
      "properties": {
        "id": "osm-w-1260741632",
        "category": "parking",
        "name": "Parking",
        "wheelchair": null,
        "fee": null,
        "opening_hours": null,
        "source": "osm"
      }
    },
    {
      "type": "Feature",
      "geometry": {
        "type": "Point",
        "coordinates": [
          -0.9828781,
          51.4646026
        ]
      },
      "properties": {
        "id": "osm-w-1261542805",
        "category": "parking",
        "name": "Parking",
        "wheelchair": null,
        "fee": null,
        "opening_hours": null,
        "source": "osm"
      }
    },
    {
      "type": "Feature",
      "geometry": {
        "type": "Point",
        "coordinates": [
          -0.9972792,
          51.4587171
        ]
      },
      "properties": {
        "id": "osm-w-1278278892",
        "category": "parking",
        "name": "Remus",
        "wheelchair": null,
        "fee": null,
        "opening_hours": null,
        "source": "osm"
      }
    },
    {
      "type": "Feature",
      "geometry": {
        "type": "Point",
        "coordinates": [
          -0.955967,
          51.4549473
        ]
      },
      "properties": {
        "id": "osm-w-1282467565",
        "category": "parking",
        "name": "Parking",
        "wheelchair": null,
        "fee": null,
        "opening_hours": null,
        "source": "osm"
      }
    },
    {
      "type": "Feature",
      "geometry": {
        "type": "Point",
        "coordinates": [
          -0.9545579,
          51.4548237
        ]
      },
      "properties": {
        "id": "osm-w-1282467566",
        "category": "parking",
        "name": "Parking",
        "wheelchair": null,
        "fee": null,
        "opening_hours": null,
        "source": "osm"
      }
    },
    {
      "type": "Feature",
      "geometry": {
        "type": "Point",
        "coordinates": [
          -0.9764454,
          51.4452991
        ]
      },
      "properties": {
        "id": "osm-w-1350783334",
        "category": "cafe",
        "name": "Starbucks",
        "wheelchair": null,
        "fee": null,
        "opening_hours": null,
        "source": "osm"
      }
    },
    {
      "type": "Feature",
      "geometry": {
        "type": "Point",
        "coordinates": [
          -0.9541429,
          51.4396863
        ]
      },
      "properties": {
        "id": "osm-w-1356995470",
        "category": "parking",
        "name": "Parking",
        "wheelchair": null,
        "fee": null,
        "opening_hours": null,
        "source": "osm"
      }
    },
    {
      "type": "Feature",
      "geometry": {
        "type": "Point",
        "coordinates": [
          -0.9618015,
          51.4361537
        ]
      },
      "properties": {
        "id": "osm-w-1356997156",
        "category": "parking",
        "name": "Parking",
        "wheelchair": null,
        "fee": null,
        "opening_hours": null,
        "source": "osm"
      }
    },
    {
      "type": "Feature",
      "geometry": {
        "type": "Point",
        "coordinates": [
          -0.9526964,
          51.4594333
        ]
      },
      "properties": {
        "id": "osm-w-1364497724",
        "category": "parking",
        "name": "Parking",
        "wheelchair": null,
        "fee": null,
        "opening_hours": null,
        "source": "osm"
      }
    },
    {
      "type": "Feature",
      "geometry": {
        "type": "Point",
        "coordinates": [
          -0.9529478,
          51.4592176
        ]
      },
      "properties": {
        "id": "osm-w-1364497725",
        "category": "parking",
        "name": "Parking",
        "wheelchair": null,
        "fee": null,
        "opening_hours": null,
        "source": "osm"
      }
    },
    {
      "type": "Feature",
      "geometry": {
        "type": "Point",
        "coordinates": [
          -0.9296955,
          51.4621233
        ]
      },
      "properties": {
        "id": "osm-w-1364499294",
        "category": "parking",
        "name": "Parking",
        "wheelchair": null,
        "fee": null,
        "opening_hours": null,
        "source": "osm"
      }
    },
    {
      "type": "Feature",
      "geometry": {
        "type": "Point",
        "coordinates": [
          -0.9586381,
          51.4464062
        ]
      },
      "properties": {
        "id": "osm-w-1410914598",
        "category": "parking",
        "name": "Parking",
        "wheelchair": null,
        "fee": null,
        "opening_hours": null,
        "source": "osm"
      }
    },
    {
      "type": "Feature",
      "geometry": {
        "type": "Point",
        "coordinates": [
          -0.969558,
          51.4490304
        ]
      },
      "properties": {
        "id": "osm-w-1410914605",
        "category": "parking",
        "name": "Parking",
        "wheelchair": null,
        "fee": null,
        "opening_hours": null,
        "source": "osm"
      }
    },
    {
      "type": "Feature",
      "geometry": {
        "type": "Point",
        "coordinates": [
          -0.9741889,
          51.482086
        ]
      },
      "properties": {
        "id": "osm-w-1410914638",
        "category": "parking",
        "name": "Parking",
        "wheelchair": null,
        "fee": null,
        "opening_hours": null,
        "source": "osm"
      }
    },
    {
      "type": "Feature",
      "geometry": {
        "type": "Point",
        "coordinates": [
          -0.9723233,
          51.4676355
        ]
      },
      "properties": {
        "id": "osm-w-1432730017",
        "category": "parking",
        "name": "Parking",
        "wheelchair": null,
        "fee": null,
        "opening_hours": null,
        "source": "osm"
      }
    },
    {
      "type": "Feature",
      "geometry": {
        "type": "Point",
        "coordinates": [
          -0.9746168,
          51.4601336
        ]
      },
      "properties": {
        "id": "osm-w-1433485671",
        "category": "parking",
        "name": "Parking",
        "wheelchair": null,
        "fee": null,
        "opening_hours": null,
        "source": "osm"
      }
    },
    {
      "type": "Feature",
      "geometry": {
        "type": "Point",
        "coordinates": [
          -0.9800684,
          51.4482099
        ]
      },
      "properties": {
        "id": "osm-w-1479896450",
        "category": "fuel",
        "name": "Esso",
        "wheelchair": null,
        "fee": null,
        "opening_hours": "24/7",
        "source": "osm"
      }
    },
    {
      "type": "Feature",
      "geometry": {
        "type": "Point",
        "coordinates": [
          -0.9605499,
          51.4516021
        ]
      },
      "properties": {
        "id": "osm-w-1480339545",
        "category": "fuel",
        "name": "BP",
        "wheelchair": "limited",
        "fee": null,
        "opening_hours": "24/7",
        "source": "osm"
      }
    },
    {
      "type": "Feature",
      "geometry": {
        "type": "Point",
        "coordinates": [
          -0.985881,
          51.4317676
        ]
      },
      "properties": {
        "id": "osm-w-1480410210",
        "category": "parking",
        "name": "Parking",
        "wheelchair": null,
        "fee": null,
        "opening_hours": null,
        "source": "osm"
      }
    },
    {
      "type": "Feature",
      "geometry": {
        "type": "Point",
        "coordinates": [
          -0.9842903,
          51.4327913
        ]
      },
      "properties": {
        "id": "osm-w-1480410222",
        "category": "parking",
        "name": "Parking",
        "wheelchair": null,
        "fee": null,
        "opening_hours": null,
        "source": "osm"
      }
    },
    {
      "type": "Feature",
      "geometry": {
        "type": "Point",
        "coordinates": [
          -0.9797999,
          51.4321195
        ]
      },
      "properties": {
        "id": "osm-w-1480410223",
        "category": "parking",
        "name": "Parking",
        "wheelchair": null,
        "fee": null,
        "opening_hours": null,
        "source": "osm"
      }
    },
    {
      "type": "Feature",
      "geometry": {
        "type": "Point",
        "coordinates": [
          -0.981589,
          51.4320206
        ]
      },
      "properties": {
        "id": "osm-w-1480410226",
        "category": "parking",
        "name": "Parking",
        "wheelchair": null,
        "fee": null,
        "opening_hours": null,
        "source": "osm"
      }
    },
    {
      "type": "Feature",
      "geometry": {
        "type": "Point",
        "coordinates": [
          -0.9789736,
          51.4336784
        ]
      },
      "properties": {
        "id": "osm-w-1480410230",
        "category": "parking",
        "name": "Parking",
        "wheelchair": null,
        "fee": null,
        "opening_hours": null,
        "source": "osm"
      }
    },
    {
      "type": "Feature",
      "geometry": {
        "type": "Point",
        "coordinates": [
          -0.9875139,
          51.4557046
        ]
      },
      "properties": {
        "id": "osm-w-1481162688",
        "category": "fuel",
        "name": "BP",
        "wheelchair": "yes",
        "fee": null,
        "opening_hours": "24/7",
        "source": "osm"
      }
    },
    {
      "type": "Feature",
      "geometry": {
        "type": "Point",
        "coordinates": [
          -0.9712951,
          51.4348369
        ]
      },
      "properties": {
        "id": "osm-w-1481177349",
        "category": "fuel",
        "name": "Morrisons",
        "wheelchair": null,
        "fee": null,
        "opening_hours": "Mo-Sa 06:00-23:00; Su 08:00-20:00",
        "source": "osm"
      }
    },
    {
      "type": "Feature",
      "geometry": {
        "type": "Point",
        "coordinates": [
          -0.9474377,
          51.4423743
        ]
      },
      "properties": {
        "id": "osm-w-1498197075",
        "category": "parking",
        "name": "Parking",
        "wheelchair": null,
        "fee": null,
        "opening_hours": null,
        "source": "osm"
      }
    }
  ]
}