{
  "type": "FeatureCollection",
  "features": [
    {
      "type": "Feature",
      "geometry": {
        "type": "Point",
        "coordinates": [
          140.0401128,
          35.6478115
        ]
      },
      "properties": {
        "id": "osm-n-983924225",
        "category": "cafe",
        "name": "VELOCE",
        "wheelchair": null,
        "fee": null,
        "opening_hours": null,
        "source": "osm"
      }
    },
    {
      "type": "Feature",
      "geometry": {
        "type": "Point",
        "coordinates": [
          140.0385855,
          35.6480991
        ]
      },
      "properties": {
        "id": "osm-n-983924307",
        "category": "shop",
        "name": "\u30ed\u30fc\u30bd\u30f3",
        "wheelchair": null,
        "fee": null,
        "opening_hours": null,
        "source": "osm"
      }
    },
    {
      "type": "Feature",
      "geometry": {
        "type": "Point",
        "coordinates": [
          140.070436,
          35.637163
        ]
      },
      "properties": {
        "id": "osm-n-1420740365",
        "category": "hospital",
        "name": "\u6771\u4eac\u6b6f\u79d1\u5927\u5b66\u5343\u8449\u75c5\u9662",
        "wheelchair": null,
        "fee": null,
        "opening_hours": null,
        "source": "osm"
      }
    },
    {
      "type": "Feature",
      "geometry": {
        "type": "Point",
        "coordinates": [
          140.025717,
          35.681324
        ]
      },
      "properties": {
        "id": "osm-n-1420743049",
        "category": "hospital",
        "name": "\u83ca\u7530\u4f1a\u7fd2\u5fd7\u91ce\u7b2c\u4e00\u75c5\u9662",
        "wheelchair": null,
        "fee": null,
        "opening_hours": null,
        "source": "osm"
      }
    },
    {
      "type": "Feature",
      "geometry": {
        "type": "Point",
        "coordinates": [
          140.076075,
          35.640885
        ]
      },
      "properties": {
        "id": "osm-n-1420743656",
        "category": "hospital",
        "name": "\u3044\u306a\u3052\u897f\u75c5\u9662",
        "wheelchair": null,
        "fee": null,
        "opening_hours": null,
        "source": "osm"
      }
    },
    {
      "type": "Feature",
      "geometry": {
        "type": "Point",
        "coordinates": [
          140.074012,
          35.653731
        ]
      },
      "properties": {
        "id": "osm-n-1534936752",
        "category": "parking",
        "name": "\u30ca\u30d3\u30d1\u30fc\u30af",
        "wheelchair": null,
        "fee": "yes",
        "opening_hours": null,
        "source": "osm"
      }
    },
    {
      "type": "Feature",
      "geometry": {
        "type": "Point",
        "coordinates": [
          140.073702,
          35.6524229
        ]
      },
      "properties": {
        "id": "osm-n-1534936786",
        "category": "parking",
        "name": "\u30ca\u30d3\u30d1\u30fc\u30af\u82b1\u5712\u7b2c1",
        "wheelchair": null,
        "fee": null,
        "opening_hours": null,
        "source": "osm"
      }
    },
    {
      "type": "Feature",
      "geometry": {
        "type": "Point",
        "coordinates": [
          140.0694193,
          35.6498924
        ]
      },
      "properties": {
        "id": "osm-n-1535208895",
        "category": "shop",
        "name": "\u30ed\u30fc\u30bd\u30f3",
        "wheelchair": null,
        "fee": null,
        "opening_hours": null,
        "source": "osm"
      }
    },
    {
      "type": "Feature",
      "geometry": {
        "type": "Point",
        "coordinates": [
          140.0728132,
          35.6512405
        ]
      },
      "properties": {
        "id": "osm-n-1535208923",
        "category": "shop",
        "name": "\u30bb\u30d6\u30f3-\u30a4\u30ec\u30d6\u30f3",
        "wheelchair": null,
        "fee": null,
        "opening_hours": null,
        "source": "osm"
      }
    },
    {
      "type": "Feature",
      "geometry": {
        "type": "Point",
        "coordinates": [
          140.0723424,
          35.6606825
        ]
      },
      "properties": {
        "id": "osm-n-1535236153",
        "category": "shop",
        "name": "\u30bb\u30d6\u30f3-\u30a4\u30ec\u30d6\u30f3",
        "wheelchair": null,
        "fee": null,
        "opening_hours": null,
        "source": "osm"
      }
    },
    {
      "type": "Feature",
      "geometry": {
        "type": "Point",
        "coordinates": [
          140.0469569,
          35.6625268
        ]
      },
      "properties": {
        "id": "osm-n-1544015598",
        "category": "shop",
        "name": "Shop",
        "wheelchair": null,
        "fee": null,
        "opening_hours": null,
        "source": "osm"
      }
    },
    {
      "type": "Feature",
      "geometry": {
        "type": "Point",
        "coordinates": [
          140.056291,
          35.654751
        ]
      },
      "properties": {
        "id": "osm-n-1544015663",
        "category": "fuel",
        "name": "ENEOS",
        "wheelchair": null,
        "fee": null,
        "opening_hours": null,
        "source": "osm"
      }
    },
    {
      "type": "Feature",
      "geometry": {
        "type": "Point",
        "coordinates": [
          140.0554166,
          35.6575345
        ]
      },
      "properties": {
        "id": "osm-n-1550298060",
        "category": "shop",
        "name": "Shop",
        "wheelchair": null,
        "fee": null,
        "opening_hours": null,
        "source": "osm"
      }
    },
    {
      "type": "Feature",
      "geometry": {
        "type": "Point",
        "coordinates": [
          140.0582127,
          35.6530611
        ]
      },
      "properties": {
        "id": "osm-n-1556607356",
        "category": "fuel",
        "name": "\u30a8\u30c3\u30bd",
        "wheelchair": null,
        "fee": null,
        "opening_hours": null,
        "source": "osm"
      }
    },
    {
      "type": "Feature",
      "geometry": {
        "type": "Point",
        "coordinates": [
          140.0597504,
          35.6551078
        ]
      },
      "properties": {
        "id": "osm-n-1556607452",
        "category": "shop",
        "name": "\u30bb\u30d6\u30f3-\u30a4\u30ec\u30d6\u30f3",
        "wheelchair": null,
        "fee": null,
        "opening_hours": null,
        "source": "osm"
      }
    },
    {
      "type": "Feature",
      "geometry": {
        "type": "Point",
        "coordinates": [
          140.0566011,
          35.6284954
        ]
      },
      "properties": {
        "id": "osm-n-1562547034",
        "category": "water",
        "name": "Water",
        "wheelchair": null,
        "fee": null,
        "opening_hours": null,
        "source": "osm"
      }
    },
    {
      "type": "Feature",
      "geometry": {
        "type": "Point",
        "coordinates": [
          140.0435576,
          35.6657522
        ]
      },
      "properties": {
        "id": "osm-n-1563349006",
        "category": "shop",
        "name": "\u30d5\u30a1\u30df\u30ea\u30fc\u30de\u30fc\u30c8",
        "wheelchair": null,
        "fee": null,
        "opening_hours": null,
        "source": "osm"
      }
    },
    {
      "type": "Feature",
      "geometry": {
        "type": "Point",
        "coordinates": [
          140.0542707,
          35.6251399
        ]
      },
      "properties": {
        "id": "osm-n-1564842271",
        "category": "toilet",
        "name": "Toilet",
        "wheelchair": null,
        "fee": null,
        "opening_hours": null,
        "source": "osm"
      }
    },
    {
      "type": "Feature",
      "geometry": {
        "type": "Point",
        "coordinates": [
          140.0501063,
          35.6272372
        ]
      },
      "properties": {
        "id": "osm-n-1564842272",
        "category": "toilet",
        "name": "Toilet",
        "wheelchair": null,
        "fee": null,
        "opening_hours": null,
        "source": "osm"
      }
    },
    {
      "type": "Feature",
      "geometry": {
        "type": "Point",
        "coordinates": [
          140.0585319,
          35.620584
        ]
      },
      "properties": {
        "id": "osm-n-1566683392",
        "category": "toilet",
        "name": "Toilet",
        "wheelchair": null,
        "fee": null,
        "opening_hours": null,
        "source": "osm"
      }
    },
    {
      "type": "Feature",
      "geometry": {
        "type": "Point",
        "coordinates": [
          140.0109615,
          35.6587982
        ]
      },
      "properties": {
        "id": "osm-n-1589710583",
        "category": "toilet",
        "name": "Toilet",
        "wheelchair": null,
        "fee": null,
        "opening_hours": null,
        "source": "osm"
      }
    },
    {
      "type": "Feature",
      "geometry": {
        "type": "Point",
        "coordinates": [
          140.0191234,
          35.6657685
        ]
      },
      "properties": {
        "id": "osm-n-1828638836",
        "category": "toilet",
        "name": "Toilet",
        "wheelchair": "no",
        "fee": "yes",
        "opening_hours": null,
        "source": "osm"
      }
    },
    {
      "type": "Feature",
      "geometry": {
        "type": "Point",
        "coordinates": [
          140.0199449,
          35.6666725
        ]
      },
      "properties": {
        "id": "osm-n-1828638869",
        "category": "info",
        "name": "Info",
        "wheelchair": null,
        "fee": null,
        "opening_hours": null,
        "source": "osm"
      }
    },
    {
      "type": "Feature",
      "geometry": {
        "type": "Point",
        "coordinates": [
          140.0081964,
          35.6618727
        ]
      },
      "properties": {
        "id": "osm-n-1832305714",
        "category": "toilet",
        "name": "Toilet",
        "wheelchair": "no",
        "fee": "no",
        "opening_hours": null,
        "source": "osm"
      }
    },
    {
      "type": "Feature",
      "geometry": {
        "type": "Point",
        "coordinates": [
          140.0167223,
          35.6677336
        ]
      },
      "properties": {
        "id": "osm-n-1917328383",
        "category": "shop",
        "name": "\u30bb\u30d6\u30f3-\u30a4\u30ec\u30d6\u30f3",
        "wheelchair": null,
        "fee": null,
        "opening_hours": null,
        "source": "osm"
      }
    },
    {
      "type": "Feature",
      "geometry": {
        "type": "Point",
        "coordinates": [
          140.051961,
          35.628782
        ]
      },
      "properties": {
        "id": "osm-n-1952300207",
        "category": "hospital",
        "name": "\u5343\u8449\u770c\u6551\u6025\u533b\u7642\u30bb\u30f3\u30bf\u30fc",
        "wheelchair": null,
        "fee": null,
        "opening_hours": null,
        "source": "osm"
      }
    },
    {
      "type": "Feature",
      "geometry": {
        "type": "Point",
        "coordinates": [
          140.0571307,
          35.6303702
        ]
      },
      "properties": {
        "id": "osm-n-1952322513",
        "category": "toilet",
        "name": "Toilet",
        "wheelchair": null,
        "fee": null,
        "opening_hours": null,
        "source": "osm"
      }
    },
    {
      "type": "Feature",
      "geometry": {
        "type": "Point",
        "coordinates": [
          140.0556931,
          35.6297554
        ]
      },
      "properties": {
        "id": "osm-n-1952322517",
        "category": "hospital",
        "name": "\u6cbc\u91ce\u80c3\u8178\u5185\u79d1",
        "wheelchair": null,
        "fee": null,
        "opening_hours": null,
        "source": "osm"
      }
    },
    {
      "type": "Feature",
      "geometry": {
        "type": "Point",
        "coordinates": [
          140.0596525,
          35.633498
        ]
      },
      "properties": {
        "id": "osm-n-2021474660",
        "category": "hospital",
        "name": "\u3044\u305d\u3079\u5229\u4f0a\u533b\u9662",
        "wheelchair": null,
        "fee": null,
        "opening_hours": null,
        "source": "osm"
      }
    },
    {
      "type": "Feature",
      "geometry": {
        "type": "Point",
        "coordinates": [
          140.0593977,
          35.6333084
        ]
      },
      "properties": {
        "id": "osm-n-2021474674",
        "category": "hospital",
        "name": "\u95a2\u6839\u6574\u5f62\u5916\u79d1\u533b\u9662",
        "wheelchair": null,
        "fee": null,
        "opening_hours": null,
        "source": "osm"
      }
    },
    {
      "type": "Feature",
      "geometry": {
        "type": "Point",
        "coordinates": [
          140.059035,
          35.637174
        ]
      },
      "properties": {
        "id": "osm-n-2168313470",
        "category": "shop",
        "name": "NewDays",
        "wheelchair": null,
        "fee": null,
        "opening_hours": null,
        "source": "osm"
      }
    },
    {
      "type": "Feature",
      "geometry": {
        "type": "Point",
        "coordinates": [
          140.058567,
          35.636847
        ]
      },
      "properties": {
        "id": "osm-n-2168320751",
        "category": "shop",
        "name": "\u30c7\u30a4\u30ea\u30fc\u30e4\u30de\u30b6\u30ad\u691c\u898b\u5ddd\u6d5c\u99c5\u524d\u5e97",
        "wheelchair": null,
        "fee": null,
        "opening_hours": null,
        "source": "osm"
      }
    },
    {
      "type": "Feature",
      "geometry": {
        "type": "Point",
        "coordinates": [
          140.054129,
          35.637405
        ]
      },
      "properties": {
        "id": "osm-n-2168345901",
        "category": "toilet",
        "name": "Toilet",
        "wheelchair": null,
        "fee": null,
        "opening_hours": null,
        "source": "osm"
      }
    },
    {
      "type": "Feature",
      "geometry": {
        "type": "Point",
        "coordinates": [
          140.0532437,
          35.6400241
        ]
      },
      "properties": {
        "id": "osm-n-2168363918",
        "category": "toilet",
        "name": "Toilet",
        "wheelchair": null,
        "fee": null,
        "opening_hours": null,
        "source": "osm"
      }
    },
    {
      "type": "Feature",
      "geometry": {
        "type": "Point",
        "coordinates": [
          140.060037,
          35.642021
        ]
      },
      "properties": {
        "id": "osm-n-2168393475",
        "category": "clinic",
        "name": "\u9ad8\u6839\u7523\u5a66\u4eba\u79d1",
        "wheelchair": null,
        "fee": null,
        "opening_hours": null,
        "source": "osm"
      }
    },
    {
      "type": "Feature",
      "geometry": {
        "type": "Point",
        "coordinates": [
          140.064067,
          35.640905
        ]
      },
      "properties": {
        "id": "osm-n-2168406493",
        "category": "toilet",
        "name": "Toilet",
        "wheelchair": null,
        "fee": null,
        "opening_hours": null,
        "source": "osm"
      }
    },
    {
      "type": "Feature",
      "geometry": {
        "type": "Point",
        "coordinates": [
          140.065221,
          35.641939
        ]
      },
      "properties": {
        "id": "osm-n-2168460402",
        "category": "water",
        "name": "Water",
        "wheelchair": null,
        "fee": null,
        "opening_hours": null,
        "source": "osm"
      }
    },
    {
      "type": "Feature",
      "geometry": {
        "type": "Point",
        "coordinates": [
          140.066492,
          35.644589
        ]
      },
      "properties": {
        "id": "osm-n-2168510876",
        "category": "toilet",
        "name": "Toilet",
        "wheelchair": null,
        "fee": null,
        "opening_hours": null,
        "source": "osm"
      }
    },
    {
      "type": "Feature",
      "geometry": {
        "type": "Point",
        "coordinates": [
          140.072171,
          35.64755
        ]
      },
      "properties": {
        "id": "osm-n-2168533689",
        "category": "clinic",
        "name": "\u691c\u898b\u5ddd\u6574\u5f62\u5916\u79d1\u5185\u79d1",
        "wheelchair": null,
        "fee": null,
        "opening_hours": null,
        "source": "osm"
      }
    },
    {
      "type": "Feature",
      "geometry": {
        "type": "Point",
        "coordinates": [
          140.0729355,
          35.6475098
        ]
      },
      "properties": {
        "id": "osm-n-2168537260",
        "category": "shop",
        "name": "\u30d5\u30a1\u30df\u30ea\u30fc\u30de\u30fc\u30c8",
        "wheelchair": null,
        "fee": null,
        "opening_hours": null,
        "source": "osm"
      }
    },
    {
      "type": "Feature",
      "geometry": {
        "type": "Point",
        "coordinates": [
          140.059779,
          35.638679
        ]
      },
      "properties": {
        "id": "osm-n-2170992674",
        "category": "shop",
        "name": "DailyYAMAZAKI",
        "wheelchair": null,
        "fee": null,
        "opening_hours": null,
        "source": "osm"
      }
    },
    {
      "type": "Feature",
      "geometry": {
        "type": "Point",
        "coordinates": [
          140.058116,
          35.639659
        ]
      },
      "properties": {
        "id": "osm-n-2170993896",
        "category": "clinic",
        "name": "\u6d77\u6d5c\u5916\u79d1\u5185\u79d1",
        "wheelchair": null,
        "fee": null,
        "opening_hours": null,
        "source": "osm"
      }
    },
    {
      "type": "Feature",
      "geometry": {
        "type": "Point",
        "coordinates": [
          140.057736,
          35.639778
        ]
      },
      "properties": {
        "id": "osm-n-2170994852",
        "category": "clinic",
        "name": "\u6d77\u6d5c\u6574\u5f62\u5916\u79d1",
        "wheelchair": null,
        "fee": null,
        "opening_hours": null,
        "source": "osm"
      }
    },
    {
      "type": "Feature",
      "geometry": {
        "type": "Point",
        "coordinates": [
          140.0686722,
          35.6552073
        ]
      },
      "properties": {
        "id": "osm-n-2171609070",
        "category": "shop",
        "name": "\u30d5\u30a1\u30df\u30ea\u30fc\u30de\u30fc\u30c8",
        "wheelchair": null,
        "fee": null,
        "opening_hours": "24/7",
        "source": "osm"
      }
    },
    {
      "type": "Feature",
      "geometry": {
        "type": "Point",
        "coordinates": [
          140.072291,
          35.660944
        ]
      },
      "properties": {
        "id": "osm-n-2171637470",
        "category": "clinic",
        "name": "\u3042\u3059\u304b\u773c\u79d1\u533b\u9662",
        "wheelchair": null,
        "fee": null,
        "opening_hours": null,
        "source": "osm"
      }
    },
    {
      "type": "Feature",
      "geometry": {
        "type": "Point",
        "coordinates": [
          140.0734342,
          35.6524346
        ]
      },
      "properties": {
        "id": "osm-n-2172964667",
        "category": "parking",
        "name": "\u30b7\u30b9\u30c6\u30e0\u30d1\u30fc\u30af\u65b0\u691c\u898b\u5ddd2",
        "wheelchair": null,
        "fee": null,
        "opening_hours": null,
        "source": "osm"
      }
    },
    {
      "type": "Feature",
      "geometry": {
        "type": "Point",
        "coordinates": [
          140.072573,
          35.650746
        ]
      },
      "properties": {
        "id": "osm-n-2178217648",
        "category": "toilet",
        "name": "Toilet",
        "wheelchair": null,
        "fee": null,
        "opening_hours": null,
        "source": "osm"
      }
    },
    {
      "type": "Feature",
      "geometry": {
        "type": "Point",
        "coordinates": [
          140.0492667,
          35.6508562
        ]
      },
      "properties": {
        "id": "osm-n-2180662796",
        "category": "toilet",
        "name": "Toilet",
        "wheelchair": null,
        "fee": null,
        "opening_hours": null,
        "source": "osm"
      }
    },
    {
      "type": "Feature",
      "geometry": {
        "type": "Point",
        "coordinates": [
          140.046733,
          35.649669
        ]
      },
      "properties": {
        "id": "osm-n-2180682219",
        "category": "water",
        "name": "Water",
        "wheelchair": null,
        "fee": null,
        "opening_hours": null,
        "source": "osm"
      }
    },
    {
      "type": "Feature",
      "geometry": {
        "type": "Point",
        "coordinates": [
          140.04555,
          35.6495
        ]
      },
      "properties": {
        "id": "osm-n-2180696974",
        "category": "water",
        "name": "Water",
        "wheelchair": null,
        "fee": null,
        "opening_hours": null,
        "source": "osm"
      }
    },
    {
      "type": "Feature",
      "geometry": {
        "type": "Point",
        "coordinates": [
          140.045259,
          35.6492468
        ]
      },
      "properties": {
        "id": "osm-n-2180698791",
        "category": "toilet",
        "name": "Toilet",
        "wheelchair": "yes",
        "fee": null,
        "opening_hours": null,
        "source": "osm"
      }
    },
    {
      "type": "Feature",
      "geometry": {
        "type": "Point",
        "coordinates": [
          140.044877,
          35.648103
        ]
      },
      "properties": {
        "id": "osm-n-2180700593",
        "category": "water",
        "name": "Water",
        "wheelchair": null,
        "fee": null,
        "opening_hours": null,
        "source": "osm"
      }
    },
    {
      "type": "Feature",
      "geometry": {
        "type": "Point",
        "coordinates": [
          140.045323,
          35.647612
        ]
      },
      "properties": {
        "id": "osm-n-2180701058",
        "category": "water",
        "name": "Water",
        "wheelchair": null,
        "fee": null,
        "opening_hours": null,
        "source": "osm"
      }
    },
    {
      "type": "Feature",
      "geometry": {
        "type": "Point",
        "coordinates": [
          140.044567,
          35.647879
        ]
      },
      "properties": {
        "id": "osm-n-2180702822",
        "category": "water",
        "name": "Water",
        "wheelchair": null,
        "fee": null,
        "opening_hours": null,
        "source": "osm"
      }
    },
    {
      "type": "Feature",
      "geometry": {
        "type": "Point",
        "coordinates": [
          140.046094,
          35.649089
        ]
      },
      "properties": {
        "id": "osm-n-2180706150",
        "category": "water",
        "name": "Water",
        "wheelchair": null,
        "fee": null,
        "opening_hours": null,
        "source": "osm"
      }
    },
    {
      "type": "Feature",
      "geometry": {
        "type": "Point",
        "coordinates": [
          140.044221,
          35.645457
        ]
      },
      "properties": {
        "id": "osm-n-2180714494",
        "category": "water",
        "name": "Water",
        "wheelchair": null,
        "fee": null,
        "opening_hours": null,
        "source": "osm"
      }
    },
    {
      "type": "Feature",
      "geometry": {
        "type": "Point",
        "coordinates": [
          140.0417285,
          35.6435397
        ]
      },
      "properties": {
        "id": "osm-n-2180727455",
        "category": "toilet",
        "name": "Toilet",
        "wheelchair": null,
        "fee": null,
        "opening_hours": null,
        "source": "osm"
      }
    },
    {
      "type": "Feature",
      "geometry": {
        "type": "Point",
        "coordinates": [
          140.042563,
          35.643475
        ]
      },
      "properties": {
        "id": "osm-n-2180728431",
        "category": "water",
        "name": "Water",
        "wheelchair": null,
        "fee": null,
        "opening_hours": null,
        "source": "osm"
      }
    },
    {
      "type": "Feature",
      "geometry": {
        "type": "Point",
        "coordinates": [
          140.043524,
          35.646601
        ]
      },
      "properties": {
        "id": "osm-n-2180739003",
        "category": "water",
        "name": "Water",
        "wheelchair": null,
        "fee": null,
        "opening_hours": null,
        "source": "osm"
      }
    },
    {
      "type": "Feature",
      "geometry": {
        "type": "Point",
        "coordinates": [
          140.042974,
          35.646078
        ]
      },
      "properties": {
        "id": "osm-n-2180746675",
        "category": "water",
        "name": "Water",
        "wheelchair": null,
        "fee": null,
        "opening_hours": null,
        "source": "osm"
      }
    },
    {
      "type": "Feature",
      "geometry": {
        "type": "Point",
        "coordinates": [
          140.04523,
          35.642592
        ]
      },
      "properties": {
        "id": "osm-n-2180785092",
        "category": "cafe",
        "name": "\u30b3\u30ed\u30e9\u30c9(COLORADO)",
        "wheelchair": null,
        "fee": null,
        "opening_hours": null,
        "source": "osm"
      }
    },
    {
      "type": "Feature",
      "geometry": {
        "type": "Point",
        "coordinates": [
          140.04496,
          35.642404
        ]
      },
      "properties": {
        "id": "osm-n-2180785449",
        "category": "shop",
        "name": "\u30d5\u30a1\u30df\u30ea\u30fc\u30de\u30fc\u30c8",
        "wheelchair": null,
        "fee": null,
        "opening_hours": "7:00-23:00",
        "source": "osm"
      }
    },
    {
      "type": "Feature",
      "geometry": {
        "type": "Point",
        "coordinates": [
          140.0457885,
          35.6405694
        ]
      },
      "properties": {
        "id": "osm-n-2180788000",
        "category": "shop",
        "name": "\u30c7\u30a4\u30ea\u30fc\u30e4\u30de\u30b6\u30ad",
        "wheelchair": null,
        "fee": null,
        "opening_hours": "7:00-23:00",
        "source": "osm"
      }
    },
    {
      "type": "Feature",
      "geometry": {
        "type": "Point",
        "coordinates": [
          140.064324,
          35.646164
        ]
      },
      "properties": {
        "id": "osm-n-2180820254",
        "category": "shop",
        "name": "\u30d5\u30a1\u30df\u30ea\u30fc\u30de\u30fc\u30c8",
        "wheelchair": null,
        "fee": null,
        "opening_hours": null,
        "source": "osm"
      }
    },
    {
      "type": "Feature",
      "geometry": {
        "type": "Point",
        "coordinates": [
          140.040144,
          35.642888
        ]
      },
      "properties": {
        "id": "osm-n-2182962659",
        "category": "water",
        "name": "Water",
        "wheelchair": null,
        "fee": null,
        "opening_hours": null,
        "source": "osm"
      }
    },
    {
      "type": "Feature",
      "geometry": {
        "type": "Point",
        "coordinates": [
          140.039997,
          35.643828
        ]
      },
      "properties": {
        "id": "osm-n-2182968848",
        "category": "toilet",
        "name": "Toilet",
        "wheelchair": null,
        "fee": null,
        "opening_hours": null,
        "source": "osm"
      }
    },
    {
      "type": "Feature",
      "geometry": {
        "type": "Point",
        "coordinates": [
          140.040776,
          35.643369
        ]
      },
      "properties": {
        "id": "osm-n-2182969212",
        "category": "water",
        "name": "Water",
        "wheelchair": null,
        "fee": null,
        "opening_hours": null,
        "source": "osm"
      }
    },
    {
      "type": "Feature",
      "geometry": {
        "type": "Point",
        "coordinates": [
          140.0392918,
          35.6427227
        ]
      },
      "properties": {
        "id": "osm-n-2182978645",
        "category": "water",
        "name": "Water",
        "wheelchair": null,
        "fee": null,
        "opening_hours": null,
        "source": "osm"
      }
    },
    {
      "type": "Feature",
      "geometry": {
        "type": "Point",
        "coordinates": [
          140.039473,
          35.648484
        ]
      },
      "properties": {
        "id": "osm-n-2183009815",
        "category": "cafe",
        "name": "\u30b9\u30bf\u30fc\u30d0\u30c3\u30af\u30b9",
        "wheelchair": null,
        "fee": null,
        "opening_hours": null,
        "source": "osm"
      }
    },
    {
      "type": "Feature",
      "geometry": {
        "type": "Point",
        "coordinates": [
          140.03937,
          35.648379
        ]
      },
      "properties": {
        "id": "osm-n-2183010368",
        "category": "shop",
        "name": "\u30bb\u30d6\u30f3-\u30a4\u30ec\u30d6\u30f3",
        "wheelchair": null,
        "fee": null,
        "opening_hours": null,
        "source": "osm"
      }
    },
    {
      "type": "Feature",
      "geometry": {
        "type": "Point",
        "coordinates": [
          140.055081,
          35.65778
        ]
      },
      "properties": {
        "id": "osm-n-2183031850",
        "category": "parking",
        "name": "\u30bf\u30a4\u30e0\u30ba",
        "wheelchair": null,
        "fee": null,
        "opening_hours": null,
        "source": "osm"
      }
    },
    {
      "type": "Feature",
      "geometry": {
        "type": "Point",
        "coordinates": [
          140.05876,
          35.655996
        ]
      },
      "properties": {
        "id": "osm-n-2183037553",
        "category": "fuel",
        "name": "\u30a8\u30cd\u30aa\u30b9",
        "wheelchair": null,
        "fee": null,
        "opening_hours": "Mo-Sa 07:30-21:00",
        "source": "osm"
      }
    },
    {
      "type": "Feature",
      "geometry": {
        "type": "Point",
        "coordinates": [
          140.071395,
          35.651365
        ]
      },
      "properties": {
        "id": "osm-n-2189607705",
        "category": "parking",
        "name": "\u30ca\u30d3\u30d1\u30fc\u30af(NAVI Park)",
        "wheelchair": null,
        "fee": "yes",
        "opening_hours": null,
        "source": "osm"
      }
    },
    {
      "type": "Feature",
      "geometry": {
        "type": "Point",
        "coordinates": [
          140.04237,
          35.672478
        ]
      },
      "properties": {
        "id": "osm-n-2190996236",
        "category": "shop",
        "name": "\u30d5\u30a1\u30df\u30ea\u30fc\u30de\u30fc\u30c8",
        "wheelchair": null,
        "fee": null,
        "opening_hours": null,
        "source": "osm"
      }
    },
    {
      "type": "Feature",
      "geometry": {
        "type": "Point",
        "coordinates": [
          140.042278,
          35.672429
        ]
      },
      "properties": {
        "id": "osm-n-2190998349",
        "category": "cafe",
        "name": "Pronto",
        "wheelchair": null,
        "fee": null,
        "opening_hours": "Mo-Fr 07:00-22:00; PH,Sa,Su 07:30-21:00",
        "source": "osm"
      }
    },
    {
      "type": "Feature",
      "geometry": {
        "type": "Point",
        "coordinates": [
          140.040887,
          35.672771
        ]
      },
      "properties": {
        "id": "osm-n-2191004257",
        "category": "shop",
        "name": "\u30ed\u30fc\u30bd\u30f3",
        "wheelchair": null,
        "fee": null,
        "opening_hours": null,
        "source": "osm"
      }
    },
    {
      "type": "Feature",
      "geometry": {
        "type": "Point",
        "coordinates": [
          140.0403369,
          35.6719685
        ]
      },
      "properties": {
        "id": "osm-n-2191005841",
        "category": "shop",
        "name": "\u30df\u30cb\u30b9\u30c8\u30c3\u30d7",
        "wheelchair": null,
        "fee": null,
        "opening_hours": null,
        "source": "osm"
      }
    },
    {
      "type": "Feature",
      "geometry": {
        "type": "Point",
        "coordinates": [
          140.041801,
          35.670696
        ]
      },
      "properties": {
        "id": "osm-n-2191017544",
        "category": "shop",
        "name": "\u30ed\u30fc\u30bd\u30f3\u30b9\u30c8\u30a2100",
        "wheelchair": null,
        "fee": null,
        "opening_hours": null,
        "source": "osm"
      }
    },
    {
      "type": "Feature",
      "geometry": {
        "type": "Point",
        "coordinates": [
          140.059928,
          35.658155
        ]
      },
      "properties": {
        "id": "osm-n-2192292722",
        "category": "parking",
        "name": "NPC",
        "wheelchair": null,
        "fee": null,
        "opening_hours": null,
        "source": "osm"
      }
    },
    {
      "type": "Feature",
      "geometry": {
        "type": "Point",
        "coordinates": [
          140.06515,
          35.652476
        ]
      },
      "properties": {
        "id": "osm-n-2193950146",
        "category": "parking",
        "name": "Parking",
        "wheelchair": null,
        "fee": null,
        "opening_hours": null,
        "source": "osm"
      }
    },
    {
      "type": "Feature",
      "geometry": {
        "type": "Point",
        "coordinates": [
          140.0656914,
          35.6716971
        ]
      },
      "properties": {
        "id": "osm-n-2196916655",
        "category": "shop",
        "name": "\u30d5\u30a1\u30df\u30ea\u30fc\u30de\u30fc\u30c8",
        "wheelchair": null,
        "fee": null,
        "opening_hours": null,
        "source": "osm"
      }
    },
    {
      "type": "Feature",
      "geometry": {
        "type": "Point",
        "coordinates": [
          140.022984,
          35.676847
        ]
      },
      "properties": {
        "id": "osm-n-2203025988",
        "category": "cafe",
        "name": "Cafe nico nico",
        "wheelchair": null,
        "fee": null,
        "opening_hours": null,
        "source": "osm"
      }
    },
    {
      "type": "Feature",
      "geometry": {
        "type": "Point",
        "coordinates": [
          140.0231024,
          35.6762733
        ]
      },
      "properties": {
        "id": "osm-n-2203026566",
        "category": "shop",
        "name": "\u30ed\u30fc\u30bd\u30f3",
        "wheelchair": null,
        "fee": null,
        "opening_hours": null,
        "source": "osm"
      }
    },
    {
      "type": "Feature",
      "geometry": {
        "type": "Point",
        "coordinates": [
          140.0244641,
          35.6755237
        ]
      },
      "properties": {
        "id": "osm-n-2203029561",
        "category": "shop",
        "name": "\u30bb\u30d6\u30f3-\u30a4\u30ec\u30d6\u30f3",
        "wheelchair": null,
        "fee": null,
        "opening_hours": "24/7",
        "source": "osm"
      }
    },
    {
      "type": "Feature",
      "geometry": {
        "type": "Point",
        "coordinates": [
          140.0308084,
          35.6714074
        ]
      },
      "properties": {
        "id": "osm-n-2203037912",
        "category": "fuel",
        "name": "Esso",
        "wheelchair": null,
        "fee": null,
        "opening_hours": null,
        "source": "osm"
      }
    },
    {
      "type": "Feature",
      "geometry": {
        "type": "Point",
        "coordinates": [
          140.0414466,
          35.6650379
        ]
      },
      "properties": {
        "id": "osm-n-2203060656",
        "category": "shop",
        "name": "\u30d5\u30a1\u30df\u30ea\u30fc\u30de\u30fc\u30c8",
        "wheelchair": null,
        "fee": null,
        "opening_hours": null,
        "source": "osm"
      }
    },
    {
      "type": "Feature",
      "geometry": {
        "type": "Point",
        "coordinates": [
          140.042143,
          35.6644454
        ]
      },
      "properties": {
        "id": "osm-n-2203062105",
        "category": "fuel",
        "name": "\u30a8\u30cd\u30aa\u30b9",
        "wheelchair": null,
        "fee": null,
        "opening_hours": null,
        "source": "osm"
      }
    },
    {
      "type": "Feature",
      "geometry": {
        "type": "Point",
        "coordinates": [
          140.065062,
          35.633803
        ]
      },
      "properties": {
        "id": "osm-n-2206326042",
        "category": "fuel",
        "name": "ENEOS",
        "wheelchair": null,
        "fee": null,
        "opening_hours": null,
        "source": "osm"
      }
    },
    {
      "type": "Feature",
      "geometry": {
        "type": "Point",
        "coordinates": [
          140.070114,
          35.641906
        ]
      },
      "properties": {
        "id": "osm-n-2206361109",
        "category": "shop",
        "name": "MINI STOP",
        "wheelchair": null,
        "fee": null,
        "opening_hours": null,
        "source": "osm"
      }
    },
    {
      "type": "Feature",
      "geometry": {
        "type": "Point",
        "coordinates": [
          140.068798,
          35.636591
        ]
      },
      "properties": {
        "id": "osm-n-2208102452",
        "category": "shop",
        "name": "\u30bb\u30d6\u30f3-\u30a4\u30ec\u30d6\u30f3",
        "wheelchair": null,
        "fee": null,
        "opening_hours": null,
        "source": "osm"
      }
    },
    {
      "type": "Feature",
      "geometry": {
        "type": "Point",
        "coordinates": [
          140.065207,
          35.630029
        ]
      },
      "properties": {
        "id": "osm-n-2209804238",
        "category": "toilet",
        "name": "Toilet",
        "wheelchair": null,
        "fee": null,
        "opening_hours": null,
        "source": "osm"
      }
    },
    {
      "type": "Feature",
      "geometry": {
        "type": "Point",
        "coordinates": [
          140.04054,
          35.647379
        ]
      },
      "properties": {
        "id": "osm-n-2210744198",
        "category": "shop",
        "name": "\u30df\u30cb\u30b9\u30c8\u30c3\u30d7",
        "wheelchair": null,
        "fee": null,
        "opening_hours": null,
        "source": "osm"
      }
    },
    {
      "type": "Feature",
      "geometry": {
        "type": "Point",
        "coordinates": [
          140.036479,
          35.652256
        ]
      },
      "properties": {
        "id": "osm-n-2210755230",
        "category": "parking",
        "name": "\u30ca\u30d3\u30d1\u30fc\u30af",
        "wheelchair": null,
        "fee": null,
        "opening_hours": null,
        "source": "osm"
      }
    },
    {
      "type": "Feature",
      "geometry": {
        "type": "Point",
        "coordinates": [
          140.041515,
          35.653711
        ]
      },
      "properties": {
        "id": "osm-n-2210759145",
        "category": "shop",
        "name": "\u30b5\u30f3\u30af\u30b9",
        "wheelchair": null,
        "fee": null,
        "opening_hours": null,
        "source": "osm"
      }
    },
    {
      "type": "Feature",
      "geometry": {
        "type": "Point",
        "coordinates": [
          140.041128,
          35.650407
        ]
      },
      "properties": {
        "id": "osm-n-2210763087",
        "category": "shop",
        "name": "\u30d5\u30a1\u30df\u30ea\u30fc\u30de\u30fc\u30c8",
        "wheelchair": null,
        "fee": null,
        "opening_hours": null,
        "source": "osm"
      }
    },
    {
      "type": "Feature",
      "geometry": {
        "type": "Point",
        "coordinates": [
          140.0733016,
          35.6520293
        ]
      },
      "properties": {
        "id": "osm-n-2212862298",
        "category": "shop",
        "name": "\u30d5\u30a1\u30df\u30ea\u30fc\u30de\u30fc\u30c8",
        "wheelchair": null,
        "fee": null,
        "opening_hours": null,
        "source": "osm"
      }
    },
    {
      "type": "Feature",
      "geometry": {
        "type": "Point",
        "coordinates": [
          140.0726186,
          35.6525348
        ]
      },
      "properties": {
        "id": "osm-n-2212866159",
        "category": "parking",
        "name": "\u30bf\u30a4\u30e0\u30ba",
        "wheelchair": null,
        "fee": "yes",
        "opening_hours": null,
        "source": "osm"
      }
    },
    {
      "type": "Feature",
      "geometry": {
        "type": "Point",
        "coordinates": [
          140.073768,
          35.653143
        ]
      },
      "properties": {
        "id": "osm-n-2236032131",
        "category": "parking",
        "name": "\u30bf\u30a4\u30e0\u30ba",
        "wheelchair": null,
        "fee": "yes",
        "opening_hours": null,
        "source": "osm"
      }
    },
    {
      "type": "Feature",
      "geometry": {
        "type": "Point",
        "coordinates": [
          140.073956,
          35.65201
        ]
      },
      "properties": {
        "id": "osm-n-2236081356",
        "category": "parking",
        "name": "\u30bf\u30a4\u30e0\u30ba",
        "wheelchair": null,
        "fee": "yes",
        "opening_hours": null,
        "source": "osm"
      }
    },
    {
      "type": "Feature",
      "geometry": {
        "type": "Point",
        "coordinates": [
          140.047351,
          35.643141
        ]
      },
      "properties": {
        "id": "osm-n-2236880598",
        "category": "water",
        "name": "Water",
        "wheelchair": null,
        "fee": null,
        "opening_hours": null,
        "source": "osm"
      }
    },
    {
      "type": "Feature",
      "geometry": {
        "type": "Point",
        "coordinates": [
          140.05141,
          35.64084
        ]
      },
      "properties": {
        "id": "osm-n-2236975197",
        "category": "toilet",
        "name": "Toilet",
        "wheelchair": null,
        "fee": null,
        "opening_hours": null,
        "source": "osm"
      }
    },
    {
      "type": "Feature",
      "geometry": {
        "type": "Point",
        "coordinates": [
          140.051653,
          35.641153
        ]
      },
      "properties": {
        "id": "osm-n-2236979736",
        "category": "water",
        "name": "Water",
        "wheelchair": null,
        "fee": null,
        "opening_hours": null,
        "source": "osm"
      }
    },
    {
      "type": "Feature",
      "geometry": {
        "type": "Point",
        "coordinates": [
          140.043578,
          35.641545
        ]
      },
      "properties": {
        "id": "osm-n-2253847021",
        "category": "toilet",
        "name": "Toilet",
        "wheelchair": "yes",
        "fee": null,
        "opening_hours": null,
        "source": "osm"
      }
    },
    {
      "type": "Feature",
      "geometry": {
        "type": "Point",
        "coordinates": [
          140.041671,
          35.64141
        ]
      },
      "properties": {
        "id": "osm-n-2253858457",
        "category": "water",
        "name": "Water",
        "wheelchair": null,
        "fee": null,
        "opening_hours": null,
        "source": "osm"
      }
    },
    {
      "type": "Feature",
      "geometry": {
        "type": "Point",
        "coordinates": [
          140.04047,
          35.640937
        ]
      },
      "properties": {
        "id": "osm-n-2253865313",
        "category": "toilet",
        "name": "Toilet",
        "wheelchair": null,
        "fee": null,
        "opening_hours": null,
        "source": "osm"
      }
    },
    {
      "type": "Feature",
      "geometry": {
        "type": "Point",
        "coordinates": [
          140.037824,
          35.646626
        ]
      },
      "properties": {
        "id": "osm-n-2253902056",
        "category": "toilet",
        "name": "Toilet",
        "wheelchair": "yes",
        "fee": null,
        "opening_hours": null,
        "source": "osm"
      }
    },
    {
      "type": "Feature",
      "geometry": {
        "type": "Point",
        "coordinates": [
          140.027383,
          35.649455
        ]
      },
      "properties": {
        "id": "osm-n-2253956853",
        "category": "toilet",
        "name": "Toilet",
        "wheelchair": "no",
        "fee": null,
        "opening_hours": null,
        "source": "osm"
      }
    },
    {
      "type": "Feature",
      "geometry": {
        "type": "Point",
        "coordinates": [
          140.038042,
          35.655814
        ]
      },
      "properties": {
        "id": "osm-n-2254032549",
        "category": "toilet",
        "name": "Toilet",
        "wheelchair": "yes",
        "fee": null,
        "opening_hours": null,
        "source": "osm"
      }
    },
    {
      "type": "Feature",
      "geometry": {
        "type": "Point",
        "coordinates": [
          140.037986,
          35.655812
        ]
      },
      "properties": {
        "id": "osm-n-2254033286",
        "category": "water",
        "name": "Water",
        "wheelchair": null,
        "fee": null,
        "opening_hours": null,
        "source": "osm"
      }
    },
    {
      "type": "Feature",
      "geometry": {
        "type": "Point",
        "coordinates": [
          140.05185,
          35.654169
        ]
      },
      "properties": {
        "id": "osm-n-2254195900",
        "category": "shop",
        "name": "\u30bb\u30d6\u30f3-\u30a4\u30ec\u30d6\u30f3",
        "wheelchair": null,
        "fee": null,
        "opening_hours": null,
        "source": "osm"
      }
    },
    {
      "type": "Feature",
      "geometry": {
        "type": "Point",
        "coordinates": [
          140.051633,
          35.654084
        ]
      },
      "properties": {
        "id": "osm-n-2254204851",
        "category": "parking",
        "name": "\u4e09\u4e95\u306e\u30ea\u30d1\u30fc\u30af",
        "wheelchair": null,
        "fee": "yes",
        "opening_hours": null,
        "source": "osm"
      }
    },
    {
      "type": "Feature",
      "geometry": {
        "type": "Point",
        "coordinates": [
          140.0512708,
          35.6547245
        ]
      },
      "properties": {
        "id": "osm-n-2254214577",
        "category": "parking",
        "name": "\u4e09\u4e95\u306e\u30ea\u30d1\u30fc\u30af",
        "wheelchair": null,
        "fee": "yes",
        "opening_hours": null,
        "source": "osm"
      }
    },
    {
      "type": "Feature",
      "geometry": {
        "type": "Point",
        "coordinates": [
          140.064546,
          35.637367
        ]
      },
      "properties": {
        "id": "osm-n-2258145608",
        "category": "toilet",
        "name": "Toilet",
        "wheelchair": null,
        "fee": null,
        "opening_hours": null,
        "source": "osm"
      }
    },
    {
      "type": "Feature",
      "geometry": {
        "type": "Point",
        "coordinates": [
          140.045626,
          35.674591
        ]
      },
      "properties": {
        "id": "osm-n-2271652067",
        "category": "fuel",
        "name": "\u30a8\u30cd\u30aa\u30b9",
        "wheelchair": null,
        "fee": null,
        "opening_hours": null,
        "source": "osm"
      }
    },
    {
      "type": "Feature",
      "geometry": {
        "type": "Point",
        "coordinates": [
          140.059041,
          35.641543
        ]
      },
      "properties": {
        "id": "osm-n-2290288203",
        "category": "toilet",
        "name": "Toilet",
        "wheelchair": null,
        "fee": null,
        "opening_hours": null,
        "source": "osm"
      }
    },
    {
      "type": "Feature",
      "geometry": {
        "type": "Point",
        "coordinates": [
          140.066728,
          35.653634
        ]
      },
      "properties": {
        "id": "osm-n-2319083235",
        "category": "toilet",
        "name": "Toilet",
        "wheelchair": null,
        "fee": null,
        "opening_hours": null,
        "source": "osm"
      }
    },
    {
      "type": "Feature",
      "geometry": {
        "type": "Point",
        "coordinates": [
          140.060531,
          35.651643
        ]
      },
      "properties": {
        "id": "osm-n-2319092242",
        "category": "water",
        "name": "Water",
        "wheelchair": null,
        "fee": null,
        "opening_hours": null,
        "source": "osm"
      }
    },
    {
      "type": "Feature",
      "geometry": {
        "type": "Point",
        "coordinates": [
          140.05688,
          35.645665
        ]
      },
      "properties": {
        "id": "osm-n-2319098998",
        "category": "water",
        "name": "Water",
        "wheelchair": null,
        "fee": null,
        "opening_hours": null,
        "source": "osm"
      }
    },
    {
      "type": "Feature",
      "geometry": {
        "type": "Point",
        "coordinates": [
          140.056435,
          35.645477
        ]
      },
      "properties": {
        "id": "osm-n-2319099041",
        "category": "toilet",
        "name": "Toilet",
        "wheelchair": null,
        "fee": null,
        "opening_hours": null,
        "source": "osm"
      }
    },
    {
      "type": "Feature",
      "geometry": {
        "type": "Point",
        "coordinates": [
          140.055233,
          35.64398
        ]
      },
      "properties": {
        "id": "osm-n-2319099482",
        "category": "water",
        "name": "Water",
        "wheelchair": null,
        "fee": null,
        "opening_hours": null,
        "source": "osm"
      }
    },
    {
      "type": "Feature",
      "geometry": {
        "type": "Point",
        "coordinates": [
          140.051109,
          35.640064
        ]
      },
      "properties": {
        "id": "osm-n-2319101385",
        "category": "water",
        "name": "Water",
        "wheelchair": null,
        "fee": null,
        "opening_hours": null,
        "source": "osm"
      }
    },
    {
      "type": "Feature",
      "geometry": {
        "type": "Point",
        "coordinates": [
          140.044349,
          35.64095
        ]
      },
      "properties": {
        "id": "osm-n-2319107339",
        "category": "water",
        "name": "Water",
        "wheelchair": null,
        "fee": null,
        "opening_hours": null,
        "source": "osm"
      }
    },
    {
      "type": "Feature",
      "geometry": {
        "type": "Point",
        "coordinates": [
          140.034509,
          35.658269
        ]
      },
      "properties": {
        "id": "osm-n-2319120861",
        "category": "fuel",
        "name": "\u30a8\u30cd\u30aa\u30b9",
        "wheelchair": null,
        "fee": null,
        "opening_hours": null,
        "source": "osm"
      }
    },
    {
      "type": "Feature",
      "geometry": {
        "type": "Point",
        "coordinates": [
          140.014157,
          35.667931
        ]
      },
      "properties": {
        "id": "osm-n-2319128378",
        "category": "toilet",
        "name": "Toilet",
        "wheelchair": "no",
        "fee": null,
        "opening_hours": null,
        "source": "osm"
      }
    },
    {
      "type": "Feature",
      "geometry": {
        "type": "Point",
        "coordinates": [
          140.01014,
          35.671068
        ]
      },
      "properties": {
        "id": "osm-n-2319129513",
        "category": "toilet",
        "name": "Toilet",
        "wheelchair": null,
        "fee": null,
        "opening_hours": null,
        "source": "osm"
      }
    },
    {
      "type": "Feature",
      "geometry": {
        "type": "Point",
        "coordinates": [
          140.0054168,
          35.6745069
        ]
      },
      "properties": {
        "id": "osm-n-2319137334",
        "category": "toilet",
        "name": "Toilet",
        "wheelchair": "yes",
        "fee": null,
        "opening_hours": null,
        "source": "osm"
      }
    },
    {
      "type": "Feature",
      "geometry": {
        "type": "Point",
        "coordinates": [
          140.005455,
          35.67444
        ]
      },
      "properties": {
        "id": "osm-n-2319137921",
        "category": "water",
        "name": "Water",
        "wheelchair": null,
        "fee": null,
        "opening_hours": null,
        "source": "osm"
      }
    },
    {
      "type": "Feature",
      "geometry": {
        "type": "Point",
        "coordinates": [
          140.006031,
          35.675274
        ]
      },
      "properties": {
        "id": "osm-n-2319147780",
        "category": "toilet",
        "name": "Toilet",
        "wheelchair": null,
        "fee": null,
        "opening_hours": null,
        "source": "osm"
      }
    },
    {
      "type": "Feature",
      "geometry": {
        "type": "Point",
        "coordinates": [
          140.0563403,
          35.6585882
        ]
      },
      "properties": {
        "id": "osm-n-2324096186",
        "category": "parking",
        "name": "NAVI Park",
        "wheelchair": null,
        "fee": "yes",
        "opening_hours": null,
        "source": "osm"
      }
    },
    {
      "type": "Feature",
      "geometry": {
        "type": "Point",
        "coordinates": [
          140.0563848,
          35.6584079
        ]
      },
      "properties": {
        "id": "osm-n-2324097842",
        "category": "parking",
        "name": "\u30a8\u30fc\u30d1\u30fc\u30af\u5e55\u5f35\u753a",
        "wheelchair": null,
        "fee": "yes",
        "opening_hours": null,
        "source": "osm"
      }
    },
    {
      "type": "Feature",
      "geometry": {
        "type": "Point",
        "coordinates": [
          140.0391716,
          35.646975
        ]
      },
      "properties": {
        "id": "osm-n-2343934178",
        "category": "shop",
        "name": "\u30df\u30cb\u30b9\u30c8\u30c3\u30d7",
        "wheelchair": null,
        "fee": null,
        "opening_hours": null,
        "source": "osm"
      }
    },
    {
      "type": "Feature",
      "geometry": {
        "type": "Point",
        "coordinates": [
          140.0424308,
          35.6493816
        ]
      },
      "properties": {
        "id": "osm-n-2357057440",
        "category": "cafe",
        "name": "\u30bf\u30ea\u30fc\u30ba\u30b3\u30fc\u30d2\u30fc",
        "wheelchair": "limited",
        "fee": null,
        "opening_hours": null,
        "source": "osm"
      }
    },
    {
      "type": "Feature",
      "geometry": {
        "type": "Point",
        "coordinates": [
          140.0287041,
          35.6549349
        ]
      },
      "properties": {
        "id": "osm-n-2610422078",
        "category": "parking",
        "name": "Parking",
        "wheelchair": null,
        "fee": null,
        "opening_hours": null,
        "source": "osm"
      }
    },
    {
      "type": "Feature",
      "geometry": {
        "type": "Point",
        "coordinates": [
          140.0287299,
          35.6549541
        ]
      },
      "properties": {
        "id": "osm-n-2610422087",
        "category": "parking",
        "name": "Parking",
        "wheelchair": null,
        "fee": null,
        "opening_hours": null,
        "source": "osm"
      }
    },
    {
      "type": "Feature",
      "geometry": {
        "type": "Point",
        "coordinates": [
          140.0295409,
          35.655771
        ]
      },
      "properties": {
        "id": "osm-n-2610927685",
        "category": "parking",
        "name": "Parking",
        "wheelchair": null,
        "fee": null,
        "opening_hours": null,
        "source": "osm"
      }
    },
    {
      "type": "Feature",
      "geometry": {
        "type": "Point",
        "coordinates": [
          140.0292341,
          35.6561764
        ]
      },
      "properties": {
        "id": "osm-n-2610927694",
        "category": "parking",
        "name": "Parking",
        "wheelchair": null,
        "fee": null,
        "opening_hours": null,
        "source": "osm"
      }
    },
    {
      "type": "Feature",
      "geometry": {
        "type": "Point",
        "coordinates": [
          140.0296566,
          35.6558803
        ]
      },
      "properties": {
        "id": "osm-n-2610927695",
        "category": "parking",
        "name": "Parking",
        "wheelchair": null,
        "fee": null,
        "opening_hours": null,
        "source": "osm"
      }
    },
    {
      "type": "Feature",
      "geometry": {
        "type": "Point",
        "coordinates": [
          140.0521683,
          35.6582689
        ]
      },
      "properties": {
        "id": "osm-n-2672658209",
        "category": "toilet",
        "name": "Toilet",
        "wheelchair": null,
        "fee": null,
        "opening_hours": null,
        "source": "osm"
      }
    },
    {
      "type": "Feature",
      "geometry": {
        "type": "Point",
        "coordinates": [
          140.0522976,
          35.6583701
        ]
      },
      "properties": {
        "id": "osm-n-2672658210",
        "category": "water",
        "name": "Water",
        "wheelchair": null,
        "fee": null,
        "opening_hours": null,
        "source": "osm"
      }
    },
    {
      "type": "Feature",
      "geometry": {
        "type": "Point",
        "coordinates": [
          140.0626491,
          35.6285593
        ]
      },
      "properties": {
        "id": "osm-n-2904392071",
        "category": "hospital",
        "name": "\u59cb\u5e73\u5802\u6b6f\u79d1\u533b\u9662",
        "wheelchair": null,
        "fee": null,
        "opening_hours": null,
        "source": "osm"
      }
    },
    {
      "type": "Feature",
      "geometry": {
        "type": "Point",
        "coordinates": [
          140.0662077,
          35.6295711
        ]
      },
      "properties": {
        "id": "osm-n-2904392072",
        "category": "hospital",
        "name": "\u5c0f\u7b20\u539f\u6b6f\u79d1\u533b\u9662",
        "wheelchair": null,
        "fee": null,
        "opening_hours": null,
        "source": "osm"
      }
    },
    {
      "type": "Feature",
      "geometry": {
        "type": "Point",
        "coordinates": [
          140.0634356,
          35.6317478
        ]
      },
      "properties": {
        "id": "osm-n-2904392074",
        "category": "hospital",
        "name": "\u6c60\u7530\u30af\u30ea\u30cb\u30c3\u30af",
        "wheelchair": null,
        "fee": null,
        "opening_hours": null,
        "source": "osm"
      }
    },
    {
      "type": "Feature",
      "geometry": {
        "type": "Point",
        "coordinates": [
          140.0589563,
          35.6313658
        ]
      },
      "properties": {
        "id": "osm-n-2904392075",
        "category": "hospital",
        "name": "\u3068\u306e\u304e\u5c0f\u5150\u6b6f\u79d1",
        "wheelchair": null,
        "fee": null,
        "opening_hours": null,
        "source": "osm"
      }
    },
    {
      "type": "Feature",
      "geometry": {
        "type": "Point",
        "coordinates": [
          140.0552013,
          35.6326093
        ]
      },
      "properties": {
        "id": "osm-n-2904392076",
        "category": "hospital",
        "name": "\u307b\u305d\u3044\u6b6f\u79d1\u533b\u9662",
        "wheelchair": null,
        "fee": null,
        "opening_hours": null,
        "source": "osm"
      }
    },
    {
      "type": "Feature",
      "geometry": {
        "type": "Point",
        "coordinates": [
          140.0582945,
          35.6365694
        ]
      },
      "properties": {
        "id": "osm-n-2904392077",
        "category": "hospital",
        "name": "\u3042\u3044\u304a\u3044\u30af\u30ea\u30cb\u30c3\u30af",
        "wheelchair": null,
        "fee": null,
        "opening_hours": null,
        "source": "osm"
      }
    },
    {
      "type": "Feature",
      "geometry": {
        "type": "Point",
        "coordinates": [
          140.0581411,
          35.6364446
        ]
      },
      "properties": {
        "id": "osm-n-2904392078",
        "category": "hospital",
        "name": "\u5cef\u30c7\u30f3\u30bf\u30eb\u30af\u30ea\u30cb\u30c3\u30af",
        "wheelchair": null,
        "fee": null,
        "opening_hours": null,
        "source": "osm"
      }
    },
    {
      "type": "Feature",
      "geometry": {
        "type": "Point",
        "coordinates": [
          140.055772,
          35.637649
        ]
      },
      "properties": {
        "id": "osm-n-2904392079",
        "category": "hospital",
        "name": "\u3044\u305d\u3079\u6b6f\u79d1\u8a3a\u7642\u6240",
        "wheelchair": null,
        "fee": null,
        "opening_hours": null,
        "source": "osm"
      }
    },
    {
      "type": "Feature",
      "geometry": {
        "type": "Point",
        "coordinates": [
          140.0555178,
          35.6378945
        ]
      },
      "properties": {
        "id": "osm-n-2904392080",
        "category": "hospital",
        "name": "\u4f0a\u85e4\u5c0f\u5150\u79d1",
        "wheelchair": null,
        "fee": null,
        "opening_hours": null,
        "source": "osm"
      }
    },
    {
      "type": "Feature",
      "geometry": {
        "type": "Point",
        "coordinates": [
          140.0511968,
          35.6357976
        ]
      },
      "properties": {
        "id": "osm-n-2904392081",
        "category": "hospital",
        "name": "\u9ad8\u6a4b\u6b6f\u79d1\u533b\u9662",
        "wheelchair": null,
        "fee": null,
        "opening_hours": null,
        "source": "osm"
      }
    },
    {
      "type": "Feature",
      "geometry": {
        "type": "Point",
        "coordinates": [
          140.0594455,
          35.6281656
        ]
      },
      "properties": {
        "id": "osm-n-2904392082",
        "category": "shop",
        "name": "\u30c7\u30a4\u30ea\u30fc\u30e4\u30de\u30b6\u30ad\u5343\u8449\u78ef\u8fba\uff12\u4e01\u76ee\u5e97",
        "wheelchair": null,
        "fee": null,
        "opening_hours": null,
        "source": "osm"
      }
    },
    {
      "type": "Feature",
      "geometry": {
        "type": "Point",
        "coordinates": [
          140.0601793,
          35.6294286
        ]
      },
      "properties": {
        "id": "osm-n-2904392083",
        "category": "shop",
        "name": "\u30bb\u30d6\u30f3\u30a4\u30ec\u30d6\u30f3\u691c\u898b\u5ddd\u6d5c\u5e97",
        "wheelchair": null,
        "fee": null,
        "opening_hours": null,
        "source": "osm"
      }
    },
    {
      "type": "Feature",
      "geometry": {
        "type": "Point",
        "coordinates": [
          140.0134307,
          35.665167
        ]
      },
      "properties": {
        "id": "osm-n-3018618035",
        "category": "parking",
        "name": "NPC",
        "wheelchair": null,
        "fee": "yes",
        "opening_hours": null,
        "source": "osm"
      }
    },
    {
      "type": "Feature",
      "geometry": {
        "type": "Point",
        "coordinates": [
          140.0082524,
          35.6702465
        ]
      },
      "properties": {
        "id": "osm-n-3018658534",
        "category": "shop",
        "name": "\u30d5\u30a1\u30df\u30ea\u30fc\u30de\u30fc\u30c8",
        "wheelchair": null,
        "fee": null,
        "opening_hours": null,
        "source": "osm"
      }
    },
    {
      "type": "Feature",
      "geometry": {
        "type": "Point",
        "coordinates": [
          140.0697827,
          35.6460564
        ]
      },
      "properties": {
        "id": "osm-n-3182719351",
        "category": "toilet",
        "name": "Toilet",
        "wheelchair": null,
        "fee": null,
        "opening_hours": null,
        "source": "osm"
      }
    },
    {
      "type": "Feature",
      "geometry": {
        "type": "Point",
        "coordinates": [
          140.038272,
          35.650631
        ]
      },
      "properties": {
        "id": "osm-n-3476152193",
        "category": "parking",
        "name": "Parking",
        "wheelchair": null,
        "fee": null,
        "opening_hours": null,
        "source": "osm"
      }
    },
    {
      "type": "Feature",
      "geometry": {
        "type": "Point",
        "coordinates": [
          140.038017,
          35.651882
        ]
      },
      "properties": {
        "id": "osm-n-3476155093",
        "category": "shop",
        "name": "\u30df\u30cb\u30b9\u30c8\u30c3\u30d7",
        "wheelchair": null,
        "fee": null,
        "opening_hours": null,
        "source": "osm"
      }
    },
    {
      "type": "Feature",
      "geometry": {
        "type": "Point",
        "coordinates": [
          140.0329013,
          35.656121
        ]
      },
      "properties": {
        "id": "osm-n-3476158693",
        "category": "shop",
        "name": "\u30ed\u30fc\u30bd\u30f3",
        "wheelchair": null,
        "fee": null,
        "opening_hours": null,
        "source": "osm"
      }
    },
    {
      "type": "Feature",
      "geometry": {
        "type": "Point",
        "coordinates": [
          140.0369778,
          35.6647929
        ]
      },
      "properties": {
        "id": "osm-n-3476179593",
        "category": "shop",
        "name": "\u30bb\u30d6\u30f3-\u30a4\u30ec\u30d6\u30f3",
        "wheelchair": null,
        "fee": null,
        "opening_hours": null,
        "source": "osm"
      }
    },
    {
      "type": "Feature",
      "geometry": {
        "type": "Point",
        "coordinates": [
          140.0398781,
          35.6704297
        ]
      },
      "properties": {
        "id": "osm-n-3476188193",
        "category": "cafe",
        "name": "Asian cafe NOYS",
        "wheelchair": null,
        "fee": null,
        "opening_hours": null,
        "source": "osm"
      }
    },
    {
      "type": "Feature",
      "geometry": {
        "type": "Point",
        "coordinates": [
          140.0408564,
          35.6711813
        ]
      },
      "properties": {
        "id": "osm-n-3476188993",
        "category": "shop",
        "name": "\u30bb\u30d6\u30f3-\u30a4\u30ec\u30d6\u30f3",
        "wheelchair": null,
        "fee": null,
        "opening_hours": null,
        "source": "osm"
      }
    },
    {
      "type": "Feature",
      "geometry": {
        "type": "Point",
        "coordinates": [
          140.0420435,
          35.6482533
        ]
      },
      "properties": {
        "id": "osm-n-3584544275",
        "category": "cafe",
        "name": "\u30ab\u30d5\u30a7\u30bd\u30e9\u30fc\u30ec",
        "wheelchair": null,
        "fee": null,
        "opening_hours": null,
        "source": "osm"
      }
    },
    {
      "type": "Feature",
      "geometry": {
        "type": "Point",
        "coordinates": [
          140.0369662,
          35.6653723
        ]
      },
      "properties": {
        "id": "osm-n-3586692918",
        "category": "clinic",
        "name": "\u5e55\u5f35\u897f\u30af\u30ea\u30cb\u30c3\u30af",
        "wheelchair": null,
        "fee": null,
        "opening_hours": null,
        "source": "osm"
      }
    },
    {
      "type": "Feature",
      "geometry": {
        "type": "Point",
        "coordinates": [
          140.0355727,
          35.6473126
        ]
      },
      "properties": {
        "id": "osm-n-3590011051",
        "category": "shop",
        "name": "NEW Daily Store",
        "wheelchair": null,
        "fee": null,
        "opening_hours": null,
        "source": "osm"
      }
    },
    {
      "type": "Feature",
      "geometry": {
        "type": "Point",
        "coordinates": [
          140.0417272,
          35.672705
        ]
      },
      "properties": {
        "id": "osm-n-3591743831",
        "category": "water",
        "name": "Water",
        "wheelchair": null,
        "fee": null,
        "opening_hours": null,
        "source": "osm"
      }
    },
    {
      "type": "Feature",
      "geometry": {
        "type": "Point",
        "coordinates": [
          140.0408112,
          35.6727357
        ]
      },
      "properties": {
        "id": "osm-n-3591747484",
        "category": "cafe",
        "name": "\u9928",
        "wheelchair": null,
        "fee": null,
        "opening_hours": null,
        "source": "osm"
      }
    },
    {
      "type": "Feature",
      "geometry": {
        "type": "Point",
        "coordinates": [
          140.0204295,
          35.6781542
        ]
      },
      "properties": {
        "id": "osm-n-3717967975",
        "category": "hospital",
        "name": "Hospital",
        "wheelchair": null,
        "fee": null,
        "opening_hours": null,
        "source": "osm"
      }
    },
    {
      "type": "Feature",
      "geometry": {
        "type": "Point",
        "coordinates": [
          140.0222072,
          35.6811522
        ]
      },
      "properties": {
        "id": "osm-n-3718205014",
        "category": "shop",
        "name": "\u5e83\u702c\u9152\u5e97",
        "wheelchair": null,
        "fee": null,
        "opening_hours": null,
        "source": "osm"
      }
    },
    {
      "type": "Feature",
      "geometry": {
        "type": "Point",
        "coordinates": [
          140.0218596,
          35.6799757
        ]
      },
      "properties": {
        "id": "osm-n-3718233051",
        "category": "shop",
        "name": "\u30bb\u30d6\u30f3-\u30a4\u30ec\u30d6\u30f3",
        "wheelchair": null,
        "fee": null,
        "opening_hours": null,
        "source": "osm"
      }
    },
    {
      "type": "Feature",
      "geometry": {
        "type": "Point",
        "coordinates": [
          140.0235,
          35.6836602
        ]
      },
      "properties": {
        "id": "osm-n-3718264073",
        "category": "parking",
        "name": "Parking",
        "wheelchair": null,
        "fee": null,
        "opening_hours": null,
        "source": "osm"
      }
    },
    {
      "type": "Feature",
      "geometry": {
        "type": "Point",
        "coordinates": [
          140.02043,
          35.6818849
        ]
      },
      "properties": {
        "id": "osm-n-3718312492",
        "category": "hospital",
        "name": "\u592a\u7530\u533b\u9662",
        "wheelchair": null,
        "fee": null,
        "opening_hours": null,
        "source": "osm"
      }
    },
    {
      "type": "Feature",
      "geometry": {
        "type": "Point",
        "coordinates": [
          140.0190481,
          35.6802186
        ]
      },
      "properties": {
        "id": "osm-n-3718312856",
        "category": "hospital",
        "name": "\u5fb3\u5c71\u5916\u79d1\u5185\u79d1",
        "wheelchair": null,
        "fee": null,
        "opening_hours": null,
        "source": "osm"
      }
    },
    {
      "type": "Feature",
      "geometry": {
        "type": "Point",
        "coordinates": [
          140.0230264,
          35.6805219
        ]
      },
      "properties": {
        "id": "osm-n-3718316156",
        "category": "shop",
        "name": "\u65b0\u5b85\u9152\u5e97",
        "wheelchair": null,
        "fee": null,
        "opening_hours": null,
        "source": "osm"
      }
    },
    {
      "type": "Feature",
      "geometry": {
        "type": "Point",
        "coordinates": [
          140.0221723,
          35.6806613
        ]
      },
      "properties": {
        "id": "osm-n-3718321271",
        "category": "cafe",
        "name": "\u3086\u307e\u308a\u3042",
        "wheelchair": null,
        "fee": null,
        "opening_hours": null,
        "source": "osm"
      }
    },
    {
      "type": "Feature",
      "geometry": {
        "type": "Point",
        "coordinates": [
          140.0331525,
          35.6521068
        ]
      },
      "properties": {
        "id": "osm-n-3928740035",
        "category": "parking",
        "name": "Parking",
        "wheelchair": null,
        "fee": null,
        "opening_hours": null,
        "source": "osm"
      }
    },
    {
      "type": "Feature",
      "geometry": {
        "type": "Point",
        "coordinates": [
          140.0473033,
          35.64437
        ]
      },
      "properties": {
        "id": "osm-n-4195220716",
        "category": "clinic",
        "name": "\u307f\u306f\u307e\u75c5\u9662",
        "wheelchair": null,
        "fee": null,
        "opening_hours": null,
        "source": "osm"
      }
    },
    {
      "type": "Feature",
      "geometry": {
        "type": "Point",
        "coordinates": [
          140.0424952,
          35.6392672
        ]
      },
      "properties": {
        "id": "osm-n-4228032564",
        "category": "hospital",
        "name": "\u3046\u305f\u305b\u8033\u9f3b\u54bd\u5589\u79d1\u30fb\u30a2\u30ec\u30eb\u30ae\u30fc\u79d1",
        "wheelchair": null,
        "fee": null,
        "opening_hours": null,
        "source": "osm"
      }
    },
    {
      "type": "Feature",
      "geometry": {
        "type": "Point",
        "coordinates": [
          140.0428617,
          35.6490295
        ]
      },
      "properties": {
        "id": "osm-n-4279410241",
        "category": "shop",
        "name": "\u30bb\u30d6\u30f3-\u30a4\u30ec\u30d6\u30f3",
        "wheelchair": null,
        "fee": null,
        "opening_hours": "24/7",
        "source": "osm"
      }
    },
    {
      "type": "Feature",
      "geometry": {
        "type": "Point",
        "coordinates": [
          140.0061809,
          35.6677673
        ]
      },
      "properties": {
        "id": "osm-n-4310436317",
        "category": "fuel",
        "name": "ENEOS",
        "wheelchair": null,
        "fee": null,
        "opening_hours": null,
        "source": "osm"
      }
    },
    {
      "type": "Feature",
      "geometry": {
        "type": "Point",
        "coordinates": [
          140.0033243,
          35.6703906
        ]
      },
      "properties": {
        "id": "osm-n-4310436320",
        "category": "shop",
        "name": "\u30ed\u30fc\u30bd\u30f3",
        "wheelchair": null,
        "fee": null,
        "opening_hours": null,
        "source": "osm"
      }
    },
    {
      "type": "Feature",
      "geometry": {
        "type": "Point",
        "coordinates": [
          140.0129494,
          35.6670656
        ]
      },
      "properties": {
        "id": "osm-n-4340744065",
        "category": "cafe",
        "name": "Saint Etoile",
        "wheelchair": "yes",
        "fee": null,
        "opening_hours": null,
        "source": "osm"
      }
    },
    {
      "type": "Feature",
      "geometry": {
        "type": "Point",
        "coordinates": [
          140.0128368,
          35.6659499
        ]
      },
      "properties": {
        "id": "osm-n-4340744077",
        "category": "cafe",
        "name": "\u30c9\u30c8\u30fc\u30eb\u30b3\u30fc\u30d2\u30fc\u30b7\u30e7\u30c3\u30d7",
        "wheelchair": null,
        "fee": null,
        "opening_hours": null,
        "source": "osm"
      }
    },
    {
      "type": "Feature",
      "geometry": {
        "type": "Point",
        "coordinates": [
          140.0454423,
          35.6762605
        ]
      },
      "properties": {
        "id": "osm-n-4348510032",
        "category": "shop",
        "name": "\u30d5\u30a1\u30df\u30ea\u30fc\u30de\u30fc\u30c8",
        "wheelchair": null,
        "fee": null,
        "opening_hours": "24\u6642\u9593",
        "source": "osm"
      }
    },
    {
      "type": "Feature",
      "geometry": {
        "type": "Point",
        "coordinates": [
          140.030877,
          35.6497504
        ]
      },
      "properties": {
        "id": "osm-n-4382193154",
        "category": "toilet",
        "name": "Toilet",
        "wheelchair": null,
        "fee": null,
        "opening_hours": null,
        "source": "osm"
      }
    },
    {
      "type": "Feature",
      "geometry": {
        "type": "Point",
        "coordinates": [
          140.0447772,
          35.6743444
        ]
      },
      "properties": {
        "id": "osm-n-4457891024",
        "category": "shop",
        "name": "\u30bb\u30d6\u30f3-\u30a4\u30ec\u30d6\u30f3",
        "wheelchair": null,
        "fee": null,
        "opening_hours": null,
        "source": "osm"
      }
    },
    {
      "type": "Feature",
      "geometry": {
        "type": "Point",
        "coordinates": [
          140.0021615,
          35.6751897
        ]
      },
      "properties": {
        "id": "osm-n-4496962244",
        "category": "parking",
        "name": "\u5c4b\u4e0a\u99d0\u8eca\u5834",
        "wheelchair": null,
        "fee": null,
        "opening_hours": null,
        "source": "osm"
      }
    },
    {
      "type": "Feature",
      "geometry": {
        "type": "Point",
        "coordinates": [
          140.0437993,
          35.661231
        ]
      },
      "properties": {
        "id": "osm-n-4497021289",
        "category": "parking",
        "name": "\u5c4b\u4e0a\u99d0\u8eca\u5834",
        "wheelchair": null,
        "fee": null,
        "opening_hours": null,
        "source": "osm"
      }
    },
    {
      "type": "Feature",
      "geometry": {
        "type": "Point",
        "coordinates": [
          140.0219761,
          35.6767469
        ]
      },
      "properties": {
        "id": "osm-n-4623067694",
        "category": "parking",
        "name": "\u5c4b\u4e0a\u99d0\u8eca\u5834",
        "wheelchair": null,
        "fee": null,
        "opening_hours": null,
        "source": "osm"
      }
    },
    {
      "type": "Feature",
      "geometry": {
        "type": "Point",
        "coordinates": [
          140.0386444,
          35.6666158
        ]
      },
      "properties": {
        "id": "osm-n-4639564704",
        "category": "cafe",
        "name": "\u304b\u3054\u306e\u5c4b \u5e55\u5f35\u5e97",
        "wheelchair": null,
        "fee": null,
        "opening_hours": null,
        "source": "osm"
      }
    },
    {
      "type": "Feature",
      "geometry": {
        "type": "Point",
        "coordinates": [
          140.0477819,
          35.6734937
        ]
      },
      "properties": {
        "id": "osm-n-4641400936",
        "category": "shop",
        "name": "\u30c7\u30a4\u30ea\u30fc\u30e4\u30de\u30b6\u30ad",
        "wheelchair": null,
        "fee": null,
        "opening_hours": null,
        "source": "osm"
      }
    },
    {
      "type": "Feature",
      "geometry": {
        "type": "Point",
        "coordinates": [
          140.0192005,
          35.6836694
        ]
      },
      "properties": {
        "id": "osm-n-4739810576",
        "category": "cafe",
        "name": "\u30b3\u30e1\u30c0\u73c8\u7432 \u6d25\u7530\u6cbc\u5e97",
        "wheelchair": null,
        "fee": null,
        "opening_hours": null,
        "source": "osm"
      }
    },
    {
      "type": "Feature",
      "geometry": {
        "type": "Point",
        "coordinates": [
          140.0286367,
          35.6790009
        ]
      },
      "properties": {
        "id": "osm-n-4973955021",
        "category": "shop",
        "name": "\u30d5\u30a1\u30df\u30ea\u30fc\u30de\u30fc\u30c8\u7fd2\u5fd7\u91ce\u9dfa\u6cbc\u5e97",
        "wheelchair": null,
        "fee": null,
        "opening_hours": null,
        "source": "osm"
      }
    },
    {
      "type": "Feature",
      "geometry": {
        "type": "Point",
        "coordinates": [
          140.0237554,
          35.6841024
        ]
      },
      "properties": {
        "id": "osm-n-4973963076",
        "category": "shop",
        "name": "\u30bb\u30d6\u30f3-\u30a4\u30ec\u30d6\u30f3",
        "wheelchair": null,
        "fee": null,
        "opening_hours": null,
        "source": "osm"
      }
    },
    {
      "type": "Feature",
      "geometry": {
        "type": "Point",
        "coordinates": [
          140.0445616,
          35.651722
        ]
      },
      "properties": {
        "id": "osm-n-5110587025",
        "category": "cafe",
        "name": "\u30b9\u30bf\u30fc\u30d0\u30c3\u30af\u30b9",
        "wheelchair": null,
        "fee": null,
        "opening_hours": null,
        "source": "osm"
      }
    },
    {
      "type": "Feature",
      "geometry": {
        "type": "Point",
        "coordinates": [
          140.0460004,
          35.6523023
        ]
      },
      "properties": {
        "id": "osm-n-5110587027",
        "category": "parking",
        "name": "Parking",
        "wheelchair": null,
        "fee": null,
        "opening_hours": null,
        "source": "osm"
      }
    },
    {
      "type": "Feature",
      "geometry": {
        "type": "Point",
        "coordinates": [
          140.0447391,
          35.6513145
        ]
      },
      "properties": {
        "id": "osm-n-5110587032",
        "category": "parking",
        "name": "Parking",
        "wheelchair": null,
        "fee": null,
        "opening_hours": null,
        "source": "osm"
      }
    },
    {
      "type": "Feature",
      "geometry": {
        "type": "Point",
        "coordinates": [
          140.0451762,
          35.6511765
        ]
      },
      "properties": {
        "id": "osm-n-5110587033",
        "category": "parking",
        "name": "Parking",
        "wheelchair": null,
        "fee": null,
        "opening_hours": null,
        "source": "osm"
      }
    },
    {
      "type": "Feature",
      "geometry": {
        "type": "Point",
        "coordinates": [
          140.0307585,
          35.6718583
        ]
      },
      "properties": {
        "id": "osm-n-5110619997",
        "category": "fuel",
        "name": "\u51fa\u5149",
        "wheelchair": null,
        "fee": null,
        "opening_hours": null,
        "source": "osm"
      }
    },
    {
      "type": "Feature",
      "geometry": {
        "type": "Point",
        "coordinates": [
          140.0455056,
          35.6525321
        ]
      },
      "properties": {
        "id": "osm-n-5111007370",
        "category": "parking",
        "name": "Parking",
        "wheelchair": null,
        "fee": null,
        "opening_hours": null,
        "source": "osm"
      }
    },
    {
      "type": "Feature",
      "geometry": {
        "type": "Point",
        "coordinates": [
          140.0109127,
          35.6740101
        ]
      },
      "properties": {
        "id": "osm-n-5111007384",
        "category": "shop",
        "name": "\u30bb\u30d6\u30f3-\u30a4\u30ec\u30d6\u30f3",
        "wheelchair": null,
        "fee": null,
        "opening_hours": null,
        "source": "osm"
      }
    },
    {
      "type": "Feature",
      "geometry": {
        "type": "Point",
        "coordinates": [
          140.0377105,
          35.659869
        ]
      },
      "properties": {
        "id": "osm-n-5126961309",
        "category": "shop",
        "name": "\u30ed\u30fc\u30bd\u30f3",
        "wheelchair": null,
        "fee": null,
        "opening_hours": null,
        "source": "osm"
      }
    },
    {
      "type": "Feature",
      "geometry": {
        "type": "Point",
        "coordinates": [
          140.0369049,
          35.6677159
        ]
      },
      "properties": {
        "id": "osm-n-5126961446",
        "category": "fuel",
        "name": "\u30b3\u30b9\u30e2\u77f3\u6cb9",
        "wheelchair": null,
        "fee": null,
        "opening_hours": null,
        "source": "osm"
      }
    },
    {
      "type": "Feature",
      "geometry": {
        "type": "Point",
        "coordinates": [
          140.0359887,
          35.6678632
        ]
      },
      "properties": {
        "id": "osm-n-5126961466",
        "category": "parking",
        "name": "Parking",
        "wheelchair": null,
        "fee": "no",
        "opening_hours": null,
        "source": "osm"
      }
    },
    {
      "type": "Feature",
      "geometry": {
        "type": "Point",
        "coordinates": [
          140.035899,
          35.6826108
        ]
      },
      "properties": {
        "id": "osm-n-5137930558",
        "category": "shop",
        "name": "\u30ed\u30fc\u30bd\u30f3",
        "wheelchair": null,
        "fee": null,
        "opening_hours": "24/7",
        "source": "osm"
      }
    },
    {
      "type": "Feature",
      "geometry": {
        "type": "Point",
        "coordinates": [
          140.0258854,
          35.6816823
        ]
      },
      "properties": {
        "id": "osm-n-5167623611",
        "category": "shop",
        "name": "\u30df\u30cb\u30b9\u30c8\u30c3\u30d7",
        "wheelchair": null,
        "fee": null,
        "opening_hours": null,
        "source": "osm"
      }
    },
    {
      "type": "Feature",
      "geometry": {
        "type": "Point",
        "coordinates": [
          140.0536431,
          35.6714009
        ]
      },
      "properties": {
        "id": "osm-n-5591918447",
        "category": "shop",
        "name": "\u30df\u30cb\u30b9\u30c8\u30c3\u30d7",
        "wheelchair": null,
        "fee": null,
        "opening_hours": null,
        "source": "osm"
      }
    },
    {
      "type": "Feature",
      "geometry": {
        "type": "Point",
        "coordinates": [
          140.0546633,
          35.6714294
        ]
      },
      "properties": {
        "id": "osm-n-5591918450",
        "category": "aed",
        "name": "Aed",
        "wheelchair": null,
        "fee": null,
        "opening_hours": null,
        "source": "osm"
      }
    },
    {
      "type": "Feature",
      "geometry": {
        "type": "Point",
        "coordinates": [
          140.0545915,
          35.6714887
        ]
      },
      "properties": {
        "id": "osm-n-5591918453",
        "category": "toilet",
        "name": "Toilet",
        "wheelchair": "yes",
        "fee": "no",
        "opening_hours": null,
        "source": "osm"
      }
    },
    {
      "type": "Feature",
      "geometry": {
        "type": "Point",
        "coordinates": [
          140.0533644,
          35.6713799
        ]
      },
      "properties": {
        "id": "osm-n-5591918454",
        "category": "toilet",
        "name": "Toilet",
        "wheelchair": "yes",
        "fee": "no",
        "opening_hours": null,
        "source": "osm"
      }
    },
    {
      "type": "Feature",
      "geometry": {
        "type": "Point",
        "coordinates": [
          140.0549037,
          35.6714011
        ]
      },
      "properties": {
        "id": "osm-n-5591918455",
        "category": "water",
        "name": "Water",
        "wheelchair": null,
        "fee": null,
        "opening_hours": null,
        "source": "osm"
      }
    },
    {
      "type": "Feature",
      "geometry": {
        "type": "Point",
        "coordinates": [
          140.053295,
          35.6712633
        ]
      },
      "properties": {
        "id": "osm-n-5591918457",
        "category": "parking",
        "name": "Parking",
        "wheelchair": "yes",
        "fee": null,
        "opening_hours": null,
        "source": "osm"
      }
    },
    {
      "type": "Feature",
      "geometry": {
        "type": "Point",
        "coordinates": [
          140.0545899,
          35.6713341
        ]
      },
      "properties": {
        "id": "osm-n-5591918459",
        "category": "parking",
        "name": "Parking",
        "wheelchair": "yes",
        "fee": null,
        "opening_hours": null,
        "source": "osm"
      }
    },
    {
      "type": "Feature",
      "geometry": {
        "type": "Point",
        "coordinates": [
          140.0537423,
          35.6693522
        ]
      },
      "properties": {
        "id": "osm-n-5592042039",
        "category": "parking",
        "name": "Parking",
        "wheelchair": "yes",
        "fee": null,
        "opening_hours": null,
        "source": "osm"
      }
    },
    {
      "type": "Feature",
      "geometry": {
        "type": "Point",
        "coordinates": [
          140.0536759,
          35.6692415
        ]
      },
      "properties": {
        "id": "osm-n-5592042047",
        "category": "aed",
        "name": "Aed",
        "wheelchair": null,
        "fee": null,
        "opening_hours": null,
        "source": "osm"
      }
    },
    {
      "type": "Feature",
      "geometry": {
        "type": "Point",
        "coordinates": [
          140.0538498,
          35.6692829
        ]
      },
      "properties": {
        "id": "osm-n-5592042049",
        "category": "water",
        "name": "Water",
        "wheelchair": null,
        "fee": null,
        "opening_hours": null,
        "source": "osm"
      }
    },
    {
      "type": "Feature",
      "geometry": {
        "type": "Point",
        "coordinates": [
          140.053654,
          35.669157
        ]
      },
      "properties": {
        "id": "osm-n-5592042050",
        "category": "toilet",
        "name": "Toilet",
        "wheelchair": "yes",
        "fee": "no",
        "opening_hours": null,
        "source": "osm"
      }
    },
    {
      "type": "Feature",
      "geometry": {
        "type": "Point",
        "coordinates": [
          140.0532064,
          35.6692441
        ]
      },
      "properties": {
        "id": "osm-n-5592042051",
        "category": "shop",
        "name": "\u30d5\u30a1\u30df\u30ea\u30fc\u30de\u30fc\u30c8 Pasar\u5e55\u5f35\u4e0a\u308a\u5e97",
        "wheelchair": null,
        "fee": null,
        "opening_hours": null,
        "source": "osm"
      }
    },
    {
      "type": "Feature",
      "geometry": {
        "type": "Point",
        "coordinates": [
          140.0531855,
          35.6693176
        ]
      },
      "properties": {
        "id": "osm-n-5592042053",
        "category": "parking",
        "name": "Parking",
        "wheelchair": "yes",
        "fee": null,
        "opening_hours": null,
        "source": "osm"
      }
    },
    {
      "type": "Feature",
      "geometry": {
        "type": "Point",
        "coordinates": [
          140.0537344,
          35.6714082
        ]
      },
      "properties": {
        "id": "osm-n-5592072179",
        "category": "cafe",
        "name": "\u30bf\u30ea\u30fc\u30ba\u30b3\u30fc\u30d2\u30fc",
        "wheelchair": null,
        "fee": null,
        "opening_hours": null,
        "source": "osm"
      }
    },
    {
      "type": "Feature",
      "geometry": {
        "type": "Point",
        "coordinates": [
          140.0300735,
          35.6601885
        ]
      },
      "properties": {
        "id": "osm-n-5592148912",
        "category": "charging",
        "name": "Charging",
        "wheelchair": null,
        "fee": null,
        "opening_hours": null,
        "source": "osm"
      }
    },
    {
      "type": "Feature",
      "geometry": {
        "type": "Point",
        "coordinates": [
          140.0299655,
          35.6602082
        ]
      },
      "properties": {
        "id": "osm-n-5592148915",
        "category": "parking",
        "name": "Parking",
        "wheelchair": "yes",
        "fee": null,
        "opening_hours": null,
        "source": "osm"
      }
    },
    {
      "type": "Feature",
      "geometry": {
        "type": "Point",
        "coordinates": [
          140.0294729,
          35.6603983
        ]
      },
      "properties": {
        "id": "osm-n-5592148916",
        "category": "aed",
        "name": "Aed",
        "wheelchair": null,
        "fee": null,
        "opening_hours": null,
        "source": "osm"
      }
    },
    {
      "type": "Feature",
      "geometry": {
        "type": "Point",
        "coordinates": [
          140.029369,
          35.6604275
        ]
      },
      "properties": {
        "id": "osm-n-5592148920",
        "category": "shop",
        "name": "Shop",
        "wheelchair": null,
        "fee": null,
        "opening_hours": "5:00-23:00",
        "source": "osm"
      }
    },
    {
      "type": "Feature",
      "geometry": {
        "type": "Point",
        "coordinates": [
          140.0296226,
          35.6603623
        ]
      },
      "properties": {
        "id": "osm-n-5592151624",
        "category": "toilet",
        "name": "Toilet",
        "wheelchair": "yes",
        "fee": "no",
        "opening_hours": null,
        "source": "osm"
      }
    },
    {
      "type": "Feature",
      "geometry": {
        "type": "Point",
        "coordinates": [
          140.0285293,
          35.6607063
        ]
      },
      "properties": {
        "id": "osm-n-5592151627",
        "category": "toilet",
        "name": "Toilet",
        "wheelchair": "yes",
        "fee": "no",
        "opening_hours": null,
        "source": "osm"
      }
    },
    {
      "type": "Feature",
      "geometry": {
        "type": "Point",
        "coordinates": [
          140.0288784,
          35.6605167
        ]
      },
      "properties": {
        "id": "osm-n-5592151628",
        "category": "cafe",
        "name": "\u30b9\u30bf\u30fc\u30d0\u30c3\u30af\u30b9",
        "wheelchair": "yes",
        "fee": null,
        "opening_hours": null,
        "source": "osm"
      }
    },
    {
      "type": "Feature",
      "geometry": {
        "type": "Point",
        "coordinates": [
          140.0282831,
          35.6597585
        ]
      },
      "properties": {
        "id": "osm-n-5592211937",
        "category": "shop",
        "name": "Shop",
        "wheelchair": null,
        "fee": null,
        "opening_hours": "5:00-23:00",
        "source": "osm"
      }
    },
    {
      "type": "Feature",
      "geometry": {
        "type": "Point",
        "coordinates": [
          140.0289891,
          35.6595667
        ]
      },
      "properties": {
        "id": "osm-n-5592211939",
        "category": "toilet",
        "name": "Toilet",
        "wheelchair": "yes",
        "fee": "no",
        "opening_hours": null,
        "source": "osm"
      }
    },
    {
      "type": "Feature",
      "geometry": {
        "type": "Point",
        "coordinates": [
          140.0279483,
          35.6598623
        ]
      },
      "properties": {
        "id": "osm-n-5592211940",
        "category": "toilet",
        "name": "Toilet",
        "wheelchair": "yes",
        "fee": "no",
        "opening_hours": null,
        "source": "osm"
      }
    },
    {
      "type": "Feature",
      "geometry": {
        "type": "Point",
        "coordinates": [
          140.0275524,
          35.659987
        ]
      },
      "properties": {
        "id": "osm-n-5592211943",
        "category": "charging",
        "name": "Charging",
        "wheelchair": null,
        "fee": null,
        "opening_hours": null,
        "source": "osm"
      }
    },
    {
      "type": "Feature",
      "geometry": {
        "type": "Point",
        "coordinates": [
          140.0282198,
          35.659797
        ]
      },
      "properties": {
        "id": "osm-n-5592211944",
        "category": "aed",
        "name": "Aed",
        "wheelchair": null,
        "fee": null,
        "opening_hours": null,
        "source": "osm"
      }
    },
    {
      "type": "Feature",
      "geometry": {
        "type": "Point",
        "coordinates": [
          140.0286899,
          35.6596645
        ]
      },
      "properties": {
        "id": "osm-n-5592211945",
        "category": "cafe",
        "name": "\u30b9\u30bf\u30fc\u30d0\u30c3\u30af\u30b9",
        "wheelchair": "yes",
        "fee": null,
        "opening_hours": null,
        "source": "osm"
      }
    },
    {
      "type": "Feature",
      "geometry": {
        "type": "Point",
        "coordinates": [
          140.0276502,
          35.6599874
        ]
      },
      "properties": {
        "id": "osm-n-5592211946",
        "category": "parking",
        "name": "Parking",
        "wheelchair": "yes",
        "fee": null,
        "opening_hours": null,
        "source": "osm"
      }
    },
    {
      "type": "Feature",
      "geometry": {
        "type": "Point",
        "coordinates": [
          140.0240969,
          35.6569315
        ]
      },
      "properties": {
        "id": "osm-n-5775252615",
        "category": "parking",
        "name": "Parking",
        "wheelchair": null,
        "fee": null,
        "opening_hours": null,
        "source": "osm"
      }
    },
    {
      "type": "Feature",
      "geometry": {
        "type": "Point",
        "coordinates": [
          140.0237303,
          35.6566412
        ]
      },
      "properties": {
        "id": "osm-n-5775252616",
        "category": "parking",
        "name": "Parking",
        "wheelchair": null,
        "fee": null,
        "opening_hours": null,
        "source": "osm"
      }
    },
    {
      "type": "Feature",
      "geometry": {
        "type": "Point",
        "coordinates": [
          140.0243997,
          35.6560959
        ]
      },
      "properties": {
        "id": "osm-n-5775252632",
        "category": "parking",
        "name": "Parking",
        "wheelchair": null,
        "fee": null,
        "opening_hours": null,
        "source": "osm"
      }
    },
    {
      "type": "Feature",
      "geometry": {
        "type": "Point",
        "coordinates": [
          140.0415306,
          35.6707956
        ]
      },
      "properties": {
        "id": "osm-n-5790272227",
        "category": "parking",
        "name": "\u4e09\u4e95\u306e\u30ea\u30d1\u30fc\u30af \u5e55\u5f35\u672c\u90f7\uff12\u4e01\u76ee",
        "wheelchair": null,
        "fee": null,
        "opening_hours": null,
        "source": "osm"
      }
    },
    {
      "type": "Feature",
      "geometry": {
        "type": "Point",
        "coordinates": [
          140.0080872,
          35.6676474
        ]
      },
      "properties": {
        "id": "osm-n-5792462471",
        "category": "parking",
        "name": "Parking",
        "wheelchair": null,
        "fee": null,
        "opening_hours": null,
        "source": "osm"
      }
    },
    {
      "type": "Feature",
      "geometry": {
        "type": "Point",
        "coordinates": [
          140.0084861,
          35.668126
        ]
      },
      "properties": {
        "id": "osm-n-5792462473",
        "category": "parking",
        "name": "Parking",
        "wheelchair": null,
        "fee": null,
        "opening_hours": null,
        "source": "osm"
      }
    },
    {
      "type": "Feature",
      "geometry": {
        "type": "Point",
        "coordinates": [
          140.0078521,
          35.6685002
        ]
      },
      "properties": {
        "id": "osm-n-5792462474",
        "category": "parking",
        "name": "Parking",
        "wheelchair": null,
        "fee": null,
        "opening_hours": null,
        "source": "osm"
      }
    },
    {
      "type": "Feature",
      "geometry": {
        "type": "Point",
        "coordinates": [
          140.0285328,
          35.6539525
        ]
      },
      "properties": {
        "id": "osm-n-5792488780",
        "category": "parking",
        "name": "RF",
        "wheelchair": null,
        "fee": null,
        "opening_hours": null,
        "source": "osm"
      }
    },
    {
      "type": "Feature",
      "geometry": {
        "type": "Point",
        "coordinates": [
          140.0288584,
          35.6538251
        ]
      },
      "properties": {
        "id": "osm-n-5792488783",
        "category": "parking",
        "name": "1F",
        "wheelchair": null,
        "fee": null,
        "opening_hours": null,
        "source": "osm"
      }
    },
    {
      "type": "Feature",
      "geometry": {
        "type": "Point",
        "coordinates": [
          140.0296026,
          35.6547391
        ]
      },
      "properties": {
        "id": "osm-n-5792504632",
        "category": "cafe",
        "name": "\u30b9\u30bf\u30fc\u30d0\u30c3\u30af\u30b9",
        "wheelchair": null,
        "fee": null,
        "opening_hours": null,
        "source": "osm"
      }
    },
    {
      "type": "Feature",
      "geometry": {
        "type": "Point",
        "coordinates": [
          140.0282661,
          35.6558738
        ]
      },
      "properties": {
        "id": "osm-n-5792504634",
        "category": "cafe",
        "name": "\u30c9\u30c8\u30fc\u30eb\u30b3\u30fc\u30d2\u30fc\u30b7\u30e7\u30c3\u30d7",
        "wheelchair": null,
        "fee": null,
        "opening_hours": null,
        "source": "osm"
      }
    },
    {
      "type": "Feature",
      "geometry": {
        "type": "Point",
        "coordinates": [
          140.0265331,
          35.6563501
        ]
      },
      "properties": {
        "id": "osm-n-5792504644",
        "category": "cafe",
        "name": "\u30b9\u30bf\u30fc\u30d0\u30c3\u30af\u30b9",
        "wheelchair": null,
        "fee": null,
        "opening_hours": null,
        "source": "osm"
      }
    },
    {
      "type": "Feature",
      "geometry": {
        "type": "Point",
        "coordinates": [
          140.0187958,
          35.6698993
        ]
      },
      "properties": {
        "id": "osm-n-5874010535",
        "category": "parking",
        "name": "\u30ea\u30d1\u30fc\u30af \u7fd2\u5fd7\u91ce\u79cb\u6d25\uff12\u4e01\u76ee",
        "wheelchair": null,
        "fee": "yes",
        "opening_hours": null,
        "source": "osm"
      }
    },
    {
      "type": "Feature",
      "geometry": {
        "type": "Point",
        "coordinates": [
          140.0417192,
          35.6487334
        ]
      },
      "properties": {
        "id": "osm-n-6144238226",
        "category": "shop",
        "name": "NewDays",
        "wheelchair": null,
        "fee": null,
        "opening_hours": null,
        "source": "osm"
      }
    },
    {
      "type": "Feature",
      "geometry": {
        "type": "Point",
        "coordinates": [
          140.0419556,
          35.6484035
        ]
      },
      "properties": {
        "id": "osm-n-6144238227",
        "category": "shop",
        "name": "NewDays",
        "wheelchair": null,
        "fee": null,
        "opening_hours": null,
        "source": "osm"
      }
    },
    {
      "type": "Feature",
      "geometry": {
        "type": "Point",
        "coordinates": [
          140.0401954,
          35.6478662
        ]
      },
      "properties": {
        "id": "osm-n-6433519302",
        "category": "cafe",
        "name": "\u30b5\u30f3\u30de\u30eb\u30af\u30ab\u30d5\u30a7",
        "wheelchair": null,
        "fee": null,
        "opening_hours": null,
        "source": "osm"
      }
    },
    {
      "type": "Feature",
      "geometry": {
        "type": "Point",
        "coordinates": [
          140.0362417,
          35.6490395
        ]
      },
      "properties": {
        "id": "osm-n-6515043585",
        "category": "shop",
        "name": "\u30c7\u30a4\u30ea\u30fc\u30e4\u30de\u30b6\u30ad \u5e55\u5f35\u30e1\u30c3\u30bb\u2161\u5e97",
        "wheelchair": null,
        "fee": null,
        "opening_hours": null,
        "source": "osm"
      }
    },
    {
      "type": "Feature",
      "geometry": {
        "type": "Point",
        "coordinates": [
          140.0392812,
          35.6842279
        ]
      },
      "properties": {
        "id": "osm-n-6677114608",
        "category": "parking",
        "name": "\u83dc\u3005\u306e\u6e6f",
        "wheelchair": null,
        "fee": "no",
        "opening_hours": null,
        "source": "osm"
      }
    },
    {
      "type": "Feature",
      "geometry": {
        "type": "Point",
        "coordinates": [
          140.0592378,
          35.6335361
        ]
      },
      "properties": {
        "id": "osm-n-6795269972",
        "category": "shop",
        "name": "\u30ed\u30fc\u30bd\u30f3",
        "wheelchair": null,
        "fee": null,
        "opening_hours": null,
        "source": "osm"
      }
    },
    {
      "type": "Feature",
      "geometry": {
        "type": "Point",
        "coordinates": [
          140.0557031,
          35.6608875
        ]
      },
      "properties": {
        "id": "osm-n-6833844552",
        "category": "toilet",
        "name": "Toilet",
        "wheelchair": "yes",
        "fee": null,
        "opening_hours": null,
        "source": "osm"
      }
    },
    {
      "type": "Feature",
      "geometry": {
        "type": "Point",
        "coordinates": [
          140.0552332,
          35.6608761
        ]
      },
      "properties": {
        "id": "osm-n-6833861262",
        "category": "info",
        "name": "\u9752\u6728\u6606\u967d\u7518\u85f7\u8a66\u4f5c\u5730",
        "wheelchair": null,
        "fee": null,
        "opening_hours": null,
        "source": "osm"
      }
    },
    {
      "type": "Feature",
      "geometry": {
        "type": "Point",
        "coordinates": [
          140.0380277,
          35.6558106
        ]
      },
      "properties": {
        "id": "osm-n-6926441785",
        "category": "toilet",
        "name": "Toilet",
        "wheelchair": null,
        "fee": null,
        "opening_hours": null,
        "source": "osm"
      }
    },
    {
      "type": "Feature",
      "geometry": {
        "type": "Point",
        "coordinates": [
          140.0413682,
          35.653623
        ]
      },
      "properties": {
        "id": "osm-n-6952720985",
        "category": "shop",
        "name": "\u30d5\u30a1\u30df\u30ea\u30fc\u30de\u30fc\u30c8",
        "wheelchair": null,
        "fee": null,
        "opening_hours": null,
        "source": "osm"
      }
    },
    {
      "type": "Feature",
      "geometry": {
        "type": "Point",
        "coordinates": [
          140.0421107,
          35.6507607
        ]
      },
      "properties": {
        "id": "osm-n-6976231787",
        "category": "shop",
        "name": "\u30ed\u30fc\u30bd\u30f3",
        "wheelchair": null,
        "fee": null,
        "opening_hours": null,
        "source": "osm"
      }
    },
    {
      "type": "Feature",
      "geometry": {
        "type": "Point",
        "coordinates": [
          140.0424535,
          35.6513613
        ]
      },
      "properties": {
        "id": "osm-n-6976231985",
        "category": "shop",
        "name": "\u30d5\u30a1\u30df\u30ea\u30fc\u30de\u30fc\u30c8",
        "wheelchair": null,
        "fee": null,
        "opening_hours": null,
        "source": "osm"
      }
    },
    {
      "type": "Feature",
      "geometry": {
        "type": "Point",
        "coordinates": [
          140.0421624,
          35.649868
        ]
      },
      "properties": {
        "id": "osm-n-6976232485",
        "category": "shop",
        "name": "\u30d5\u30a1\u30df\u30ea\u30fc\u30de\u30fc\u30c8",
        "wheelchair": null,
        "fee": null,
        "opening_hours": null,
        "source": "osm"
      }
    },
    {
      "type": "Feature",
      "geometry": {
        "type": "Point",
        "coordinates": [
          140.0424737,
          35.648616
        ]
      },
      "properties": {
        "id": "osm-n-6976232486",
        "category": "shop",
        "name": "\u30bb\u30d6\u30f3-\u30a4\u30ec\u30d6\u30f3",
        "wheelchair": null,
        "fee": null,
        "opening_hours": null,
        "source": "osm"
      }
    },
    {
      "type": "Feature",
      "geometry": {
        "type": "Point",
        "coordinates": [
          140.0385968,
          35.6666232
        ]
      },
      "properties": {
        "id": "osm-n-7045206785",
        "category": "cafe",
        "name": "\u661f\u4e43\u73c8\u7432\u5e97",
        "wheelchair": null,
        "fee": null,
        "opening_hours": null,
        "source": "osm"
      }
    },
    {
      "type": "Feature",
      "geometry": {
        "type": "Point",
        "coordinates": [
          140.0402382,
          35.6629839
        ]
      },
      "properties": {
        "id": "osm-n-7045207085",
        "category": "hospital",
        "name": "\u5e55\u5f35\u897f\u6b6f\u79d1",
        "wheelchair": null,
        "fee": null,
        "opening_hours": null,
        "source": "osm"
      }
    },
    {
      "type": "Feature",
      "geometry": {
        "type": "Point",
        "coordinates": [
          140.0563389,
          35.659341
        ]
      },
      "properties": {
        "id": "osm-n-7158626740",
        "category": "shop",
        "name": "\u30ed\u30fc\u30bd\u30f3",
        "wheelchair": null,
        "fee": null,
        "opening_hours": "24/7",
        "source": "osm"
      }
    },
    {
      "type": "Feature",
      "geometry": {
        "type": "Point",
        "coordinates": [
          140.056348,
          35.6584068
        ]
      },
      "properties": {
        "id": "osm-n-7168352674",
        "category": "shop",
        "name": "\u30bb\u30d6\u30f3-\u30a4\u30ec\u30d6\u30f3",
        "wheelchair": null,
        "fee": null,
        "opening_hours": null,
        "source": "osm"
      }
    },
    {
      "type": "Feature",
      "geometry": {
        "type": "Point",
        "coordinates": [
          140.0303245,
          35.6723118
        ]
      },
      "properties": {
        "id": "osm-n-8522314819",
        "category": "shop",
        "name": "\u30d5\u30a1\u30df\u30ea\u30fc\u30de\u30fc\u30c8",
        "wheelchair": null,
        "fee": null,
        "opening_hours": "24/7",
        "source": "osm"
      }
    },
    {
      "type": "Feature",
      "geometry": {
        "type": "Point",
        "coordinates": [
          140.0203761,
          35.6776934
        ]
      },
      "properties": {
        "id": "osm-n-8522314917",
        "category": "shop",
        "name": "\u30ed\u30fc\u30bd\u30f3",
        "wheelchair": null,
        "fee": null,
        "opening_hours": "24/7",
        "source": "osm"
      }
    },
    {
      "type": "Feature",
      "geometry": {
        "type": "Point",
        "coordinates": [
          140.0407513,
          35.6496749
        ]
      },
      "properties": {
        "id": "osm-n-9653206017",
        "category": "info",
        "name": "\u5e97\u8217\u3054\u6848\u5185",
        "wheelchair": null,
        "fee": null,
        "opening_hours": null,
        "source": "osm"
      }
    },
    {
      "type": "Feature",
      "geometry": {
        "type": "Point",
        "coordinates": [
          140.0404576,
          35.6499484
        ]
      },
      "properties": {
        "id": "osm-n-9653207717",
        "category": "shop",
        "name": "\u30df\u30cb\u30b9\u30c8\u30c3\u30d7",
        "wheelchair": null,
        "fee": null,
        "opening_hours": null,
        "source": "osm"
      }
    },
    {
      "type": "Feature",
      "geometry": {
        "type": "Point",
        "coordinates": [
          140.0392886,
          35.6506402
        ]
      },
      "properties": {
        "id": "osm-n-9653207917",
        "category": "water",
        "name": "Water",
        "wheelchair": null,
        "fee": null,
        "opening_hours": null,
        "source": "osm"
      }
    },
    {
      "type": "Feature",
      "geometry": {
        "type": "Point",
        "coordinates": [
          140.0415066,
          35.6488477
        ]
      },
      "properties": {
        "id": "osm-n-10200932911",
        "category": "cafe",
        "name": "\u30b9\u30bf\u30fc\u30d0\u30c3\u30af\u30b9",
        "wheelchair": null,
        "fee": null,
        "opening_hours": null,
        "source": "osm"
      }
    },
    {
      "type": "Feature",
      "geometry": {
        "type": "Point",
        "coordinates": [
          140.041438,
          35.648438
        ]
      },
      "properties": {
        "id": "osm-n-10981774419",
        "category": "shop",
        "name": "\u30df\u30cb\u30b9\u30c8\u30c3\u30d7",
        "wheelchair": null,
        "fee": null,
        "opening_hours": null,
        "source": "osm"
      }
    },
    {
      "type": "Feature",
      "geometry": {
        "type": "Point",
        "coordinates": [
          140.0408995,
          35.63878
        ]
      },
      "properties": {
        "id": "osm-n-10985271223",
        "category": "cafe",
        "name": "cafe okano",
        "wheelchair": null,
        "fee": null,
        "opening_hours": null,
        "source": "osm"
      }
    },
    {
      "type": "Feature",
      "geometry": {
        "type": "Point",
        "coordinates": [
          140.0311529,
          35.643185
        ]
      },
      "properties": {
        "id": "osm-n-11002703098",
        "category": "toilet",
        "name": "\u516c\u8846\u30c8\u30a4\u30ec",
        "wheelchair": null,
        "fee": null,
        "opening_hours": null,
        "source": "osm"
      }
    },
    {
      "type": "Feature",
      "geometry": {
        "type": "Point",
        "coordinates": [
          140.0409557,
          35.6487991
        ]
      },
      "properties": {
        "id": "osm-n-11002855915",
        "category": "toilet",
        "name": "\u516c\u8846\u30c8\u30a4\u30ec",
        "wheelchair": null,
        "fee": null,
        "opening_hours": null,
        "source": "osm"
      }
    },
    {
      "type": "Feature",
      "geometry": {
        "type": "Point",
        "coordinates": [
          140.0422586,
          35.6471697
        ]
      },
      "properties": {
        "id": "osm-n-11002856252",
        "category": "shop",
        "name": "\u30ed\u30fc\u30bd\u30f3",
        "wheelchair": null,
        "fee": null,
        "opening_hours": "24/7",
        "source": "osm"
      }
    },
    {
      "type": "Feature",
      "geometry": {
        "type": "Point",
        "coordinates": [
          140.0496118,
          35.6765878
        ]
      },
      "properties": {
        "id": "osm-n-11042957916",
        "category": "shop",
        "name": "\u30d5\u30a1\u30df\u30ea\u30fc\u30de\u30fc\u30c8",
        "wheelchair": null,
        "fee": null,
        "opening_hours": null,
        "source": "osm"
      }
    },
    {
      "type": "Feature",
      "geometry": {
        "type": "Point",
        "coordinates": [
          140.0488446,
          35.6759296
        ]
      },
      "properties": {
        "id": "osm-n-11042957921",
        "category": "shop",
        "name": "\u30bb\u30d6\u30f3-\u30a4\u30ec\u30d6\u30f3",
        "wheelchair": null,
        "fee": null,
        "opening_hours": null,
        "source": "osm"
      }
    },
    {
      "type": "Feature",
      "geometry": {
        "type": "Point",
        "coordinates": [
          140.0590565,
          35.6605929
        ]
      },
      "properties": {
        "id": "osm-n-11146378888",
        "category": "parking",
        "name": "\u30ca\u30d3\u30d1\u30fc\u30af",
        "wheelchair": null,
        "fee": "yes",
        "opening_hours": null,
        "source": "osm"
      }
    },
    {
      "type": "Feature",
      "geometry": {
        "type": "Point",
        "coordinates": [
          140.0589342,
          35.6597668
        ]
      },
      "properties": {
        "id": "osm-n-11146637055",
        "category": "shop",
        "name": "\u30ed\u30fc\u30bd\u30f3",
        "wheelchair": null,
        "fee": null,
        "opening_hours": "24\u6642\u9593",
        "source": "osm"
      }
    },
    {
      "type": "Feature",
      "geometry": {
        "type": "Point",
        "coordinates": [
          140.0588337,
          35.661591
        ]
      },
      "properties": {
        "id": "osm-n-11146697168",
        "category": "parking",
        "name": "\u30ea\u30d1\u30fc\u30af \u5e55\u5f35\u99c5\u5317\u53e3",
        "wheelchair": null,
        "fee": "yes",
        "opening_hours": null,
        "source": "osm"
      }
    },
    {
      "type": "Feature",
      "geometry": {
        "type": "Point",
        "coordinates": [
          140.0580407,
          35.6592845
        ]
      },
      "properties": {
        "id": "osm-n-11146699582",
        "category": "shop",
        "name": "NewDays \u5e55\u5f35",
        "wheelchair": null,
        "fee": null,
        "opening_hours": null,
        "source": "osm"
      }
    },
    {
      "type": "Feature",
      "geometry": {
        "type": "Point",
        "coordinates": [
          140.0162078,
          35.6629954
        ]
      },
      "properties": {
        "id": "osm-n-11147711201",
        "category": "cafe",
        "name": "Kona\u2019s Coffee",
        "wheelchair": null,
        "fee": null,
        "opening_hours": null,
        "source": "osm"
      }
    },
    {
      "type": "Feature",
      "geometry": {
        "type": "Point",
        "coordinates": [
          140.0310289,
          35.6656866
        ]
      },
      "properties": {
        "id": "osm-n-11242868143",
        "category": "water",
        "name": "Water",
        "wheelchair": null,
        "fee": null,
        "opening_hours": null,
        "source": "osm"
      }
    },
    {
      "type": "Feature",
      "geometry": {
        "type": "Point",
        "coordinates": [
          140.0183718,
          35.6751651
        ]
      },
      "properties": {
        "id": "osm-n-11242999341",
        "category": "water",
        "name": "Water",
        "wheelchair": null,
        "fee": null,
        "opening_hours": null,
        "source": "osm"
      }
    },
    {
      "type": "Feature",
      "geometry": {
        "type": "Point",
        "coordinates": [
          140.0185177,
          35.6751313
        ]
      },
      "properties": {
        "id": "osm-n-11242999343",
        "category": "toilet",
        "name": "Toilet",
        "wheelchair": "yes",
        "fee": null,
        "opening_hours": null,
        "source": "osm"
      }
    },
    {
      "type": "Feature",
      "geometry": {
        "type": "Point",
        "coordinates": [
          140.0275186,
          35.6713518
        ]
      },
      "properties": {
        "id": "osm-n-11244830360",
        "category": "shop",
        "name": "\u30ed\u30fc\u30bd\u30f3 \u7fd2\u5fd7\u91ce\u8896\u30b1\u6d66\u56db\u4e01\u76ee\u5e97",
        "wheelchair": null,
        "fee": null,
        "opening_hours": "24/7",
        "source": "osm"
      }
    },
    {
      "type": "Feature",
      "geometry": {
        "type": "Point",
        "coordinates": [
          140.0368161,
          35.6444327
        ]
      },
      "properties": {
        "id": "osm-n-11267614017",
        "category": "shop",
        "name": "\u30ed\u30fc\u30bd\u30f3",
        "wheelchair": null,
        "fee": null,
        "opening_hours": null,
        "source": "osm"
      }
    },
    {
      "type": "Feature",
      "geometry": {
        "type": "Point",
        "coordinates": [
          140.0370256,
          35.6443451
        ]
      },
      "properties": {
        "id": "osm-n-11267614018",
        "category": "shop",
        "name": "\u30ed\u30fc\u30bd\u30f3",
        "wheelchair": null,
        "fee": null,
        "opening_hours": null,
        "source": "osm"
      }
    },
    {
      "type": "Feature",
      "geometry": {
        "type": "Point",
        "coordinates": [
          140.0598852,
          35.6602864
        ]
      },
      "properties": {
        "id": "osm-n-12017430675",
        "category": "parking",
        "name": "\u30bf\u30a4\u30e0\u30ba",
        "wheelchair": null,
        "fee": "yes",
        "opening_hours": null,
        "source": "osm"
      }
    },
    {
      "type": "Feature",
      "geometry": {
        "type": "Point",
        "coordinates": [
          140.0430042,
          35.6621003
        ]
      },
      "properties": {
        "id": "osm-n-12304905740",
        "category": "hospital",
        "name": "\u5e55\u5f35\u75c5\u9662",
        "wheelchair": null,
        "fee": null,
        "opening_hours": null,
        "source": "osm"
      }
    },
    {
      "type": "Feature",
      "geometry": {
        "type": "Point",
        "coordinates": [
          140.0323961,
          35.6533309
        ]
      },
      "properties": {
        "id": "osm-n-12378498587",
        "category": "clinic",
        "name": "\u7dcf\u5408\u30af\u30ea\u30cb\u30c3\u30af \u30c9\u30af\u30bf\u30fc\u30e9\u30f3\u30c9\u5e55\u5f35",
        "wheelchair": null,
        "fee": null,
        "opening_hours": null,
        "source": "osm"
      }
    },
    {
      "type": "Feature",
      "geometry": {
        "type": "Point",
        "coordinates": [
          140.0322111,
          35.6523909
        ]
      },
      "properties": {
        "id": "osm-n-12378521013",
        "category": "cafe",
        "name": "\u661f\u4e43\u73c8\u7432\u5e97",
        "wheelchair": null,
        "fee": null,
        "opening_hours": null,
        "source": "osm"
      }
    },
    {
      "type": "Feature",
      "geometry": {
        "type": "Point",
        "coordinates": [
          140.0267694,
          35.6564309
        ]
      },
      "properties": {
        "id": "osm-n-12378521027",
        "category": "cafe",
        "name": "\u30c9\u30c8\u30fc\u30eb\u30b3\u30fc\u30d2\u30fc\u30b7\u30e7\u30c3\u30d7",
        "wheelchair": null,
        "fee": null,
        "opening_hours": null,
        "source": "osm"
      }
    },
    {
      "type": "Feature",
      "geometry": {
        "type": "Point",
        "coordinates": [
          140.0346771,
          35.6498004
        ]
      },
      "properties": {
        "id": "osm-n-12425266331",
        "category": "parking",
        "name": "\u5e55\u5f35\u30e1\u30c3\u30bb \u81e8\u6642\u99d0\u8eca\u5834(\u4e2d\u702c\u4e8c\u4e01\u76ee\u4ea4\u5dee\u70b9\u4ed8\u8fd1)",
        "wheelchair": null,
        "fee": null,
        "opening_hours": null,
        "source": "osm"
      }
    },
    {
      "type": "Feature",
      "geometry": {
        "type": "Point",
        "coordinates": [
          140.0377441,
          35.6490867
        ]
      },
      "properties": {
        "id": "osm-n-12616401612",
        "category": "parking",
        "name": "\u30bf\u30a4\u30e0\u30ba\u770c\u55b6\u5e55\u5f35\u5730\u4e0b\u7b2c\uff11\u99d0\u8eca\u5834",
        "wheelchair": null,
        "fee": null,
        "opening_hours": "24/7",
        "source": "osm"
      }
    },
    {
      "type": "Feature",
      "geometry": {
        "type": "Point",
        "coordinates": [
          140.0591582,
          35.6604502
        ]
      },
      "properties": {
        "id": "osm-n-12623149792",
        "category": "parking",
        "name": "\u30ca\u30d3\u30d1\u30fc\u30af",
        "wheelchair": null,
        "fee": "yes",
        "opening_hours": null,
        "source": "osm"
      }
    },
    {
      "type": "Feature",
      "geometry": {
        "type": "Point",
        "coordinates": [
          140.0650202,
          35.6620058
        ]
      },
      "properties": {
        "id": "osm-n-13162510704",
        "category": "shop",
        "name": "\u30d5\u30a1\u30df\u30ea\u30fc\u30de\u30fc\u30c8",
        "wheelchair": null,
        "fee": null,
        "opening_hours": null,
        "source": "osm"
      }
    },
    {
      "type": "Feature",
      "geometry": {
        "type": "Point",
        "coordinates": [
          140.0604196,
          35.6645468
        ]
      },
      "properties": {
        "id": "osm-n-13162510859",
        "category": "shop",
        "name": "\u30bb\u30d6\u30f3-\u30a4\u30ec\u30d6\u30f3",
        "wheelchair": null,
        "fee": null,
        "opening_hours": null,
        "source": "osm"
      }
    },
    {
      "type": "Feature",
      "geometry": {
        "type": "Point",
        "coordinates": [
          140.037393,
          35.6680273
        ]
      },
      "properties": {
        "id": "osm-n-13169515809",
        "category": "shop",
        "name": "\u30d5\u30a1\u30df\u30ea\u30fc\u30de\u30fc\u30c8",
        "wheelchair": null,
        "fee": null,
        "opening_hours": null,
        "source": "osm"
      }
    },
    {
      "type": "Feature",
      "geometry": {
        "type": "Point",
        "coordinates": [
          140.0420456,
          35.6518442
        ]
      },
      "properties": {
        "id": "osm-n-13321616840",
        "category": "clinic",
        "name": "\u4e80\u7530\u7dcf\u5408\u75c5\u9662\u9644\u5c5e \u5e55\u5f35\u30af\u30ea\u30cb\u30c3\u30af",
        "wheelchair": null,
        "fee": null,
        "opening_hours": null,
        "source": "osm"
      }
    },
    {
      "type": "Feature",
      "geometry": {
        "type": "Point",
        "coordinates": [
          140.0267258,
          35.6573008
        ]
      },
      "properties": {
        "id": "osm-n-13342710240",
        "category": "shop",
        "name": "NewDays",
        "wheelchair": null,
        "fee": null,
        "opening_hours": null,
        "source": "osm"
      }
    },
    {
      "type": "Feature",
      "geometry": {
        "type": "Point",
        "coordinates": [
          140.0455032,
          35.6512738
        ]
      },
      "properties": {
        "id": "osm-n-13689273901",
        "category": "charging",
        "name": "Charging",
        "wheelchair": null,
        "fee": "yes",
        "opening_hours": "24/7",
        "source": "osm"
      }
    },
    {
      "type": "Feature",
      "geometry": {
        "type": "Point",
        "coordinates": [
          140.0489662,
          35.6581294
        ]
      },
      "properties": {
        "id": "osm-n-13785094049",
        "category": "toilet",
        "name": "Toilet",
        "wheelchair": null,
        "fee": null,
        "opening_hours": null,
        "source": "osm"
      }
    },
    {
      "type": "Feature",
      "geometry": {
        "type": "Point",
        "coordinates": [
          140.0640157,
          35.6559797
        ]
      },
      "properties": {
        "id": "osm-n-13785094050",
        "category": "toilet",
        "name": "Toilet",
        "wheelchair": null,
        "fee": null,
        "opening_hours": null,
        "source": "osm"
      }
    },
    {
      "type": "Feature",
      "geometry": {
        "type": "Point",
        "coordinates": [
          140.0616103,
          35.6480576
        ]
      },
      "properties": {
        "id": "osm-n-13785094051",
        "category": "toilet",
        "name": "Toilet",
        "wheelchair": null,
        "fee": null,
        "opening_hours": null,
        "source": "osm"
      }
    },
    {
      "type": "Feature",
      "geometry": {
        "type": "Point",
        "coordinates": [
          140.0237343,
          35.6725105
        ]
      },
      "properties": {
        "id": "osm-n-13785096414",
        "category": "toilet",
        "name": "Toilet",
        "wheelchair": null,
        "fee": null,
        "opening_hours": null,
        "source": "osm"
      }
    },
    {
      "type": "Feature",
      "geometry": {
        "type": "Point",
        "coordinates": [
          140.0674418,
          35.6532536
        ]
      },
      "properties": {
        "id": "osm-w-140094593",
        "category": "parking",
        "name": "\u691c\u898b\u5ddd\u795e\u793e\u99d0\u8eca\u5834",
        "wheelchair": null,
        "fee": null,
        "opening_hours": null,
        "source": "osm"
      }
    },
    {
      "type": "Feature",
      "geometry": {
        "type": "Point",
        "coordinates": [
          140.0550073,
          35.6236772
        ]
      },
      "properties": {
        "id": "osm-w-142608660",
        "category": "parking",
        "name": "Parking",
        "wheelchair": null,
        "fee": null,
        "opening_hours": null,
        "source": "osm"
      }
    },
    {
      "type": "Feature",
      "geometry": {
        "type": "Point",
        "coordinates": [
          140.0548213,
          35.6262565
        ]
      },
      "properties": {
        "id": "osm-w-142678819",
        "category": "parking",
        "name": "Parking",
        "wheelchair": null,
        "fee": null,
        "opening_hours": null,
        "source": "osm"
      }
    },
    {
      "type": "Feature",
      "geometry": {
        "type": "Point",
        "coordinates": [
          140.0600936,
          35.6217901
        ]
      },
      "properties": {
        "id": "osm-w-143011717",
        "category": "parking",
        "name": "Parking",
        "wheelchair": null,
        "fee": null,
        "opening_hours": null,
        "source": "osm"
      }
    },
    {
      "type": "Feature",
      "geometry": {
        "type": "Point",
        "coordinates": [
          140.0560162,
          35.6243683
        ]
      },
      "properties": {
        "id": "osm-w-144895905",
        "category": "parking",
        "name": "Parking",
        "wheelchair": null,
        "fee": null,
        "opening_hours": null,
        "source": "osm"
      }
    },
    {
      "type": "Feature",
      "geometry": {
        "type": "Point",
        "coordinates": [
          140.0126958,
          35.6607559
        ]
      },
      "properties": {
        "id": "osm-w-145580696",
        "category": "parking",
        "name": "Parking",
        "wheelchair": null,
        "fee": null,
        "opening_hours": null,
        "source": "osm"
      }
    },
    {
      "type": "Feature",
      "geometry": {
        "type": "Point",
        "coordinates": [
          140.0093549,
          35.6610828
        ]
      },
      "properties": {
        "id": "osm-w-145580705",
        "category": "parking",
        "name": "Parking",
        "wheelchair": null,
        "fee": null,
        "opening_hours": null,
        "source": "osm"
      }
    },
    {
      "type": "Feature",
      "geometry": {
        "type": "Point",
        "coordinates": [
          140.0105794,
          35.6602373
        ]
      },
      "properties": {
        "id": "osm-w-145580722",
        "category": "parking",
        "name": "Parking",
        "wheelchair": null,
        "fee": null,
        "opening_hours": null,
        "source": "osm"
      }
    },
    {
      "type": "Feature",
      "geometry": {
        "type": "Point",
        "coordinates": [
          140.0248117,
          35.6831476
        ]
      },
      "properties": {
        "id": "osm-w-152234632",
        "category": "parking",
        "name": "\uff21\u30d1\u30fc\u30af\u6d25\u7530\u6cbc \u99d0\u8eca\u5834",
        "wheelchair": null,
        "fee": "200yen /610m",
        "opening_hours": null,
        "source": "osm"
      }
    },
    {
      "type": "Feature",
      "geometry": {
        "type": "Point",
        "coordinates": [
          140.0148028,
          35.6625086
        ]
      },
      "properties": {
        "id": "osm-w-156132205",
        "category": "parking",
        "name": "Parking",
        "wheelchair": null,
        "fee": null,
        "opening_hours": null,
        "source": "osm"
      }
    },
    {
      "type": "Feature",
      "geometry": {
        "type": "Point",
        "coordinates": [
          140.0332354,
          35.6445216
        ]
      },
      "properties": {
        "id": "osm-w-162377767",
        "category": "parking",
        "name": "Parking",
        "wheelchair": null,
        "fee": null,
        "opening_hours": null,
        "source": "osm"
      }
    },
    {
      "type": "Feature",
      "geometry": {
        "type": "Point",
        "coordinates": [
          140.0285432,
          35.6519051
        ]
      },
      "properties": {
        "id": "osm-w-162377768",
        "category": "parking",
        "name": "\u5e55\u5f35\u30e1\u30c3\u30bb\u99d0\u8eca\u5834",
        "wheelchair": null,
        "fee": "yes",
        "opening_hours": null,
        "source": "osm"
      }
    },
    {
      "type": "Feature",
      "geometry": {
        "type": "Point",
        "coordinates": [
          140.0634084,
          35.6661562
        ]
      },
      "properties": {
        "id": "osm-w-164025749",
        "category": "parking",
        "name": "Parking",
        "wheelchair": null,
        "fee": null,
        "opening_hours": null,
        "source": "osm"
      }
    },
    {
      "type": "Feature",
      "geometry": {
        "type": "Point",
        "coordinates": [
          140.0502805,
          35.6553223
        ]
      },
      "properties": {
        "id": "osm-w-164025761",
        "category": "parking",
        "name": "Parking",
        "wheelchair": null,
        "fee": "no",
        "opening_hours": null,
        "source": "osm"
      }
    },
    {
      "type": "Feature",
      "geometry": {
        "type": "Point",
        "coordinates": [
          140.0150777,
          35.6638753
        ]
      },
      "properties": {
        "id": "osm-w-168821837",
        "category": "parking",
        "name": "Parking",
        "wheelchair": null,
        "fee": "no",
        "opening_hours": null,
        "source": "osm"
      }
    },
    {
      "type": "Feature",
      "geometry": {
        "type": "Point",
        "coordinates": [
          140.0112582,
          35.6633771
        ]
      },
      "properties": {
        "id": "osm-w-168821838",
        "category": "parking",
        "name": "Parking",
        "wheelchair": null,
        "fee": null,
        "opening_hours": null,
        "source": "osm"
      }
    },
    {
      "type": "Feature",
      "geometry": {
        "type": "Point",
        "coordinates": [
          140.0155646,
          35.6677075
        ]
      },
      "properties": {
        "id": "osm-w-171857457",
        "category": "parking",
        "name": "Parking",
        "wheelchair": null,
        "fee": null,
        "opening_hours": null,
        "source": "osm"
      }
    },
    {
      "type": "Feature",
      "geometry": {
        "type": "Point",
        "coordinates": [
          140.0152655,
          35.6689413
        ]
      },
      "properties": {
        "id": "osm-w-171857459",
        "category": "parking",
        "name": "Parking",
        "wheelchair": null,
        "fee": null,
        "opening_hours": null,
        "source": "osm"
      }
    },
    {
      "type": "Feature",
      "geometry": {
        "type": "Point",
        "coordinates": [
          140.0110308,
          35.6702784
        ]
      },
      "properties": {
        "id": "osm-w-171857462",
        "category": "parking",
        "name": "Parking",
        "wheelchair": null,
        "fee": null,
        "opening_hours": "08:30-17:00",
        "source": "osm"
      }
    },
    {
      "type": "Feature",
      "geometry": {
        "type": "Point",
        "coordinates": [
          140.0132672,
          35.6668497
        ]
      },
      "properties": {
        "id": "osm-w-172262903",
        "category": "shop",
        "name": "\u30c7\u30a4\u30ea\u30fc\u30e4\u30de\u30b6\u30ad",
        "wheelchair": null,
        "fee": null,
        "opening_hours": null,
        "source": "osm"
      }
    },
    {
      "type": "Feature",
      "geometry": {
        "type": "Point",
        "coordinates": [
          140.0556652,
          35.6297288
        ]
      },
      "properties": {
        "id": "osm-w-184721726",
        "category": "hospital",
        "name": "Hospital",
        "wheelchair": null,
        "fee": null,
        "opening_hours": null,
        "source": "osm"
      }
    },
    {
      "type": "Feature",
      "geometry": {
        "type": "Point",
        "coordinates": [
          140.0515517,
          35.6311674
        ]
      },
      "properties": {
        "id": "osm-w-185229487",
        "category": "parking",
        "name": "Parking",
        "wheelchair": null,
        "fee": null,
        "opening_hours": null,
        "source": "osm"
      }
    },
    {
      "type": "Feature",
      "geometry": {
        "type": "Point",
        "coordinates": [
          140.073695,
          35.6524204
        ]
      },
      "properties": {
        "id": "osm-w-207148387",
        "category": "parking",
        "name": "Parking",
        "wheelchair": null,
        "fee": null,
        "opening_hours": null,
        "source": "osm"
      }
    },
    {
      "type": "Feature",
      "geometry": {
        "type": "Point",
        "coordinates": [
          140.0733776,
          35.6524223
        ]
      },
      "properties": {
        "id": "osm-w-207148389",
        "category": "parking",
        "name": "Parking",
        "wheelchair": null,
        "fee": null,
        "opening_hours": null,
        "source": "osm"
      }
    },
    {
      "type": "Feature",
      "geometry": {
        "type": "Point",
        "coordinates": [
          140.0607621,
          35.6357337
        ]
      },
      "properties": {
        "id": "osm-w-207261815",
        "category": "parking",
        "name": "\u691c\u898b\u5ddd\u6d5c\u99c5\u524d\u99d0\u8eca\u5834",
        "wheelchair": null,
        "fee": "yes",
        "opening_hours": null,
        "source": "osm"
      }
    },
    {
      "type": "Feature",
      "geometry": {
        "type": "Point",
        "coordinates": [
          140.0413166,
          35.6460204
        ]
      },
      "properties": {
        "id": "osm-w-207279452",
        "category": "parking",
        "name": "Parking",
        "wheelchair": null,
        "fee": "yes",
        "opening_hours": null,
        "source": "osm"
      }
    },
    {
      "type": "Feature",
      "geometry": {
        "type": "Point",
        "coordinates": [
          140.0428393,
          35.64707
        ]
      },
      "properties": {
        "id": "osm-w-207574115",
        "category": "parking",
        "name": "Parking",
        "wheelchair": null,
        "fee": null,
        "opening_hours": null,
        "source": "osm"
      }
    },
    {
      "type": "Feature",
      "geometry": {
        "type": "Point",
        "coordinates": [
          140.044618,
          35.6472245
        ]
      },
      "properties": {
        "id": "osm-w-207882640",
        "category": "parking",
        "name": "\u770c\u7acb\u5e55\u5f35\u6d77\u6d5c\u516c\u5712A\u30d6\u30ed\u30c3\u30af\u99d0\u8eca\u5834",
        "wheelchair": null,
        "fee": "yes",
        "opening_hours": null,
        "source": "osm"
      }
    },
    {
      "type": "Feature",
      "geometry": {
        "type": "Point",
        "coordinates": [
          140.0426461,
          35.6460156
        ]
      },
      "properties": {
        "id": "osm-w-207992989",
        "category": "toilet",
        "name": "Toilet",
        "wheelchair": null,
        "fee": "no",
        "opening_hours": null,
        "source": "osm"
      }
    },
    {
      "type": "Feature",
      "geometry": {
        "type": "Point",
        "coordinates": [
          140.0415519,
          35.6446937
        ]
      },
      "properties": {
        "id": "osm-w-207993012",
        "category": "parking",
        "name": "\u770c\u7acb\u5e55\u5f35\u6d77\u6d5c\u516c\u5712B\u30d6\u30ed\u30c3\u30af\u99d0\u8eca\u5834",
        "wheelchair": null,
        "fee": "yes",
        "opening_hours": "24/7",
        "source": "osm"
      }
    },
    {
      "type": "Feature",
      "geometry": {
        "type": "Point",
        "coordinates": [
          140.0385936,
          35.6429657
        ]
      },
      "properties": {
        "id": "osm-w-208037146",
        "category": "toilet",
        "name": "Toilet",
        "wheelchair": null,
        "fee": null,
        "opening_hours": null,
        "source": "osm"
      }
    },
    {
      "type": "Feature",
      "geometry": {
        "type": "Point",
        "coordinates": [
          140.040603,
          35.6439036
        ]
      },
      "properties": {
        "id": "osm-w-208040627",
        "category": "parking",
        "name": "\u770c\u7acb\u5e55\u5f35\u6d77\u6d5c\u516c\u5712C\u30d6\u30ed\u30c3\u30af\u99d0\u8eca\u5834",
        "wheelchair": null,
        "fee": null,
        "opening_hours": null,
        "source": "osm"
      }
    },
    {
      "type": "Feature",
      "geometry": {
        "type": "Point",
        "coordinates": [
          140.04437,
          35.6499464
        ]
      },
      "properties": {
        "id": "osm-w-208058226",
        "category": "parking",
        "name": "\u30db\u30c6\u30eb\u30b9\u30d7\u30ea\u30f3\u30b0\u30b9\u5e55\u5f35\u7b2c2\u99d0\u8eca\u5834",
        "wheelchair": null,
        "fee": null,
        "opening_hours": null,
        "source": "osm"
      }
    },
    {
      "type": "Feature",
      "geometry": {
        "type": "Point",
        "coordinates": [
          140.0414426,
          35.6729461
        ]
      },
      "properties": {
        "id": "osm-w-208914511",
        "category": "toilet",
        "name": "Toilet",
        "wheelchair": "yes",
        "fee": "no",
        "opening_hours": null,
        "source": "osm"
      }
    },
    {
      "type": "Feature",
      "geometry": {
        "type": "Point",
        "coordinates": [
          140.0407452,
          35.6720939
        ]
      },
      "properties": {
        "id": "osm-w-208914517",
        "category": "parking",
        "name": "Parking",
        "wheelchair": null,
        "fee": null,
        "opening_hours": null,
        "source": "osm"
      }
    },
    {
      "type": "Feature",
      "geometry": {
        "type": "Point",
        "coordinates": [
          140.0448129,
          35.6505183
        ]
      },
      "properties": {
        "id": "osm-w-209138698",
        "category": "parking",
        "name": "Parking",
        "wheelchair": null,
        "fee": null,
        "opening_hours": null,
        "source": "osm"
      }
    },
    {
      "type": "Feature",
      "geometry": {
        "type": "Point",
        "coordinates": [
          140.0433152,
          35.647723
        ]
      },
      "properties": {
        "id": "osm-w-209138699",
        "category": "parking",
        "name": "\u4e09\u4e95\u30a2\u30a6\u30c8\u30ec\u30c3\u30c8\u30d1\u30fc\u30af\u5e55\u5f35\u7b2c4\u99d0\u8eca\u5834",
        "wheelchair": null,
        "fee": null,
        "opening_hours": null,
        "source": "osm"
      }
    },
    {
      "type": "Feature",
      "geometry": {
        "type": "Point",
        "coordinates": [
          140.0436416,
          35.6495003
        ]
      },
      "properties": {
        "id": "osm-w-209138700",
        "category": "parking",
        "name": "\u30db\u30c6\u30eb\u30b9\u30d7\u30ea\u30f3\u30b0\u30b9\u5e55\u5f35\u7b2c1\u99d0\u8eca\u5834",
        "wheelchair": null,
        "fee": null,
        "opening_hours": null,
        "source": "osm"
      }
    },
    {
      "type": "Feature",
      "geometry": {
        "type": "Point",
        "coordinates": [
          140.0458023,
          35.6451274
        ]
      },
      "properties": {
        "id": "osm-w-209141100",
        "category": "fuel",
        "name": "\u30b3\u30b9\u30e2\u77f3\u6cb9",
        "wheelchair": null,
        "fee": null,
        "opening_hours": null,
        "source": "osm"
      }
    },
    {
      "type": "Feature",
      "geometry": {
        "type": "Point",
        "coordinates": [
          140.0462013,
          35.644424
        ]
      },
      "properties": {
        "id": "osm-w-209141901",
        "category": "parking",
        "name": "Parking",
        "wheelchair": null,
        "fee": null,
        "opening_hours": null,
        "source": "osm"
      }
    },
    {
      "type": "Feature",
      "geometry": {
        "type": "Point",
        "coordinates": [
          140.0467276,
          35.6439725
        ]
      },
      "properties": {
        "id": "osm-w-209141904",
        "category": "parking",
        "name": "Parking",
        "wheelchair": null,
        "fee": null,
        "opening_hours": null,
        "source": "osm"
      }
    },
    {
      "type": "Feature",
      "geometry": {
        "type": "Point",
        "coordinates": [
          140.045959,
          35.6436931
        ]
      },
      "properties": {
        "id": "osm-w-209141906",
        "category": "parking",
        "name": "Parking",
        "wheelchair": null,
        "fee": null,
        "opening_hours": null,
        "source": "osm"
      }
    },
    {
      "type": "Feature",
      "geometry": {
        "type": "Point",
        "coordinates": [
          140.044686,
          35.6438024
        ]
      },
      "properties": {
        "id": "osm-w-209183160",
        "category": "parking",
        "name": "Parking",
        "wheelchair": null,
        "fee": null,
        "opening_hours": null,
        "source": "osm"
      }
    },
    {
      "type": "Feature",
      "geometry": {
        "type": "Point",
        "coordinates": [
          140.0460787,
          35.6451408
        ]
      },
      "properties": {
        "id": "osm-w-210395246",
        "category": "parking",
        "name": "Parking",
        "wheelchair": null,
        "fee": null,
        "opening_hours": null,
        "source": "osm"
      }
    },
    {
      "type": "Feature",
      "geometry": {
        "type": "Point",
        "coordinates": [
          140.0404859,
          35.6517459
        ]
      },
      "properties": {
        "id": "osm-w-211120126",
        "category": "toilet",
        "name": "Toilet",
        "wheelchair": null,
        "fee": null,
        "opening_hours": null,
        "source": "osm"
      }
    },
    {
      "type": "Feature",
      "geometry": {
        "type": "Point",
        "coordinates": [
          140.0486,
          35.640236
        ]
      },
      "properties": {
        "id": "osm-w-214186538",
        "category": "toilet",
        "name": "Toilet",
        "wheelchair": "yes",
        "fee": null,
        "opening_hours": null,
        "source": "osm"
      }
    },
    {
      "type": "Feature",
      "geometry": {
        "type": "Point",
        "coordinates": [
          140.0408615,
          35.6419901
        ]
      },
      "properties": {
        "id": "osm-w-215062242",
        "category": "parking",
        "name": "Parking",
        "wheelchair": null,
        "fee": null,
        "opening_hours": null,
        "source": "osm"
      }
    },
    {
      "type": "Feature",
      "geometry": {
        "type": "Point",
        "coordinates": [
          140.0401708,
          35.6417794
        ]
      },
      "properties": {
        "id": "osm-w-215062246",
        "category": "parking",
        "name": "Parking",
        "wheelchair": null,
        "fee": null,
        "opening_hours": null,
        "source": "osm"
      }
    },
    {
      "type": "Feature",
      "geometry": {
        "type": "Point",
        "coordinates": [
          140.03972,
          35.6408653
        ]
      },
      "properties": {
        "id": "osm-w-215062251",
        "category": "fuel",
        "name": "Fuel",
        "wheelchair": null,
        "fee": null,
        "opening_hours": null,
        "source": "osm"
      }
    },
    {
      "type": "Feature",
      "geometry": {
        "type": "Point",
        "coordinates": [
          140.0726588,
          35.6604272
        ]
      },
      "properties": {
        "id": "osm-w-215775108",
        "category": "toilet",
        "name": "Toilet",
        "wheelchair": null,
        "fee": null,
        "opening_hours": null,
        "source": "osm"
      }
    },
    {
      "type": "Feature",
      "geometry": {
        "type": "Point",
        "coordinates": [
          140.0608449,
          35.6360656
        ]
      },
      "properties": {
        "id": "osm-w-216550842",
        "category": "parking",
        "name": "Parking",
        "wheelchair": null,
        "fee": null,
        "opening_hours": null,
        "source": "osm"
      }
    },
    {
      "type": "Feature",
      "geometry": {
        "type": "Point",
        "coordinates": [
          140.0065091,
          35.6731956
        ]
      },
      "properties": {
        "id": "osm-w-222995341",
        "category": "parking",
        "name": "Parking",
        "wheelchair": null,
        "fee": null,
        "opening_hours": null,
        "source": "osm"
      }
    },
    {
      "type": "Feature",
      "geometry": {
        "type": "Point",
        "coordinates": [
          140.0400049,
          35.6535281
        ]
      },
      "properties": {
        "id": "osm-w-228953550",
        "category": "parking",
        "name": "Parking",
        "wheelchair": null,
        "fee": null,
        "opening_hours": null,
        "source": "osm"
      }
    },
    {
      "type": "Feature",
      "geometry": {
        "type": "Point",
        "coordinates": [
          140.0499421,
          35.6571752
        ]
      },
      "properties": {
        "id": "osm-w-250482000",
        "category": "parking",
        "name": "Parking",
        "wheelchair": null,
        "fee": null,
        "opening_hours": null,
        "source": "osm"
      }
    },
    {
      "type": "Feature",
      "geometry": {
        "type": "Point",
        "coordinates": [
          140.0274304,
          35.6569038
        ]
      },
      "properties": {
        "id": "osm-w-255233584",
        "category": "parking",
        "name": "\u30d0\u30b9\u5c02\u7528",
        "wheelchair": null,
        "fee": null,
        "opening_hours": null,
        "source": "osm"
      }
    },
    {
      "type": "Feature",
      "geometry": {
        "type": "Point",
        "coordinates": [
          140.0230228,
          35.6570415
        ]
      },
      "properties": {
        "id": "osm-w-255400604",
        "category": "parking",
        "name": "\u4eac\u6210\u30d0\u30b9\u65b0\u90fd\u5fc3\u55b6\u696d\u6240",
        "wheelchair": null,
        "fee": null,
        "opening_hours": null,
        "source": "osm"
      }
    },
    {
      "type": "Feature",
      "geometry": {
        "type": "Point",
        "coordinates": [
          140.0111839,
          35.6784178
        ]
      },
      "properties": {
        "id": "osm-w-260577022",
        "category": "parking",
        "name": "Parking",
        "wheelchair": null,
        "fee": null,
        "opening_hours": null,
        "source": "osm"
      }
    },
    {
      "type": "Feature",
      "geometry": {
        "type": "Point",
        "coordinates": [
          140.0379794,
          35.6373793
        ]
      },
      "properties": {
        "id": "osm-w-277788906",
        "category": "parking",
        "name": "Parking",
        "wheelchair": null,
        "fee": null,
        "opening_hours": null,
        "source": "osm"
      }
    },
    {
      "type": "Feature",
      "geometry": {
        "type": "Point",
        "coordinates": [
          140.0365466,
          35.6856994
        ]
      },
      "properties": {
        "id": "osm-w-277969039",
        "category": "parking",
        "name": "Parking",
        "wheelchair": null,
        "fee": null,
        "opening_hours": null,
        "source": "osm"
      }
    },
    {
      "type": "Feature",
      "geometry": {
        "type": "Point",
        "coordinates": [
          139.9949073,
          35.6687393
        ]
      },
      "properties": {
        "id": "osm-w-299973692",
        "category": "parking",
        "name": "Parking",
        "wheelchair": null,
        "fee": null,
        "opening_hours": null,
        "source": "osm"
      }
    },
    {
      "type": "Feature",
      "geometry": {
        "type": "Point",
        "coordinates": [
          140.0334618,
          35.6493323
        ]
      },
      "properties": {
        "id": "osm-w-305580978",
        "category": "parking",
        "name": "Parking",
        "wheelchair": null,
        "fee": null,
        "opening_hours": null,
        "source": "osm"
      }
    },
    {
      "type": "Feature",
      "geometry": {
        "type": "Point",
        "coordinates": [
          140.0338083,
          35.6571743
        ]
      },
      "properties": {
        "id": "osm-w-310794979",
        "category": "parking",
        "name": "Parking",
        "wheelchair": null,
        "fee": "no",
        "opening_hours": null,
        "source": "osm"
      }
    },
    {
      "type": "Feature",
      "geometry": {
        "type": "Point",
        "coordinates": [
          140.0642329,
          35.6257029
        ]
      },
      "properties": {
        "id": "osm-w-319964014",
        "category": "toilet",
        "name": "Toilet",
        "wheelchair": null,
        "fee": null,
        "opening_hours": null,
        "source": "osm"
      }
    },
    {
      "type": "Feature",
      "geometry": {
        "type": "Point",
        "coordinates": [
          140.051387,
          35.6278253
        ]
      },
      "properties": {
        "id": "osm-w-319973857",
        "category": "hospital",
        "name": "Hospital",
        "wheelchair": null,
        "fee": null,
        "opening_hours": null,
        "source": "osm"
      }
    },
    {
      "type": "Feature",
      "geometry": {
        "type": "Point",
        "coordinates": [
          140.0521959,
          35.6285365
        ]
      },
      "properties": {
        "id": "osm-w-319973865",
        "category": "hospital",
        "name": "Hospital",
        "wheelchair": null,
        "fee": null,
        "opening_hours": null,
        "source": "osm"
      }
    },
    {
      "type": "Feature",
      "geometry": {
        "type": "Point",
        "coordinates": [
          140.0513795,
          35.6277998
        ]
      },
      "properties": {
        "id": "osm-w-319973893",
        "category": "hospital",
        "name": "\u5343\u8449\u5e02\u7acb\u6d77\u6d5c\u75c5\u9662",
        "wheelchair": null,
        "fee": null,
        "opening_hours": null,
        "source": "osm"
      }
    },
    {
      "type": "Feature",
      "geometry": {
        "type": "Point",
        "coordinates": [
          140.0706146,
          35.6518529
        ]
      },
      "properties": {
        "id": "osm-w-320518087",
        "category": "parking",
        "name": "Parking",
        "wheelchair": null,
        "fee": "yes",
        "opening_hours": null,
        "source": "osm"
      }
    },
    {
      "type": "Feature",
      "geometry": {
        "type": "Point",
        "coordinates": [
          140.0410805,
          35.6718148
        ]
      },
      "properties": {
        "id": "osm-w-352684102",
        "category": "parking",
        "name": "Parking",
        "wheelchair": null,
        "fee": null,
        "opening_hours": null,
        "source": "osm"
      }
    },
    {
      "type": "Feature",
      "geometry": {
        "type": "Point",
        "coordinates": [
          140.041205,
          35.671822
        ]
      },
      "properties": {
        "id": "osm-w-352684106",
        "category": "parking",
        "name": "Parking",
        "wheelchair": null,
        "fee": null,
        "opening_hours": null,
        "source": "osm"
      }
    },
    {
      "type": "Feature",
      "geometry": {
        "type": "Point",
        "coordinates": [
          140.0407251,
          35.6721562
        ]
      },
      "properties": {
        "id": "osm-w-352684109",
        "category": "parking",
        "name": "\u30ca\u30d3\u30d1\u30fc\u30af",
        "wheelchair": null,
        "fee": "yes",
        "opening_hours": "24/7",
        "source": "osm"
      }
    },
    {
      "type": "Feature",
      "geometry": {
        "type": "Point",
        "coordinates": [
          140.0410019,
          35.6720861
        ]
      },
      "properties": {
        "id": "osm-w-352684111",
        "category": "parking",
        "name": "\u30bf\u30a4\u30e0\u30ba \u5e55\u5f35\u672c\u90f7\u99c5\u524d",
        "wheelchair": null,
        "fee": "yes",
        "opening_hours": "24/7",
        "source": "osm"
      }
    },
    {
      "type": "Feature",
      "geometry": {
        "type": "Point",
        "coordinates": [
          140.0408299,
          35.6707591
        ]
      },
      "properties": {
        "id": "osm-w-352689932",
        "category": "fuel",
        "name": "Fuel",
        "wheelchair": null,
        "fee": null,
        "opening_hours": null,
        "source": "osm"
      }
    },
    {
      "type": "Feature",
      "geometry": {
        "type": "Point",
        "coordinates": [
          140.0403157,
          35.6703199
        ]
      },
      "properties": {
        "id": "osm-w-352689933",
        "category": "parking",
        "name": "\u5e78\u6804\u30d1\u30fc\u30ad\u30f3\u30b0",
        "wheelchair": null,
        "fee": null,
        "opening_hours": null,
        "source": "osm"
      }
    },
    {
      "type": "Feature",
      "geometry": {
        "type": "Point",
        "coordinates": [
          140.0406414,
          35.6704969
        ]
      },
      "properties": {
        "id": "osm-w-352689934",
        "category": "parking",
        "name": "\u5e78\u6804\u30d7\u30e9\u30b6\u99d0\u8eca\u5834",
        "wheelchair": null,
        "fee": null,
        "opening_hours": null,
        "source": "osm"
      }
    },
    {
      "type": "Feature",
      "geometry": {
        "type": "Point",
        "coordinates": [
          140.0370888,
          35.6655852
        ]
      },
      "properties": {
        "id": "osm-w-352882403",
        "category": "parking",
        "name": "Parking",
        "wheelchair": null,
        "fee": null,
        "opening_hours": null,
        "source": "osm"
      }
    },
    {
      "type": "Feature",
      "geometry": {
        "type": "Point",
        "coordinates": [
          140.0374215,
          35.6656549
        ]
      },
      "properties": {
        "id": "osm-w-352882404",
        "category": "parking",
        "name": "Parking",
        "wheelchair": null,
        "fee": null,
        "opening_hours": null,
        "source": "osm"
      }
    },
    {
      "type": "Feature",
      "geometry": {
        "type": "Point",
        "coordinates": [
          140.0385947,
          35.6687479
        ]
      },
      "properties": {
        "id": "osm-w-352882405",
        "category": "parking",
        "name": "Parking",
        "wheelchair": null,
        "fee": null,
        "opening_hours": null,
        "source": "osm"
      }
    },
    {
      "type": "Feature",
      "geometry": {
        "type": "Point",
        "coordinates": [
          140.03569,
          35.6635674
        ]
      },
      "properties": {
        "id": "osm-w-352889110",
        "category": "parking",
        "name": "Parking",
        "wheelchair": null,
        "fee": null,
        "opening_hours": null,
        "source": "osm"
      }
    },
    {
      "type": "Feature",
      "geometry": {
        "type": "Point",
        "coordinates": [
          140.0327325,
          35.6561668
        ]
      },
      "properties": {
        "id": "osm-w-353373454",
        "category": "parking",
        "name": "Parking",
        "wheelchair": null,
        "fee": null,
        "opening_hours": null,
        "source": "osm"
      }
    },
    {
      "type": "Feature",
      "geometry": {
        "type": "Point",
        "coordinates": [
          140.0362988,
          35.6653805
        ]
      },
      "properties": {
        "id": "osm-w-353374392",
        "category": "parking",
        "name": "Parking",
        "wheelchair": null,
        "fee": null,
        "opening_hours": null,
        "source": "osm"
      }
    },
    {
      "type": "Feature",
      "geometry": {
        "type": "Point",
        "coordinates": [
          140.0405919,
          35.6711417
        ]
      },
      "properties": {
        "id": "osm-w-353392121",
        "category": "parking",
        "name": "Parking",
        "wheelchair": null,
        "fee": null,
        "opening_hours": null,
        "source": "osm"
      }
    },
    {
      "type": "Feature",
      "geometry": {
        "type": "Point",
        "coordinates": [
          140.0397299,
          35.6704041
        ]
      },
      "properties": {
        "id": "osm-w-353392122",
        "category": "parking",
        "name": "Parking",
        "wheelchair": null,
        "fee": null,
        "opening_hours": null,
        "source": "osm"
      }
    },
    {
      "type": "Feature",
      "geometry": {
        "type": "Point",
        "coordinates": [
          140.0401605,
          35.6707943
        ]
      },
      "properties": {
        "id": "osm-w-353392123",
        "category": "parking",
        "name": "Parking",
        "wheelchair": null,
        "fee": null,
        "opening_hours": null,
        "source": "osm"
      }
    },
    {
      "type": "Feature",
      "geometry": {
        "type": "Point",
        "coordinates": [
          140.0367208,
          35.6659631
        ]
      },
      "properties": {
        "id": "osm-w-353392124",
        "category": "parking",
        "name": "Parking",
        "wheelchair": null,
        "fee": null,
        "opening_hours": null,
        "source": "osm"
      }
    },
    {
      "type": "Feature",
      "geometry": {
        "type": "Point",
        "coordinates": [
          140.04062,
          35.6725838
        ]
      },
      "properties": {
        "id": "osm-w-353392128",
        "category": "parking",
        "name": "\u30bf\u30a4\u30e0\u30ba\u5e55\u5f35\u672c\u90f7\u99c5\u524d\u7b2c2",
        "wheelchair": null,
        "fee": "yes",
        "opening_hours": "24/7",
        "source": "osm"
      }
    },
    {
      "type": "Feature",
      "geometry": {
        "type": "Point",
        "coordinates": [
          140.0399408,
          35.6706176
        ]
      },
      "properties": {
        "id": "osm-w-353392129",
        "category": "parking",
        "name": "\u30bf\u30a4\u30e0\u30ba\u5e55\u5f35\u672c\u90f7\u99c5\u524d\u7b2c3",
        "wheelchair": null,
        "fee": "yes",
        "opening_hours": null,
        "source": "osm"
      }
    },
    {
      "type": "Feature",
      "geometry": {
        "type": "Point",
        "coordinates": [
          140.0365893,
          35.6660545
        ]
      },
      "properties": {
        "id": "osm-w-353392130",
        "category": "shop",
        "name": "\u30df\u30cb\u30b9\u30c8\u30c3\u30d7",
        "wheelchair": null,
        "fee": null,
        "opening_hours": null,
        "source": "osm"
      }
    },
    {
      "type": "Feature",
      "geometry": {
        "type": "Point",
        "coordinates": [
          140.0394861,
          35.674663
        ]
      },
      "properties": {
        "id": "osm-w-353400143",
        "category": "parking",
        "name": "Parking",
        "wheelchair": null,
        "fee": "yes",
        "opening_hours": null,
        "source": "osm"
      }
    },
    {
      "type": "Feature",
      "geometry": {
        "type": "Point",
        "coordinates": [
          140.0411545,
          35.673181
        ]
      },
      "properties": {
        "id": "osm-w-353400144",
        "category": "parking",
        "name": "Parking",
        "wheelchair": null,
        "fee": null,
        "opening_hours": null,
        "source": "osm"
      }
    },
    {
      "type": "Feature",
      "geometry": {
        "type": "Point",
        "coordinates": [
          140.0404173,
          35.6738858
        ]
      },
      "properties": {
        "id": "osm-w-353400145",
        "category": "parking",
        "name": "Parking",
        "wheelchair": null,
        "fee": null,
        "opening_hours": null,
        "source": "osm"
      }
    },
    {
      "type": "Feature",
      "geometry": {
        "type": "Point",
        "coordinates": [
          140.0406949,
          35.6735887
        ]
      },
      "properties": {
        "id": "osm-w-353400146",
        "category": "parking",
        "name": "Parking",
        "wheelchair": null,
        "fee": null,
        "opening_hours": null,
        "source": "osm"
      }
    },
    {
      "type": "Feature",
      "geometry": {
        "type": "Point",
        "coordinates": [
          140.0345158,
          35.6787237
        ]
      },
      "properties": {
        "id": "osm-w-353400147",
        "category": "parking",
        "name": "Parking",
        "wheelchair": null,
        "fee": null,
        "opening_hours": null,
        "source": "osm"
      }
    },
    {
      "type": "Feature",
      "geometry": {
        "type": "Point",
        "coordinates": [
          140.0264967,
          35.6856729
        ]
      },
      "properties": {
        "id": "osm-w-353421241",
        "category": "parking",
        "name": "Parking",
        "wheelchair": null,
        "fee": null,
        "opening_hours": null,
        "source": "osm"
      }
    },
    {
      "type": "Feature",
      "geometry": {
        "type": "Point",
        "coordinates": [
          140.0332059,
          35.6434356
        ]
      },
      "properties": {
        "id": "osm-w-354214549",
        "category": "toilet",
        "name": "Toilet",
        "wheelchair": null,
        "fee": null,
        "opening_hours": null,
        "source": "osm"
      }
    },
    {
      "type": "Feature",
      "geometry": {
        "type": "Point",
        "coordinates": [
          140.0274396,
          35.68341
        ]
      },
      "properties": {
        "id": "osm-w-355013734",
        "category": "parking",
        "name": "Parking",
        "wheelchair": null,
        "fee": null,
        "opening_hours": null,
        "source": "osm"
      }
    },
    {
      "type": "Feature",
      "geometry": {
        "type": "Point",
        "coordinates": [
          140.0460286,
          35.6390471
        ]
      },
      "properties": {
        "id": "osm-w-372788651",
        "category": "parking",
        "name": "Parking",
        "wheelchair": null,
        "fee": "yes",
        "opening_hours": null,
        "source": "osm"
      }
    },
    {
      "type": "Feature",
      "geometry": {
        "type": "Point",
        "coordinates": [
          140.0466248,
          35.640334
        ]
      },
      "properties": {
        "id": "osm-w-372788777",
        "category": "parking",
        "name": "Parking",
        "wheelchair": null,
        "fee": null,
        "opening_hours": null,
        "source": "osm"
      }
    },
    {
      "type": "Feature",
      "geometry": {
        "type": "Point",
        "coordinates": [
          140.0391288,
          35.6464732
        ]
      },
      "properties": {
        "id": "osm-w-387805419",
        "category": "parking",
        "name": "\u30ca\u30d3\u30d1\u30fc\u30af\u6d77\u6d5c\u5e55\u5f35\u7b2c1",
        "wheelchair": null,
        "fee": "yes",
        "opening_hours": null,
        "source": "osm"
      }
    },
    {
      "type": "Feature",
      "geometry": {
        "type": "Point",
        "coordinates": [
          140.0537423,
          35.6709595
        ]
      },
      "properties": {
        "id": "osm-w-443966953",
        "category": "parking",
        "name": "Parking",
        "wheelchair": null,
        "fee": null,
        "opening_hours": null,
        "source": "osm"
      }
    },
    {
      "type": "Feature",
      "geometry": {
        "type": "Point",
        "coordinates": [
          140.0538011,
          35.6698395
        ]
      },
      "properties": {
        "id": "osm-w-443967297",
        "category": "parking",
        "name": "Parking",
        "wheelchair": null,
        "fee": null,
        "opening_hours": null,
        "source": "osm"
      }
    },
    {
      "type": "Feature",
      "geometry": {
        "type": "Point",
        "coordinates": [
          140.0629456,
          35.639696
        ]
      },
      "properties": {
        "id": "osm-w-446584218",
        "category": "parking",
        "name": "\u7f8e\u6d5c\u90f5\u4fbf\u5c40\u4e00\u822c\u99d0\u8eca\u5834",
        "wheelchair": null,
        "fee": null,
        "opening_hours": null,
        "source": "osm"
      }
    },
    {
      "type": "Feature",
      "geometry": {
        "type": "Point",
        "coordinates": [
          140.0438921,
          35.6616129
        ]
      },
      "properties": {
        "id": "osm-w-452887805",
        "category": "parking",
        "name": "Parking",
        "wheelchair": null,
        "fee": null,
        "opening_hours": null,
        "source": "osm"
      }
    },
    {
      "type": "Feature",
      "geometry": {
        "type": "Point",
        "coordinates": [
          140.0445944,
          35.6614747
        ]
      },
      "properties": {
        "id": "osm-w-452887806",
        "category": "parking",
        "name": "Parking",
        "wheelchair": null,
        "fee": null,
        "opening_hours": null,
        "source": "osm"
      }
    },
    {
      "type": "Feature",
      "geometry": {
        "type": "Point",
        "coordinates": [
          140.0650516,
          35.6675096
        ]
      },
      "properties": {
        "id": "osm-w-457299069",
        "category": "parking",
        "name": "\u30e4\u30de\u30c8\u304a\u5ba2\u69d8\u99d0\u8eca\u5834",
        "wheelchair": null,
        "fee": null,
        "opening_hours": null,
        "source": "osm"
      }
    },
    {
      "type": "Feature",
      "geometry": {
        "type": "Point",
        "coordinates": [
          140.0735226,
          35.6530814
        ]
      },
      "properties": {
        "id": "osm-w-460130387",
        "category": "parking",
        "name": "Parking",
        "wheelchair": null,
        "fee": null,
        "opening_hours": null,
        "source": "osm"
      }
    },
    {
      "type": "Feature",
      "geometry": {
        "type": "Point",
        "coordinates": [
          140.0214788,
          35.6847935
        ]
      },
      "properties": {
        "id": "osm-w-467677771",
        "category": "parking",
        "name": "\u30ca\u30d3\u30d1\u30fc\u30af",
        "wheelchair": null,
        "fee": "yes",
        "opening_hours": null,
        "source": "osm"
      }
    },
    {
      "type": "Feature",
      "geometry": {
        "type": "Point",
        "coordinates": [
          140.0438459,
          35.6837447
        ]
      },
      "properties": {
        "id": "osm-w-467709916",
        "category": "shop",
        "name": "\u30bb\u30d6\u30f3-\u30a4\u30ec\u30d6\u30f3",
        "wheelchair": null,
        "fee": null,
        "opening_hours": null,
        "source": "osm"
      }
    },
    {
      "type": "Feature",
      "geometry": {
        "type": "Point",
        "coordinates": [
          140.0224403,
          35.6765344
        ]
      },
      "properties": {
        "id": "osm-w-468322935",
        "category": "parking",
        "name": "Parking",
        "wheelchair": null,
        "fee": null,
        "opening_hours": null,
        "source": "osm"
      }
    },
    {
      "type": "Feature",
      "geometry": {
        "type": "Point",
        "coordinates": [
          140.0399079,
          35.6778607
        ]
      },
      "properties": {
        "id": "osm-w-468334322",
        "category": "parking",
        "name": "Parking",
        "wheelchair": null,
        "fee": null,
        "opening_hours": null,
        "source": "osm"
      }
    },
    {
      "type": "Feature",
      "geometry": {
        "type": "Point",
        "coordinates": [
          140.0388294,
          35.6662385
        ]
      },
      "properties": {
        "id": "osm-w-469659147",
        "category": "parking",
        "name": "Parking",
        "wheelchair": null,
        "fee": null,
        "opening_hours": null,
        "source": "osm"
      }
    },
    {
      "type": "Feature",
      "geometry": {
        "type": "Point",
        "coordinates": [
          140.0440262,
          35.6743355
        ]
      },
      "properties": {
        "id": "osm-w-469847059",
        "category": "parking",
        "name": "\u5e55\u5f35\u4f1a\u5802\u99d0\u8eca\u5834",
        "wheelchair": null,
        "fee": null,
        "opening_hours": null,
        "source": "osm"
      }
    },
    {
      "type": "Feature",
      "geometry": {
        "type": "Point",
        "coordinates": [
          140.0441962,
          35.6741641
        ]
      },
      "properties": {
        "id": "osm-w-469847060",
        "category": "parking",
        "name": "\u30b7\u30b9\u30c6\u30e0\u30d1\u30fc\u30af",
        "wheelchair": null,
        "fee": "yes",
        "opening_hours": null,
        "source": "osm"
      }
    },
    {
      "type": "Feature",
      "geometry": {
        "type": "Point",
        "coordinates": [
          140.0432288,
          35.6748701
        ]
      },
      "properties": {
        "id": "osm-w-469847061",
        "category": "parking",
        "name": "\u30bf\u30a4\u30e0\u30ba",
        "wheelchair": null,
        "fee": "yes",
        "opening_hours": null,
        "source": "osm"
      }
    },
    {
      "type": "Feature",
      "geometry": {
        "type": "Point",
        "coordinates": [
          140.0429732,
          35.6748545
        ]
      },
      "properties": {
        "id": "osm-w-469847062",
        "category": "parking",
        "name": "\u30ca\u30d3\u30d1\u30fc\u30af",
        "wheelchair": null,
        "fee": "yes",
        "opening_hours": null,
        "source": "osm"
      }
    },
    {
      "type": "Feature",
      "geometry": {
        "type": "Point",
        "coordinates": [
          140.0433432,
          35.6744788
        ]
      },
      "properties": {
        "id": "osm-w-469847063",
        "category": "parking",
        "name": "\u30bf\u30a4\u30e0\u30ba",
        "wheelchair": null,
        "fee": "yes",
        "opening_hours": null,
        "source": "osm"
      }
    },
    {
      "type": "Feature",
      "geometry": {
        "type": "Point",
        "coordinates": [
          140.0458525,
          35.675931
        ]
      },
      "properties": {
        "id": "osm-w-469847064",
        "category": "parking",
        "name": "\u30bf\u30a4\u30e0\u30ba \u30ea\u30d6\u30ec\u4eac\u6210 \u5e55\u5f35\u672c\u90f7\u5e97\u7b2c2",
        "wheelchair": null,
        "fee": null,
        "opening_hours": null,
        "source": "osm"
      }
    },
    {
      "type": "Feature",
      "geometry": {
        "type": "Point",
        "coordinates": [
          140.0457542,
          35.675287
        ]
      },
      "properties": {
        "id": "osm-w-469847065",
        "category": "parking",
        "name": "\u30bf\u30a4\u30e0\u30ba \u30ea\u30d6\u30ec\u4eac\u6210 \u5e55\u5f35\u672c\u90f7\u5e97 \u7b2c\uff11",
        "wheelchair": null,
        "fee": null,
        "opening_hours": null,
        "source": "osm"
      }
    },
    {
      "type": "Feature",
      "geometry": {
        "type": "Point",
        "coordinates": [
          140.0464323,
          35.6744972
        ]
      },
      "properties": {
        "id": "osm-w-469847067",
        "category": "parking",
        "name": "\u30ca\u30d3\u30d1\u30fc\u30af\u5e55\u5f35\u672c\u90f7\u7b2c\uff12 \u99d0\u8eca\u5834",
        "wheelchair": null,
        "fee": "yes",
        "opening_hours": null,
        "source": "osm"
      }
    },
    {
      "type": "Feature",
      "geometry": {
        "type": "Point",
        "coordinates": [
          140.0450273,
          35.6750989
        ]
      },
      "properties": {
        "id": "osm-w-469847068",
        "category": "parking",
        "name": "\u30ca\u30d3\u30d1\u30fc\u30af \u5e55\u5f35\u672c\u90f7\u7b2c\uff11\uff13",
        "wheelchair": null,
        "fee": null,
        "opening_hours": null,
        "source": "osm"
      }
    },
    {
      "type": "Feature",
      "geometry": {
        "type": "Point",
        "coordinates": [
          140.0476871,
          35.659328
        ]
      },
      "properties": {
        "id": "osm-w-479253265",
        "category": "parking",
        "name": "Parking",
        "wheelchair": null,
        "fee": null,
        "opening_hours": null,
        "source": "osm"
      }
    },
    {
      "type": "Feature",
      "geometry": {
        "type": "Point",
        "coordinates": [
          140.0191764,
          35.6782992
        ]
      },
      "properties": {
        "id": "osm-w-481040264",
        "category": "parking",
        "name": "Parking",
        "wheelchair": null,
        "fee": null,
        "opening_hours": null,
        "source": "osm"
      }
    },
    {
      "type": "Feature",
      "geometry": {
        "type": "Point",
        "coordinates": [
          140.0197403,
          35.6757314
        ]
      },
      "properties": {
        "id": "osm-w-481287640",
        "category": "parking",
        "name": "\u30bf\u30a4\u30e0\u30ba\u8896\u30f6\u6d66\u56e3\u5730\u30b7\u30e7\u30c3\u30d4\u30f3\u30b0\u30bb\u30f3\u30bf\u30fc\u7b2c\uff11",
        "wheelchair": null,
        "fee": "yes",
        "opening_hours": null,
        "source": "osm"
      }
    },
    {
      "type": "Feature",
      "geometry": {
        "type": "Point",
        "coordinates": [
          140.0248284,
          35.6823766
        ]
      },
      "properties": {
        "id": "osm-w-507994901",
        "category": "parking",
        "name": "NaviPark",
        "wheelchair": null,
        "fee": "yes",
        "opening_hours": null,
        "source": "osm"
      }
    },
    {
      "type": "Feature",
      "geometry": {
        "type": "Point",
        "coordinates": [
          140.0261372,
          35.6815938
        ]
      },
      "properties": {
        "id": "osm-w-507994904",
        "category": "parking",
        "name": "\u30ca\u30d3\u30d1\u30fc\u30af\u6d25\u7530\u6cbc\u7b2c\uff12 \u99d0\u8eca\u5834",
        "wheelchair": null,
        "fee": "yes",
        "opening_hours": null,
        "source": "osm"
      }
    },
    {
      "type": "Feature",
      "geometry": {
        "type": "Point",
        "coordinates": [
          140.0212168,
          35.6601889
        ]
      },
      "properties": {
        "id": "osm-w-526016191",
        "category": "parking",
        "name": "Parking",
        "wheelchair": null,
        "fee": null,
        "opening_hours": null,
        "source": "osm"
      }
    },
    {
      "type": "Feature",
      "geometry": {
        "type": "Point",
        "coordinates": [
          140.0364081,
          35.6679308
        ]
      },
      "properties": {
        "id": "osm-w-527343449",
        "category": "parking",
        "name": "Parking",
        "wheelchair": null,
        "fee": null,
        "opening_hours": null,
        "source": "osm"
      }
    },
    {
      "type": "Feature",
      "geometry": {
        "type": "Point",
        "coordinates": [
          140.0315702,
          35.6772361
        ]
      },
      "properties": {
        "id": "osm-w-528785200",
        "category": "parking",
        "name": "Parking",
        "wheelchair": null,
        "fee": null,
        "opening_hours": null,
        "source": "osm"
      }
    },
    {
      "type": "Feature",
      "geometry": {
        "type": "Point",
        "coordinates": [
          140.0276995,
          35.6812686
        ]
      },
      "properties": {
        "id": "osm-w-532563171",
        "category": "parking",
        "name": "\u5e02\u5f79\u6240\u99d0\u8eca\u5834",
        "wheelchair": null,
        "fee": null,
        "opening_hours": null,
        "source": "osm"
      }
    },
    {
      "type": "Feature",
      "geometry": {
        "type": "Point",
        "coordinates": [
          140.0590213,
          35.6526226
        ]
      },
      "properties": {
        "id": "osm-w-545285255",
        "category": "parking",
        "name": "One Park \u5343\u8449\u5065\u751f\u75c5\u9662\u7b2c\uff11\u99d0\u8eca\u5834",
        "wheelchair": null,
        "fee": "yes",
        "opening_hours": null,
        "source": "osm"
      }
    },
    {
      "type": "Feature",
      "geometry": {
        "type": "Point",
        "coordinates": [
          140.0583538,
          35.6515763
        ]
      },
      "properties": {
        "id": "osm-w-545285259",
        "category": "parking",
        "name": "Parking",
        "wheelchair": null,
        "fee": null,
        "opening_hours": null,
        "source": "osm"
      }
    },
    {
      "type": "Feature",
      "geometry": {
        "type": "Point",
        "coordinates": [
          140.0330109,
          35.6822474
        ]
      },
      "properties": {
        "id": "osm-w-548552175",
        "category": "parking",
        "name": "Parking",
        "wheelchair": null,
        "fee": null,
        "opening_hours": null,
        "source": "osm"
      }
    },
    {
      "type": "Feature",
      "geometry": {
        "type": "Point",
        "coordinates": [
          140.0323458,
          35.6823099
        ]
      },
      "properties": {
        "id": "osm-w-548552176",
        "category": "parking",
        "name": "Parking",
        "wheelchair": null,
        "fee": null,
        "opening_hours": null,
        "source": "osm"
      }
    },
    {
      "type": "Feature",
      "geometry": {
        "type": "Point",
        "coordinates": [
          140.0149034,
          35.6804277
        ]
      },
      "properties": {
        "id": "osm-w-566159732",
        "category": "parking",
        "name": "Parking",
        "wheelchair": null,
        "fee": null,
        "opening_hours": null,
        "source": "osm"
      }
    },
    {
      "type": "Feature",
      "geometry": {
        "type": "Point",
        "coordinates": [
          140.0446724,
          35.662391
        ]
      },
      "properties": {
        "id": "osm-w-599947207",
        "category": "parking",
        "name": "Parking",
        "wheelchair": null,
        "fee": null,
        "opening_hours": null,
        "source": "osm"
      }
    },
    {
      "type": "Feature",
      "geometry": {
        "type": "Point",
        "coordinates": [
          140.0194021,
          35.6767237
        ]
      },
      "properties": {
        "id": "osm-w-599951277",
        "category": "parking",
        "name": "\u30bf\u30a4\u30e0\u30ba\u8896\u30f6\u6d66\u56e3\u5730\u30b7\u30e7\u30c3\u30d4\u30f3\u30b0\u30bb\u30f3\u30bf\u30fc\u7b2c\uff12",
        "wheelchair": null,
        "fee": "yes",
        "opening_hours": null,
        "source": "osm"
      }
    },
    {
      "type": "Feature",
      "geometry": {
        "type": "Point",
        "coordinates": [
          140.0231428,
          35.6554579
        ]
      },
      "properties": {
        "id": "osm-w-609756363",
        "category": "parking",
        "name": "\u5357\u5e73\u9762\u99d0\u8eca\u5834",
        "wheelchair": null,
        "fee": "yes",
        "opening_hours": "Mo-Sa 8:00-23:00",
        "source": "osm"
      }
    },
    {
      "type": "Feature",
      "geometry": {
        "type": "Point",
        "coordinates": [
          140.0240909,
          35.6564103
        ]
      },
      "properties": {
        "id": "osm-w-609756364",
        "category": "parking",
        "name": "\u30a4\u30aa\u30f3\u30e2\u30fc\u30eb\u5e55\u5f35\u65b0\u90fd\u5fc3 \u7acb\u4f53\u99d0\u8eca\u5834",
        "wheelchair": null,
        "fee": "yes",
        "opening_hours": "Mo-Sa 06:00-01:00",
        "source": "osm"
      }
    },
    {
      "type": "Feature",
      "geometry": {
        "type": "Point",
        "coordinates": [
          140.0179761,
          35.6622541
        ]
      },
      "properties": {
        "id": "osm-w-609756370",
        "category": "parking",
        "name": "Parking",
        "wheelchair": null,
        "fee": null,
        "opening_hours": null,
        "source": "osm"
      }
    },
    {
      "type": "Feature",
      "geometry": {
        "type": "Point",
        "coordinates": [
          140.0211881,
          35.6647473
        ]
      },
      "properties": {
        "id": "osm-w-609756374",
        "category": "parking",
        "name": "Parking",
        "wheelchair": null,
        "fee": null,
        "opening_hours": null,
        "source": "osm"
      }
    },
    {
      "type": "Feature",
      "geometry": {
        "type": "Point",
        "coordinates": [
          140.041203,
          35.6730498
        ]
      },
      "properties": {
        "id": "osm-w-611632284",
        "category": "parking",
        "name": "\u4e09\u4e95\u306e\u30ea\u30d1\u30fc\u30af",
        "wheelchair": null,
        "fee": "yes",
        "opening_hours": null,
        "source": "osm"
      }
    },
    {
      "type": "Feature",
      "geometry": {
        "type": "Point",
        "coordinates": [
          140.0398503,
          35.6715466
        ]
      },
      "properties": {
        "id": "osm-w-611632285",
        "category": "parking",
        "name": "\u30ca\u30d3\u30d1\u30fc\u30af\u5e55\u5f35\u672c\u90f7\u7b2c18",
        "wheelchair": null,
        "fee": "yes",
        "opening_hours": null,
        "source": "osm"
      }
    },
    {
      "type": "Feature",
      "geometry": {
        "type": "Point",
        "coordinates": [
          140.0419654,
          35.6714955
        ]
      },
      "properties": {
        "id": "osm-w-611634220",
        "category": "parking",
        "name": "\u30bf\u30a4\u30e0\u30ba",
        "wheelchair": null,
        "fee": "yes",
        "opening_hours": null,
        "source": "osm"
      }
    },
    {
      "type": "Feature",
      "geometry": {
        "type": "Point",
        "coordinates": [
          140.0225286,
          35.6598783
        ]
      },
      "properties": {
        "id": "osm-w-611843005",
        "category": "parking",
        "name": "Parking",
        "wheelchair": null,
        "fee": null,
        "opening_hours": null,
        "source": "osm"
      }
    },
    {
      "type": "Feature",
      "geometry": {
        "type": "Point",
        "coordinates": [
          140.0218127,
          35.6591097
        ]
      },
      "properties": {
        "id": "osm-w-611843017",
        "category": "parking",
        "name": "Parking",
        "wheelchair": null,
        "fee": null,
        "opening_hours": null,
        "source": "osm"
      }
    },
    {
      "type": "Feature",
      "geometry": {
        "type": "Point",
        "coordinates": [
          140.0287421,
          35.6539685
        ]
      },
      "properties": {
        "id": "osm-w-611846614",
        "category": "parking",
        "name": "\u30bf\u30a4\u30e0\u30ba\u5e55\u5f35\u65b0\u90fd\u5fc3\u99d0\u8eca\u5834",
        "wheelchair": null,
        "fee": null,
        "opening_hours": null,
        "source": "osm"
      }
    },
    {
      "type": "Feature",
      "geometry": {
        "type": "Point",
        "coordinates": [
          140.028948,
          35.6541219
        ]
      },
      "properties": {
        "id": "osm-w-611846618",
        "category": "parking",
        "name": "\u6771\u4eac\u30d9\u30a4\u5148\u7aef\u533b\u7642\u30fb\u5e55\u5f35\u30af\u30ea\u30cb\u30c3\u30af\u99d0\u8eca\u5834",
        "wheelchair": null,
        "fee": null,
        "opening_hours": null,
        "source": "osm"
      }
    },
    {
      "type": "Feature",
      "geometry": {
        "type": "Point",
        "coordinates": [
          140.0209043,
          35.6738554
        ]
      },
      "properties": {
        "id": "osm-w-621798370",
        "category": "parking",
        "name": "\u30bf\u30a4\u30e0\u30ba \u8896\u30f6\u6d66\u56e3\u5730",
        "wheelchair": null,
        "fee": "yes",
        "opening_hours": null,
        "source": "osm"
      }
    },
    {
      "type": "Feature",
      "geometry": {
        "type": "Point",
        "coordinates": [
          140.0227961,
          35.6827874
        ]
      },
      "properties": {
        "id": "osm-w-638731615",
        "category": "parking",
        "name": "\u30bf\u30a4\u30e0\u30ba\u30de\u30af\u30c9\u30ca\u30eb\u30c9\u4eac\u6210\u6d25\u7530\u6cbc\u5e97",
        "wheelchair": null,
        "fee": "yes",
        "opening_hours": null,
        "source": "osm"
      }
    },
    {
      "type": "Feature",
      "geometry": {
        "type": "Point",
        "coordinates": [
          140.0226073,
          35.6820783
        ]
      },
      "properties": {
        "id": "osm-w-638731619",
        "category": "parking",
        "name": "\u6771\u6f38\u5bfa\u99d0\u8eca\u5834",
        "wheelchair": null,
        "fee": null,
        "opening_hours": null,
        "source": "osm"
      }
    },
    {
      "type": "Feature",
      "geometry": {
        "type": "Point",
        "coordinates": [
          140.0236114,
          35.6820629
        ]
      },
      "properties": {
        "id": "osm-w-638731621",
        "category": "parking",
        "name": "\u30bf\u30a4\u30e0\u30ba",
        "wheelchair": null,
        "fee": "yes",
        "opening_hours": null,
        "source": "osm"
      }
    },
    {
      "type": "Feature",
      "geometry": {
        "type": "Point",
        "coordinates": [
          140.0167831,
          35.6628953
        ]
      },
      "properties": {
        "id": "osm-w-681575070",
        "category": "parking",
        "name": "Parking",
        "wheelchair": null,
        "fee": null,
        "opening_hours": null,
        "source": "osm"
      }
    },
    {
      "type": "Feature",
      "geometry": {
        "type": "Point",
        "coordinates": [
          140.0283625,
          35.6599266
        ]
      },
      "properties": {
        "id": "osm-w-693306872",
        "category": "parking",
        "name": "Parking",
        "wheelchair": null,
        "fee": null,
        "opening_hours": null,
        "source": "osm"
      }
    },
    {
      "type": "Feature",
      "geometry": {
        "type": "Point",
        "coordinates": [
          140.0330992,
          35.6527687
        ]
      },
      "properties": {
        "id": "osm-w-695894962",
        "category": "parking",
        "name": "Parking",
        "wheelchair": null,
        "fee": "yes",
        "opening_hours": "Mo-Sa 06:00-01:00",
        "source": "osm"
      }
    },
    {
      "type": "Feature",
      "geometry": {
        "type": "Point",
        "coordinates": [
          140.0289647,
          35.6559905
        ]
      },
      "properties": {
        "id": "osm-w-695894963",
        "category": "parking",
        "name": "Parking",
        "wheelchair": null,
        "fee": "yes",
        "opening_hours": "Mo-Sa 06:00-01:00",
        "source": "osm"
      }
    },
    {
      "type": "Feature",
      "geometry": {
        "type": "Point",
        "coordinates": [
          140.0256457,
          35.656763
        ]
      },
      "properties": {
        "id": "osm-w-695894964",
        "category": "parking",
        "name": "Parking",
        "wheelchair": null,
        "fee": "yes",
        "opening_hours": "Mo-Sa 5:30-23:00",
        "source": "osm"
      }
    },
    {
      "type": "Feature",
      "geometry": {
        "type": "Point",
        "coordinates": [
          140.0314853,
          35.6520778
        ]
      },
      "properties": {
        "id": "osm-w-695898501",
        "category": "parking",
        "name": "Parking",
        "wheelchair": null,
        "fee": "yes",
        "opening_hours": "Mo-Sa 06:00-01:00",
        "source": "osm"
      }
    },
    {
      "type": "Feature",
      "geometry": {
        "type": "Point",
        "coordinates": [
          140.0307261,
          35.6441951
        ]
      },
      "properties": {
        "id": "osm-w-696360997",
        "category": "parking",
        "name": "Parking",
        "wheelchair": null,
        "fee": null,
        "opening_hours": null,
        "source": "osm"
      }
    },
    {
      "type": "Feature",
      "geometry": {
        "type": "Point",
        "coordinates": [
          140.0296193,
          35.6451793
        ]
      },
      "properties": {
        "id": "osm-w-696360998",
        "category": "parking",
        "name": "Parking",
        "wheelchair": null,
        "fee": null,
        "opening_hours": null,
        "source": "osm"
      }
    },
    {
      "type": "Feature",
      "geometry": {
        "type": "Point",
        "coordinates": [
          140.0279604,
          35.6492595
        ]
      },
      "properties": {
        "id": "osm-w-696361014",
        "category": "parking",
        "name": "Parking",
        "wheelchair": null,
        "fee": null,
        "opening_hours": null,
        "source": "osm"
      }
    },
    {
      "type": "Feature",
      "geometry": {
        "type": "Point",
        "coordinates": [
          140.0383603,
          35.6387555
        ]
      },
      "properties": {
        "id": "osm-w-697246785",
        "category": "parking",
        "name": "Parking",
        "wheelchair": null,
        "fee": null,
        "opening_hours": null,
        "source": "osm"
      }
    },
    {
      "type": "Feature",
      "geometry": {
        "type": "Point",
        "coordinates": [
          140.0522563,
          35.6256703
        ]
      },
      "properties": {
        "id": "osm-w-698248394",
        "category": "parking",
        "name": "Parking",
        "wheelchair": null,
        "fee": null,
        "opening_hours": null,
        "source": "osm"
      }
    },
    {
      "type": "Feature",
      "geometry": {
        "type": "Point",
        "coordinates": [
          140.0531728,
          35.6253821
        ]
      },
      "properties": {
        "id": "osm-w-698248395",
        "category": "parking",
        "name": "Parking",
        "wheelchair": null,
        "fee": null,
        "opening_hours": null,
        "source": "osm"
      }
    },
    {
      "type": "Feature",
      "geometry": {
        "type": "Point",
        "coordinates": [
          140.0534075,
          35.6251136
        ]
      },
      "properties": {
        "id": "osm-w-698248397",
        "category": "parking",
        "name": "Parking",
        "wheelchair": null,
        "fee": null,
        "opening_hours": null,
        "source": "osm"
      }
    },
    {
      "type": "Feature",
      "geometry": {
        "type": "Point",
        "coordinates": [
          140.0463646,
          35.630336
        ]
      },
      "properties": {
        "id": "osm-w-698274446",
        "category": "parking",
        "name": "Parking",
        "wheelchair": null,
        "fee": "yes",
        "opening_hours": null,
        "source": "osm"
      }
    },
    {
      "type": "Feature",
      "geometry": {
        "type": "Point",
        "coordinates": [
          140.0288353,
          35.6604253
        ]
      },
      "properties": {
        "id": "osm-w-698885429",
        "category": "parking",
        "name": "Parking",
        "wheelchair": null,
        "fee": null,
        "opening_hours": null,
        "source": "osm"
      }
    },
    {
      "type": "Feature",
      "geometry": {
        "type": "Point",
        "coordinates": [
          140.0396283,
          35.6844222
        ]
      },
      "properties": {
        "id": "osm-w-710262417",
        "category": "parking",
        "name": "Parking",
        "wheelchair": null,
        "fee": "no",
        "opening_hours": null,
        "source": "osm"
      }
    },
    {
      "type": "Feature",
      "geometry": {
        "type": "Point",
        "coordinates": [
          140.0589634,
          35.6583494
        ]
      },
      "properties": {
        "id": "osm-w-739680059",
        "category": "parking",
        "name": "Parking",
        "wheelchair": null,
        "fee": null,
        "opening_hours": null,
        "source": "osm"
      }
    },
    {
      "type": "Feature",
      "geometry": {
        "type": "Point",
        "coordinates": [
          140.0580554,
          35.6589471
        ]
      },
      "properties": {
        "id": "osm-w-739680062",
        "category": "parking",
        "name": "Parking",
        "wheelchair": null,
        "fee": null,
        "opening_hours": null,
        "source": "osm"
      }
    },
    {
      "type": "Feature",
      "geometry": {
        "type": "Point",
        "coordinates": [
          140.0626883,
          35.655307
        ]
      },
      "properties": {
        "id": "osm-w-739680063",
        "category": "parking",
        "name": "Parking",
        "wheelchair": null,
        "fee": null,
        "opening_hours": null,
        "source": "osm"
      }
    },
    {
      "type": "Feature",
      "geometry": {
        "type": "Point",
        "coordinates": [
          140.0525469,
          35.6636665
        ]
      },
      "properties": {
        "id": "osm-w-739684669",
        "category": "parking",
        "name": "Parking",
        "wheelchair": null,
        "fee": null,
        "opening_hours": null,
        "source": "osm"
      }
    },
    {
      "type": "Feature",
      "geometry": {
        "type": "Point",
        "coordinates": [
          140.0533425,
          35.663018
        ]
      },
      "properties": {
        "id": "osm-w-739684674",
        "category": "parking",
        "name": "Parking",
        "wheelchair": null,
        "fee": null,
        "opening_hours": null,
        "source": "osm"
      }
    },
    {
      "type": "Feature",
      "geometry": {
        "type": "Point",
        "coordinates": [
          140.0285137,
          35.6583587
        ]
      },
      "properties": {
        "id": "osm-w-778825314",
        "category": "parking",
        "name": "Parking",
        "wheelchair": null,
        "fee": null,
        "opening_hours": null,
        "source": "osm"
      }
    },
    {
      "type": "Feature",
      "geometry": {
        "type": "Point",
        "coordinates": [
          140.052191,
          35.6455948
        ]
      },
      "properties": {
        "id": "osm-w-795282409",
        "category": "cafe",
        "name": "\u5e55\u5f35BASE",
        "wheelchair": "limited",
        "fee": null,
        "opening_hours": null,
        "source": "osm"
      }
    },
    {
      "type": "Feature",
      "geometry": {
        "type": "Point",
        "coordinates": [
          140.0671723,
          35.6508708
        ]
      },
      "properties": {
        "id": "osm-w-967642796",
        "category": "shop",
        "name": "\u30df\u30cb\u30b9\u30c8\u30c3\u30d7",
        "wheelchair": null,
        "fee": null,
        "opening_hours": null,
        "source": "osm"
      }
    },
    {
      "type": "Feature",
      "geometry": {
        "type": "Point",
        "coordinates": [
          140.0707386,
          35.6587939
        ]
      },
      "properties": {
        "id": "osm-w-967642798",
        "category": "shop",
        "name": "\u30bb\u30d6\u30f3-\u30a4\u30ec\u30d6\u30f3",
        "wheelchair": null,
        "fee": null,
        "opening_hours": null,
        "source": "osm"
      }
    },
    {
      "type": "Feature",
      "geometry": {
        "type": "Point",
        "coordinates": [
          140.0451127,
          35.6506414
        ]
      },
      "properties": {
        "id": "osm-w-1042796371",
        "category": "fuel",
        "name": "Fuel",
        "wheelchair": null,
        "fee": null,
        "opening_hours": null,
        "source": "osm"
      }
    },
    {
      "type": "Feature",
      "geometry": {
        "type": "Point",
        "coordinates": [
          140.0512626,
          35.645701
        ]
      },
      "properties": {
        "id": "osm-w-1042912297",
        "category": "toilet",
        "name": "Toilet",
        "wheelchair": "yes",
        "fee": null,
        "opening_hours": null,
        "source": "osm"
      }
    },
    {
      "type": "Feature",
      "geometry": {
        "type": "Point",
        "coordinates": [
          140.0480521,
          35.6473782
        ]
      },
      "properties": {
        "id": "osm-w-1043457727",
        "category": "parking",
        "name": "Parking",
        "wheelchair": null,
        "fee": null,
        "opening_hours": null,
        "source": "osm"
      }
    },
    {
      "type": "Feature",
      "geometry": {
        "type": "Point",
        "coordinates": [
          140.0488253,
          35.6473611
        ]
      },
      "properties": {
        "id": "osm-w-1043457728",
        "category": "parking",
        "name": "\u30a4\u30aa\u30f3\u30b9\u30bf\u30a4\u30eb\u5e55\u5f35\u30d9\u30a4\u30d1\u30fc\u30af \u7b2c2\u99d0\u8eca\u5834",
        "wheelchair": null,
        "fee": null,
        "opening_hours": null,
        "source": "osm"
      }
    },
    {
      "type": "Feature",
      "geometry": {
        "type": "Point",
        "coordinates": [
          140.0479606,
          35.6432578
        ]
      },
      "properties": {
        "id": "osm-w-1043472815",
        "category": "toilet",
        "name": "Toilet",
        "wheelchair": null,
        "fee": null,
        "opening_hours": null,
        "source": "osm"
      }
    },
    {
      "type": "Feature",
      "geometry": {
        "type": "Point",
        "coordinates": [
          140.051247,
          35.6461506
        ]
      },
      "properties": {
        "id": "osm-w-1043663162",
        "category": "shop",
        "name": "Shop",
        "wheelchair": "yes",
        "fee": null,
        "opening_hours": null,
        "source": "osm"
      }
    },
    {
      "type": "Feature",
      "geometry": {
        "type": "Point",
        "coordinates": [
          140.0439231,
          35.6412525
        ]
      },
      "properties": {
        "id": "osm-w-1044176174",
        "category": "parking",
        "name": "\u30d9\u30a4\u30bf\u30a6\u30f3\u5546\u5e97\u4f1a\u516c\u5171\u99d0\u8eca\u5834",
        "wheelchair": null,
        "fee": "yes",
        "opening_hours": null,
        "source": "osm"
      }
    },
    {
      "type": "Feature",
      "geometry": {
        "type": "Point",
        "coordinates": [
          140.0383086,
          35.643548
        ]
      },
      "properties": {
        "id": "osm-w-1050193256",
        "category": "parking",
        "name": "Parking",
        "wheelchair": null,
        "fee": null,
        "opening_hours": null,
        "source": "osm"
      }
    },
    {
      "type": "Feature",
      "geometry": {
        "type": "Point",
        "coordinates": [
          140.0396377,
          35.6449777
        ]
      },
      "properties": {
        "id": "osm-w-1050193257",
        "category": "parking",
        "name": "Parking",
        "wheelchair": null,
        "fee": null,
        "opening_hours": null,
        "source": "osm"
      }
    },
    {
      "type": "Feature",
      "geometry": {
        "type": "Point",
        "coordinates": [
          140.0374348,
          35.6504485
        ]
      },
      "properties": {
        "id": "osm-w-1050301393",
        "category": "parking",
        "name": "Parking",
        "wheelchair": null,
        "fee": null,
        "opening_hours": null,
        "source": "osm"
      }
    },
    {
      "type": "Feature",
      "geometry": {
        "type": "Point",
        "coordinates": [
          140.0148276,
          35.6605447
        ]
      },
      "properties": {
        "id": "osm-w-1077738798",
        "category": "parking",
        "name": "\u5343\u8449\u5de5\u696d\u5927\u5b66",
        "wheelchair": null,
        "fee": null,
        "opening_hours": null,
        "source": "osm"
      }
    },
    {
      "type": "Feature",
      "geometry": {
        "type": "Point",
        "coordinates": [
          140.0435472,
          35.6656759
        ]
      },
      "properties": {
        "id": "osm-w-1093324630",
        "category": "parking",
        "name": "Parking",
        "wheelchair": null,
        "fee": null,
        "opening_hours": null,
        "source": "osm"
      }
    },
    {
      "type": "Feature",
      "geometry": {
        "type": "Point",
        "coordinates": [
          140.0471327,
          35.6323921
        ]
      },
      "properties": {
        "id": "osm-w-1159047343",
        "category": "parking",
        "name": "Parking",
        "wheelchair": null,
        "fee": null,
        "opening_hours": null,
        "source": "osm"
      }
    },
    {
      "type": "Feature",
      "geometry": {
        "type": "Point",
        "coordinates": [
          140.0470446,
          35.6328754
        ]
      },
      "properties": {
        "id": "osm-w-1159047345",
        "category": "parking",
        "name": "Parking",
        "wheelchair": null,
        "fee": null,
        "opening_hours": null,
        "source": "osm"
      }
    },
    {
      "type": "Feature",
      "geometry": {
        "type": "Point",
        "coordinates": [
          140.0478784,
          35.6337774
        ]
      },
      "properties": {
        "id": "osm-w-1159047346",
        "category": "parking",
        "name": "Parking",
        "wheelchair": null,
        "fee": null,
        "opening_hours": null,
        "source": "osm"
      }
    },
    {
      "type": "Feature",
      "geometry": {
        "type": "Point",
        "coordinates": [
          140.0279034,
          35.6710029
        ]
      },
      "properties": {
        "id": "osm-w-1160486183",
        "category": "parking",
        "name": "Parking",
        "wheelchair": null,
        "fee": null,
        "opening_hours": null,
        "source": "osm"
      }
    },
    {
      "type": "Feature",
      "geometry": {
        "type": "Point",
        "coordinates": [
          140.0282521,
          35.670564
        ]
      },
      "properties": {
        "id": "osm-w-1160486188",
        "category": "parking",
        "name": "Parking",
        "wheelchair": null,
        "fee": null,
        "opening_hours": null,
        "source": "osm"
      }
    },
    {
      "type": "Feature",
      "geometry": {
        "type": "Point",
        "coordinates": [
          140.0348145,
          35.6647055
        ]
      },
      "properties": {
        "id": "osm-w-1176647477",
        "category": "parking",
        "name": "Parking",
        "wheelchair": null,
        "fee": null,
        "opening_hours": null,
        "source": "osm"
      }
    },
    {
      "type": "Feature",
      "geometry": {
        "type": "Point",
        "coordinates": [
          140.0551521,
          35.6262115
        ]
      },
      "properties": {
        "id": "osm-w-1177413589",
        "category": "hospital",
        "name": "\u81ea\u52d5\u8eca\u4e8b\u6545\u5bfe\u7b56\u30bb\u30f3\u30bf\u30fc\u9644\u5c5e\u5343\u8449\u7642\u8b77\u30bb\u30f3\u30bf\u30fc",
        "wheelchair": null,
        "fee": null,
        "opening_hours": null,
        "source": "osm"
      }
    },
    {
      "type": "Feature",
      "geometry": {
        "type": "Point",
        "coordinates": [
          140.0388545,
          35.6630944
        ]
      },
      "properties": {
        "id": "osm-w-1180834353",
        "category": "parking",
        "name": "Parking",
        "wheelchair": null,
        "fee": null,
        "opening_hours": null,
        "source": "osm"
      }
    },
    {
      "type": "Feature",
      "geometry": {
        "type": "Point",
        "coordinates": [
          140.0417938,
          35.6616589
        ]
      },
      "properties": {
        "id": "osm-w-1180834356",
        "category": "parking",
        "name": "Parking",
        "wheelchair": null,
        "fee": null,
        "opening_hours": null,
        "source": "osm"
      }
    },
    {
      "type": "Feature",
      "geometry": {
        "type": "Point",
        "coordinates": [
          140.0440451,
          35.6532224
        ]
      },
      "properties": {
        "id": "osm-w-1181040934",
        "category": "parking",
        "name": "Parking",
        "wheelchair": null,
        "fee": null,
        "opening_hours": null,
        "source": "osm"
      }
    },
    {
      "type": "Feature",
      "geometry": {
        "type": "Point",
        "coordinates": [
          140.0573945,
          35.6418416
        ]
      },
      "properties": {
        "id": "osm-w-1181388517",
        "category": "parking",
        "name": "Parking",
        "wheelchair": null,
        "fee": null,
        "opening_hours": null,
        "source": "osm"
      }
    },
    {
      "type": "Feature",
      "geometry": {
        "type": "Point",
        "coordinates": [
          140.0495841,
          35.6766192
        ]
      },
      "properties": {
        "id": "osm-w-1189237409",
        "category": "shop",
        "name": "Shop",
        "wheelchair": null,
        "fee": null,
        "opening_hours": null,
        "source": "osm"
      }
    },
    {
      "type": "Feature",
      "geometry": {
        "type": "Point",
        "coordinates": [
          140.0488446,
          35.6759346
        ]
      },
      "properties": {
        "id": "osm-w-1189237410",
        "category": "shop",
        "name": "Shop",
        "wheelchair": null,
        "fee": null,
        "opening_hours": null,
        "source": "osm"
      }
    },
    {
      "type": "Feature",
      "geometry": {
        "type": "Point",
        "coordinates": [
          140.0417718,
          35.6443897
        ]
      },
      "properties": {
        "id": "osm-w-1191318762",
        "category": "parking",
        "name": "Parking",
        "wheelchair": null,
        "fee": null,
        "opening_hours": null,
        "source": "osm"
      }
    },
    {
      "type": "Feature",
      "geometry": {
        "type": "Point",
        "coordinates": [
          140.0440393,
          35.6575583
        ]
      },
      "properties": {
        "id": "osm-w-1191318788",
        "category": "parking",
        "name": "Parking",
        "wheelchair": null,
        "fee": null,
        "opening_hours": null,
        "source": "osm"
      }
    },
    {
      "type": "Feature",
      "geometry": {
        "type": "Point",
        "coordinates": [
          140.0510104,
          35.6785754
        ]
      },
      "properties": {
        "id": "osm-w-1208867444",
        "category": "parking",
        "name": "Parking",
        "wheelchair": null,
        "fee": null,
        "opening_hours": null,
        "source": "osm"
      }
    },
    {
      "type": "Feature",
      "geometry": {
        "type": "Point",
        "coordinates": [
          140.0577174,
          35.6692686
        ]
      },
      "properties": {
        "id": "osm-w-1208867454",
        "category": "parking",
        "name": "Parking",
        "wheelchair": null,
        "fee": null,
        "opening_hours": null,
        "source": "osm"
      }
    },
    {
      "type": "Feature",
      "geometry": {
        "type": "Point",
        "coordinates": [
          140.0604815,
          35.6646942
        ]
      },
      "properties": {
        "id": "osm-w-1208867460",
        "category": "parking",
        "name": "Parking",
        "wheelchair": null,
        "fee": null,
        "opening_hours": null,
        "source": "osm"
      }
    },
    {
      "type": "Feature",
      "geometry": {
        "type": "Point",
        "coordinates": [
          140.0689165,
          35.6592335
        ]
      },
      "properties": {
        "id": "osm-w-1208867461",
        "category": "parking",
        "name": "Parking",
        "wheelchair": null,
        "fee": null,
        "opening_hours": null,
        "source": "osm"
      }
    },
    {
      "type": "Feature",
      "geometry": {
        "type": "Point",
        "coordinates": [
          140.0265587,
          35.6504188
        ]
      },
      "properties": {
        "id": "osm-w-1215198943",
        "category": "hospital",
        "name": "\u5343\u8449\u770c\u7cbe\u795e\u79d1\u533b\u7642\u30bb\u30f3\u30bf\u30fc",
        "wheelchair": null,
        "fee": null,
        "opening_hours": null,
        "source": "osm"
      }
    },
    {
      "type": "Feature",
      "geometry": {
        "type": "Point",
        "coordinates": [
          140.0248908,
          35.6502942
        ]
      },
      "properties": {
        "id": "osm-w-1215198944",
        "category": "hospital",
        "name": "\u5343\u8449\u770c\u7dcf\u5408\u6551\u6025\u707d\u5bb3\u533b\u7642\u30bb\u30f3\u30bf\u30fc",
        "wheelchair": null,
        "fee": null,
        "opening_hours": null,
        "source": "osm"
      }
    },
    {
      "type": "Feature",
      "geometry": {
        "type": "Point",
        "coordinates": [
          140.0252987,
          35.6810039
        ]
      },
      "properties": {
        "id": "osm-w-1216094656",
        "category": "parking",
        "name": "Parking",
        "wheelchair": null,
        "fee": null,
        "opening_hours": null,
        "source": "osm"
      }
    },
    {
      "type": "Feature",
      "geometry": {
        "type": "Point",
        "coordinates": [
          140.024704,
          35.6812518
        ]
      },
      "properties": {
        "id": "osm-w-1216094657",
        "category": "parking",
        "name": "Parking",
        "wheelchair": null,
        "fee": null,
        "opening_hours": null,
        "source": "osm"
      }
    },
    {
      "type": "Feature",
      "geometry": {
        "type": "Point",
        "coordinates": [
          140.027677,
          35.6799449
        ]
      },
      "properties": {
        "id": "osm-w-1216094663",
        "category": "parking",
        "name": "Parking",
        "wheelchair": null,
        "fee": null,
        "opening_hours": null,
        "source": "osm"
      }
    },
    {
      "type": "Feature",
      "geometry": {
        "type": "Point",
        "coordinates": [
          140.0282784,
          35.6808373
        ]
      },
      "properties": {
        "id": "osm-w-1216094664",
        "category": "parking",
        "name": "Parking",
        "wheelchair": null,
        "fee": null,
        "opening_hours": null,
        "source": "osm"
      }
    },
    {
      "type": "Feature",
      "geometry": {
        "type": "Point",
        "coordinates": [
          140.0290141,
          35.6806084
        ]
      },
      "properties": {
        "id": "osm-w-1216094665",
        "category": "parking",
        "name": "Parking",
        "wheelchair": null,
        "fee": null,
        "opening_hours": null,
        "source": "osm"
      }
    },
    {
      "type": "Feature",
      "geometry": {
        "type": "Point",
        "coordinates": [
          140.043229,
          35.6635653
        ]
      },
      "properties": {
        "id": "osm-w-1216094667",
        "category": "parking",
        "name": "Parking",
        "wheelchair": null,
        "fee": null,
        "opening_hours": null,
        "source": "osm"
      }
    },
    {
      "type": "Feature",
      "geometry": {
        "type": "Point",
        "coordinates": [
          140.0534417,
          35.6536566
        ]
      },
      "properties": {
        "id": "osm-w-1216094668",
        "category": "parking",
        "name": "Parking",
        "wheelchair": null,
        "fee": null,
        "opening_hours": null,
        "source": "osm"
      }
    },
    {
      "type": "Feature",
      "geometry": {
        "type": "Point",
        "coordinates": [
          140.0526961,
          35.6540534
        ]
      },
      "properties": {
        "id": "osm-w-1216094669",
        "category": "parking",
        "name": "Parking",
        "wheelchair": null,
        "fee": null,
        "opening_hours": null,
        "source": "osm"
      }
    },
    {
      "type": "Feature",
      "geometry": {
        "type": "Point",
        "coordinates": [
          140.0693736,
          35.6535455
        ]
      },
      "properties": {
        "id": "osm-w-1216094671",
        "category": "parking",
        "name": "Parking",
        "wheelchair": null,
        "fee": null,
        "opening_hours": null,
        "source": "osm"
      }
    },
    {
      "type": "Feature",
      "geometry": {
        "type": "Point",
        "coordinates": [
          140.0697402,
          35.6535749
        ]
      },
      "properties": {
        "id": "osm-w-1216094672",
        "category": "parking",
        "name": "Parking",
        "wheelchair": null,
        "fee": null,
        "opening_hours": null,
        "source": "osm"
      }
    },
    {
      "type": "Feature",
      "geometry": {
        "type": "Point",
        "coordinates": [
          140.0704361,
          35.6531841
        ]
      },
      "properties": {
        "id": "osm-w-1216094673",
        "category": "parking",
        "name": "Parking",
        "wheelchair": null,
        "fee": null,
        "opening_hours": null,
        "source": "osm"
      }
    },
    {
      "type": "Feature",
      "geometry": {
        "type": "Point",
        "coordinates": [
          140.0704932,
          35.6537011
        ]
      },
      "properties": {
        "id": "osm-w-1216094674",
        "category": "parking",
        "name": "Parking",
        "wheelchair": null,
        "fee": null,
        "opening_hours": null,
        "source": "osm"
      }
    },
    {
      "type": "Feature",
      "geometry": {
        "type": "Point",
        "coordinates": [
          140.0725994,
          35.6525257
        ]
      },
      "properties": {
        "id": "osm-w-1216094675",
        "category": "parking",
        "name": "Parking",
        "wheelchair": null,
        "fee": null,
        "opening_hours": null,
        "source": "osm"
      }
    },
    {
      "type": "Feature",
      "geometry": {
        "type": "Point",
        "coordinates": [
          140.0745794,
          35.6521671
        ]
      },
      "properties": {
        "id": "osm-w-1216094676",
        "category": "parking",
        "name": "Parking",
        "wheelchair": null,
        "fee": null,
        "opening_hours": null,
        "source": "osm"
      }
    },
    {
      "type": "Feature",
      "geometry": {
        "type": "Point",
        "coordinates": [
          140.0716437,
          35.6460341
        ]
      },
      "properties": {
        "id": "osm-w-1216094679",
        "category": "parking",
        "name": "Parking",
        "wheelchair": null,
        "fee": null,
        "opening_hours": null,
        "source": "osm"
      }
    },
    {
      "type": "Feature",
      "geometry": {
        "type": "Point",
        "coordinates": [
          140.0325436,
          35.6832029
        ]
      },
      "properties": {
        "id": "osm-w-1218582565",
        "category": "parking",
        "name": "Parking",
        "wheelchair": null,
        "fee": null,
        "opening_hours": null,
        "source": "osm"
      }
    },
    {
      "type": "Feature",
      "geometry": {
        "type": "Point",
        "coordinates": [
          139.9925042,
          35.655597
        ]
      },
      "properties": {
        "id": "osm-w-1252538870",
        "category": "parking",
        "name": "Parking",
        "wheelchair": null,
        "fee": null,
        "opening_hours": null,
        "source": "osm"
      }
    },
    {
      "type": "Feature",
      "geometry": {
        "type": "Point",
        "coordinates": [
          140.0598873,
          35.6602947
        ]
      },
      "properties": {
        "id": "osm-w-1315930501",
        "category": "parking",
        "name": "Parking",
        "wheelchair": null,
        "fee": null,
        "opening_hours": null,
        "source": "osm"
      }
    },
    {
      "type": "Feature",
      "geometry": {
        "type": "Point",
        "coordinates": [
          140.0588899,
          35.6615804
        ]
      },
      "properties": {
        "id": "osm-w-1328749080",
        "category": "parking",
        "name": "\u30ea\u30d1\u30fc\u30af \u5e55\u5f35\u99c5\u5317\u53e3",
        "wheelchair": null,
        "fee": "yes",
        "opening_hours": null,
        "source": "osm"
      }
    },
    {
      "type": "Feature",
      "geometry": {
        "type": "Point",
        "coordinates": [
          140.0565299,
          35.666041
        ]
      },
      "properties": {
        "id": "osm-w-1329954709",
        "category": "parking",
        "name": "Parking",
        "wheelchair": null,
        "fee": null,
        "opening_hours": null,
        "source": "osm"
      }
    },
    {
      "type": "Feature",
      "geometry": {
        "type": "Point",
        "coordinates": [
          140.0560051,
          35.6666111
        ]
      },
      "properties": {
        "id": "osm-w-1329954711",
        "category": "parking",
        "name": "Parking",
        "wheelchair": null,
        "fee": null,
        "opening_hours": null,
        "source": "osm"
      }
    },
    {
      "type": "Feature",
      "geometry": {
        "type": "Point",
        "coordinates": [
          140.0561288,
          35.6664064
        ]
      },
      "properties": {
        "id": "osm-w-1329954712",
        "category": "parking",
        "name": "Parking",
        "wheelchair": null,
        "fee": null,
        "opening_hours": null,
        "source": "osm"
      }
    },
    {
      "type": "Feature",
      "geometry": {
        "type": "Point",
        "coordinates": [
          140.0554532,
          35.6649212
        ]
      },
      "properties": {
        "id": "osm-w-1329954713",
        "category": "parking",
        "name": "Parking",
        "wheelchair": null,
        "fee": null,
        "opening_hours": null,
        "source": "osm"
      }
    },
    {
      "type": "Feature",
      "geometry": {
        "type": "Point",
        "coordinates": [
          140.0552914,
          35.6647805
        ]
      },
      "properties": {
        "id": "osm-w-1329954714",
        "category": "parking",
        "name": "Parking",
        "wheelchair": null,
        "fee": null,
        "opening_hours": null,
        "source": "osm"
      }
    },
    {
      "type": "Feature",
      "geometry": {
        "type": "Point",
        "coordinates": [
          140.0549418,
          35.6649959
        ]
      },
      "properties": {
        "id": "osm-w-1329954715",
        "category": "parking",
        "name": "Parking",
        "wheelchair": null,
        "fee": null,
        "opening_hours": null,
        "source": "osm"
      }
    },
    {
      "type": "Feature",
      "geometry": {
        "type": "Point",
        "coordinates": [
          140.0546657,
          35.6650576
        ]
      },
      "properties": {
        "id": "osm-w-1329954717",
        "category": "parking",
        "name": "Parking",
        "wheelchair": null,
        "fee": null,
        "opening_hours": null,
        "source": "osm"
      }
    },
    {
      "type": "Feature",
      "geometry": {
        "type": "Point",
        "coordinates": [
          140.0542373,
          35.6649142
        ]
      },
      "properties": {
        "id": "osm-w-1329954718",
        "category": "parking",
        "name": "Parking",
        "wheelchair": null,
        "fee": null,
        "opening_hours": null,
        "source": "osm"
      }
    },
    {
      "type": "Feature",
      "geometry": {
        "type": "Point",
        "coordinates": [
          140.0561617,
          35.6643894
        ]
      },
      "properties": {
        "id": "osm-w-1329954719",
        "category": "parking",
        "name": "Parking",
        "wheelchair": null,
        "fee": null,
        "opening_hours": null,
        "source": "osm"
      }
    },
    {
      "type": "Feature",
      "geometry": {
        "type": "Point",
        "coordinates": [
          140.0570391,
          35.6645424
        ]
      },
      "properties": {
        "id": "osm-w-1329954720",
        "category": "parking",
        "name": "Parking",
        "wheelchair": null,
        "fee": null,
        "opening_hours": null,
        "source": "osm"
      }
    },
    {
      "type": "Feature",
      "geometry": {
        "type": "Point",
        "coordinates": [
          140.0583093,
          35.664611
        ]
      },
      "properties": {
        "id": "osm-w-1329954721",
        "category": "parking",
        "name": "Parking",
        "wheelchair": null,
        "fee": null,
        "opening_hours": null,
        "source": "osm"
      }
    },
    {
      "type": "Feature",
      "geometry": {
        "type": "Point",
        "coordinates": [
          140.0585091,
          35.6647157
        ]
      },
      "properties": {
        "id": "osm-w-1329954722",
        "category": "parking",
        "name": "Parking",
        "wheelchair": null,
        "fee": null,
        "opening_hours": null,
        "source": "osm"
      }
    },
    {
      "type": "Feature",
      "geometry": {
        "type": "Point",
        "coordinates": [
          140.0593199,
          35.6650051
        ]
      },
      "properties": {
        "id": "osm-w-1329954723",
        "category": "parking",
        "name": "Parking",
        "wheelchair": null,
        "fee": null,
        "opening_hours": null,
        "source": "osm"
      }
    },
    {
      "type": "Feature",
      "geometry": {
        "type": "Point",
        "coordinates": [
          140.0595516,
          35.6648871
        ]
      },
      "properties": {
        "id": "osm-w-1329954724",
        "category": "parking",
        "name": "Parking",
        "wheelchair": null,
        "fee": null,
        "opening_hours": null,
        "source": "osm"
      }
    },
    {
      "type": "Feature",
      "geometry": {
        "type": "Point",
        "coordinates": [
          140.0594814,
          35.6655247
        ]
      },
      "properties": {
        "id": "osm-w-1329954725",
        "category": "parking",
        "name": "Parking",
        "wheelchair": null,
        "fee": null,
        "opening_hours": null,
        "source": "osm"
      }
    },
    {
      "type": "Feature",
      "geometry": {
        "type": "Point",
        "coordinates": [
          140.0597785,
          35.6655076
        ]
      },
      "properties": {
        "id": "osm-w-1329954726",
        "category": "parking",
        "name": "Parking",
        "wheelchair": null,
        "fee": null,
        "opening_hours": null,
        "source": "osm"
      }
    },
    {
      "type": "Feature",
      "geometry": {
        "type": "Point",
        "coordinates": [
          140.0574325,
          35.6661509
        ]
      },
      "properties": {
        "id": "osm-w-1329954728",
        "category": "parking",
        "name": "Parking",
        "wheelchair": null,
        "fee": null,
        "opening_hours": null,
        "source": "osm"
      }
    },
    {
      "type": "Feature",
      "geometry": {
        "type": "Point",
        "coordinates": [
          140.0573384,
          35.6660882
        ]
      },
      "properties": {
        "id": "osm-w-1329954729",
        "category": "parking",
        "name": "Parking",
        "wheelchair": null,
        "fee": null,
        "opening_hours": null,
        "source": "osm"
      }
    },
    {
      "type": "Feature",
      "geometry": {
        "type": "Point",
        "coordinates": [
          140.0555081,
          35.6661087
        ]
      },
      "properties": {
        "id": "osm-w-1329954730",
        "category": "parking",
        "name": "Parking",
        "wheelchair": null,
        "fee": null,
        "opening_hours": null,
        "source": "osm"
      }
    },
    {
      "type": "Feature",
      "geometry": {
        "type": "Point",
        "coordinates": [
          140.0550442,
          35.667219
        ]
      },
      "properties": {
        "id": "osm-w-1329954737",
        "category": "parking",
        "name": "Parking",
        "wheelchair": null,
        "fee": null,
        "opening_hours": null,
        "source": "osm"
      }
    },
    {
      "type": "Feature",
      "geometry": {
        "type": "Point",
        "coordinates": [
          140.0547521,
          35.6670131
        ]
      },
      "properties": {
        "id": "osm-w-1329954738",
        "category": "parking",
        "name": "Parking",
        "wheelchair": null,
        "fee": null,
        "opening_hours": null,
        "source": "osm"
      }
    },
    {
      "type": "Feature",
      "geometry": {
        "type": "Point",
        "coordinates": [
          140.0544761,
          35.6670254
        ]
      },
      "properties": {
        "id": "osm-w-1329954739",
        "category": "parking",
        "name": "Parking",
        "wheelchair": null,
        "fee": null,
        "opening_hours": null,
        "source": "osm"
      }
    },
    {
      "type": "Feature",
      "geometry": {
        "type": "Point",
        "coordinates": [
          140.0532292,
          35.6665202
        ]
      },
      "properties": {
        "id": "osm-w-1329954740",
        "category": "parking",
        "name": "Parking",
        "wheelchair": null,
        "fee": null,
        "opening_hours": null,
        "source": "osm"
      }
    },
    {
      "type": "Feature",
      "geometry": {
        "type": "Point",
        "coordinates": [
          140.0537182,
          35.664523
        ]
      },
      "properties": {
        "id": "osm-w-1329954741",
        "category": "parking",
        "name": "Parking",
        "wheelchair": null,
        "fee": null,
        "opening_hours": null,
        "source": "osm"
      }
    },
    {
      "type": "Feature",
      "geometry": {
        "type": "Point",
        "coordinates": [
          140.0535619,
          35.664817
        ]
      },
      "properties": {
        "id": "osm-w-1329954742",
        "category": "parking",
        "name": "Parking",
        "wheelchair": null,
        "fee": null,
        "opening_hours": null,
        "source": "osm"
      }
    },
    {
      "type": "Feature",
      "geometry": {
        "type": "Point",
        "coordinates": [
          140.0540962,
          35.6644131
        ]
      },
      "properties": {
        "id": "osm-w-1329954743",
        "category": "parking",
        "name": "Parking",
        "wheelchair": null,
        "fee": null,
        "opening_hours": null,
        "source": "osm"
      }
    },
    {
      "type": "Feature",
      "geometry": {
        "type": "Point",
        "coordinates": [
          140.0543524,
          35.6640168
        ]
      },
      "properties": {
        "id": "osm-w-1329954744",
        "category": "parking",
        "name": "Parking",
        "wheelchair": null,
        "fee": null,
        "opening_hours": null,
        "source": "osm"
      }
    },
    {
      "type": "Feature",
      "geometry": {
        "type": "Point",
        "coordinates": [
          140.054775,
          35.6637234
        ]
      },
      "properties": {
        "id": "osm-w-1329954745",
        "category": "parking",
        "name": "Parking",
        "wheelchair": null,
        "fee": null,
        "opening_hours": null,
        "source": "osm"
      }
    },
    {
      "type": "Feature",
      "geometry": {
        "type": "Point",
        "coordinates": [
          140.0546279,
          35.6634533
        ]
      },
      "properties": {
        "id": "osm-w-1329954746",
        "category": "parking",
        "name": "Parking",
        "wheelchair": null,
        "fee": null,
        "opening_hours": null,
        "source": "osm"
      }
    },
    {
      "type": "Feature",
      "geometry": {
        "type": "Point",
        "coordinates": [
          140.0554107,
          35.6628837
        ]
      },
      "properties": {
        "id": "osm-w-1329954747",
        "category": "parking",
        "name": "Parking",
        "wheelchair": null,
        "fee": null,
        "opening_hours": null,
        "source": "osm"
      }
    },
    {
      "type": "Feature",
      "geometry": {
        "type": "Point",
        "coordinates": [
          140.055211,
          35.6631555
        ]
      },
      "properties": {
        "id": "osm-w-1329954748",
        "category": "parking",
        "name": "Parking",
        "wheelchair": null,
        "fee": null,
        "opening_hours": null,
        "source": "osm"
      }
    },
    {
      "type": "Feature",
      "geometry": {
        "type": "Point",
        "coordinates": [
          140.0555025,
          35.6620446
        ]
      },
      "properties": {
        "id": "osm-w-1329954749",
        "category": "parking",
        "name": "Parking",
        "wheelchair": null,
        "fee": null,
        "opening_hours": null,
        "source": "osm"
      }
    },
    {
      "type": "Feature",
      "geometry": {
        "type": "Point",
        "coordinates": [
          140.0559189,
          35.6619987
        ]
      },
      "properties": {
        "id": "osm-w-1329954750",
        "category": "parking",
        "name": "Parking",
        "wheelchair": null,
        "fee": null,
        "opening_hours": null,
        "source": "osm"
      }
    },
    {
      "type": "Feature",
      "geometry": {
        "type": "Point",
        "coordinates": [
          140.0590592,
          35.6605865
        ]
      },
      "properties": {
        "id": "osm-w-1329954754",
        "category": "parking",
        "name": "Parking",
        "wheelchair": null,
        "fee": null,
        "opening_hours": null,
        "source": "osm"
      }
    },
    {
      "type": "Feature",
      "geometry": {
        "type": "Point",
        "coordinates": [
          140.0597456,
          35.6637651
        ]
      },
      "properties": {
        "id": "osm-w-1330089218",
        "category": "parking",
        "name": "Parking",
        "wheelchair": null,
        "fee": null,
        "opening_hours": null,
        "source": "osm"
      }
    },
    {
      "type": "Feature",
      "geometry": {
        "type": "Point",
        "coordinates": [
          140.0616045,
          35.6630491
        ]
      },
      "properties": {
        "id": "osm-w-1330089219",
        "category": "parking",
        "name": "Parking",
        "wheelchair": null,
        "fee": null,
        "opening_hours": null,
        "source": "osm"
      }
    },
    {
      "type": "Feature",
      "geometry": {
        "type": "Point",
        "coordinates": [
          140.0551438,
          35.665493
        ]
      },
      "properties": {
        "id": "osm-w-1330097385",
        "category": "parking",
        "name": "Parking",
        "wheelchair": null,
        "fee": null,
        "opening_hours": null,
        "source": "osm"
      }
    },
    {
      "type": "Feature",
      "geometry": {
        "type": "Point",
        "coordinates": [
          140.0548605,
          35.6654234
        ]
      },
      "properties": {
        "id": "osm-w-1330097386",
        "category": "parking",
        "name": "Parking",
        "wheelchair": null,
        "fee": null,
        "opening_hours": null,
        "source": "osm"
      }
    },
    {
      "type": "Feature",
      "geometry": {
        "type": "Point",
        "coordinates": [
          140.0518537,
          35.6670708
        ]
      },
      "properties": {
        "id": "osm-w-1330097388",
        "category": "parking",
        "name": "Parking",
        "wheelchair": null,
        "fee": null,
        "opening_hours": null,
        "source": "osm"
      }
    },
    {
      "type": "Feature",
      "geometry": {
        "type": "Point",
        "coordinates": [
          140.0558145,
          35.6676103
        ]
      },
      "properties": {
        "id": "osm-w-1330132587",
        "category": "parking",
        "name": "Parking",
        "wheelchair": null,
        "fee": null,
        "opening_hours": null,
        "source": "osm"
      }
    },
    {
      "type": "Feature",
      "geometry": {
        "type": "Point",
        "coordinates": [
          140.0603024,
          35.6608216
        ]
      },
      "properties": {
        "id": "osm-w-1334735150",
        "category": "parking",
        "name": "\u30ca\u30d3\u30d1\u30fc\u30af",
        "wheelchair": null,
        "fee": "yes",
        "opening_hours": null,
        "source": "osm"
      }
    },
    {
      "type": "Feature",
      "geometry": {
        "type": "Point",
        "coordinates": [
          140.0344884,
          35.6502075
        ]
      },
      "properties": {
        "id": "osm-w-1342954664",
        "category": "parking",
        "name": "\u5e55\u5f35\u30e1\u30c3\u30bb \u81e8\u6642\u99d0\u8eca\u5834",
        "wheelchair": null,
        "fee": null,
        "opening_hours": null,
        "source": "osm"
      }
    },
    {
      "type": "Feature",
      "geometry": {
        "type": "Point",
        "coordinates": [
          140.0591548,
          35.6604568
        ]
      },
      "properties": {
        "id": "osm-w-1361900262",
        "category": "parking",
        "name": "Parking",
        "wheelchair": null,
        "fee": null,
        "opening_hours": null,
        "source": "osm"
      }
    },
    {
      "type": "Feature",
      "geometry": {
        "type": "Point",
        "coordinates": [
          140.0583212,
          35.6605344
        ]
      },
      "properties": {
        "id": "osm-w-1363308207",
        "category": "parking",
        "name": "Parking",
        "wheelchair": null,
        "fee": null,
        "opening_hours": null,
        "source": "osm"
      }
    },
    {
      "type": "Feature",
      "geometry": {
        "type": "Point",
        "coordinates": [
          140.0752146,
          35.6439736
        ]
      },
      "properties": {
        "id": "osm-w-1421974507",
        "category": "parking",
        "name": "Parking",
        "wheelchair": null,
        "fee": null,
        "opening_hours": null,
        "source": "osm"
      }
    },
    {
      "type": "Feature",
      "geometry": {
        "type": "Point",
        "coordinates": [
          140.0607979,
          35.6610056
        ]
      },
      "properties": {
        "id": "osm-w-1432027432",
        "category": "parking",
        "name": "Parking",
        "wheelchair": null,
        "fee": null,
        "opening_hours": null,
        "source": "osm"
      }
    },
    {
      "type": "Feature",
      "geometry": {
        "type": "Point",
        "coordinates": [
          140.0650182,
          35.6618627
        ]
      },
      "properties": {
        "id": "osm-w-1432027464",
        "category": "parking",
        "name": "Parking",
        "wheelchair": null,
        "fee": null,
        "opening_hours": null,
        "source": "osm"
      }
    },
    {
      "type": "Feature",
      "geometry": {
        "type": "Point",
        "coordinates": [
          140.0654384,
          35.6618969
        ]
      },
      "properties": {
        "id": "osm-w-1432027482",
        "category": "parking",
        "name": "Parking",
        "wheelchair": null,
        "fee": null,
        "opening_hours": null,
        "source": "osm"
      }
    },
    {
      "type": "Feature",
      "geometry": {
        "type": "Point",
        "coordinates": [
          140.0581578,
          35.6620822
        ]
      },
      "properties": {
        "id": "osm-w-1432062198",
        "category": "parking",
        "name": "Parking",
        "wheelchair": null,
        "fee": null,
        "opening_hours": null,
        "source": "osm"
      }
    },
    {
      "type": "Feature",
      "geometry": {
        "type": "Point",
        "coordinates": [
          140.057235,
          35.6625405
        ]
      },
      "properties": {
        "id": "osm-w-1432062199",
        "category": "parking",
        "name": "Parking",
        "wheelchair": null,
        "fee": null,
        "opening_hours": null,
        "source": "osm"
      }
    },
    {
      "type": "Feature",
      "geometry": {
        "type": "Point",
        "coordinates": [
          140.058487,
          35.6640992
        ]
      },
      "properties": {
        "id": "osm-w-1432062206",
        "category": "parking",
        "name": "Parking",
        "wheelchair": null,
        "fee": null,
        "opening_hours": null,
        "source": "osm"
      }
    },
    {
      "type": "Feature",
      "geometry": {
        "type": "Point",
        "coordinates": [
          140.0612462,
          35.6637304
        ]
      },
      "properties": {
        "id": "osm-w-1432062216",
        "category": "parking",
        "name": "Parking",
        "wheelchair": null,
        "fee": null,
        "opening_hours": null,
        "source": "osm"
      }
    },
    {
      "type": "Feature",
      "geometry": {
        "type": "Point",
        "coordinates": [
          140.0617327,
          35.6634233
        ]
      },
      "properties": {
        "id": "osm-w-1432062218",
        "category": "parking",
        "name": "Parking",
        "wheelchair": null,
        "fee": null,
        "opening_hours": null,
        "source": "osm"
      }
    },
    {
      "type": "Feature",
      "geometry": {
        "type": "Point",
        "coordinates": [
          140.0612713,
          35.6632109
        ]
      },
      "properties": {
        "id": "osm-w-1432062221",
        "category": "parking",
        "name": "Parking",
        "wheelchair": null,
        "fee": null,
        "opening_hours": null,
        "source": "osm"
      }
    },
    {
      "type": "Feature",
      "geometry": {
        "type": "Point",
        "coordinates": [
          140.0548074,
          35.6609007
        ]
      },
      "properties": {
        "id": "osm-w-1432062229",
        "category": "parking",
        "name": "Parking",
        "wheelchair": null,
        "fee": null,
        "opening_hours": null,
        "source": "osm"
      }
    },
    {
      "type": "Feature",
      "geometry": {
        "type": "Point",
        "coordinates": [
          140.051157,
          35.6597209
        ]
      },
      "properties": {
        "id": "osm-w-1432180584",
        "category": "parking",
        "name": "Parking",
        "wheelchair": null,
        "fee": null,
        "opening_hours": null,
        "source": "osm"
      }
    },
    {
      "type": "Feature",
      "geometry": {
        "type": "Point",
        "coordinates": [
          140.0513749,
          35.65974
        ]
      },
      "properties": {
        "id": "osm-w-1432180585",
        "category": "parking",
        "name": "Parking",
        "wheelchair": null,
        "fee": null,
        "opening_hours": null,
        "source": "osm"
      }
    },
    {
      "type": "Feature",
      "geometry": {
        "type": "Point",
        "coordinates": [
          140.0507969,
          35.6592147
        ]
      },
      "properties": {
        "id": "osm-w-1432180586",
        "category": "parking",
        "name": "Parking",
        "wheelchair": null,
        "fee": null,
        "opening_hours": null,
        "source": "osm"
      }
    },
    {
      "type": "Feature",
      "geometry": {
        "type": "Point",
        "coordinates": [
          140.0505833,
          35.6589214
        ]
      },
      "properties": {
        "id": "osm-w-1432180587",
        "category": "parking",
        "name": "Parking",
        "wheelchair": null,
        "fee": null,
        "opening_hours": null,
        "source": "osm"
      }
    },
    {
      "type": "Feature",
      "geometry": {
        "type": "Point",
        "coordinates": [
          140.0502823,
          35.6590564
        ]
      },
      "properties": {
        "id": "osm-w-1432180588",
        "category": "parking",
        "name": "Parking",
        "wheelchair": null,
        "fee": null,
        "opening_hours": null,
        "source": "osm"
      }
    },
    {
      "type": "Feature",
      "geometry": {
        "type": "Point",
        "coordinates": [
          140.0497949,
          35.6592084
        ]
      },
      "properties": {
        "id": "osm-w-1432180593",
        "category": "parking",
        "name": "Parking",
        "wheelchair": null,
        "fee": null,
        "opening_hours": null,
        "source": "osm"
      }
    },
    {
      "type": "Feature",
      "geometry": {
        "type": "Point",
        "coordinates": [
          140.058205,
          35.6531122
        ]
      },
      "properties": {
        "id": "osm-w-1432180664",
        "category": "fuel",
        "name": "Fuel",
        "wheelchair": null,
        "fee": null,
        "opening_hours": null,
        "source": "osm"
      }
    },
    {
      "type": "Feature",
      "geometry": {
        "type": "Point",
        "coordinates": [
          140.0564284,
          35.6547893
        ]
      },
      "properties": {
        "id": "osm-w-1432180669",
        "category": "fuel",
        "name": "Fuel",
        "wheelchair": null,
        "fee": null,
        "opening_hours": null,
        "source": "osm"
      }
    },
    {
      "type": "Feature",
      "geometry": {
        "type": "Point",
        "coordinates": [
          140.0572332,
          35.6546844
        ]
      },
      "properties": {
        "id": "osm-w-1432180725",
        "category": "parking",
        "name": "Parking",
        "wheelchair": null,
        "fee": null,
        "opening_hours": null,
        "source": "osm"
      }
    },
    {
      "type": "Feature",
      "geometry": {
        "type": "Point",
        "coordinates": [
          140.0574324,
          35.6545254
        ]
      },
      "properties": {
        "id": "osm-w-1432180726",
        "category": "parking",
        "name": "Parking",
        "wheelchair": null,
        "fee": null,
        "opening_hours": null,
        "source": "osm"
      }
    },
    {
      "type": "Feature",
      "geometry": {
        "type": "Point",
        "coordinates": [
          140.0549554,
          35.6564626
        ]
      },
      "properties": {
        "id": "osm-w-1432180732",
        "category": "parking",
        "name": "Parking",
        "wheelchair": null,
        "fee": null,
        "opening_hours": null,
        "source": "osm"
      }
    },
    {
      "type": "Feature",
      "geometry": {
        "type": "Point",
        "coordinates": [
          140.0523089,
          35.657586
        ]
      },
      "properties": {
        "id": "osm-w-1432187529",
        "category": "parking",
        "name": "Parking",
        "wheelchair": null,
        "fee": null,
        "opening_hours": null,
        "source": "osm"
      }
    },
    {
      "type": "Feature",
      "geometry": {
        "type": "Point",
        "coordinates": [
          140.0524519,
          35.6561123
        ]
      },
      "properties": {
        "id": "osm-w-1432187832",
        "category": "parking",
        "name": "Parking",
        "wheelchair": null,
        "fee": null,
        "opening_hours": null,
        "source": "osm"
      }
    },
    {
      "type": "Feature",
      "geometry": {
        "type": "Point",
        "coordinates": [
          140.0550556,
          35.651932
        ]
      },
      "properties": {
        "id": "osm-w-1432196193",
        "category": "parking",
        "name": "Parking",
        "wheelchair": null,
        "fee": null,
        "opening_hours": null,
        "source": "osm"
      }
    },
    {
      "type": "Feature",
      "geometry": {
        "type": "Point",
        "coordinates": [
          140.0560158,
          35.6518409
        ]
      },
      "properties": {
        "id": "osm-w-1432196195",
        "category": "parking",
        "name": "Parking",
        "wheelchair": null,
        "fee": null,
        "opening_hours": null,
        "source": "osm"
      }
    },
    {
      "type": "Feature",
      "geometry": {
        "type": "Point",
        "coordinates": [
          140.0543316,
          35.6508884
        ]
      },
      "properties": {
        "id": "osm-w-1432196229",
        "category": "parking",
        "name": "Parking",
        "wheelchair": null,
        "fee": null,
        "opening_hours": null,
        "source": "osm"
      }
    },
    {
      "type": "Feature",
      "geometry": {
        "type": "Point",
        "coordinates": [
          140.05489,
          35.6510522
        ]
      },
      "properties": {
        "id": "osm-w-1432196230",
        "category": "parking",
        "name": "Parking",
        "wheelchair": null,
        "fee": null,
        "opening_hours": null,
        "source": "osm"
      }
    },
    {
      "type": "Feature",
      "geometry": {
        "type": "Point",
        "coordinates": [
          140.0491495,
          35.6524881
        ]
      },
      "properties": {
        "id": "osm-w-1432196255",
        "category": "parking",
        "name": "Parking",
        "wheelchair": null,
        "fee": null,
        "opening_hours": null,
        "source": "osm"
      }
    },
    {
      "type": "Feature",
      "geometry": {
        "type": "Point",
        "coordinates": [
          140.0485647,
          35.6529561
        ]
      },
      "properties": {
        "id": "osm-w-1432196262",
        "category": "parking",
        "name": "Parking",
        "wheelchair": null,
        "fee": null,
        "opening_hours": null,
        "source": "osm"
      }
    },
    {
      "type": "Feature",
      "geometry": {
        "type": "Point",
        "coordinates": [
          140.0208013,
          35.6613752
        ]
      },
      "properties": {
        "id": "osm-w-1432220409",
        "category": "parking",
        "name": "Parking",
        "wheelchair": null,
        "fee": null,
        "opening_hours": null,
        "source": "osm"
      }
    },
    {
      "type": "Feature",
      "geometry": {
        "type": "Point",
        "coordinates": [
          140.0240455,
          35.6682644
        ]
      },
      "properties": {
        "id": "osm-w-1432751544",
        "category": "parking",
        "name": "Parking",
        "wheelchair": null,
        "fee": null,
        "opening_hours": null,
        "source": "osm"
      }
    },
    {
      "type": "Feature",
      "geometry": {
        "type": "Point",
        "coordinates": [
          140.0400022,
          35.6625142
        ]
      },
      "properties": {
        "id": "osm-w-1432781461",
        "category": "parking",
        "name": "Parking",
        "wheelchair": null,
        "fee": null,
        "opening_hours": null,
        "source": "osm"
      }
    },
    {
      "type": "Feature",
      "geometry": {
        "type": "Point",
        "coordinates": [
          140.0412558,
          35.6652048
        ]
      },
      "properties": {
        "id": "osm-w-1432781548",
        "category": "parking",
        "name": "Parking",
        "wheelchair": null,
        "fee": null,
        "opening_hours": null,
        "source": "osm"
      }
    },
    {
      "type": "Feature",
      "geometry": {
        "type": "Point",
        "coordinates": [
          140.0368176,
          35.6648059
        ]
      },
      "properties": {
        "id": "osm-w-1432781647",
        "category": "parking",
        "name": "Parking",
        "wheelchair": null,
        "fee": null,
        "opening_hours": null,
        "source": "osm"
      }
    },
    {
      "type": "Feature",
      "geometry": {
        "type": "Point",
        "coordinates": [
          140.0557787,
          35.6397268
        ]
      },
      "properties": {
        "id": "osm-w-1433471228",
        "category": "parking",
        "name": "Parking",
        "wheelchair": null,
        "fee": null,
        "opening_hours": null,
        "source": "osm"
      }
    },
    {
      "type": "Feature",
      "geometry": {
        "type": "Point",
        "coordinates": [
          140.0671493,
          35.6320752
        ]
      },
      "properties": {
        "id": "osm-w-1433738382",
        "category": "parking",
        "name": "Parking",
        "wheelchair": null,
        "fee": null,
        "opening_hours": null,
        "source": "osm"
      }
    },
    {
      "type": "Feature",
      "geometry": {
        "type": "Point",
        "coordinates": [
          140.06796,
          35.6315444
        ]
      },
      "properties": {
        "id": "osm-w-1433738389",
        "category": "parking",
        "name": "Parking",
        "wheelchair": null,
        "fee": null,
        "opening_hours": null,
        "source": "osm"
      }
    },
    {
      "type": "Feature",
      "geometry": {
        "type": "Point",
        "coordinates": [
          140.0690279,
          35.6315148
        ]
      },
      "properties": {
        "id": "osm-w-1433738398",
        "category": "parking",
        "name": "Parking",
        "wheelchair": null,
        "fee": null,
        "opening_hours": null,
        "source": "osm"
      }
    },
    {
      "type": "Feature",
      "geometry": {
        "type": "Point",
        "coordinates": [
          140.069209,
          35.631848
        ]
      },
      "properties": {
        "id": "osm-w-1433738399",
        "category": "parking",
        "name": "Parking",
        "wheelchair": null,
        "fee": null,
        "opening_hours": null,
        "source": "osm"
      }
    },
    {
      "type": "Feature",
      "geometry": {
        "type": "Point",
        "coordinates": [
          140.0681849,
          35.6328684
        ]
      },
      "properties": {
        "id": "osm-w-1433738421",
        "category": "parking",
        "name": "Parking",
        "wheelchair": null,
        "fee": null,
        "opening_hours": null,
        "source": "osm"
      }
    },
    {
      "type": "Feature",
      "geometry": {
        "type": "Point",
        "coordinates": [
          140.0679193,
          35.6326871
        ]
      },
      "properties": {
        "id": "osm-w-1433738422",
        "category": "parking",
        "name": "Parking",
        "wheelchair": null,
        "fee": null,
        "opening_hours": null,
        "source": "osm"
      }
    },
    {
      "type": "Feature",
      "geometry": {
        "type": "Point",
        "coordinates": [
          140.0675834,
          35.6329228
        ]
      },
      "properties": {
        "id": "osm-w-1433738423",
        "category": "parking",
        "name": "Parking",
        "wheelchair": null,
        "fee": null,
        "opening_hours": null,
        "source": "osm"
      }
    },
    {
      "type": "Feature",
      "geometry": {
        "type": "Point",
        "coordinates": [
          140.0678258,
          35.6355151
        ]
      },
      "properties": {
        "id": "osm-w-1433738433",
        "category": "parking",
        "name": "Parking",
        "wheelchair": null,
        "fee": null,
        "opening_hours": null,
        "source": "osm"
      }
    },
    {
      "type": "Feature",
      "geometry": {
        "type": "Point",
        "coordinates": [
          140.0677361,
          35.6355907
        ]
      },
      "properties": {
        "id": "osm-w-1433738434",
        "category": "parking",
        "name": "Parking",
        "wheelchair": null,
        "fee": null,
        "opening_hours": null,
        "source": "osm"
      }
    },
    {
      "type": "Feature",
      "geometry": {
        "type": "Point",
        "coordinates": [
          140.0657549,
          35.6336035
        ]
      },
      "properties": {
        "id": "osm-w-1433747739",
        "category": "parking",
        "name": "Parking",
        "wheelchair": null,
        "fee": null,
        "opening_hours": null,
        "source": "osm"
      }
    },
    {
      "type": "Feature",
      "geometry": {
        "type": "Point",
        "coordinates": [
          140.0654509,
          35.6333429
        ]
      },
      "properties": {
        "id": "osm-w-1433747745",
        "category": "parking",
        "name": "Parking",
        "wheelchair": null,
        "fee": null,
        "opening_hours": null,
        "source": "osm"
      }
    },
    {
      "type": "Feature",
      "geometry": {
        "type": "Point",
        "coordinates": [
          140.0658388,
          35.6338856
        ]
      },
      "properties": {
        "id": "osm-w-1433747752",
        "category": "parking",
        "name": "Parking",
        "wheelchair": null,
        "fee": null,
        "opening_hours": null,
        "source": "osm"
      }
    },
    {
      "type": "Feature",
      "geometry": {
        "type": "Point",
        "coordinates": [
          140.0663832,
          35.6339558
        ]
      },
      "properties": {
        "id": "osm-w-1433747753",
        "category": "parking",
        "name": "Parking",
        "wheelchair": null,
        "fee": null,
        "opening_hours": null,
        "source": "osm"
      }
    },
    {
      "type": "Feature",
      "geometry": {
        "type": "Point",
        "coordinates": [
          140.0660747,
          35.6340969
        ]
      },
      "properties": {
        "id": "osm-w-1433747754",
        "category": "parking",
        "name": "Parking",
        "wheelchair": null,
        "fee": null,
        "opening_hours": null,
        "source": "osm"
      }
    },
    {
      "type": "Feature",
      "geometry": {
        "type": "Point",
        "coordinates": [
          140.0663381,
          35.6343338
        ]
      },
      "properties": {
        "id": "osm-w-1433747755",
        "category": "parking",
        "name": "Parking",
        "wheelchair": null,
        "fee": null,
        "opening_hours": null,
        "source": "osm"
      }
    },
    {
      "type": "Feature",
      "geometry": {
        "type": "Point",
        "coordinates": [
          140.0664382,
          35.634299
        ]
      },
      "properties": {
        "id": "osm-w-1433747756",
        "category": "parking",
        "name": "Parking",
        "wheelchair": null,
        "fee": null,
        "opening_hours": null,
        "source": "osm"
      }
    },
    {
      "type": "Feature",
      "geometry": {
        "type": "Point",
        "coordinates": [
          140.0671506,
          35.6343973
        ]
      },
      "properties": {
        "id": "osm-w-1433747757",
        "category": "parking",
        "name": "Parking",
        "wheelchair": null,
        "fee": null,
        "opening_hours": null,
        "source": "osm"
      }
    },
    {
      "type": "Feature",
      "geometry": {
        "type": "Point",
        "coordinates": [
          140.0669611,
          35.6342421
        ]
      },
      "properties": {
        "id": "osm-w-1433747758",
        "category": "parking",
        "name": "Parking",
        "wheelchair": null,
        "fee": null,
        "opening_hours": null,
        "source": "osm"
      }
    },
    {
      "type": "Feature",
      "geometry": {
        "type": "Point",
        "coordinates": [
          140.0684352,
          35.6345225
        ]
      },
      "properties": {
        "id": "osm-w-1433747764",
        "category": "parking",
        "name": "Parking",
        "wheelchair": null,
        "fee": null,
        "opening_hours": null,
        "source": "osm"
      }
    },
    {
      "type": "Feature",
      "geometry": {
        "type": "Point",
        "coordinates": [
          140.0688971,
          35.6345918
        ]
      },
      "properties": {
        "id": "osm-w-1433747765",
        "category": "parking",
        "name": "Parking",
        "wheelchair": null,
        "fee": null,
        "opening_hours": null,
        "source": "osm"
      }
    },
    {
      "type": "Feature",
      "geometry": {
        "type": "Point",
        "coordinates": [
          140.0692035,
          35.6349261
        ]
      },
      "properties": {
        "id": "osm-w-1433747766",
        "category": "parking",
        "name": "Parking",
        "wheelchair": null,
        "fee": null,
        "opening_hours": null,
        "source": "osm"
      }
    },
    {
      "type": "Feature",
      "geometry": {
        "type": "Point",
        "coordinates": [
          140.0686308,
          35.6348087
        ]
      },
      "properties": {
        "id": "osm-w-1433747768",
        "category": "parking",
        "name": "Parking",
        "wheelchair": null,
        "fee": null,
        "opening_hours": null,
        "source": "osm"
      }
    },
    {
      "type": "Feature",
      "geometry": {
        "type": "Point",
        "coordinates": [
          140.0686835,
          35.6351008
        ]
      },
      "properties": {
        "id": "osm-w-1433747769",
        "category": "parking",
        "name": "Parking",
        "wheelchair": null,
        "fee": null,
        "opening_hours": null,
        "source": "osm"
      }
    },
    {
      "type": "Feature",
      "geometry": {
        "type": "Point",
        "coordinates": [
          140.0685112,
          35.635537
        ]
      },
      "properties": {
        "id": "osm-w-1433747770",
        "category": "parking",
        "name": "Parking",
        "wheelchair": null,
        "fee": null,
        "opening_hours": null,
        "source": "osm"
      }
    },
    {
      "type": "Feature",
      "geometry": {
        "type": "Point",
        "coordinates": [
          140.0673482,
          35.6348166
        ]
      },
      "properties": {
        "id": "osm-w-1433753650",
        "category": "parking",
        "name": "Parking",
        "wheelchair": null,
        "fee": null,
        "opening_hours": null,
        "source": "osm"
      }
    },
    {
      "type": "Feature",
      "geometry": {
        "type": "Point",
        "coordinates": [
          140.0669635,
          35.6333448
        ]
      },
      "properties": {
        "id": "osm-w-1433753652",
        "category": "parking",
        "name": "Parking",
        "wheelchair": null,
        "fee": null,
        "opening_hours": null,
        "source": "osm"
      }
    },
    {
      "type": "Feature",
      "geometry": {
        "type": "Point",
        "coordinates": [
          140.0671593,
          35.6332081
        ]
      },
      "properties": {
        "id": "osm-w-1433753653",
        "category": "parking",
        "name": "Parking",
        "wheelchair": null,
        "fee": null,
        "opening_hours": null,
        "source": "osm"
      }
    },
    {
      "type": "Feature",
      "geometry": {
        "type": "Point",
        "coordinates": [
          140.0667361,
          35.6330947
        ]
      },
      "properties": {
        "id": "osm-w-1433753657",
        "category": "parking",
        "name": "Parking",
        "wheelchair": null,
        "fee": null,
        "opening_hours": null,
        "source": "osm"
      }
    },
    {
      "type": "Feature",
      "geometry": {
        "type": "Point",
        "coordinates": [
          140.0674279,
          35.6325944
        ]
      },
      "properties": {
        "id": "osm-w-1433753658",
        "category": "parking",
        "name": "Parking",
        "wheelchair": null,
        "fee": null,
        "opening_hours": null,
        "source": "osm"
      }
    },
    {
      "type": "Feature",
      "geometry": {
        "type": "Point",
        "coordinates": [
          140.0694813,
          35.6330786
        ]
      },
      "properties": {
        "id": "osm-w-1433753672",
        "category": "parking",
        "name": "Parking",
        "wheelchair": null,
        "fee": null,
        "opening_hours": null,
        "source": "osm"
      }
    },
    {
      "type": "Feature",
      "geometry": {
        "type": "Point",
        "coordinates": [
          140.0706184,
          35.6305939
        ]
      },
      "properties": {
        "id": "osm-w-1433753689",
        "category": "parking",
        "name": "Parking",
        "wheelchair": null,
        "fee": null,
        "opening_hours": null,
        "source": "osm"
      }
    },
    {
      "type": "Feature",
      "geometry": {
        "type": "Point",
        "coordinates": [
          140.0710224,
          35.6315006
        ]
      },
      "properties": {
        "id": "osm-w-1433753691",
        "category": "parking",
        "name": "Parking",
        "wheelchair": null,
        "fee": null,
        "opening_hours": null,
        "source": "osm"
      }
    },
    {
      "type": "Feature",
      "geometry": {
        "type": "Point",
        "coordinates": [
          140.0708505,
          35.6314061
        ]
      },
      "properties": {
        "id": "osm-w-1433753694",
        "category": "parking",
        "name": "Parking",
        "wheelchair": null,
        "fee": null,
        "opening_hours": null,
        "source": "osm"
      }
    },
    {
      "type": "Feature",
      "geometry": {
        "type": "Point",
        "coordinates": [
          140.0650774,
          35.6402201
        ]
      },
      "properties": {
        "id": "osm-w-1434231532",
        "category": "parking",
        "name": "Parking",
        "wheelchair": null,
        "fee": null,
        "opening_hours": null,
        "source": "osm"
      }
    },
    {
      "type": "Feature",
      "geometry": {
        "type": "Point",
        "coordinates": [
          140.0629873,
          35.6352609
        ]
      },
      "properties": {
        "id": "osm-w-1434231584",
        "category": "parking",
        "name": "Parking",
        "wheelchair": null,
        "fee": null,
        "opening_hours": null,
        "source": "osm"
      }
    },
    {
      "type": "Feature",
      "geometry": {
        "type": "Point",
        "coordinates": [
          140.0599444,
          35.646223
        ]
      },
      "properties": {
        "id": "osm-w-1434635840",
        "category": "parking",
        "name": "Parking",
        "wheelchair": null,
        "fee": null,
        "opening_hours": null,
        "source": "osm"
      }
    },
    {
      "type": "Feature",
      "geometry": {
        "type": "Point",
        "coordinates": [
          140.0646086,
          35.6454705
        ]
      },
      "properties": {
        "id": "osm-w-1434635853",
        "category": "parking",
        "name": "Parking",
        "wheelchair": null,
        "fee": null,
        "opening_hours": null,
        "source": "osm"
      }
    },
    {
      "type": "Feature",
      "geometry": {
        "type": "Point",
        "coordinates": [
          140.0608146,
          35.642832
        ]
      },
      "properties": {
        "id": "osm-w-1434635882",
        "category": "parking",
        "name": "Parking",
        "wheelchair": null,
        "fee": null,
        "opening_hours": null,
        "source": "osm"
      }
    },
    {
      "type": "Feature",
      "geometry": {
        "type": "Point",
        "coordinates": [
          140.0663758,
          35.6441771
        ]
      },
      "properties": {
        "id": "osm-w-1434719534",
        "category": "parking",
        "name": "Parking",
        "wheelchair": null,
        "fee": null,
        "opening_hours": null,
        "source": "osm"
      }
    },
    {
      "type": "Feature",
      "geometry": {
        "type": "Point",
        "coordinates": [
          140.0633768,
          35.6426254
        ]
      },
      "properties": {
        "id": "osm-w-1434719605",
        "category": "parking",
        "name": "Parking",
        "wheelchair": null,
        "fee": null,
        "opening_hours": null,
        "source": "osm"
      }
    },
    {
      "type": "Feature",
      "geometry": {
        "type": "Point",
        "coordinates": [
          140.0266107,
          35.6645888
        ]
      },
      "properties": {
        "id": "osm-w-1434847986",
        "category": "parking",
        "name": "Parking",
        "wheelchair": null,
        "fee": null,
        "opening_hours": null,
        "source": "osm"
      }
    },
    {
      "type": "Feature",
      "geometry": {
        "type": "Point",
        "coordinates": [
          140.035124,
          35.6600193
        ]
      },
      "properties": {
        "id": "osm-w-1435784736",
        "category": "parking",
        "name": "Parking",
        "wheelchair": null,
        "fee": null,
        "opening_hours": null,
        "source": "osm"
      }
    },
    {
      "type": "Feature",
      "geometry": {
        "type": "Point",
        "coordinates": [
          140.0367636,
          35.6601301
        ]
      },
      "properties": {
        "id": "osm-w-1435784737",
        "category": "parking",
        "name": "Parking",
        "wheelchair": null,
        "fee": null,
        "opening_hours": null,
        "source": "osm"
      }
    },
    {
      "type": "Feature",
      "geometry": {
        "type": "Point",
        "coordinates": [
          140.0393481,
          35.6599602
        ]
      },
      "properties": {
        "id": "osm-w-1435788767",
        "category": "parking",
        "name": "Parking",
        "wheelchair": null,
        "fee": null,
        "opening_hours": null,
        "source": "osm"
      }
    },
    {
      "type": "Feature",
      "geometry": {
        "type": "Point",
        "coordinates": [
          140.0373995,
          35.6583892
        ]
      },
      "properties": {
        "id": "osm-w-1435788798",
        "category": "parking",
        "name": "Parking",
        "wheelchair": null,
        "fee": null,
        "opening_hours": null,
        "source": "osm"
      }
    },
    {
      "type": "Feature",
      "geometry": {
        "type": "Point",
        "coordinates": [
          139.9895405,
          35.6554616
        ]
      },
      "properties": {
        "id": "osm-w-1435858872",
        "category": "parking",
        "name": "Parking",
        "wheelchair": null,
        "fee": null,
        "opening_hours": null,
        "source": "osm"
      }
    },
    {
      "type": "Feature",
      "geometry": {
        "type": "Point",
        "coordinates": [
          139.9917247,
          35.6601378
        ]
      },
      "properties": {
        "id": "osm-w-1435858890",
        "category": "parking",
        "name": "Parking",
        "wheelchair": null,
        "fee": null,
        "opening_hours": null,
        "source": "osm"
      }
    },
    {
      "type": "Feature",
      "geometry": {
        "type": "Point",
        "coordinates": [
          139.9916768,
          35.6605473
        ]
      },
      "properties": {
        "id": "osm-w-1435858891",
        "category": "parking",
        "name": "Parking",
        "wheelchair": null,
        "fee": null,
        "opening_hours": null,
        "source": "osm"
      }
    },
    {
      "type": "Feature",
      "geometry": {
        "type": "Point",
        "coordinates": [
          139.9924522,
          35.6568865
        ]
      },
      "properties": {
        "id": "osm-w-1435858896",
        "category": "parking",
        "name": "Parking",
        "wheelchair": null,
        "fee": null,
        "opening_hours": null,
        "source": "osm"
      }
    },
    {
      "type": "Feature",
      "geometry": {
        "type": "Point",
        "coordinates": [
          139.9935962,
          35.6602464
        ]
      },
      "properties": {
        "id": "osm-w-1436065038",
        "category": "parking",
        "name": "Parking",
        "wheelchair": null,
        "fee": null,
        "opening_hours": null,
        "source": "osm"
      }
    },
    {
      "type": "Feature",
      "geometry": {
        "type": "Point",
        "coordinates": [
          139.9948134,
          35.6585151
        ]
      },
      "properties": {
        "id": "osm-w-1436065039",
        "category": "parking",
        "name": "Parking",
        "wheelchair": null,
        "fee": null,
        "opening_hours": null,
        "source": "osm"
      }
    },
    {
      "type": "Feature",
      "geometry": {
        "type": "Point",
        "coordinates": [
          139.9941179,
          35.6592257
        ]
      },
      "properties": {
        "id": "osm-w-1436065040",
        "category": "parking",
        "name": "Parking",
        "wheelchair": null,
        "fee": null,
        "opening_hours": null,
        "source": "osm"
      }
    },
    {
      "type": "Feature",
      "geometry": {
        "type": "Point",
        "coordinates": [
          139.9938379,
          35.6570881
        ]
      },
      "properties": {
        "id": "osm-w-1436065041",
        "category": "parking",
        "name": "Parking",
        "wheelchair": null,
        "fee": null,
        "opening_hours": null,
        "source": "osm"
      }
    },
    {
      "type": "Feature",
      "geometry": {
        "type": "Point",
        "coordinates": [
          139.9993715,
          35.6587347
        ]
      },
      "properties": {
        "id": "osm-w-1436151934",
        "category": "parking",
        "name": "Parking",
        "wheelchair": null,
        "fee": null,
        "opening_hours": null,
        "source": "osm"
      }
    },
    {
      "type": "Feature",
      "geometry": {
        "type": "Point",
        "coordinates": [
          140.0021758,
          35.6592717
        ]
      },
      "properties": {
        "id": "osm-w-1436151937",
        "category": "parking",
        "name": "Parking",
        "wheelchair": null,
        "fee": null,
        "opening_hours": null,
        "source": "osm"
      }
    },
    {
      "type": "Feature",
      "geometry": {
        "type": "Point",
        "coordinates": [
          139.9916999,
          35.6647987
        ]
      },
      "properties": {
        "id": "osm-w-1436587276",
        "category": "parking",
        "name": "Parking",
        "wheelchair": null,
        "fee": null,
        "opening_hours": null,
        "source": "osm"
      }
    },
    {
      "type": "Feature",
      "geometry": {
        "type": "Point",
        "coordinates": [
          139.9956025,
          35.6684776
        ]
      },
      "properties": {
        "id": "osm-w-1436587365",
        "category": "parking",
        "name": "Parking",
        "wheelchair": null,
        "fee": null,
        "opening_hours": null,
        "source": "osm"
      }
    },
    {
      "type": "Feature",
      "geometry": {
        "type": "Point",
        "coordinates": [
          139.9968803,
          35.6686334
        ]
      },
      "properties": {
        "id": "osm-w-1436587366",
        "category": "parking",
        "name": "Parking",
        "wheelchair": null,
        "fee": null,
        "opening_hours": null,
        "source": "osm"
      }
    },
    {
      "type": "Feature",
      "geometry": {
        "type": "Point",
        "coordinates": [
          139.9954601,
          35.6708329
        ]
      },
      "properties": {
        "id": "osm-w-1436587378",
        "category": "parking",
        "name": "Parking",
        "wheelchair": null,
        "fee": null,
        "opening_hours": null,
        "source": "osm"
      }
    },
    {
      "type": "Feature",
      "geometry": {
        "type": "Point",
        "coordinates": [
          140.0603345,
          35.6632911
        ]
      },
      "properties": {
        "id": "osm-w-1459604724",
        "category": "parking",
        "name": "Parking",
        "wheelchair": null,
        "fee": null,
        "opening_hours": null,
        "source": "osm"
      }
    },
    {
      "type": "Feature",
      "geometry": {
        "type": "Point",
        "coordinates": [
          140.0604554,
          35.6628794
        ]
      },
      "properties": {
        "id": "osm-w-1459604728",
        "category": "parking",
        "name": "Parking",
        "wheelchair": null,
        "fee": null,
        "opening_hours": null,
        "source": "osm"
      }
    },
    {
      "type": "Feature",
      "geometry": {
        "type": "Point",
        "coordinates": [
          140.0637986,
          35.6673317
        ]
      },
      "properties": {
        "id": "osm-w-1459604731",
        "category": "parking",
        "name": "Parking",
        "wheelchair": null,
        "fee": null,
        "opening_hours": null,
        "source": "osm"
      }
    },
    {
      "type": "Feature",
      "geometry": {
        "type": "Point",
        "coordinates": [
          140.0632072,
          35.6675708
        ]
      },
      "properties": {
        "id": "osm-w-1459604734",
        "category": "parking",
        "name": "Parking",
        "wheelchair": null,
        "fee": null,
        "opening_hours": null,
        "source": "osm"
      }
    },
    {
      "type": "Feature",
      "geometry": {
        "type": "Point",
        "coordinates": [
          140.0629342,
          35.6682716
        ]
      },
      "properties": {
        "id": "osm-w-1459604740",
        "category": "parking",
        "name": "Parking",
        "wheelchair": null,
        "fee": null,
        "opening_hours": null,
        "source": "osm"
      }
    },
    {
      "type": "Feature",
      "geometry": {
        "type": "Point",
        "coordinates": [
          140.0630611,
          35.6687532
        ]
      },
      "properties": {
        "id": "osm-w-1459604744",
        "category": "parking",
        "name": "Parking",
        "wheelchair": null,
        "fee": null,
        "opening_hours": null,
        "source": "osm"
      }
    },
    {
      "type": "Feature",
      "geometry": {
        "type": "Point",
        "coordinates": [
          140.0631029,
          35.6691902
        ]
      },
      "properties": {
        "id": "osm-w-1459604749",
        "category": "parking",
        "name": "Parking",
        "wheelchair": null,
        "fee": null,
        "opening_hours": null,
        "source": "osm"
      }
    },
    {
      "type": "Feature",
      "geometry": {
        "type": "Point",
        "coordinates": [
          140.0643581,
          35.6707731
        ]
      },
      "properties": {
        "id": "osm-w-1459604753",
        "category": "parking",
        "name": "Parking",
        "wheelchair": null,
        "fee": null,
        "opening_hours": null,
        "source": "osm"
      }
    },
    {
      "type": "Feature",
      "geometry": {
        "type": "Point",
        "coordinates": [
          140.0648408,
          35.6713923
        ]
      },
      "properties": {
        "id": "osm-w-1459604755",
        "category": "parking",
        "name": "Parking",
        "wheelchair": null,
        "fee": null,
        "opening_hours": null,
        "source": "osm"
      }
    },
    {
      "type": "Feature",
      "geometry": {
        "type": "Point",
        "coordinates": [
          140.065746,
          35.6717301
        ]
      },
      "properties": {
        "id": "osm-w-1459604760",
        "category": "parking",
        "name": "Parking",
        "wheelchair": null,
        "fee": null,
        "opening_hours": null,
        "source": "osm"
      }
    },
    {
      "type": "Feature",
      "geometry": {
        "type": "Point",
        "coordinates": [
          140.066032,
          35.6720436
        ]
      },
      "properties": {
        "id": "osm-w-1459852666",
        "category": "parking",
        "name": "Parking",
        "wheelchair": null,
        "fee": null,
        "opening_hours": null,
        "source": "osm"
      }
    },
    {
      "type": "Feature",
      "geometry": {
        "type": "Point",
        "coordinates": [
          140.0655721,
          35.6726097
        ]
      },
      "properties": {
        "id": "osm-w-1459852670",
        "category": "parking",
        "name": "Parking",
        "wheelchair": null,
        "fee": null,
        "opening_hours": null,
        "source": "osm"
      }
    },
    {
      "type": "Feature",
      "geometry": {
        "type": "Point",
        "coordinates": [
          140.0658874,
          35.6729594
        ]
      },
      "properties": {
        "id": "osm-w-1459852676",
        "category": "parking",
        "name": "Parking",
        "wheelchair": null,
        "fee": null,
        "opening_hours": null,
        "source": "osm"
      }
    },
    {
      "type": "Feature",
      "geometry": {
        "type": "Point",
        "coordinates": [
          140.0634737,
          35.6680197
        ]
      },
      "properties": {
        "id": "osm-w-1459852685",
        "category": "parking",
        "name": "Parking",
        "wheelchair": null,
        "fee": null,
        "opening_hours": null,
        "source": "osm"
      }
    },
    {
      "type": "Feature",
      "geometry": {
        "type": "Point",
        "coordinates": [
          140.0569658,
          35.6666083
        ]
      },
      "properties": {
        "id": "osm-w-1459852699",
        "category": "parking",
        "name": "Parking",
        "wheelchair": null,
        "fee": null,
        "opening_hours": null,
        "source": "osm"
      }
    },
    {
      "type": "Feature",
      "geometry": {
        "type": "Point",
        "coordinates": [
          140.0556552,
          35.6668533
        ]
      },
      "properties": {
        "id": "osm-w-1459852703",
        "category": "parking",
        "name": "Parking",
        "wheelchair": null,
        "fee": null,
        "opening_hours": null,
        "source": "osm"
      }
    },
    {
      "type": "Feature",
      "geometry": {
        "type": "Point",
        "coordinates": [
          140.0551402,
          35.6675066
        ]
      },
      "properties": {
        "id": "osm-w-1459852715",
        "category": "parking",
        "name": "Parking",
        "wheelchair": null,
        "fee": null,
        "opening_hours": null,
        "source": "osm"
      }
    },
    {
      "type": "Feature",
      "geometry": {
        "type": "Point",
        "coordinates": [
          140.0217242,
          35.6678141
        ]
      },
      "properties": {
        "id": "osm-w-1496528027",
        "category": "parking",
        "name": "\u304b\u3059\u307f\u4fdd\u80b2\u5712",
        "wheelchair": null,
        "fee": null,
        "opening_hours": null,
        "source": "osm"
      }
    },
    {
      "type": "Feature",
      "geometry": {
        "type": "Point",
        "coordinates": [
          140.0212509,
          35.6665201
        ]
      },
      "properties": {
        "id": "osm-w-1500646002",
        "category": "parking",
        "name": "Parking",
        "wheelchair": null,
        "fee": null,
        "opening_hours": null,
        "source": "osm"
      }
    },
    {
      "type": "Feature",
      "geometry": {
        "type": "Point",
        "coordinates": [
          140.0211264,
          35.6666327
        ]
      },
      "properties": {
        "id": "osm-w-1500646003",
        "category": "parking",
        "name": "Parking",
        "wheelchair": null,
        "fee": null,
        "opening_hours": null,
        "source": "osm"
      }
    }
  ]
}