{
  "type": "FeatureCollection",
  "features": [
    {
      "type": "Feature",
      "geometry": {
        "type": "Point",
        "coordinates": [
          19.0465486,
          47.5532947
        ]
      },
      "properties": {
        "id": "osm-n-81239646",
        "category": "fuel",
        "name": "MOL",
        "wheelchair": "yes",
        "fee": null,
        "opening_hours": "24/7",
        "source": "osm"
      }
    },
    {
      "type": "Feature",
      "geometry": {
        "type": "Point",
        "coordinates": [
          19.0814899,
          47.5743242
        ]
      },
      "properties": {
        "id": "osm-n-96928026",
        "category": "fuel",
        "name": "OMV",
        "wheelchair": "yes",
        "fee": null,
        "opening_hours": "24/7",
        "source": "osm"
      }
    },
    {
      "type": "Feature",
      "geometry": {
        "type": "Point",
        "coordinates": [
          19.0433423,
          47.5505005
        ]
      },
      "properties": {
        "id": "osm-n-112361847",
        "category": "fuel",
        "name": "MOL",
        "wheelchair": "yes",
        "fee": null,
        "opening_hours": "24/7",
        "source": "osm"
      }
    },
    {
      "type": "Feature",
      "geometry": {
        "type": "Point",
        "coordinates": [
          19.0698254,
          47.5383785
        ]
      },
      "properties": {
        "id": "osm-n-132822014",
        "category": "fuel",
        "name": "OMV",
        "wheelchair": "yes",
        "fee": null,
        "opening_hours": "24/7",
        "source": "osm"
      }
    },
    {
      "type": "Feature",
      "geometry": {
        "type": "Point",
        "coordinates": [
          19.0734608,
          47.5330136
        ]
      },
      "properties": {
        "id": "osm-n-230042870",
        "category": "fuel",
        "name": "MOL",
        "wheelchair": "yes",
        "fee": null,
        "opening_hours": "Mo-Su 06:00-22:00",
        "source": "osm"
      }
    },
    {
      "type": "Feature",
      "geometry": {
        "type": "Point",
        "coordinates": [
          19.0464572,
          47.5361202
        ]
      },
      "properties": {
        "id": "osm-n-260598187",
        "category": "fuel",
        "name": "MOL",
        "wheelchair": "yes",
        "fee": null,
        "opening_hours": "Mo-Su 06:00-22:00",
        "source": "osm"
      }
    },
    {
      "type": "Feature",
      "geometry": {
        "type": "Point",
        "coordinates": [
          19.0703394,
          47.5395652
        ]
      },
      "properties": {
        "id": "osm-n-442110475",
        "category": "shop",
        "name": "Mini ABC",
        "wheelchair": null,
        "fee": null,
        "opening_hours": null,
        "source": "osm"
      }
    },
    {
      "type": "Feature",
      "geometry": {
        "type": "Point",
        "coordinates": [
          19.0653655,
          47.5254291
        ]
      },
      "properties": {
        "id": "osm-n-525372569",
        "category": "parking",
        "name": "Parking",
        "wheelchair": null,
        "fee": null,
        "opening_hours": null,
        "source": "osm"
      }
    },
    {
      "type": "Feature",
      "geometry": {
        "type": "Point",
        "coordinates": [
          19.0326143,
          47.5298342
        ]
      },
      "properties": {
        "id": "osm-n-641299200",
        "category": "parking",
        "name": "Parking",
        "wheelchair": null,
        "fee": null,
        "opening_hours": null,
        "source": "osm"
      }
    },
    {
      "type": "Feature",
      "geometry": {
        "type": "Point",
        "coordinates": [
          19.0769281,
          47.5253201
        ]
      },
      "properties": {
        "id": "osm-n-738642154",
        "category": "cafe",
        "name": "R\u00e9tesbolt",
        "wheelchair": "limited",
        "fee": null,
        "opening_hours": "Mo-Su 10:00-20:00",
        "source": "osm"
      }
    },
    {
      "type": "Feature",
      "geometry": {
        "type": "Point",
        "coordinates": [
          19.0759831,
          47.5187943
        ]
      },
      "properties": {
        "id": "osm-n-800040768",
        "category": "water",
        "name": "Water",
        "wheelchair": null,
        "fee": null,
        "opening_hours": null,
        "source": "osm"
      }
    },
    {
      "type": "Feature",
      "geometry": {
        "type": "Point",
        "coordinates": [
          19.0772352,
          47.5193475
        ]
      },
      "properties": {
        "id": "osm-n-800040796",
        "category": "water",
        "name": "Water",
        "wheelchair": null,
        "fee": null,
        "opening_hours": null,
        "source": "osm"
      }
    },
    {
      "type": "Feature",
      "geometry": {
        "type": "Point",
        "coordinates": [
          19.0793874,
          47.520395
        ]
      },
      "properties": {
        "id": "osm-n-800040806",
        "category": "toilet",
        "name": "Toilet",
        "wheelchair": null,
        "fee": "no",
        "opening_hours": null,
        "source": "osm"
      }
    },
    {
      "type": "Feature",
      "geometry": {
        "type": "Point",
        "coordinates": [
          19.0752953,
          47.5184231
        ]
      },
      "properties": {
        "id": "osm-n-800040810",
        "category": "water",
        "name": "Water",
        "wheelchair": null,
        "fee": null,
        "opening_hours": null,
        "source": "osm"
      }
    },
    {
      "type": "Feature",
      "geometry": {
        "type": "Point",
        "coordinates": [
          19.0796534,
          47.5202673
        ]
      },
      "properties": {
        "id": "osm-n-800040830",
        "category": "water",
        "name": "Water",
        "wheelchair": null,
        "fee": null,
        "opening_hours": null,
        "source": "osm"
      }
    },
    {
      "type": "Feature",
      "geometry": {
        "type": "Point",
        "coordinates": [
          19.0589637,
          47.5199649
        ]
      },
      "properties": {
        "id": "osm-n-838127243",
        "category": "shop",
        "name": "Manna ABC",
        "wheelchair": "limited",
        "fee": null,
        "opening_hours": "24/7",
        "source": "osm"
      }
    },
    {
      "type": "Feature",
      "geometry": {
        "type": "Point",
        "coordinates": [
          19.0559587,
          47.5201077
        ]
      },
      "properties": {
        "id": "osm-n-838127258",
        "category": "cafe",
        "name": "My Little Corner K\u00e1v\u00e9z\u00f3",
        "wheelchair": "no",
        "fee": null,
        "opening_hours": null,
        "source": "osm"
      }
    },
    {
      "type": "Feature",
      "geometry": {
        "type": "Point",
        "coordinates": [
          19.0553813,
          47.5190827
        ]
      },
      "properties": {
        "id": "osm-n-839144979",
        "category": "shop",
        "name": "CBA",
        "wheelchair": "no",
        "fee": null,
        "opening_hours": "Mo-Fr 07:00-20:00; Sa,Su 07:00-17:00",
        "source": "osm"
      }
    },
    {
      "type": "Feature",
      "geometry": {
        "type": "Point",
        "coordinates": [
          19.0523713,
          47.5202881
        ]
      },
      "properties": {
        "id": "osm-n-839145059",
        "category": "cafe",
        "name": "Puppychino Dog & Coffee",
        "wheelchair": null,
        "fee": null,
        "opening_hours": "Fr 15:00-19:00; Sa 09:00-19:00; Su 09:00-18:00",
        "source": "osm"
      }
    },
    {
      "type": "Feature",
      "geometry": {
        "type": "Point",
        "coordinates": [
          19.0356935,
          47.532955
        ]
      },
      "properties": {
        "id": "osm-n-846293803",
        "category": "shop",
        "name": "Spar",
        "wheelchair": "limited",
        "fee": null,
        "opening_hours": "Mo-Sa 06:00-21:00; Su 08:00-18:00; Jan 01 off; Dec 24: 06:00-14:00; Dec 31: 06:00-17:00",
        "source": "osm"
      }
    },
    {
      "type": "Feature",
      "geometry": {
        "type": "Point",
        "coordinates": [
          19.05934,
          47.5235287
        ]
      },
      "properties": {
        "id": "osm-n-846417532",
        "category": "shop",
        "name": "Pr\u00edma",
        "wheelchair": "yes",
        "fee": null,
        "opening_hours": "Mo-Su 07:00-22:00",
        "source": "osm"
      }
    },
    {
      "type": "Feature",
      "geometry": {
        "type": "Point",
        "coordinates": [
          19.0559799,
          47.5170382
        ]
      },
      "properties": {
        "id": "osm-n-1194692423",
        "category": "shop",
        "name": "Mandula ABC",
        "wheelchair": null,
        "fee": null,
        "opening_hours": null,
        "source": "osm"
      }
    },
    {
      "type": "Feature",
      "geometry": {
        "type": "Point",
        "coordinates": [
          19.0564286,
          47.5168313
        ]
      },
      "properties": {
        "id": "osm-n-1199523599",
        "category": "cafe",
        "name": "Werk Art Caf\u00e9",
        "wheelchair": null,
        "fee": null,
        "opening_hours": null,
        "source": "osm"
      }
    },
    {
      "type": "Feature",
      "geometry": {
        "type": "Point",
        "coordinates": [
          19.0570238,
          47.5164418
        ]
      },
      "properties": {
        "id": "osm-n-1199523620",
        "category": "shop",
        "name": "N&H supermarket",
        "wheelchair": "limited",
        "fee": null,
        "opening_hours": null,
        "source": "osm"
      }
    },
    {
      "type": "Feature",
      "geometry": {
        "type": "Point",
        "coordinates": [
          19.0548835,
          47.5171372
        ]
      },
      "properties": {
        "id": "osm-n-1200775427",
        "category": "shop",
        "name": "Fapuma ABC",
        "wheelchair": "limited",
        "fee": null,
        "opening_hours": null,
        "source": "osm"
      }
    },
    {
      "type": "Feature",
      "geometry": {
        "type": "Point",
        "coordinates": [
          19.0549309,
          47.5181601
        ]
      },
      "properties": {
        "id": "osm-n-1200775612",
        "category": "cafe",
        "name": "Fortuna K\u00e1v\u00e9z\u00f3",
        "wheelchair": "no",
        "fee": null,
        "opening_hours": null,
        "source": "osm"
      }
    },
    {
      "type": "Feature",
      "geometry": {
        "type": "Point",
        "coordinates": [
          19.0556825,
          47.514554
        ]
      },
      "properties": {
        "id": "osm-n-1202002782",
        "category": "shop",
        "name": "Pronto",
        "wheelchair": null,
        "fee": null,
        "opening_hours": null,
        "source": "osm"
      }
    },
    {
      "type": "Feature",
      "geometry": {
        "type": "Point",
        "coordinates": [
          19.0639902,
          47.5723242
        ]
      },
      "properties": {
        "id": "osm-n-1216483692",
        "category": "parking",
        "name": "Parking",
        "wheelchair": null,
        "fee": "yes",
        "opening_hours": null,
        "source": "osm"
      }
    },
    {
      "type": "Feature",
      "geometry": {
        "type": "Point",
        "coordinates": [
          19.0619921,
          47.5270134
        ]
      },
      "properties": {
        "id": "osm-n-1219647052",
        "category": "parking",
        "name": "Parking",
        "wheelchair": null,
        "fee": null,
        "opening_hours": null,
        "source": "osm"
      }
    },
    {
      "type": "Feature",
      "geometry": {
        "type": "Point",
        "coordinates": [
          19.0666397,
          47.5282839
        ]
      },
      "properties": {
        "id": "osm-n-1219700555",
        "category": "shop",
        "name": "Vegyes keresked\u00e9s",
        "wheelchair": null,
        "fee": null,
        "opening_hours": "Mo-Sa 07:00-19:00; Su 08:00-19:00",
        "source": "osm"
      }
    },
    {
      "type": "Feature",
      "geometry": {
        "type": "Point",
        "coordinates": [
          19.030687,
          47.5328824
        ]
      },
      "properties": {
        "id": "osm-n-1222098550",
        "category": "parking",
        "name": "Parking",
        "wheelchair": null,
        "fee": null,
        "opening_hours": null,
        "source": "osm"
      }
    },
    {
      "type": "Feature",
      "geometry": {
        "type": "Point",
        "coordinates": [
          19.0677149,
          47.5295587
        ]
      },
      "properties": {
        "id": "osm-n-1231611050",
        "category": "shop",
        "name": "Mini Honi",
        "wheelchair": null,
        "fee": null,
        "opening_hours": "Mo-Fr 06:30-12:00,15:00-17:00; Sa 06:30-12:00",
        "source": "osm"
      }
    },
    {
      "type": "Feature",
      "geometry": {
        "type": "Point",
        "coordinates": [
          19.0528549,
          47.5159066
        ]
      },
      "properties": {
        "id": "osm-n-1240391091",
        "category": "shop",
        "name": "aSZe szoci\u00e1lis bolt",
        "wheelchair": null,
        "fee": null,
        "opening_hours": "Mo-We 08:00-16:00; Th 08:00-17:00; Fr 08:00-14:00",
        "source": "osm"
      }
    },
    {
      "type": "Feature",
      "geometry": {
        "type": "Point",
        "coordinates": [
          19.0503936,
          47.5169172
        ]
      },
      "properties": {
        "id": "osm-n-1244940662",
        "category": "cafe",
        "name": "Amelie",
        "wheelchair": null,
        "fee": null,
        "opening_hours": null,
        "source": "osm"
      }
    },
    {
      "type": "Feature",
      "geometry": {
        "type": "Point",
        "coordinates": [
          19.049304,
          47.5165243
        ]
      },
      "properties": {
        "id": "osm-n-1244940664",
        "category": "cafe",
        "name": "La Mimosa",
        "wheelchair": null,
        "fee": null,
        "opening_hours": null,
        "source": "osm"
      }
    },
    {
      "type": "Feature",
      "geometry": {
        "type": "Point",
        "coordinates": [
          19.0624763,
          47.5238431
        ]
      },
      "properties": {
        "id": "osm-n-1272883890",
        "category": "charging",
        "name": "ELM\u0170",
        "wheelchair": null,
        "fee": null,
        "opening_hours": null,
        "source": "osm"
      }
    },
    {
      "type": "Feature",
      "geometry": {
        "type": "Point",
        "coordinates": [
          19.0785873,
          47.5644351
        ]
      },
      "properties": {
        "id": "osm-n-1278126216",
        "category": "fuel",
        "name": "OMV",
        "wheelchair": null,
        "fee": null,
        "opening_hours": "Mo-Su 06:00-22:00; PH off",
        "source": "osm"
      }
    },
    {
      "type": "Feature",
      "geometry": {
        "type": "Point",
        "coordinates": [
          19.070252,
          47.5400397
        ]
      },
      "properties": {
        "id": "osm-n-1313328726",
        "category": "shop",
        "name": "Bod\u00f3 Csemege",
        "wheelchair": "no",
        "fee": null,
        "opening_hours": null,
        "source": "osm"
      }
    },
    {
      "type": "Feature",
      "geometry": {
        "type": "Point",
        "coordinates": [
          19.0700506,
          47.5323442
        ]
      },
      "properties": {
        "id": "osm-n-1320546159",
        "category": "shop",
        "name": "Teve-szed ABC",
        "wheelchair": "yes",
        "fee": null,
        "opening_hours": "Mo-Fr 06:00-21:30; Sa,Su 07:00-20:00",
        "source": "osm"
      }
    },
    {
      "type": "Feature",
      "geometry": {
        "type": "Point",
        "coordinates": [
          19.0502804,
          47.5159998
        ]
      },
      "properties": {
        "id": "osm-n-1326909818",
        "category": "shop",
        "name": "Tesco Expressz",
        "wheelchair": "no",
        "fee": null,
        "opening_hours": "Mo-Fr 07:00-23:00; Sa,Su 08:00-22:00",
        "source": "osm"
      }
    },
    {
      "type": "Feature",
      "geometry": {
        "type": "Point",
        "coordinates": [
          19.0496156,
          47.5158458
        ]
      },
      "properties": {
        "id": "osm-n-1326909821",
        "category": "cafe",
        "name": "Bri\u00f3s K\u00e1v\u00e9z\u00f3",
        "wheelchair": "limited",
        "fee": null,
        "opening_hours": null,
        "source": "osm"
      }
    },
    {
      "type": "Feature",
      "geometry": {
        "type": "Point",
        "coordinates": [
          19.0499241,
          47.5157206
        ]
      },
      "properties": {
        "id": "osm-n-1326909833",
        "category": "cafe",
        "name": "Coffe Point",
        "wheelchair": null,
        "fee": null,
        "opening_hours": null,
        "source": "osm"
      }
    },
    {
      "type": "Feature",
      "geometry": {
        "type": "Point",
        "coordinates": [
          19.0513481,
          47.5158168
        ]
      },
      "properties": {
        "id": "osm-n-1326909834",
        "category": "cafe",
        "name": "T\u00f6r\u00f6km\u00e9z",
        "wheelchair": null,
        "fee": null,
        "opening_hours": null,
        "source": "osm"
      }
    },
    {
      "type": "Feature",
      "geometry": {
        "type": "Point",
        "coordinates": [
          19.0496941,
          47.5159411
        ]
      },
      "properties": {
        "id": "osm-n-1326909840",
        "category": "shop",
        "name": "Manna",
        "wheelchair": "limited",
        "fee": null,
        "opening_hours": "24/7",
        "source": "osm"
      }
    },
    {
      "type": "Feature",
      "geometry": {
        "type": "Point",
        "coordinates": [
          19.097843,
          47.5612268
        ]
      },
      "properties": {
        "id": "osm-n-1346436836",
        "category": "parking",
        "name": "Parking",
        "wheelchair": null,
        "fee": "no",
        "opening_hours": null,
        "source": "osm"
      }
    },
    {
      "type": "Feature",
      "geometry": {
        "type": "Point",
        "coordinates": [
          19.0619573,
          47.5229808
        ]
      },
      "properties": {
        "id": "osm-n-1364827300",
        "category": "shop",
        "name": "Pata Italbolt",
        "wheelchair": null,
        "fee": null,
        "opening_hours": null,
        "source": "osm"
      }
    },
    {
      "type": "Feature",
      "geometry": {
        "type": "Point",
        "coordinates": [
          19.0885431,
          47.5558496
        ]
      },
      "properties": {
        "id": "osm-n-1367506753",
        "category": "shop",
        "name": "Gyula Papa Csemeg\u00e9je",
        "wheelchair": null,
        "fee": null,
        "opening_hours": "Mo-Fr 06:00-20:00; Sa 07:00-19:00; Su 08:00-13:00",
        "source": "osm"
      }
    },
    {
      "type": "Feature",
      "geometry": {
        "type": "Point",
        "coordinates": [
          19.08856,
          47.55603
        ]
      },
      "properties": {
        "id": "osm-n-1369264379",
        "category": "shop",
        "name": "(\u00e1zsiai \u00e9lelmiszer-, ruha-, vegyesbolt)",
        "wheelchair": null,
        "fee": null,
        "opening_hours": null,
        "source": "osm"
      }
    },
    {
      "type": "Feature",
      "geometry": {
        "type": "Point",
        "coordinates": [
          19.06137,
          47.51934
        ]
      },
      "properties": {
        "id": "osm-n-1370325243",
        "category": "cafe",
        "name": "Napocska K\u00e1v\u00e9z\u00f3",
        "wheelchair": null,
        "fee": null,
        "opening_hours": "Mo-Fr 07:00-17:00; Sa 08:00-16:00",
        "source": "osm"
      }
    },
    {
      "type": "Feature",
      "geometry": {
        "type": "Point",
        "coordinates": [
          19.0831782,
          47.5507045
        ]
      },
      "properties": {
        "id": "osm-n-1377293544",
        "category": "shop",
        "name": "Pajt\u00e1s ABC",
        "wheelchair": null,
        "fee": null,
        "opening_hours": null,
        "source": "osm"
      }
    },
    {
      "type": "Feature",
      "geometry": {
        "type": "Point",
        "coordinates": [
          19.0844031,
          47.5395478
        ]
      },
      "properties": {
        "id": "osm-n-1386366291",
        "category": "shop",
        "name": "Szoci\u00e1lis bolt",
        "wheelchair": "no",
        "fee": null,
        "opening_hours": null,
        "source": "osm"
      }
    },
    {
      "type": "Feature",
      "geometry": {
        "type": "Point",
        "coordinates": [
          19.0607391,
          47.5378525
        ]
      },
      "properties": {
        "id": "osm-n-1408782747",
        "category": "fuel",
        "name": "Shell",
        "wheelchair": null,
        "fee": null,
        "opening_hours": null,
        "source": "osm"
      }
    },
    {
      "type": "Feature",
      "geometry": {
        "type": "Point",
        "coordinates": [
          19.0688925,
          47.5303876
        ]
      },
      "properties": {
        "id": "osm-n-1425073580",
        "category": "shop",
        "name": "T\u00f6rpike ABC",
        "wheelchair": null,
        "fee": null,
        "opening_hours": "Mo-Su 06:00-22:00",
        "source": "osm"
      }
    },
    {
      "type": "Feature",
      "geometry": {
        "type": "Point",
        "coordinates": [
          19.0756814,
          47.5275922
        ]
      },
      "properties": {
        "id": "osm-n-1426063009",
        "category": "fuel",
        "name": "OMV",
        "wheelchair": "yes",
        "fee": null,
        "opening_hours": "24/7",
        "source": "osm"
      }
    },
    {
      "type": "Feature",
      "geometry": {
        "type": "Point",
        "coordinates": [
          19.0597458,
          47.5239719
        ]
      },
      "properties": {
        "id": "osm-n-1430613567",
        "category": "shop",
        "name": "aSZe szoci\u00e1lis bolt",
        "wheelchair": "no",
        "fee": null,
        "opening_hours": null,
        "source": "osm"
      }
    },
    {
      "type": "Feature",
      "geometry": {
        "type": "Point",
        "coordinates": [
          19.0562982,
          47.5158213
        ]
      },
      "properties": {
        "id": "osm-n-1450120889",
        "category": "shop",
        "name": "Metaxa Mini Market",
        "wheelchair": null,
        "fee": null,
        "opening_hours": null,
        "source": "osm"
      }
    },
    {
      "type": "Feature",
      "geometry": {
        "type": "Point",
        "coordinates": [
          19.0570589,
          47.5150578
        ]
      },
      "properties": {
        "id": "osm-n-1453028030",
        "category": "shop",
        "name": "Csemege ABC",
        "wheelchair": "no",
        "fee": null,
        "opening_hours": "Mo-Sa 08:00-19:00; Su 08:00-17:00",
        "source": "osm"
      }
    },
    {
      "type": "Feature",
      "geometry": {
        "type": "Point",
        "coordinates": [
          19.0584466,
          47.5159957
        ]
      },
      "properties": {
        "id": "osm-n-1458201481",
        "category": "shop",
        "name": "GoodTools Glut\u00e9nmentes Shop & Bistro",
        "wheelchair": null,
        "fee": null,
        "opening_hours": "Mo-Fr 08:00-18:00",
        "source": "osm"
      }
    },
    {
      "type": "Feature",
      "geometry": {
        "type": "Point",
        "coordinates": [
          19.0483654,
          47.5141176
        ]
      },
      "properties": {
        "id": "osm-n-1468788980",
        "category": "shop",
        "name": "Spar Market",
        "wheelchair": "limited",
        "fee": null,
        "opening_hours": "Mo-Fr 06:30-22:00; Sa 07:00-22:00; Su 08:00-22:00",
        "source": "osm"
      }
    },
    {
      "type": "Feature",
      "geometry": {
        "type": "Point",
        "coordinates": [
          19.0513933,
          47.5185058
        ]
      },
      "properties": {
        "id": "osm-n-1472407290",
        "category": "toilet",
        "name": "BKM F\u0150KERT",
        "wheelchair": null,
        "fee": null,
        "opening_hours": "Mo-Su 08:00-19:30",
        "source": "osm"
      }
    },
    {
      "type": "Feature",
      "geometry": {
        "type": "Point",
        "coordinates": [
          19.0510946,
          47.5187566
        ]
      },
      "properties": {
        "id": "osm-n-1472407304",
        "category": "water",
        "name": "Water",
        "wheelchair": "yes",
        "fee": null,
        "opening_hours": null,
        "source": "osm"
      }
    },
    {
      "type": "Feature",
      "geometry": {
        "type": "Point",
        "coordinates": [
          19.043203,
          47.537655
        ]
      },
      "properties": {
        "id": "osm-n-1485019477",
        "category": "parking",
        "name": "Parking",
        "wheelchair": null,
        "fee": null,
        "opening_hours": null,
        "source": "osm"
      }
    },
    {
      "type": "Feature",
      "geometry": {
        "type": "Point",
        "coordinates": [
          19.04304,
          47.5363677
        ]
      },
      "properties": {
        "id": "osm-n-1485023331",
        "category": "parking",
        "name": "Parking",
        "wheelchair": null,
        "fee": null,
        "opening_hours": null,
        "source": "osm"
      }
    },
    {
      "type": "Feature",
      "geometry": {
        "type": "Point",
        "coordinates": [
          19.0609071,
          47.5178725
        ]
      },
      "properties": {
        "id": "osm-n-1523500864",
        "category": "parking",
        "name": "Parking",
        "wheelchair": "yes",
        "fee": "yes",
        "opening_hours": null,
        "source": "osm"
      }
    },
    {
      "type": "Feature",
      "geometry": {
        "type": "Point",
        "coordinates": [
          19.06165,
          47.5189648
        ]
      },
      "properties": {
        "id": "osm-n-1523500866",
        "category": "parking",
        "name": "Parking",
        "wheelchair": "yes",
        "fee": "yes",
        "opening_hours": null,
        "source": "osm"
      }
    },
    {
      "type": "Feature",
      "geometry": {
        "type": "Point",
        "coordinates": [
          19.0755244,
          47.5309345
        ]
      },
      "properties": {
        "id": "osm-n-1529505553",
        "category": "shop",
        "name": "Cuki P\u00e9k",
        "wheelchair": null,
        "fee": null,
        "opening_hours": "Mo-Fr 09:00-19:00; Sa 10:00-18:00; Su 10:00-17:00",
        "source": "osm"
      }
    },
    {
      "type": "Feature",
      "geometry": {
        "type": "Point",
        "coordinates": [
          19.0552261,
          47.5162696
        ]
      },
      "properties": {
        "id": "osm-n-1531888041",
        "category": "cafe",
        "name": "Mazel Tov",
        "wheelchair": null,
        "fee": null,
        "opening_hours": null,
        "source": "osm"
      }
    },
    {
      "type": "Feature",
      "geometry": {
        "type": "Point",
        "coordinates": [
          19.0556131,
          47.5243157
        ]
      },
      "properties": {
        "id": "osm-n-1540074439",
        "category": "cafe",
        "name": "Kis K\u00e1rp\u00e1t Delicates",
        "wheelchair": null,
        "fee": null,
        "opening_hours": null,
        "source": "osm"
      }
    },
    {
      "type": "Feature",
      "geometry": {
        "type": "Point",
        "coordinates": [
          19.0549164,
          47.5230169
        ]
      },
      "properties": {
        "id": "osm-n-1540074504",
        "category": "shop",
        "name": "\u00c9lelmiszer \u00dczlet",
        "wheelchair": null,
        "fee": null,
        "opening_hours": null,
        "source": "osm"
      }
    },
    {
      "type": "Feature",
      "geometry": {
        "type": "Point",
        "coordinates": [
          19.0771398,
          47.5443989
        ]
      },
      "properties": {
        "id": "osm-n-1634151428",
        "category": "shop",
        "name": "Shop",
        "wheelchair": "no",
        "fee": null,
        "opening_hours": null,
        "source": "osm"
      }
    },
    {
      "type": "Feature",
      "geometry": {
        "type": "Point",
        "coordinates": [
          19.0783441,
          47.5441835
        ]
      },
      "properties": {
        "id": "osm-n-1634151572",
        "category": "shop",
        "name": "Very small shop",
        "wheelchair": null,
        "fee": null,
        "opening_hours": null,
        "source": "osm"
      }
    },
    {
      "type": "Feature",
      "geometry": {
        "type": "Point",
        "coordinates": [
          19.0523956,
          47.5142154
        ]
      },
      "properties": {
        "id": "osm-n-1641031954",
        "category": "cafe",
        "name": "V\u00e9n Kovboj",
        "wheelchair": null,
        "fee": null,
        "opening_hours": null,
        "source": "osm"
      }
    },
    {
      "type": "Feature",
      "geometry": {
        "type": "Point",
        "coordinates": [
          19.06408,
          47.5352646
        ]
      },
      "properties": {
        "id": "osm-n-1678337342",
        "category": "parking",
        "name": "Parking",
        "wheelchair": null,
        "fee": "yes",
        "opening_hours": null,
        "source": "osm"
      }
    },
    {
      "type": "Feature",
      "geometry": {
        "type": "Point",
        "coordinates": [
          19.0609941,
          47.5255065
        ]
      },
      "properties": {
        "id": "osm-n-1679995236",
        "category": "water",
        "name": "Water",
        "wheelchair": "limited",
        "fee": null,
        "opening_hours": null,
        "source": "osm"
      }
    },
    {
      "type": "Feature",
      "geometry": {
        "type": "Point",
        "coordinates": [
          19.0410211,
          47.5327013
        ]
      },
      "properties": {
        "id": "osm-n-1689260393",
        "category": "shop",
        "name": "Manna ABC - Lajos u.",
        "wheelchair": "yes",
        "fee": null,
        "opening_hours": "24/7",
        "source": "osm"
      }
    },
    {
      "type": "Feature",
      "geometry": {
        "type": "Point",
        "coordinates": [
          19.0360755,
          47.5388782
        ]
      },
      "properties": {
        "id": "osm-n-1757513491",
        "category": "shop",
        "name": "Coop Maxi",
        "wheelchair": "yes",
        "fee": null,
        "opening_hours": "06:00-22:00",
        "source": "osm"
      }
    },
    {
      "type": "Feature",
      "geometry": {
        "type": "Point",
        "coordinates": [
          19.0563115,
          47.5852053
        ]
      },
      "properties": {
        "id": "osm-n-1765906848",
        "category": "shop",
        "name": "Shop",
        "wheelchair": null,
        "fee": null,
        "opening_hours": "Mo-Su 07:00-21:00",
        "source": "osm"
      }
    },
    {
      "type": "Feature",
      "geometry": {
        "type": "Point",
        "coordinates": [
          19.0932804,
          47.5600799
        ]
      },
      "properties": {
        "id": "osm-n-1803468315",
        "category": "shop",
        "name": "\u00c1rp\u00e1d ABC",
        "wheelchair": "no",
        "fee": null,
        "opening_hours": "24/7",
        "source": "osm"
      }
    },
    {
      "type": "Feature",
      "geometry": {
        "type": "Point",
        "coordinates": [
          19.053015,
          47.5330121
        ]
      },
      "properties": {
        "id": "osm-n-1803845753",
        "category": "charging",
        "name": "E.ON",
        "wheelchair": null,
        "fee": "no",
        "opening_hours": null,
        "source": "osm"
      }
    },
    {
      "type": "Feature",
      "geometry": {
        "type": "Point",
        "coordinates": [
          19.0844959,
          47.5563519
        ]
      },
      "properties": {
        "id": "osm-n-1803845756",
        "category": "charging",
        "name": "ELM\u0170",
        "wheelchair": null,
        "fee": null,
        "opening_hours": null,
        "source": "osm"
      }
    },
    {
      "type": "Feature",
      "geometry": {
        "type": "Point",
        "coordinates": [
          19.0718002,
          47.5336695
        ]
      },
      "properties": {
        "id": "osm-n-1853333068",
        "category": "cafe",
        "name": "K\u00e1v\u00e9 sz\u00fcnet",
        "wheelchair": null,
        "fee": null,
        "opening_hours": null,
        "source": "osm"
      }
    },
    {
      "type": "Feature",
      "geometry": {
        "type": "Point",
        "coordinates": [
          19.0639358,
          47.5299459
        ]
      },
      "properties": {
        "id": "osm-n-1853333100",
        "category": "shop",
        "name": "Shop",
        "wheelchair": "no",
        "fee": null,
        "opening_hours": null,
        "source": "osm"
      }
    },
    {
      "type": "Feature",
      "geometry": {
        "type": "Point",
        "coordinates": [
          19.0805965,
          47.5750183
        ]
      },
      "properties": {
        "id": "osm-n-1866330090",
        "category": "fuel",
        "name": "MOL",
        "wheelchair": null,
        "fee": null,
        "opening_hours": "Mo-Su 06:00-20:00",
        "source": "osm"
      }
    },
    {
      "type": "Feature",
      "geometry": {
        "type": "Point",
        "coordinates": [
          19.0895464,
          47.5626621
        ]
      },
      "properties": {
        "id": "osm-n-1877925454",
        "category": "water",
        "name": "Water",
        "wheelchair": null,
        "fee": null,
        "opening_hours": null,
        "source": "osm"
      }
    },
    {
      "type": "Feature",
      "geometry": {
        "type": "Point",
        "coordinates": [
          19.0866017,
          47.5608765
        ]
      },
      "properties": {
        "id": "osm-n-1882011310",
        "category": "shop",
        "name": "Eur\u00f3s bolt",
        "wheelchair": null,
        "fee": null,
        "opening_hours": null,
        "source": "osm"
      }
    },
    {
      "type": "Feature",
      "geometry": {
        "type": "Point",
        "coordinates": [
          19.0785067,
          47.5484124
        ]
      },
      "properties": {
        "id": "osm-n-1903979853",
        "category": "hospital",
        "name": "Madar\u00e1sz Utcai Gyermekk\u00f3rh\u00e1z Szakrendel\u0151",
        "wheelchair": "yes",
        "fee": null,
        "opening_hours": null,
        "source": "osm"
      }
    },
    {
      "type": "Feature",
      "geometry": {
        "type": "Point",
        "coordinates": [
          19.0791149,
          47.5483622
        ]
      },
      "properties": {
        "id": "osm-n-1903987552",
        "category": "shop",
        "name": "Tutti \u00e9lelmiszer",
        "wheelchair": null,
        "fee": null,
        "opening_hours": "Mo-Fr 06:00-19:00; Sa 06:00-12:00",
        "source": "osm"
      }
    },
    {
      "type": "Feature",
      "geometry": {
        "type": "Point",
        "coordinates": [
          19.0601838,
          47.5290523
        ]
      },
      "properties": {
        "id": "osm-n-1936730217",
        "category": "cafe",
        "name": "Pitypang cukr\u00e1szda \u00e9s k\u00e1v\u00e9z\u00f3",
        "wheelchair": "yes",
        "fee": null,
        "opening_hours": "Mo-Su 10:00-20:00",
        "source": "osm"
      }
    },
    {
      "type": "Feature",
      "geometry": {
        "type": "Point",
        "coordinates": [
          19.0365292,
          47.5322382
        ]
      },
      "properties": {
        "id": "osm-n-1937995710",
        "category": "shop",
        "name": "Manna ABC - B\u00e9csi \u00fat",
        "wheelchair": "limited",
        "fee": null,
        "opening_hours": "24/7",
        "source": "osm"
      }
    },
    {
      "type": "Feature",
      "geometry": {
        "type": "Point",
        "coordinates": [
          19.0984529,
          47.5610751
        ]
      },
      "properties": {
        "id": "osm-n-2030496600",
        "category": "shop",
        "name": "Mini Re\u00e1l",
        "wheelchair": null,
        "fee": null,
        "opening_hours": "Mo-Fr 06:00-20:00; Sa 07:00-20:00",
        "source": "osm"
      }
    },
    {
      "type": "Feature",
      "geometry": {
        "type": "Point",
        "coordinates": [
          19.0663045,
          47.5511306
        ]
      },
      "properties": {
        "id": "osm-n-2070086836",
        "category": "water",
        "name": "Water",
        "wheelchair": null,
        "fee": null,
        "opening_hours": null,
        "source": "osm"
      }
    },
    {
      "type": "Feature",
      "geometry": {
        "type": "Point",
        "coordinates": [
          19.0494896,
          47.5146649
        ]
      },
      "properties": {
        "id": "osm-n-2089946066",
        "category": "cafe",
        "name": "Dong\u00f3 Caf\u00e9",
        "wheelchair": "no",
        "fee": null,
        "opening_hours": null,
        "source": "osm"
      }
    },
    {
      "type": "Feature",
      "geometry": {
        "type": "Point",
        "coordinates": [
          19.0220122,
          47.5202731
        ]
      },
      "properties": {
        "id": "osm-n-2124999282",
        "category": "shop",
        "name": "Pr\u00edma",
        "wheelchair": "no",
        "fee": null,
        "opening_hours": "Mo-Fr 06:30-21:00; Sa 07:00-17:00; Su 08:00-17:00",
        "source": "osm"
      }
    },
    {
      "type": "Feature",
      "geometry": {
        "type": "Point",
        "coordinates": [
          19.0663654,
          47.5488348
        ]
      },
      "properties": {
        "id": "osm-n-2251381511",
        "category": "shop",
        "name": "Marina Csemege",
        "wheelchair": null,
        "fee": null,
        "opening_hours": null,
        "source": "osm"
      }
    },
    {
      "type": "Feature",
      "geometry": {
        "type": "Point",
        "coordinates": [
          19.0302597,
          47.5528754
        ]
      },
      "properties": {
        "id": "osm-n-2271032004",
        "category": "fuel",
        "name": "Dallas Benzink\u00fat",
        "wheelchair": null,
        "fee": null,
        "opening_hours": "Mo,We,Th,Sa,Su 06:00-22:00; Tu,Fr 06:00-23:00",
        "source": "osm"
      }
    },
    {
      "type": "Feature",
      "geometry": {
        "type": "Point",
        "coordinates": [
          19.0512776,
          47.5344221
        ]
      },
      "properties": {
        "id": "osm-n-2291490738",
        "category": "water",
        "name": "Water",
        "wheelchair": null,
        "fee": null,
        "opening_hours": null,
        "source": "osm"
      }
    },
    {
      "type": "Feature",
      "geometry": {
        "type": "Point",
        "coordinates": [
          19.0434196,
          47.5409237
        ]
      },
      "properties": {
        "id": "osm-n-2292922177",
        "category": "shop",
        "name": "Polg\u00e1r \u00e9lelmiszer pl\u00e1za",
        "wheelchair": "no",
        "fee": null,
        "opening_hours": "Mo-Fr 06:00-22:00; Sa-Su 07:00-22:00",
        "source": "osm"
      }
    },
    {
      "type": "Feature",
      "geometry": {
        "type": "Point",
        "coordinates": [
          19.0244529,
          47.5216907
        ]
      },
      "properties": {
        "id": "osm-n-2306721422",
        "category": "toilet",
        "name": "FCSM Zrt.",
        "wheelchair": "yes",
        "fee": "yes",
        "opening_hours": "24/7",
        "source": "osm"
      }
    },
    {
      "type": "Feature",
      "geometry": {
        "type": "Point",
        "coordinates": [
          19.0631895,
          47.5246484
        ]
      },
      "properties": {
        "id": "osm-n-2306721424",
        "category": "toilet",
        "name": "F\u0151v\u00e1rosi Csatorn\u00e1z\u00e1si M\u0171vek",
        "wheelchair": "no",
        "fee": null,
        "opening_hours": "24/7",
        "source": "osm"
      }
    },
    {
      "type": "Feature",
      "geometry": {
        "type": "Point",
        "coordinates": [
          19.0507996,
          47.5300298
        ]
      },
      "properties": {
        "id": "osm-n-2306721425",
        "category": "toilet",
        "name": "FCSM Zrt.",
        "wheelchair": "no",
        "fee": "yes",
        "opening_hours": "Mo-Su 08:00-20:00",
        "source": "osm"
      }
    },
    {
      "type": "Feature",
      "geometry": {
        "type": "Point",
        "coordinates": [
          19.0665389,
          47.5327388
        ]
      },
      "properties": {
        "id": "osm-n-2306721426",
        "category": "toilet",
        "name": "F\u0151v\u00e1rosi Csatorn\u00e1z\u00e1si M\u0171vek",
        "wheelchair": "no",
        "fee": "yes",
        "opening_hours": "Mo-Su 06:00-22:00",
        "source": "osm"
      }
    },
    {
      "type": "Feature",
      "geometry": {
        "type": "Point",
        "coordinates": [
          19.0059373,
          47.5403612
        ]
      },
      "properties": {
        "id": "osm-n-2306868559",
        "category": "water",
        "name": "Water",
        "wheelchair": null,
        "fee": null,
        "opening_hours": null,
        "source": "osm"
      }
    },
    {
      "type": "Feature",
      "geometry": {
        "type": "Point",
        "coordinates": [
          19.0015125,
          47.5410526
        ]
      },
      "properties": {
        "id": "osm-n-2306868595",
        "category": "parking",
        "name": "Parking",
        "wheelchair": null,
        "fee": null,
        "opening_hours": null,
        "source": "osm"
      }
    },
    {
      "type": "Feature",
      "geometry": {
        "type": "Point",
        "coordinates": [
          19.0467069,
          47.5198368
        ]
      },
      "properties": {
        "id": "osm-n-2315294773",
        "category": "toilet",
        "name": "Toilet",
        "wheelchair": "yes",
        "fee": "no",
        "opening_hours": null,
        "source": "osm"
      }
    },
    {
      "type": "Feature",
      "geometry": {
        "type": "Point",
        "coordinates": [
          19.0503515,
          47.5262932
        ]
      },
      "properties": {
        "id": "osm-n-2315294903",
        "category": "toilet",
        "name": "Toilet",
        "wheelchair": null,
        "fee": "yes",
        "opening_hours": null,
        "source": "osm"
      }
    },
    {
      "type": "Feature",
      "geometry": {
        "type": "Point",
        "coordinates": [
          19.0615391,
          47.5715548
        ]
      },
      "properties": {
        "id": "osm-n-2333132202",
        "category": "cafe",
        "name": "La Nonna P\u00e9ks\u00e9g",
        "wheelchair": null,
        "fee": null,
        "opening_hours": "07:00-20:00",
        "source": "osm"
      }
    },
    {
      "type": "Feature",
      "geometry": {
        "type": "Point",
        "coordinates": [
          19.0616452,
          47.5395769
        ]
      },
      "properties": {
        "id": "osm-n-2394561180",
        "category": "water",
        "name": "B\u00e9ke k\u00fat",
        "wheelchair": null,
        "fee": null,
        "opening_hours": "06:00-20:00",
        "source": "osm"
      }
    },
    {
      "type": "Feature",
      "geometry": {
        "type": "Point",
        "coordinates": [
          19.0599825,
          47.5389941
        ]
      },
      "properties": {
        "id": "osm-n-2394561203",
        "category": "water",
        "name": "Water",
        "wheelchair": null,
        "fee": null,
        "opening_hours": null,
        "source": "osm"
      }
    },
    {
      "type": "Feature",
      "geometry": {
        "type": "Point",
        "coordinates": [
          19.0613471,
          47.5394615
        ]
      },
      "properties": {
        "id": "osm-n-2394561215",
        "category": "toilet",
        "name": "Toilet",
        "wheelchair": null,
        "fee": null,
        "opening_hours": null,
        "source": "osm"
      }
    },
    {
      "type": "Feature",
      "geometry": {
        "type": "Point",
        "coordinates": [
          19.0613706,
          47.5396798
        ]
      },
      "properties": {
        "id": "osm-n-2394561230",
        "category": "info",
        "name": "Info",
        "wheelchair": null,
        "fee": null,
        "opening_hours": null,
        "source": "osm"
      }
    },
    {
      "type": "Feature",
      "geometry": {
        "type": "Point",
        "coordinates": [
          19.0930001,
          47.5607548
        ]
      },
      "properties": {
        "id": "osm-n-2408680354",
        "category": "shop",
        "name": "Sevendays abc",
        "wheelchair": null,
        "fee": null,
        "opening_hours": "Mo-Sa 06:00-20:00; Su 07:00-13:00",
        "source": "osm"
      }
    },
    {
      "type": "Feature",
      "geometry": {
        "type": "Point",
        "coordinates": [
          19.0649098,
          47.5208279
        ]
      },
      "properties": {
        "id": "osm-n-2409259799",
        "category": "water",
        "name": "Water",
        "wheelchair": null,
        "fee": null,
        "opening_hours": null,
        "source": "osm"
      }
    },
    {
      "type": "Feature",
      "geometry": {
        "type": "Point",
        "coordinates": [
          19.0573687,
          47.5244693
        ]
      },
      "properties": {
        "id": "osm-n-2420667916",
        "category": "water",
        "name": "Water",
        "wheelchair": null,
        "fee": null,
        "opening_hours": null,
        "source": "osm"
      }
    },
    {
      "type": "Feature",
      "geometry": {
        "type": "Point",
        "coordinates": [
          19.0380343,
          47.5280447
        ]
      },
      "properties": {
        "id": "osm-n-2420796265",
        "category": "shop",
        "name": "Tesco Expressz",
        "wheelchair": "limited",
        "fee": null,
        "opening_hours": "Mo-Sa 06:00-22:00; Su 07:00-21:00; PH off",
        "source": "osm"
      }
    },
    {
      "type": "Feature",
      "geometry": {
        "type": "Point",
        "coordinates": [
          19.0542112,
          47.518692
        ]
      },
      "properties": {
        "id": "osm-n-2420905470",
        "category": "water",
        "name": "Water",
        "wheelchair": null,
        "fee": null,
        "opening_hours": null,
        "source": "osm"
      }
    },
    {
      "type": "Feature",
      "geometry": {
        "type": "Point",
        "coordinates": [
          19.0482074,
          47.5620086
        ]
      },
      "properties": {
        "id": "osm-n-2421363487",
        "category": "cafe",
        "name": "Corner",
        "wheelchair": "limited",
        "fee": null,
        "opening_hours": "07:00-22:00",
        "source": "osm"
      }
    },
    {
      "type": "Feature",
      "geometry": {
        "type": "Point",
        "coordinates": [
          19.0211429,
          47.5213314
        ]
      },
      "properties": {
        "id": "osm-n-2443795808",
        "category": "cafe",
        "name": "Gusto Fagyiz\u00f3 \u00e9s K\u00e1v\u00e9z\u00f3",
        "wheelchair": "no",
        "fee": null,
        "opening_hours": "Mo-Su 10:00-20:00",
        "source": "osm"
      }
    },
    {
      "type": "Feature",
      "geometry": {
        "type": "Point",
        "coordinates": [
          19.0608074,
          47.5255632
        ]
      },
      "properties": {
        "id": "osm-n-2448588360",
        "category": "water",
        "name": "Water",
        "wheelchair": "limited",
        "fee": null,
        "opening_hours": null,
        "source": "osm"
      }
    },
    {
      "type": "Feature",
      "geometry": {
        "type": "Point",
        "coordinates": [
          19.02871,
          47.5377633
        ]
      },
      "properties": {
        "id": "osm-n-2451033149",
        "category": "water",
        "name": "Water",
        "wheelchair": null,
        "fee": null,
        "opening_hours": null,
        "source": "osm"
      }
    },
    {
      "type": "Feature",
      "geometry": {
        "type": "Point",
        "coordinates": [
          19.0396345,
          47.534854
        ]
      },
      "properties": {
        "id": "osm-n-2452257780",
        "category": "shop",
        "name": "\u00c9lelmiszer",
        "wheelchair": "no",
        "fee": null,
        "opening_hours": "Mo-Su 06:00-22:00",
        "source": "osm"
      }
    },
    {
      "type": "Feature",
      "geometry": {
        "type": "Point",
        "coordinates": [
          19.0529177,
          47.5193354
        ]
      },
      "properties": {
        "id": "osm-n-2479567728",
        "category": "water",
        "name": "Water",
        "wheelchair": null,
        "fee": null,
        "opening_hours": null,
        "source": "osm"
      }
    },
    {
      "type": "Feature",
      "geometry": {
        "type": "Point",
        "coordinates": [
          19.0846899,
          47.5394685
        ]
      },
      "properties": {
        "id": "osm-n-2479767785",
        "category": "shop",
        "name": "\u00c9lelmiszerbolt",
        "wheelchair": "no",
        "fee": null,
        "opening_hours": "Mo-Sa 06:00-22:00; Su 07:00-21:00",
        "source": "osm"
      }
    },
    {
      "type": "Feature",
      "geometry": {
        "type": "Point",
        "coordinates": [
          19.0823258,
          47.5419391
        ]
      },
      "properties": {
        "id": "osm-n-2479768138",
        "category": "shop",
        "name": "Mini ABC",
        "wheelchair": "no",
        "fee": null,
        "opening_hours": null,
        "source": "osm"
      }
    },
    {
      "type": "Feature",
      "geometry": {
        "type": "Point",
        "coordinates": [
          19.0829772,
          47.5268632
        ]
      },
      "properties": {
        "id": "osm-n-2496618405",
        "category": "shop",
        "name": "Kerekes ABC",
        "wheelchair": "no",
        "fee": null,
        "opening_hours": "Mo-Su 06:00-22:00",
        "source": "osm"
      }
    },
    {
      "type": "Feature",
      "geometry": {
        "type": "Point",
        "coordinates": [
          19.0382064,
          47.5346742
        ]
      },
      "properties": {
        "id": "osm-n-2577799124",
        "category": "shop",
        "name": "Sarki F\u0171szeres",
        "wheelchair": null,
        "fee": null,
        "opening_hours": "Mo-Fr 07:00-20:00; Sa 07:00-14:00; Su 08:00-14:00",
        "source": "osm"
      }
    },
    {
      "type": "Feature",
      "geometry": {
        "type": "Point",
        "coordinates": [
          19.0623451,
          47.5185393
        ]
      },
      "properties": {
        "id": "osm-n-2702154988",
        "category": "water",
        "name": "Water",
        "wheelchair": null,
        "fee": null,
        "opening_hours": null,
        "source": "osm"
      }
    },
    {
      "type": "Feature",
      "geometry": {
        "type": "Point",
        "coordinates": [
          19.0543997,
          47.5189143
        ]
      },
      "properties": {
        "id": "osm-n-2711177112",
        "category": "water",
        "name": "Water",
        "wheelchair": null,
        "fee": null,
        "opening_hours": null,
        "source": "osm"
      }
    },
    {
      "type": "Feature",
      "geometry": {
        "type": "Point",
        "coordinates": [
          19.0620713,
          47.5716916
        ]
      },
      "properties": {
        "id": "osm-n-2764421674",
        "category": "cafe",
        "name": "Cziniel Cukr\u00e1szda \u00e9s K\u00e1v\u00e9h\u00e1z",
        "wheelchair": "yes",
        "fee": null,
        "opening_hours": "May-Sep 08:00-22:00; Oct-Apr 08:00-20:00",
        "source": "osm"
      }
    },
    {
      "type": "Feature",
      "geometry": {
        "type": "Point",
        "coordinates": [
          19.053859,
          47.5235162
        ]
      },
      "properties": {
        "id": "osm-n-2775088207",
        "category": "water",
        "name": "Water",
        "wheelchair": null,
        "fee": null,
        "opening_hours": null,
        "source": "osm"
      }
    },
    {
      "type": "Feature",
      "geometry": {
        "type": "Point",
        "coordinates": [
          19.0198144,
          47.5232811
        ]
      },
      "properties": {
        "id": "osm-n-2781929393",
        "category": "shop",
        "name": "CBA",
        "wheelchair": "limited",
        "fee": null,
        "opening_hours": "Mo-Fr 06:30-21:00; Sa 07:00-20:00; Su 08:00-20:00",
        "source": "osm"
      }
    },
    {
      "type": "Feature",
      "geometry": {
        "type": "Point",
        "coordinates": [
          19.0335137,
          47.5299454
        ]
      },
      "properties": {
        "id": "osm-n-2821911791",
        "category": "parking",
        "name": "Parking",
        "wheelchair": null,
        "fee": "yes",
        "opening_hours": null,
        "source": "osm"
      }
    },
    {
      "type": "Feature",
      "geometry": {
        "type": "Point",
        "coordinates": [
          19.0540026,
          47.5353785
        ]
      },
      "properties": {
        "id": "osm-n-2824397507",
        "category": "water",
        "name": "Water",
        "wheelchair": "yes",
        "fee": "no",
        "opening_hours": null,
        "source": "osm"
      }
    },
    {
      "type": "Feature",
      "geometry": {
        "type": "Point",
        "coordinates": [
          19.042947,
          47.5166295
        ]
      },
      "properties": {
        "id": "osm-n-2824402704",
        "category": "water",
        "name": "Water",
        "wheelchair": "yes",
        "fee": null,
        "opening_hours": null,
        "source": "osm"
      }
    },
    {
      "type": "Feature",
      "geometry": {
        "type": "Point",
        "coordinates": [
          19.059192,
          47.5292334
        ]
      },
      "properties": {
        "id": "osm-n-2849119402",
        "category": "cafe",
        "name": "Cafe Club",
        "wheelchair": "yes",
        "fee": null,
        "opening_hours": "Mo-Su 09:00-22:00",
        "source": "osm"
      }
    },
    {
      "type": "Feature",
      "geometry": {
        "type": "Point",
        "coordinates": [
          19.0537627,
          47.5368363
        ]
      },
      "properties": {
        "id": "osm-n-2858135658",
        "category": "info",
        "name": "Green Sweden",
        "wheelchair": null,
        "fee": null,
        "opening_hours": null,
        "source": "osm"
      }
    },
    {
      "type": "Feature",
      "geometry": {
        "type": "Point",
        "coordinates": [
          19.0659017,
          47.5314798
        ]
      },
      "properties": {
        "id": "osm-n-2891439508",
        "category": "shop",
        "name": "Pali \u00e9jjel-nappali",
        "wheelchair": "no",
        "fee": null,
        "opening_hours": "24/7",
        "source": "osm"
      }
    },
    {
      "type": "Feature",
      "geometry": {
        "type": "Point",
        "coordinates": [
          19.0678854,
          47.5310545
        ]
      },
      "properties": {
        "id": "osm-n-2891439511",
        "category": "shop",
        "name": "Family diszkont",
        "wheelchair": null,
        "fee": null,
        "opening_hours": "Mo-Fr 08:00-19:00; Sa 09:00-18:00",
        "source": "osm"
      }
    },
    {
      "type": "Feature",
      "geometry": {
        "type": "Point",
        "coordinates": [
          19.0619195,
          47.5381288
        ]
      },
      "properties": {
        "id": "osm-n-2895069769",
        "category": "shop",
        "name": "Maci-Laci ABC",
        "wheelchair": null,
        "fee": null,
        "opening_hours": null,
        "source": "osm"
      }
    },
    {
      "type": "Feature",
      "geometry": {
        "type": "Point",
        "coordinates": [
          19.0823299,
          47.5336185
        ]
      },
      "properties": {
        "id": "osm-n-2905800795",
        "category": "shop",
        "name": "Tesco Expressz",
        "wheelchair": "yes",
        "fee": null,
        "opening_hours": "Mo-Sa 06:00-21:00; Su 07:00-16:00; PH off",
        "source": "osm"
      }
    },
    {
      "type": "Feature",
      "geometry": {
        "type": "Point",
        "coordinates": [
          19.0670574,
          47.5174367
        ]
      },
      "properties": {
        "id": "osm-n-2906933346",
        "category": "shop",
        "name": "Shop",
        "wheelchair": null,
        "fee": null,
        "opening_hours": null,
        "source": "osm"
      }
    },
    {
      "type": "Feature",
      "geometry": {
        "type": "Point",
        "coordinates": [
          19.0457722,
          47.5431751
        ]
      },
      "properties": {
        "id": "osm-n-2917910713",
        "category": "water",
        "name": "Water",
        "wheelchair": null,
        "fee": null,
        "opening_hours": null,
        "source": "osm"
      }
    },
    {
      "type": "Feature",
      "geometry": {
        "type": "Point",
        "coordinates": [
          19.0535851,
          47.5497705
        ]
      },
      "properties": {
        "id": "osm-n-2917910726",
        "category": "water",
        "name": "Water",
        "wheelchair": null,
        "fee": null,
        "opening_hours": null,
        "source": "osm"
      }
    },
    {
      "type": "Feature",
      "geometry": {
        "type": "Point",
        "coordinates": [
          19.0528162,
          47.5498974
        ]
      },
      "properties": {
        "id": "osm-n-2917910734",
        "category": "water",
        "name": "Water",
        "wheelchair": null,
        "fee": null,
        "opening_hours": null,
        "source": "osm"
      }
    },
    {
      "type": "Feature",
      "geometry": {
        "type": "Point",
        "coordinates": [
          19.0447579,
          47.5220053
        ]
      },
      "properties": {
        "id": "osm-n-2930306353",
        "category": "water",
        "name": "Water",
        "wheelchair": null,
        "fee": null,
        "opening_hours": null,
        "source": "osm"
      }
    },
    {
      "type": "Feature",
      "geometry": {
        "type": "Point",
        "coordinates": [
          19.044652,
          47.5233909
        ]
      },
      "properties": {
        "id": "osm-n-2930306356",
        "category": "water",
        "name": "Water",
        "wheelchair": null,
        "fee": null,
        "opening_hours": null,
        "source": "osm"
      }
    },
    {
      "type": "Feature",
      "geometry": {
        "type": "Point",
        "coordinates": [
          19.0524878,
          47.5483847
        ]
      },
      "properties": {
        "id": "osm-n-2938196695",
        "category": "water",
        "name": "Water",
        "wheelchair": "limited",
        "fee": null,
        "opening_hours": null,
        "source": "osm"
      }
    },
    {
      "type": "Feature",
      "geometry": {
        "type": "Point",
        "coordinates": [
          19.0626079,
          47.5249229
        ]
      },
      "properties": {
        "id": "osm-n-2944234592",
        "category": "cafe",
        "name": "Coffeeshop Company",
        "wheelchair": "yes",
        "fee": null,
        "opening_hours": "Mo-Fr 07:30-21:00; Sa 09:00-15:00",
        "source": "osm"
      }
    },
    {
      "type": "Feature",
      "geometry": {
        "type": "Point",
        "coordinates": [
          19.0607578,
          47.5234454
        ]
      },
      "properties": {
        "id": "osm-n-2944234593",
        "category": "shop",
        "name": "T\u00e1pl\u00e1l\u00e9k Allergia Centrum",
        "wheelchair": null,
        "fee": null,
        "opening_hours": null,
        "source": "osm"
      }
    },
    {
      "type": "Feature",
      "geometry": {
        "type": "Point",
        "coordinates": [
          19.0684945,
          47.5543426
        ]
      },
      "properties": {
        "id": "osm-n-2949599344",
        "category": "water",
        "name": "Water",
        "wheelchair": null,
        "fee": null,
        "opening_hours": null,
        "source": "osm"
      }
    },
    {
      "type": "Feature",
      "geometry": {
        "type": "Point",
        "coordinates": [
          19.0730776,
          47.5247316
        ]
      },
      "properties": {
        "id": "osm-n-2958408149",
        "category": "shop",
        "name": "Minimarket Vegyeskeresked\u00e9s",
        "wheelchair": null,
        "fee": null,
        "opening_hours": null,
        "source": "osm"
      }
    },
    {
      "type": "Feature",
      "geometry": {
        "type": "Point",
        "coordinates": [
          19.077513,
          47.5286374
        ]
      },
      "properties": {
        "id": "osm-n-2958479220",
        "category": "parking",
        "name": "Parking",
        "wheelchair": null,
        "fee": "yes",
        "opening_hours": null,
        "source": "osm"
      }
    },
    {
      "type": "Feature",
      "geometry": {
        "type": "Point",
        "coordinates": [
          19.0750047,
          47.5243135
        ]
      },
      "properties": {
        "id": "osm-n-2958651283",
        "category": "shop",
        "name": "Luna ABC",
        "wheelchair": "no",
        "fee": null,
        "opening_hours": "Mo-Fr 06:00-21:00; Sa 07:00-21:00; Su 08:00-20:00",
        "source": "osm"
      }
    },
    {
      "type": "Feature",
      "geometry": {
        "type": "Point",
        "coordinates": [
          19.0737536,
          47.5235999
        ]
      },
      "properties": {
        "id": "osm-n-2958691355",
        "category": "water",
        "name": "Water",
        "wheelchair": null,
        "fee": null,
        "opening_hours": null,
        "source": "osm"
      }
    },
    {
      "type": "Feature",
      "geometry": {
        "type": "Point",
        "coordinates": [
          19.0815835,
          47.5239
        ]
      },
      "properties": {
        "id": "osm-n-2960944444",
        "category": "shop",
        "name": "\u00c9lelmiszer",
        "wheelchair": "no",
        "fee": null,
        "opening_hours": "Mo-Su 06:00-22:00",
        "source": "osm"
      }
    },
    {
      "type": "Feature",
      "geometry": {
        "type": "Point",
        "coordinates": [
          19.0729124,
          47.523166
        ]
      },
      "properties": {
        "id": "osm-n-2960966953",
        "category": "water",
        "name": "Water",
        "wheelchair": null,
        "fee": null,
        "opening_hours": null,
        "source": "osm"
      }
    },
    {
      "type": "Feature",
      "geometry": {
        "type": "Point",
        "coordinates": [
          19.090163,
          47.5673862
        ]
      },
      "properties": {
        "id": "osm-n-2962516323",
        "category": "shop",
        "name": "Re\u00e1l pont \u00e9lelmiszer",
        "wheelchair": "yes",
        "fee": null,
        "opening_hours": "Mo-Fr 06:00-20:00; Sa,Su 07:00-17:00",
        "source": "osm"
      }
    },
    {
      "type": "Feature",
      "geometry": {
        "type": "Point",
        "coordinates": [
          19.082192,
          47.5595177
        ]
      },
      "properties": {
        "id": "osm-n-2962518983",
        "category": "shop",
        "name": "Re\u00e1l pont V\u00e1roskapu Mini Market \u00e9lelmiszer",
        "wheelchair": null,
        "fee": null,
        "opening_hours": null,
        "source": "osm"
      }
    },
    {
      "type": "Feature",
      "geometry": {
        "type": "Point",
        "coordinates": [
          19.0875015,
          47.5637714
        ]
      },
      "properties": {
        "id": "osm-n-2969772373",
        "category": "cafe",
        "name": "Orosz cukr\u00e1szda",
        "wheelchair": null,
        "fee": null,
        "opening_hours": null,
        "source": "osm"
      }
    },
    {
      "type": "Feature",
      "geometry": {
        "type": "Point",
        "coordinates": [
          19.0876183,
          47.5640892
        ]
      },
      "properties": {
        "id": "osm-n-2969772374",
        "category": "shop",
        "name": "Roth \u00e9lelmiszer",
        "wheelchair": "limited",
        "fee": null,
        "opening_hours": null,
        "source": "osm"
      }
    },
    {
      "type": "Feature",
      "geometry": {
        "type": "Point",
        "coordinates": [
          19.0880937,
          47.5651339
        ]
      },
      "properties": {
        "id": "osm-n-2969772376",
        "category": "shop",
        "name": "\u00c9lelmiszer",
        "wheelchair": null,
        "fee": null,
        "opening_hours": null,
        "source": "osm"
      }
    },
    {
      "type": "Feature",
      "geometry": {
        "type": "Point",
        "coordinates": [
          19.0602407,
          47.5352669
        ]
      },
      "properties": {
        "id": "osm-n-2973806344",
        "category": "cafe",
        "name": "Mad Dog Cafe",
        "wheelchair": "yes",
        "fee": null,
        "opening_hours": "Mo-Th 08:00-17:00; Sa 08:00-16:30; PH off",
        "source": "osm"
      }
    },
    {
      "type": "Feature",
      "geometry": {
        "type": "Point",
        "coordinates": [
          19.0610463,
          47.5371076
        ]
      },
      "properties": {
        "id": "osm-n-2973806345",
        "category": "shop",
        "name": "N\u00e9pf\u00fcrd\u0151 \u00c9lelmiszer",
        "wheelchair": null,
        "fee": null,
        "opening_hours": "Mo-Fr 07:00-20:00; Sa 07:00-14:00; Su 07:00-13:00",
        "source": "osm"
      }
    },
    {
      "type": "Feature",
      "geometry": {
        "type": "Point",
        "coordinates": [
          19.0624498,
          47.5374995
        ]
      },
      "properties": {
        "id": "osm-n-2973806403",
        "category": "water",
        "name": "Water",
        "wheelchair": null,
        "fee": null,
        "opening_hours": null,
        "source": "osm"
      }
    },
    {
      "type": "Feature",
      "geometry": {
        "type": "Point",
        "coordinates": [
          19.0443241,
          47.573262
        ]
      },
      "properties": {
        "id": "osm-n-2973838838",
        "category": "info",
        "name": "Mocs\u00e1ros-tan\u00f6sv\u00e9ny 1.: Csal\u00e1di pihen\u0151park",
        "wheelchair": null,
        "fee": null,
        "opening_hours": null,
        "source": "osm"
      }
    },
    {
      "type": "Feature",
      "geometry": {
        "type": "Point",
        "coordinates": [
          19.043788,
          47.5735191
        ]
      },
      "properties": {
        "id": "osm-n-2973838866",
        "category": "toilet",
        "name": "Toilet",
        "wheelchair": "yes",
        "fee": "no",
        "opening_hours": null,
        "source": "osm"
      }
    },
    {
      "type": "Feature",
      "geometry": {
        "type": "Point",
        "coordinates": [
          19.0670273,
          47.5234891
        ]
      },
      "properties": {
        "id": "osm-n-2980128267",
        "category": "shop",
        "name": "ABC \u00c9lelmiszer Vegyesbolt",
        "wheelchair": null,
        "fee": null,
        "opening_hours": null,
        "source": "osm"
      }
    },
    {
      "type": "Feature",
      "geometry": {
        "type": "Point",
        "coordinates": [
          19.0689895,
          47.5260541
        ]
      },
      "properties": {
        "id": "osm-n-2980128268",
        "category": "shop",
        "name": "Kass\u00e1k ABC",
        "wheelchair": "no",
        "fee": null,
        "opening_hours": "06:00-22:00",
        "source": "osm"
      }
    },
    {
      "type": "Feature",
      "geometry": {
        "type": "Point",
        "coordinates": [
          19.0591671,
          47.5324803
        ]
      },
      "properties": {
        "id": "osm-n-3041021339",
        "category": "cafe",
        "name": "Kaldi Cukr\u00e1szda",
        "wheelchair": null,
        "fee": null,
        "opening_hours": null,
        "source": "osm"
      }
    },
    {
      "type": "Feature",
      "geometry": {
        "type": "Point",
        "coordinates": [
          19.0712543,
          47.5193054
        ]
      },
      "properties": {
        "id": "osm-n-3092950165",
        "category": "shop",
        "name": "All-in Csemege",
        "wheelchair": "no",
        "fee": null,
        "opening_hours": "Mo-Fr 06:00-19:00; Su 08:00-17:00; Sa 06:00-17:00; PH off",
        "source": "osm"
      }
    },
    {
      "type": "Feature",
      "geometry": {
        "type": "Point",
        "coordinates": [
          19.0539823,
          47.5371672
        ]
      },
      "properties": {
        "id": "osm-n-3100839983",
        "category": "water",
        "name": "Water",
        "wheelchair": null,
        "fee": null,
        "opening_hours": null,
        "source": "osm"
      }
    },
    {
      "type": "Feature",
      "geometry": {
        "type": "Point",
        "coordinates": [
          19.1006713,
          47.5577088
        ]
      },
      "properties": {
        "id": "osm-n-3212184212",
        "category": "shop",
        "name": "Tejescsupor",
        "wheelchair": "no",
        "fee": null,
        "opening_hours": "Mo-Sa 06:00-22:00; Su 08:00-22:00",
        "source": "osm"
      }
    },
    {
      "type": "Feature",
      "geometry": {
        "type": "Point",
        "coordinates": [
          19.0131843,
          47.5283367
        ]
      },
      "properties": {
        "id": "osm-n-3292486614",
        "category": "shop",
        "name": "\u00c1kos ABC",
        "wheelchair": "no",
        "fee": null,
        "opening_hours": "Mo-Fr 08:00-19:00; Sa 08:00-09:00; Su 08:00-11:00",
        "source": "osm"
      }
    },
    {
      "type": "Feature",
      "geometry": {
        "type": "Point",
        "coordinates": [
          19.0063979,
          47.5401561
        ]
      },
      "properties": {
        "id": "osm-n-3301501396",
        "category": "info",
        "name": "Info",
        "wheelchair": null,
        "fee": null,
        "opening_hours": null,
        "source": "osm"
      }
    },
    {
      "type": "Feature",
      "geometry": {
        "type": "Point",
        "coordinates": [
          19.0377681,
          47.5302581
        ]
      },
      "properties": {
        "id": "osm-n-3314417364",
        "category": "charging",
        "name": "ELM\u0170 B\u00e9csi \u00fat 60.",
        "wheelchair": null,
        "fee": "no",
        "opening_hours": null,
        "source": "osm"
      }
    },
    {
      "type": "Feature",
      "geometry": {
        "type": "Point",
        "coordinates": [
          19.0550779,
          47.5605132
        ]
      },
      "properties": {
        "id": "osm-n-3369597156",
        "category": "charging",
        "name": "Graphisoft Park t\u00f6lt\u0151\u00e1llom\u00e1s",
        "wheelchair": null,
        "fee": "no",
        "opening_hours": null,
        "source": "osm"
      }
    },
    {
      "type": "Feature",
      "geometry": {
        "type": "Point",
        "coordinates": [
          19.1013078,
          47.5565661
        ]
      },
      "properties": {
        "id": "osm-n-3419753407",
        "category": "shop",
        "name": "Sp\u00e1jz kisk\u00f6z\u00e9rt",
        "wheelchair": null,
        "fee": null,
        "opening_hours": "Mo-Su 06:00-22:00",
        "source": "osm"
      }
    },
    {
      "type": "Feature",
      "geometry": {
        "type": "Point",
        "coordinates": [
          19.0979159,
          47.5569269
        ]
      },
      "properties": {
        "id": "osm-n-3419754100",
        "category": "shop",
        "name": "kisbolt",
        "wheelchair": null,
        "fee": null,
        "opening_hours": "Mo-Su 07:00-20:00",
        "source": "osm"
      }
    },
    {
      "type": "Feature",
      "geometry": {
        "type": "Point",
        "coordinates": [
          19.0971466,
          47.5558903
        ]
      },
      "properties": {
        "id": "osm-n-3419758514",
        "category": "shop",
        "name": "Honi \u00e9lelmiszer",
        "wheelchair": null,
        "fee": null,
        "opening_hours": "Mo-Fr 06:00-22:00; Sa 06:30-22:00; Su 08:00-21:00",
        "source": "osm"
      }
    },
    {
      "type": "Feature",
      "geometry": {
        "type": "Point",
        "coordinates": [
          19.0972444,
          47.5553937
        ]
      },
      "properties": {
        "id": "osm-n-3419759013",
        "category": "shop",
        "name": "Coop Mini",
        "wheelchair": null,
        "fee": null,
        "opening_hours": "Mo-Su 06:00-21:00",
        "source": "osm"
      }
    },
    {
      "type": "Feature",
      "geometry": {
        "type": "Point",
        "coordinates": [
          19.0982787,
          47.5559667
        ]
      },
      "properties": {
        "id": "osm-n-3419767953",
        "category": "shop",
        "name": "Piros Pont mini abc",
        "wheelchair": null,
        "fee": null,
        "opening_hours": "Mo-Su 06:00-22:00",
        "source": "osm"
      }
    },
    {
      "type": "Feature",
      "geometry": {
        "type": "Point",
        "coordinates": [
          19.0993465,
          47.557585
        ]
      },
      "properties": {
        "id": "osm-n-3419772546",
        "category": "water",
        "name": "Water",
        "wheelchair": null,
        "fee": null,
        "opening_hours": null,
        "source": "osm"
      }
    },
    {
      "type": "Feature",
      "geometry": {
        "type": "Point",
        "coordinates": [
          19.0946436,
          47.5609875
        ]
      },
      "properties": {
        "id": "osm-n-3460275104",
        "category": "shop",
        "name": "K\u00e9k Lag\u00fana abc",
        "wheelchair": null,
        "fee": null,
        "opening_hours": "Mo-Fr 07:00-19:00; Sa-Su 07:00-12:00",
        "source": "osm"
      }
    },
    {
      "type": "Feature",
      "geometry": {
        "type": "Point",
        "coordinates": [
          19.0936027,
          47.5590895
        ]
      },
      "properties": {
        "id": "osm-n-3460342398",
        "category": "shop",
        "name": "Szuper Star diszkont",
        "wheelchair": "no",
        "fee": null,
        "opening_hours": "Mo-Fr 08:00-19:00; Sa 08:00-16:00; Su 08:00-13:00",
        "source": "osm"
      }
    },
    {
      "type": "Feature",
      "geometry": {
        "type": "Point",
        "coordinates": [
          19.0160295,
          47.5723995
        ]
      },
      "properties": {
        "id": "osm-n-3465235523",
        "category": "cafe",
        "name": "Emil Cukr\u00e1szda",
        "wheelchair": null,
        "fee": null,
        "opening_hours": "Tu-Su 10:00-18:30",
        "source": "osm"
      }
    },
    {
      "type": "Feature",
      "geometry": {
        "type": "Point",
        "coordinates": [
          19.037071,
          47.532461
        ]
      },
      "properties": {
        "id": "osm-n-3465236097",
        "category": "water",
        "name": "Water",
        "wheelchair": "yes",
        "fee": null,
        "opening_hours": null,
        "source": "osm"
      }
    },
    {
      "type": "Feature",
      "geometry": {
        "type": "Point",
        "coordinates": [
          19.0203297,
          47.5328545
        ]
      },
      "properties": {
        "id": "osm-n-3465236098",
        "category": "water",
        "name": "Water",
        "wheelchair": null,
        "fee": null,
        "opening_hours": null,
        "source": "osm"
      }
    },
    {
      "type": "Feature",
      "geometry": {
        "type": "Point",
        "coordinates": [
          19.0551063,
          47.5510149
        ]
      },
      "properties": {
        "id": "osm-n-3465236122",
        "category": "water",
        "name": "Water",
        "wheelchair": null,
        "fee": null,
        "opening_hours": null,
        "source": "osm"
      }
    },
    {
      "type": "Feature",
      "geometry": {
        "type": "Point",
        "coordinates": [
          19.0544,
          47.555233
        ]
      },
      "properties": {
        "id": "osm-n-3465236133",
        "category": "water",
        "name": "Water",
        "wheelchair": null,
        "fee": null,
        "opening_hours": null,
        "source": "osm"
      }
    },
    {
      "type": "Feature",
      "geometry": {
        "type": "Point",
        "coordinates": [
          19.008783,
          47.5557
        ]
      },
      "properties": {
        "id": "osm-n-3465236134",
        "category": "water",
        "name": "Water",
        "wheelchair": null,
        "fee": null,
        "opening_hours": null,
        "source": "osm"
      }
    },
    {
      "type": "Feature",
      "geometry": {
        "type": "Point",
        "coordinates": [
          19.010667,
          47.556983
        ]
      },
      "properties": {
        "id": "osm-n-3465236137",
        "category": "water",
        "name": "Water",
        "wheelchair": null,
        "fee": null,
        "opening_hours": null,
        "source": "osm"
      }
    },
    {
      "type": "Feature",
      "geometry": {
        "type": "Point",
        "coordinates": [
          19.0437679,
          47.568956
        ]
      },
      "properties": {
        "id": "osm-n-3465236154",
        "category": "water",
        "name": "Water",
        "wheelchair": null,
        "fee": null,
        "opening_hours": null,
        "source": "osm"
      }
    },
    {
      "type": "Feature",
      "geometry": {
        "type": "Point",
        "coordinates": [
          19.0645823,
          47.5689138
        ]
      },
      "properties": {
        "id": "osm-n-3465236155",
        "category": "water",
        "name": "Water",
        "wheelchair": null,
        "fee": "no",
        "opening_hours": null,
        "source": "osm"
      }
    },
    {
      "type": "Feature",
      "geometry": {
        "type": "Point",
        "coordinates": [
          19.0643858,
          47.5737565
        ]
      },
      "properties": {
        "id": "osm-n-3465236163",
        "category": "water",
        "name": "Water",
        "wheelchair": null,
        "fee": null,
        "opening_hours": null,
        "source": "osm"
      }
    },
    {
      "type": "Feature",
      "geometry": {
        "type": "Point",
        "coordinates": [
          19.0657468,
          47.5766144
        ]
      },
      "properties": {
        "id": "osm-n-3465236169",
        "category": "water",
        "name": "Water",
        "wheelchair": null,
        "fee": null,
        "opening_hours": null,
        "source": "osm"
      }
    },
    {
      "type": "Feature",
      "geometry": {
        "type": "Point",
        "coordinates": [
          19.01559,
          47.5771
        ]
      },
      "properties": {
        "id": "osm-n-3465236170",
        "category": "water",
        "name": "Water",
        "wheelchair": null,
        "fee": null,
        "opening_hours": null,
        "source": "osm"
      }
    },
    {
      "type": "Feature",
      "geometry": {
        "type": "Point",
        "coordinates": [
          19.063827,
          47.579522
        ]
      },
      "properties": {
        "id": "osm-n-3465236173",
        "category": "shop",
        "name": "Shop",
        "wheelchair": null,
        "fee": null,
        "opening_hours": null,
        "source": "osm"
      }
    },
    {
      "type": "Feature",
      "geometry": {
        "type": "Point",
        "coordinates": [
          19.0474,
          47.58087
        ]
      },
      "properties": {
        "id": "osm-n-3465236174",
        "category": "water",
        "name": "Water",
        "wheelchair": null,
        "fee": null,
        "opening_hours": null,
        "source": "osm"
      }
    },
    {
      "type": "Feature",
      "geometry": {
        "type": "Point",
        "coordinates": [
          19.067117,
          47.582983
        ]
      },
      "properties": {
        "id": "osm-n-3465236182",
        "category": "water",
        "name": "Water",
        "wheelchair": null,
        "fee": null,
        "opening_hours": null,
        "source": "osm"
      }
    },
    {
      "type": "Feature",
      "geometry": {
        "type": "Point",
        "coordinates": [
          19.0497385,
          47.5840868
        ]
      },
      "properties": {
        "id": "osm-n-3465236185",
        "category": "water",
        "name": "Water",
        "wheelchair": null,
        "fee": null,
        "opening_hours": null,
        "source": "osm"
      }
    },
    {
      "type": "Feature",
      "geometry": {
        "type": "Point",
        "coordinates": [
          19.042538,
          47.574797
        ]
      },
      "properties": {
        "id": "osm-n-3465236443",
        "category": "info",
        "name": "2. Schaffer-\u00e1rok",
        "wheelchair": null,
        "fee": null,
        "opening_hours": null,
        "source": "osm"
      }
    },
    {
      "type": "Feature",
      "geometry": {
        "type": "Point",
        "coordinates": [
          19.038596,
          47.577537
        ]
      },
      "properties": {
        "id": "osm-n-3465236444",
        "category": "info",
        "name": "3. Nedves r\u00e9tek",
        "wheelchair": null,
        "fee": null,
        "opening_hours": null,
        "source": "osm"
      }
    },
    {
      "type": "Feature",
      "geometry": {
        "type": "Point",
        "coordinates": [
          19.0362678,
          47.5797612
        ]
      },
      "properties": {
        "id": "osm-n-3465236445",
        "category": "info",
        "name": "4. Kil\u00e1t\u00f3pont a P\u00e9ter-hegy alatt",
        "wheelchair": null,
        "fee": null,
        "opening_hours": null,
        "source": "osm"
      }
    },
    {
      "type": "Feature",
      "geometry": {
        "type": "Point",
        "coordinates": [
          19.042195,
          47.576499
        ]
      },
      "properties": {
        "id": "osm-n-3465236446",
        "category": "info",
        "name": "5. Fa\u00fcltetv\u00e9ny",
        "wheelchair": null,
        "fee": null,
        "opening_hours": null,
        "source": "osm"
      }
    },
    {
      "type": "Feature",
      "geometry": {
        "type": "Point",
        "coordinates": [
          19.045038,
          47.566996
        ]
      },
      "properties": {
        "id": "osm-n-3465236447",
        "category": "info",
        "name": "6. Aranyhegyi-patak",
        "wheelchair": null,
        "fee": null,
        "opening_hours": null,
        "source": "osm"
      }
    },
    {
      "type": "Feature",
      "geometry": {
        "type": "Point",
        "coordinates": [
          19.0454021,
          47.5416447
        ]
      },
      "properties": {
        "id": "osm-n-3469720903",
        "category": "info",
        "name": "Eserny\u0151s",
        "wheelchair": null,
        "fee": null,
        "opening_hours": "Mo-Fr 08:00-22:00, Sa 10:00-22:00, Su 10:00-15:00",
        "source": "osm"
      }
    },
    {
      "type": "Feature",
      "geometry": {
        "type": "Point",
        "coordinates": [
          19.0578516,
          47.5160718
        ]
      },
      "properties": {
        "id": "osm-n-3485815906",
        "category": "cafe",
        "name": "Early Specialty Coffee Bar",
        "wheelchair": null,
        "fee": null,
        "opening_hours": "Mo-Fr 07:30-16:00",
        "source": "osm"
      }
    },
    {
      "type": "Feature",
      "geometry": {
        "type": "Point",
        "coordinates": [
          19.0578534,
          47.5161273
        ]
      },
      "properties": {
        "id": "osm-n-3485839293",
        "category": "shop",
        "name": "Mini diszkont",
        "wheelchair": "no",
        "fee": null,
        "opening_hours": "Mo-Fr 08:00-19:00; Sa 08:00-14:00",
        "source": "osm"
      }
    },
    {
      "type": "Feature",
      "geometry": {
        "type": "Point",
        "coordinates": [
          19.0120003,
          47.5267955
        ]
      },
      "properties": {
        "id": "osm-n-3501170377",
        "category": "info",
        "name": "Hallgasd meg az erd\u0151 titkait!",
        "wheelchair": null,
        "fee": null,
        "opening_hours": null,
        "source": "osm"
      }
    },
    {
      "type": "Feature",
      "geometry": {
        "type": "Point",
        "coordinates": [
          19.0118183,
          47.5265985
        ]
      },
      "properties": {
        "id": "osm-n-3501170378",
        "category": "info",
        "name": "Lesd meg, ki rejt\u0151zik a fa\u00e1gak k\u00f6z\u00f6tt!",
        "wheelchair": null,
        "fee": null,
        "opening_hours": null,
        "source": "osm"
      }
    },
    {
      "type": "Feature",
      "geometry": {
        "type": "Point",
        "coordinates": [
          19.0112902,
          47.5266646
        ]
      },
      "properties": {
        "id": "osm-n-3501170379",
        "category": "info",
        "name": "L\u00e9gy az apr\u00f3s\u00e1gok bar\u00e1tja!",
        "wheelchair": null,
        "fee": null,
        "opening_hours": null,
        "source": "osm"
      }
    },
    {
      "type": "Feature",
      "geometry": {
        "type": "Point",
        "coordinates": [
          19.00947,
          47.5268626
        ]
      },
      "properties": {
        "id": "osm-n-3501170381",
        "category": "info",
        "name": "Szippantsd be az erd\u0151 illat\u00e1t!",
        "wheelchair": null,
        "fee": null,
        "opening_hours": null,
        "source": "osm"
      }
    },
    {
      "type": "Feature",
      "geometry": {
        "type": "Point",
        "coordinates": [
          19.0132203,
          47.5268962
        ]
      },
      "properties": {
        "id": "osm-n-3501170383",
        "category": "info",
        "name": "Term\u00e9szetv\u00e9delmi ter\u00fclet",
        "wheelchair": null,
        "fee": null,
        "opening_hours": null,
        "source": "osm"
      }
    },
    {
      "type": "Feature",
      "geometry": {
        "type": "Point",
        "coordinates": [
          19.0176255,
          47.5269944
        ]
      },
      "properties": {
        "id": "osm-n-3501170384",
        "category": "info",
        "name": "Term\u00e9szetv\u00e9delmi ter\u00fclet",
        "wheelchair": null,
        "fee": null,
        "opening_hours": null,
        "source": "osm"
      }
    },
    {
      "type": "Feature",
      "geometry": {
        "type": "Point",
        "coordinates": [
          19.0126928,
          47.5269957
        ]
      },
      "properties": {
        "id": "osm-n-3501173949",
        "category": "info",
        "name": "\u00c9rz\u00e9kek \u00f6sv\u00e9nye",
        "wheelchair": null,
        "fee": null,
        "opening_hours": null,
        "source": "osm"
      }
    },
    {
      "type": "Feature",
      "geometry": {
        "type": "Point",
        "coordinates": [
          19.0259181,
          47.5281906
        ]
      },
      "properties": {
        "id": "osm-n-3501199327",
        "category": "parking",
        "name": "Parking",
        "wheelchair": null,
        "fee": "no",
        "opening_hours": null,
        "source": "osm"
      }
    },
    {
      "type": "Feature",
      "geometry": {
        "type": "Point",
        "coordinates": [
          19.0401412,
          47.5425905
        ]
      },
      "properties": {
        "id": "osm-n-3514303976",
        "category": "charging",
        "name": "Fl\u00f3r\u00e1n t\u00e9r Elektromos t\u00f6lt\u0151\u00e1llom\u00e1s",
        "wheelchair": "yes",
        "fee": "no",
        "opening_hours": null,
        "source": "osm"
      }
    },
    {
      "type": "Feature",
      "geometry": {
        "type": "Point",
        "coordinates": [
          19.0720237,
          47.5241349
        ]
      },
      "properties": {
        "id": "osm-n-3542527991",
        "category": "water",
        "name": "Water",
        "wheelchair": null,
        "fee": null,
        "opening_hours": null,
        "source": "osm"
      }
    },
    {
      "type": "Feature",
      "geometry": {
        "type": "Point",
        "coordinates": [
          19.076173,
          47.5361184
        ]
      },
      "properties": {
        "id": "osm-n-3565495894",
        "category": "charging",
        "name": "Porsche Hung\u00e1ria Kft.",
        "wheelchair": null,
        "fee": null,
        "opening_hours": null,
        "source": "osm"
      }
    },
    {
      "type": "Feature",
      "geometry": {
        "type": "Point",
        "coordinates": [
          19.0774377,
          47.5362378
        ]
      },
      "properties": {
        "id": "osm-n-3565514793",
        "category": "charging",
        "name": "Porsche Hung\u00e1ria Kft.",
        "wheelchair": null,
        "fee": null,
        "opening_hours": null,
        "source": "osm"
      }
    },
    {
      "type": "Feature",
      "geometry": {
        "type": "Point",
        "coordinates": [
          19.0601931,
          47.5311568
        ]
      },
      "properties": {
        "id": "osm-n-3567039109",
        "category": "water",
        "name": "Water",
        "wheelchair": "yes",
        "fee": null,
        "opening_hours": "sunrise-sunset",
        "source": "osm"
      }
    },
    {
      "type": "Feature",
      "geometry": {
        "type": "Point",
        "coordinates": [
          19.0596565,
          47.531756
        ]
      },
      "properties": {
        "id": "osm-n-3567039110",
        "category": "water",
        "name": "Water",
        "wheelchair": "yes",
        "fee": null,
        "opening_hours": null,
        "source": "osm"
      }
    },
    {
      "type": "Feature",
      "geometry": {
        "type": "Point",
        "coordinates": [
          19.0606321,
          47.5322093
        ]
      },
      "properties": {
        "id": "osm-n-3567039112",
        "category": "water",
        "name": "Water",
        "wheelchair": "no",
        "fee": null,
        "opening_hours": null,
        "source": "osm"
      }
    },
    {
      "type": "Feature",
      "geometry": {
        "type": "Point",
        "coordinates": [
          19.0600346,
          47.532868
        ]
      },
      "properties": {
        "id": "osm-n-3567039117",
        "category": "water",
        "name": "Water",
        "wheelchair": null,
        "fee": null,
        "opening_hours": null,
        "source": "osm"
      }
    },
    {
      "type": "Feature",
      "geometry": {
        "type": "Point",
        "coordinates": [
          19.0658076,
          47.5258094
        ]
      },
      "properties": {
        "id": "osm-n-3624771707",
        "category": "cafe",
        "name": "Dzs\u00e1ng\u00f3",
        "wheelchair": null,
        "fee": null,
        "opening_hours": "Mo-Fr 11:00-15:00",
        "source": "osm"
      }
    },
    {
      "type": "Feature",
      "geometry": {
        "type": "Point",
        "coordinates": [
          19.090495,
          47.5639683
        ]
      },
      "properties": {
        "id": "osm-n-3627844871",
        "category": "shop",
        "name": "Shop",
        "wheelchair": null,
        "fee": null,
        "opening_hours": null,
        "source": "osm"
      }
    },
    {
      "type": "Feature",
      "geometry": {
        "type": "Point",
        "coordinates": [
          19.0715361,
          47.5674926
        ]
      },
      "properties": {
        "id": "osm-n-3635537105",
        "category": "info",
        "name": "Term\u00e9szetv\u00e9delmi ter\u00fclet",
        "wheelchair": null,
        "fee": null,
        "opening_hours": null,
        "source": "osm"
      }
    },
    {
      "type": "Feature",
      "geometry": {
        "type": "Point",
        "coordinates": [
          19.0741495,
          47.5675119
        ]
      },
      "properties": {
        "id": "osm-n-3635537106",
        "category": "info",
        "name": "Term\u00e9szetv\u00e9delmi ter\u00fclet",
        "wheelchair": null,
        "fee": null,
        "opening_hours": null,
        "source": "osm"
      }
    },
    {
      "type": "Feature",
      "geometry": {
        "type": "Point",
        "coordinates": [
          19.0751115,
          47.5759445
        ]
      },
      "properties": {
        "id": "osm-n-3635537108",
        "category": "info",
        "name": "Term\u00e9szetv\u00e9delmi ter\u00fclet",
        "wheelchair": null,
        "fee": null,
        "opening_hours": null,
        "source": "osm"
      }
    },
    {
      "type": "Feature",
      "geometry": {
        "type": "Point",
        "coordinates": [
          19.0727611,
          47.5760534
        ]
      },
      "properties": {
        "id": "osm-n-3635537109",
        "category": "info",
        "name": "Term\u00e9szetv\u00e9delmi ter\u00fclet",
        "wheelchair": null,
        "fee": null,
        "opening_hours": null,
        "source": "osm"
      }
    },
    {
      "type": "Feature",
      "geometry": {
        "type": "Point",
        "coordinates": [
          19.078091,
          47.5758344
        ]
      },
      "properties": {
        "id": "osm-n-3635537536",
        "category": "info",
        "name": "Info",
        "wheelchair": null,
        "fee": null,
        "opening_hours": null,
        "source": "osm"
      }
    },
    {
      "type": "Feature",
      "geometry": {
        "type": "Point",
        "coordinates": [
          19.0916857,
          47.5592021
        ]
      },
      "properties": {
        "id": "osm-n-3638668641",
        "category": "water",
        "name": "Water",
        "wheelchair": null,
        "fee": null,
        "opening_hours": null,
        "source": "osm"
      }
    },
    {
      "type": "Feature",
      "geometry": {
        "type": "Point",
        "coordinates": [
          19.0709709,
          47.5194363
        ]
      },
      "properties": {
        "id": "osm-n-3687930105",
        "category": "parking",
        "name": "Parking",
        "wheelchair": null,
        "fee": "yes",
        "opening_hours": null,
        "source": "osm"
      }
    },
    {
      "type": "Feature",
      "geometry": {
        "type": "Point",
        "coordinates": [
          19.0812541,
          47.5772214
        ]
      },
      "properties": {
        "id": "osm-n-3692589568",
        "category": "water",
        "name": "Water",
        "wheelchair": null,
        "fee": null,
        "opening_hours": null,
        "source": "osm"
      }
    },
    {
      "type": "Feature",
      "geometry": {
        "type": "Point",
        "coordinates": [
          19.0740514,
          47.5437547
        ]
      },
      "properties": {
        "id": "osm-n-3692611063",
        "category": "cafe",
        "name": "Klasszik by Manetti",
        "wheelchair": "yes",
        "fee": null,
        "opening_hours": null,
        "source": "osm"
      }
    },
    {
      "type": "Feature",
      "geometry": {
        "type": "Point",
        "coordinates": [
          19.0420507,
          47.5528987
        ]
      },
      "properties": {
        "id": "osm-n-3692630943",
        "category": "shop",
        "name": "Viva 95 Vegyes\u00e1ru",
        "wheelchair": null,
        "fee": null,
        "opening_hours": null,
        "source": "osm"
      }
    },
    {
      "type": "Feature",
      "geometry": {
        "type": "Point",
        "coordinates": [
          19.0411154,
          47.5328814
        ]
      },
      "properties": {
        "id": "osm-n-3692630954",
        "category": "cafe",
        "name": "P\u00e9kess\u00e9g",
        "wheelchair": "yes",
        "fee": null,
        "opening_hours": "Mo-Fr 07:00-13:00",
        "source": "osm"
      }
    },
    {
      "type": "Feature",
      "geometry": {
        "type": "Point",
        "coordinates": [
          19.1022082,
          47.5565461
        ]
      },
      "properties": {
        "id": "osm-n-3693465131",
        "category": "water",
        "name": "Water",
        "wheelchair": null,
        "fee": null,
        "opening_hours": null,
        "source": "osm"
      }
    },
    {
      "type": "Feature",
      "geometry": {
        "type": "Point",
        "coordinates": [
          19.088333,
          47.5620428
        ]
      },
      "properties": {
        "id": "osm-n-3693600685",
        "category": "water",
        "name": "Water",
        "wheelchair": null,
        "fee": null,
        "opening_hours": null,
        "source": "osm"
      }
    },
    {
      "type": "Feature",
      "geometry": {
        "type": "Point",
        "coordinates": [
          19.045644,
          47.5228687
        ]
      },
      "properties": {
        "id": "osm-n-3696179284",
        "category": "water",
        "name": "Water",
        "wheelchair": null,
        "fee": null,
        "opening_hours": null,
        "source": "osm"
      }
    },
    {
      "type": "Feature",
      "geometry": {
        "type": "Point",
        "coordinates": [
          19.0491436,
          47.5308157
        ]
      },
      "properties": {
        "id": "osm-n-3696179287",
        "category": "water",
        "name": "Water",
        "wheelchair": null,
        "fee": null,
        "opening_hours": null,
        "source": "osm"
      }
    },
    {
      "type": "Feature",
      "geometry": {
        "type": "Point",
        "coordinates": [
          19.0613567,
          47.5333955
        ]
      },
      "properties": {
        "id": "osm-n-3696179290",
        "category": "water",
        "name": "Water",
        "wheelchair": null,
        "fee": null,
        "opening_hours": null,
        "source": "osm"
      }
    },
    {
      "type": "Feature",
      "geometry": {
        "type": "Point",
        "coordinates": [
          19.0164802,
          47.5718954
        ]
      },
      "properties": {
        "id": "osm-n-3709643282",
        "category": "shop",
        "name": "Spar",
        "wheelchair": null,
        "fee": null,
        "opening_hours": "Mo-Fr 06:00-22:00; Sa-Su 08:00-20:00",
        "source": "osm"
      }
    },
    {
      "type": "Feature",
      "geometry": {
        "type": "Point",
        "coordinates": [
          19.0166482,
          47.5765511
        ]
      },
      "properties": {
        "id": "osm-n-3709643295",
        "category": "water",
        "name": "Water",
        "wheelchair": null,
        "fee": null,
        "opening_hours": null,
        "source": "osm"
      }
    },
    {
      "type": "Feature",
      "geometry": {
        "type": "Point",
        "coordinates": [
          19.0537386,
          47.5350107
        ]
      },
      "properties": {
        "id": "osm-n-3738004087",
        "category": "parking",
        "name": "Parking",
        "wheelchair": null,
        "fee": null,
        "opening_hours": null,
        "source": "osm"
      }
    },
    {
      "type": "Feature",
      "geometry": {
        "type": "Point",
        "coordinates": [
          19.0532821,
          47.5337589
        ]
      },
      "properties": {
        "id": "osm-n-3738004089",
        "category": "parking",
        "name": "Parking",
        "wheelchair": null,
        "fee": null,
        "opening_hours": null,
        "source": "osm"
      }
    },
    {
      "type": "Feature",
      "geometry": {
        "type": "Point",
        "coordinates": [
          19.03085,
          47.5605358
        ]
      },
      "properties": {
        "id": "osm-n-3738110523",
        "category": "parking",
        "name": "Parking",
        "wheelchair": null,
        "fee": null,
        "opening_hours": null,
        "source": "osm"
      }
    },
    {
      "type": "Feature",
      "geometry": {
        "type": "Point",
        "coordinates": [
          19.0643824,
          47.5242946
        ]
      },
      "properties": {
        "id": "osm-n-3744802726",
        "category": "cafe",
        "name": "Cafe Frei",
        "wheelchair": null,
        "fee": null,
        "opening_hours": "Mo-Fr 08:00-18:00; Sa 10:00-18:00, Su 10:00-17:00",
        "source": "osm"
      }
    },
    {
      "type": "Feature",
      "geometry": {
        "type": "Point",
        "coordinates": [
          19.0394876,
          47.5388664
        ]
      },
      "properties": {
        "id": "osm-n-3839680303",
        "category": "shop",
        "name": "Coop",
        "wheelchair": "yes",
        "fee": null,
        "opening_hours": null,
        "source": "osm"
      }
    },
    {
      "type": "Feature",
      "geometry": {
        "type": "Point",
        "coordinates": [
          19.0486338,
          47.5624744
        ]
      },
      "properties": {
        "id": "osm-n-3848614151",
        "category": "parking",
        "name": "Parking",
        "wheelchair": null,
        "fee": null,
        "opening_hours": null,
        "source": "osm"
      }
    },
    {
      "type": "Feature",
      "geometry": {
        "type": "Point",
        "coordinates": [
          19.034231,
          47.530045
        ]
      },
      "properties": {
        "id": "osm-n-3874626294",
        "category": "cafe",
        "name": "Caf\u00e9 Monte",
        "wheelchair": null,
        "fee": null,
        "opening_hours": "Mo-Th 08:00-18:00, Fr 08:00-17:00",
        "source": "osm"
      }
    },
    {
      "type": "Feature",
      "geometry": {
        "type": "Point",
        "coordinates": [
          19.0730457,
          47.5364202
        ]
      },
      "properties": {
        "id": "osm-n-3884536588",
        "category": "parking",
        "name": "Parking",
        "wheelchair": null,
        "fee": null,
        "opening_hours": null,
        "source": "osm"
      }
    },
    {
      "type": "Feature",
      "geometry": {
        "type": "Point",
        "coordinates": [
          19.0832006,
          47.541261
        ]
      },
      "properties": {
        "id": "osm-n-3904244546",
        "category": "shop",
        "name": "Re\u00e1l",
        "wheelchair": null,
        "fee": null,
        "opening_hours": null,
        "source": "osm"
      }
    },
    {
      "type": "Feature",
      "geometry": {
        "type": "Point",
        "coordinates": [
          19.0756436,
          47.5435911
        ]
      },
      "properties": {
        "id": "osm-n-3904244550",
        "category": "shop",
        "name": "aSZe Szoci\u00e1lis Bolt",
        "wheelchair": null,
        "fee": null,
        "opening_hours": null,
        "source": "osm"
      }
    },
    {
      "type": "Feature",
      "geometry": {
        "type": "Point",
        "coordinates": [
          19.0411163,
          47.5374755
        ]
      },
      "properties": {
        "id": "osm-n-3920369013",
        "category": "shop",
        "name": "Nam Cuong Vegyesbolt",
        "wheelchair": "yes",
        "fee": null,
        "opening_hours": "Mo-Fr 08:00-19:00; Sa 08:00-18:00; Su 08:00-14:00",
        "source": "osm"
      }
    },
    {
      "type": "Feature",
      "geometry": {
        "type": "Point",
        "coordinates": [
          19.0426295,
          47.5503542
        ]
      },
      "properties": {
        "id": "osm-n-3929201467",
        "category": "parking",
        "name": "KFC",
        "wheelchair": null,
        "fee": "no",
        "opening_hours": null,
        "source": "osm"
      }
    },
    {
      "type": "Feature",
      "geometry": {
        "type": "Point",
        "coordinates": [
          19.0473739,
          47.5663486
        ]
      },
      "properties": {
        "id": "osm-n-4014455703",
        "category": "info",
        "name": "Info",
        "wheelchair": null,
        "fee": null,
        "opening_hours": null,
        "source": "osm"
      }
    },
    {
      "type": "Feature",
      "geometry": {
        "type": "Point",
        "coordinates": [
          19.0473402,
          47.5662048
        ]
      },
      "properties": {
        "id": "osm-n-4014455704",
        "category": "info",
        "name": "Info",
        "wheelchair": null,
        "fee": null,
        "opening_hours": null,
        "source": "osm"
      }
    },
    {
      "type": "Feature",
      "geometry": {
        "type": "Point",
        "coordinates": [
          19.0482385,
          47.5662494
        ]
      },
      "properties": {
        "id": "osm-n-4014455706",
        "category": "info",
        "name": "Info",
        "wheelchair": null,
        "fee": null,
        "opening_hours": null,
        "source": "osm"
      }
    },
    {
      "type": "Feature",
      "geometry": {
        "type": "Point",
        "coordinates": [
          19.048204,
          47.5661045
        ]
      },
      "properties": {
        "id": "osm-n-4014455707",
        "category": "info",
        "name": "Info",
        "wheelchair": null,
        "fee": null,
        "opening_hours": null,
        "source": "osm"
      }
    },
    {
      "type": "Feature",
      "geometry": {
        "type": "Point",
        "coordinates": [
          19.0453535,
          47.5399943
        ]
      },
      "properties": {
        "id": "osm-n-4057958846",
        "category": "info",
        "name": "Info",
        "wheelchair": null,
        "fee": null,
        "opening_hours": null,
        "source": "osm"
      }
    },
    {
      "type": "Feature",
      "geometry": {
        "type": "Point",
        "coordinates": [
          19.0378019,
          47.5301889
        ]
      },
      "properties": {
        "id": "osm-n-4069171848",
        "category": "parking",
        "name": "Parking",
        "wheelchair": null,
        "fee": "no",
        "opening_hours": null,
        "source": "osm"
      }
    },
    {
      "type": "Feature",
      "geometry": {
        "type": "Point",
        "coordinates": [
          19.0472343,
          47.5396548
        ]
      },
      "properties": {
        "id": "osm-n-4069174752",
        "category": "info",
        "name": "BKK",
        "wheelchair": null,
        "fee": null,
        "opening_hours": null,
        "source": "osm"
      }
    },
    {
      "type": "Feature",
      "geometry": {
        "type": "Point",
        "coordinates": [
          19.0375068,
          47.5284746
        ]
      },
      "properties": {
        "id": "osm-n-4069770241",
        "category": "parking",
        "name": "Parking",
        "wheelchair": null,
        "fee": "yes",
        "opening_hours": "24/7",
        "source": "osm"
      }
    },
    {
      "type": "Feature",
      "geometry": {
        "type": "Point",
        "coordinates": [
          19.038648,
          47.5314014
        ]
      },
      "properties": {
        "id": "osm-n-4070115269",
        "category": "parking",
        "name": "Parking",
        "wheelchair": null,
        "fee": null,
        "opening_hours": null,
        "source": "osm"
      }
    },
    {
      "type": "Feature",
      "geometry": {
        "type": "Point",
        "coordinates": [
          19.0278904,
          47.557835
        ]
      },
      "properties": {
        "id": "osm-n-4076411414",
        "category": "shop",
        "name": "Shop",
        "wheelchair": null,
        "fee": null,
        "opening_hours": null,
        "source": "osm"
      }
    },
    {
      "type": "Feature",
      "geometry": {
        "type": "Point",
        "coordinates": [
          19.0797111,
          47.5540946
        ]
      },
      "properties": {
        "id": "osm-n-4144012995",
        "category": "cafe",
        "name": "ARMADA K\u00e1v\u00e9z\u00f3",
        "wheelchair": null,
        "fee": null,
        "opening_hours": "Mo-Fr 08:00-18:00",
        "source": "osm"
      }
    },
    {
      "type": "Feature",
      "geometry": {
        "type": "Point",
        "coordinates": [
          19.045359,
          47.541243
        ]
      },
      "properties": {
        "id": "osm-n-4166309295",
        "category": "info",
        "name": "Info",
        "wheelchair": null,
        "fee": null,
        "opening_hours": null,
        "source": "osm"
      }
    },
    {
      "type": "Feature",
      "geometry": {
        "type": "Point",
        "coordinates": [
          19.0327674,
          47.5294666
        ]
      },
      "properties": {
        "id": "osm-n-4193035253",
        "category": "charging",
        "name": "Sz\u00e9pv\u00f6lgyi m\u00e9lygar\u00e1zs",
        "wheelchair": null,
        "fee": null,
        "opening_hours": null,
        "source": "osm"
      }
    },
    {
      "type": "Feature",
      "geometry": {
        "type": "Point",
        "coordinates": [
          19.0539734,
          47.5351403
        ]
      },
      "properties": {
        "id": "osm-n-4200734386",
        "category": "info",
        "name": "Info",
        "wheelchair": null,
        "fee": null,
        "opening_hours": null,
        "source": "osm"
      }
    },
    {
      "type": "Feature",
      "geometry": {
        "type": "Point",
        "coordinates": [
          19.0494681,
          47.5658793
        ]
      },
      "properties": {
        "id": "osm-n-4256221021",
        "category": "info",
        "name": "Info",
        "wheelchair": null,
        "fee": null,
        "opening_hours": null,
        "source": "osm"
      }
    },
    {
      "type": "Feature",
      "geometry": {
        "type": "Point",
        "coordinates": [
          19.0529366,
          47.5204687
        ]
      },
      "properties": {
        "id": "osm-n-4261109789",
        "category": "water",
        "name": "Water",
        "wheelchair": null,
        "fee": null,
        "opening_hours": null,
        "source": "osm"
      }
    },
    {
      "type": "Feature",
      "geometry": {
        "type": "Point",
        "coordinates": [
          19.0241302,
          47.5768991
        ]
      },
      "properties": {
        "id": "osm-n-4300800289",
        "category": "water",
        "name": "Water",
        "wheelchair": null,
        "fee": null,
        "opening_hours": null,
        "source": "osm"
      }
    },
    {
      "type": "Feature",
      "geometry": {
        "type": "Point",
        "coordinates": [
          19.0795085,
          47.5200962
        ]
      },
      "properties": {
        "id": "osm-n-4305919074",
        "category": "info",
        "name": "Info",
        "wheelchair": null,
        "fee": null,
        "opening_hours": null,
        "source": "osm"
      }
    },
    {
      "type": "Feature",
      "geometry": {
        "type": "Point",
        "coordinates": [
          19.0779406,
          47.5194295
        ]
      },
      "properties": {
        "id": "osm-n-4305919075",
        "category": "info",
        "name": "Info",
        "wheelchair": null,
        "fee": null,
        "opening_hours": null,
        "source": "osm"
      }
    },
    {
      "type": "Feature",
      "geometry": {
        "type": "Point",
        "coordinates": [
          19.0892564,
          47.5377225
        ]
      },
      "properties": {
        "id": "osm-n-4317972489",
        "category": "shop",
        "name": "ABC",
        "wheelchair": null,
        "fee": null,
        "opening_hours": "Mo,Tu 08:00-19:00; We-Su 08:00-20:00",
        "source": "osm"
      }
    },
    {
      "type": "Feature",
      "geometry": {
        "type": "Point",
        "coordinates": [
          19.0721913,
          47.5267573
        ]
      },
      "properties": {
        "id": "osm-n-4342234154",
        "category": "water",
        "name": "Water",
        "wheelchair": null,
        "fee": null,
        "opening_hours": null,
        "source": "osm"
      }
    },
    {
      "type": "Feature",
      "geometry": {
        "type": "Point",
        "coordinates": [
          19.0717809,
          47.5268515
        ]
      },
      "properties": {
        "id": "osm-n-4342234155",
        "category": "water",
        "name": "Water",
        "wheelchair": null,
        "fee": null,
        "opening_hours": null,
        "source": "osm"
      }
    },
    {
      "type": "Feature",
      "geometry": {
        "type": "Point",
        "coordinates": [
          19.0705203,
          47.527576
        ]
      },
      "properties": {
        "id": "osm-n-4342234159",
        "category": "water",
        "name": "Water",
        "wheelchair": null,
        "fee": null,
        "opening_hours": null,
        "source": "osm"
      }
    },
    {
      "type": "Feature",
      "geometry": {
        "type": "Point",
        "coordinates": [
          19.0456963,
          47.5415824
        ]
      },
      "properties": {
        "id": "osm-n-4377904111",
        "category": "charging",
        "name": "ELM\u0170 Elektromos t\u00f6lt\u0151\u00e1llom\u00e1s",
        "wheelchair": null,
        "fee": "no",
        "opening_hours": "24/7",
        "source": "osm"
      }
    },
    {
      "type": "Feature",
      "geometry": {
        "type": "Point",
        "coordinates": [
          19.0446331,
          47.5415659
        ]
      },
      "properties": {
        "id": "osm-n-4377904115",
        "category": "info",
        "name": "Testv\u00e9rv\u00e1rosok",
        "wheelchair": null,
        "fee": null,
        "opening_hours": null,
        "source": "osm"
      }
    },
    {
      "type": "Feature",
      "geometry": {
        "type": "Point",
        "coordinates": [
          19.0495653,
          47.5157655
        ]
      },
      "properties": {
        "id": "osm-n-4393885729",
        "category": "cafe",
        "name": "Double Shot",
        "wheelchair": "limited",
        "fee": null,
        "opening_hours": null,
        "source": "osm"
      }
    },
    {
      "type": "Feature",
      "geometry": {
        "type": "Point",
        "coordinates": [
          19.0495977,
          47.5774491
        ]
      },
      "properties": {
        "id": "osm-n-4411906643",
        "category": "charging",
        "name": "MVM",
        "wheelchair": null,
        "fee": null,
        "opening_hours": null,
        "source": "osm"
      }
    },
    {
      "type": "Feature",
      "geometry": {
        "type": "Point",
        "coordinates": [
          19.0464824,
          47.5421296
        ]
      },
      "properties": {
        "id": "osm-n-4418996827",
        "category": "parking",
        "name": "Tr\u00f3fea Grill",
        "wheelchair": null,
        "fee": "yes",
        "opening_hours": null,
        "source": "osm"
      }
    },
    {
      "type": "Feature",
      "geometry": {
        "type": "Point",
        "coordinates": [
          19.0460834,
          47.5399471
        ]
      },
      "properties": {
        "id": "osm-n-4420812778",
        "category": "info",
        "name": "Info",
        "wheelchair": null,
        "fee": null,
        "opening_hours": null,
        "source": "osm"
      }
    },
    {
      "type": "Feature",
      "geometry": {
        "type": "Point",
        "coordinates": [
          19.0381142,
          47.5315881
        ]
      },
      "properties": {
        "id": "osm-n-4420906920",
        "category": "cafe",
        "name": "Cafeverzum",
        "wheelchair": "no",
        "fee": null,
        "opening_hours": "Mo-Fr 09:00-18:00",
        "source": "osm"
      }
    },
    {
      "type": "Feature",
      "geometry": {
        "type": "Point",
        "coordinates": [
          19.0535745,
          47.5617223
        ]
      },
      "properties": {
        "id": "osm-n-4422458468",
        "category": "charging",
        "name": "ELM\u0170 Elektromos t\u00f6lt\u0151\u00e1llom\u00e1s",
        "wheelchair": null,
        "fee": "no",
        "opening_hours": "24/7",
        "source": "osm"
      }
    },
    {
      "type": "Feature",
      "geometry": {
        "type": "Point",
        "coordinates": [
          19.0698053,
          47.5291865
        ]
      },
      "properties": {
        "id": "osm-n-4442605781",
        "category": "cafe",
        "name": "Cukr\u00e1szda",
        "wheelchair": "limited",
        "fee": null,
        "opening_hours": null,
        "source": "osm"
      }
    },
    {
      "type": "Feature",
      "geometry": {
        "type": "Point",
        "coordinates": [
          19.0485643,
          47.5676811
        ]
      },
      "properties": {
        "id": "osm-n-4460190208",
        "category": "info",
        "name": "7. Amfite\u00e1trum",
        "wheelchair": null,
        "fee": null,
        "opening_hours": null,
        "source": "osm"
      }
    },
    {
      "type": "Feature",
      "geometry": {
        "type": "Point",
        "coordinates": [
          19.0250476,
          47.5277947
        ]
      },
      "properties": {
        "id": "osm-n-4473396655",
        "category": "info",
        "name": "Barlangkutat\u00f3k eml\u00e9kt\u00e1bl\u00e1ja",
        "wheelchair": null,
        "fee": null,
        "opening_hours": null,
        "source": "osm"
      }
    },
    {
      "type": "Feature",
      "geometry": {
        "type": "Point",
        "coordinates": [
          19.026498,
          47.5359789
        ]
      },
      "properties": {
        "id": "osm-n-4479780896",
        "category": "shop",
        "name": "coop",
        "wheelchair": "limited",
        "fee": null,
        "opening_hours": "Mo-Fr 06:30-19:00; Sa 06:30-13:00",
        "source": "osm"
      }
    },
    {
      "type": "Feature",
      "geometry": {
        "type": "Point",
        "coordinates": [
          19.0684598,
          47.5278965
        ]
      },
      "properties": {
        "id": "osm-n-4489613167",
        "category": "water",
        "name": "Water",
        "wheelchair": null,
        "fee": null,
        "opening_hours": null,
        "source": "osm"
      }
    },
    {
      "type": "Feature",
      "geometry": {
        "type": "Point",
        "coordinates": [
          19.0422189,
          47.5422908
        ]
      },
      "properties": {
        "id": "osm-n-4494756908",
        "category": "info",
        "name": "Info",
        "wheelchair": null,
        "fee": null,
        "opening_hours": null,
        "source": "osm"
      }
    },
    {
      "type": "Feature",
      "geometry": {
        "type": "Point",
        "coordinates": [
          19.037194,
          47.5249814
        ]
      },
      "properties": {
        "id": "osm-n-4507291616",
        "category": "cafe",
        "name": "Back Office Cafe",
        "wheelchair": "yes",
        "fee": null,
        "opening_hours": "Mo-Su 08:30-17:00",
        "source": "osm"
      }
    },
    {
      "type": "Feature",
      "geometry": {
        "type": "Point",
        "coordinates": [
          19.0642275,
          47.5260648
        ]
      },
      "properties": {
        "id": "osm-n-4523022789",
        "category": "cafe",
        "name": "Cafe Frei",
        "wheelchair": null,
        "fee": null,
        "opening_hours": null,
        "source": "osm"
      }
    },
    {
      "type": "Feature",
      "geometry": {
        "type": "Point",
        "coordinates": [
          19.0647219,
          47.5241047
        ]
      },
      "properties": {
        "id": "osm-n-4552982390",
        "category": "clinic",
        "name": "Medicover K\u00f3rh\u00e1z",
        "wheelchair": null,
        "fee": null,
        "opening_hours": null,
        "source": "osm"
      }
    },
    {
      "type": "Feature",
      "geometry": {
        "type": "Point",
        "coordinates": [
          19.0285679,
          47.5437835
        ]
      },
      "properties": {
        "id": "osm-n-4586764538",
        "category": "charging",
        "name": "Media Markt",
        "wheelchair": null,
        "fee": "no",
        "opening_hours": "24/7",
        "source": "osm"
      }
    },
    {
      "type": "Feature",
      "geometry": {
        "type": "Point",
        "coordinates": [
          19.06105,
          47.5179887
        ]
      },
      "properties": {
        "id": "osm-n-4599264155",
        "category": "charging",
        "name": "Lehel Csarnok t\u00f6lt\u0151\u00e1llom\u00e1s",
        "wheelchair": null,
        "fee": "yes",
        "opening_hours": null,
        "source": "osm"
      }
    },
    {
      "type": "Feature",
      "geometry": {
        "type": "Point",
        "coordinates": [
          19.089892,
          47.5598031
        ]
      },
      "properties": {
        "id": "osm-n-4714610408",
        "category": "charging",
        "name": "Ready 2 Grow Kft.",
        "wheelchair": "limited",
        "fee": "yes",
        "opening_hours": "24/7",
        "source": "osm"
      }
    },
    {
      "type": "Feature",
      "geometry": {
        "type": "Point",
        "coordinates": [
          19.0589337,
          47.5158333
        ]
      },
      "properties": {
        "id": "osm-n-4735607198",
        "category": "shop",
        "name": "Spar",
        "wheelchair": null,
        "fee": null,
        "opening_hours": "Mo-Fr 06:30-21:00; Sa 08:00-20:00; Su 08:00-14:00",
        "source": "osm"
      }
    },
    {
      "type": "Feature",
      "geometry": {
        "type": "Point",
        "coordinates": [
          19.023714,
          47.5253709
        ]
      },
      "properties": {
        "id": "osm-n-4742868051",
        "category": "shop",
        "name": "CBA",
        "wheelchair": "limited",
        "fee": null,
        "opening_hours": "Mo-Fr 06:30-21:00; Sa 07:00-17:00; Su 08:00-17:00",
        "source": "osm"
      }
    },
    {
      "type": "Feature",
      "geometry": {
        "type": "Point",
        "coordinates": [
          19.0867086,
          47.5443872
        ]
      },
      "properties": {
        "id": "osm-n-4770188421",
        "category": "water",
        "name": "Water",
        "wheelchair": null,
        "fee": null,
        "opening_hours": null,
        "source": "osm"
      }
    },
    {
      "type": "Feature",
      "geometry": {
        "type": "Point",
        "coordinates": [
          19.0800215,
          47.5478878
        ]
      },
      "properties": {
        "id": "osm-n-4770188422",
        "category": "water",
        "name": "Water",
        "wheelchair": null,
        "fee": null,
        "opening_hours": null,
        "source": "osm"
      }
    },
    {
      "type": "Feature",
      "geometry": {
        "type": "Point",
        "coordinates": [
          19.0655909,
          47.5273169
        ]
      },
      "properties": {
        "id": "osm-n-4832040427",
        "category": "charging",
        "name": "\u00c1trium Park Irodah\u00e1z, m\u00e9lygar\u00e1zs",
        "wheelchair": null,
        "fee": "no",
        "opening_hours": null,
        "source": "osm"
      }
    },
    {
      "type": "Feature",
      "geometry": {
        "type": "Point",
        "coordinates": [
          19.0365291,
          47.5334418
        ]
      },
      "properties": {
        "id": "osm-n-4845149022",
        "category": "shop",
        "name": "Viador ABC",
        "wheelchair": "limited",
        "fee": null,
        "opening_hours": "Mo-Fr 06:30-19:00; Sa 06:30-13:30",
        "source": "osm"
      }
    },
    {
      "type": "Feature",
      "geometry": {
        "type": "Point",
        "coordinates": [
          19.0378126,
          47.5282241
        ]
      },
      "properties": {
        "id": "osm-n-4848257787",
        "category": "toilet",
        "name": "Toilet",
        "wheelchair": null,
        "fee": "yes",
        "opening_hours": null,
        "source": "osm"
      }
    },
    {
      "type": "Feature",
      "geometry": {
        "type": "Point",
        "coordinates": [
          19.02121,
          47.5215304
        ]
      },
      "properties": {
        "id": "osm-n-4888316519",
        "category": "cafe",
        "name": "Bruberi Coffee & Bakery",
        "wheelchair": "no",
        "fee": null,
        "opening_hours": "Mo-Fr 07:00-17:00; Sa-Su 08:00-16:00",
        "source": "osm"
      }
    },
    {
      "type": "Feature",
      "geometry": {
        "type": "Point",
        "coordinates": [
          19.053891,
          47.5701069
        ]
      },
      "properties": {
        "id": "osm-n-4892659620",
        "category": "cafe",
        "name": "R\u00f3mai Fagyiz\u00f3 Cukr\u00e1szda",
        "wheelchair": "limited",
        "fee": null,
        "opening_hours": "Mo-Su 10:00-19:00",
        "source": "osm"
      }
    },
    {
      "type": "Feature",
      "geometry": {
        "type": "Point",
        "coordinates": [
          19.0498807,
          47.5691975
        ]
      },
      "properties": {
        "id": "osm-n-4892659921",
        "category": "cafe",
        "name": "Don Bosco Cukr\u00e1szda",
        "wheelchair": null,
        "fee": null,
        "opening_hours": "10:00-18:00",
        "source": "osm"
      }
    },
    {
      "type": "Feature",
      "geometry": {
        "type": "Point",
        "coordinates": [
          19.0436965,
          47.5233825
        ]
      },
      "properties": {
        "id": "osm-n-4897854643",
        "category": "water",
        "name": "Water",
        "wheelchair": null,
        "fee": null,
        "opening_hours": null,
        "source": "osm"
      }
    },
    {
      "type": "Feature",
      "geometry": {
        "type": "Point",
        "coordinates": [
          19.0298864,
          47.5342834
        ]
      },
      "properties": {
        "id": "osm-n-4933473980",
        "category": "cafe",
        "name": "Folyond\u00e1r K\u00e1v\u00e9z\u00f3",
        "wheelchair": null,
        "fee": null,
        "opening_hours": "Mo-Fr 07:00-22:00, Sa,Su 08:00-20:00",
        "source": "osm"
      }
    },
    {
      "type": "Feature",
      "geometry": {
        "type": "Point",
        "coordinates": [
          19.0583307,
          47.5669367
        ]
      },
      "properties": {
        "id": "osm-n-4933474330",
        "category": "shop",
        "name": "Szajuri 2011 Abc Kft.",
        "wheelchair": "no",
        "fee": null,
        "opening_hours": null,
        "source": "osm"
      }
    },
    {
      "type": "Feature",
      "geometry": {
        "type": "Point",
        "coordinates": [
          19.0565839,
          47.569241
        ]
      },
      "properties": {
        "id": "osm-n-4933474339",
        "category": "shop",
        "name": "Re\u00e1l",
        "wheelchair": "no",
        "fee": null,
        "opening_hours": null,
        "source": "osm"
      }
    },
    {
      "type": "Feature",
      "geometry": {
        "type": "Point",
        "coordinates": [
          19.0295121,
          47.5200466
        ]
      },
      "properties": {
        "id": "osm-n-4933474713",
        "category": "shop",
        "name": "V\u00e9rhalom Delik\u00e1t",
        "wheelchair": "limited",
        "fee": null,
        "opening_hours": "Mo-Fr 06:00-22:00",
        "source": "osm"
      }
    },
    {
      "type": "Feature",
      "geometry": {
        "type": "Point",
        "coordinates": [
          19.0298717,
          47.5459539
        ]
      },
      "properties": {
        "id": "osm-n-4933475363",
        "category": "shop",
        "name": "Rich Abc",
        "wheelchair": "no",
        "fee": null,
        "opening_hours": null,
        "source": "osm"
      }
    },
    {
      "type": "Feature",
      "geometry": {
        "type": "Point",
        "coordinates": [
          19.0159166,
          47.529238
        ]
      },
      "properties": {
        "id": "osm-n-4933475523",
        "category": "shop",
        "name": "Z\u00f6ldlomb Abc",
        "wheelchair": null,
        "fee": null,
        "opening_hours": "Mo-Su 07:00-22:00",
        "source": "osm"
      }
    },
    {
      "type": "Feature",
      "geometry": {
        "type": "Point",
        "coordinates": [
          19.0599651,
          47.5322176
        ]
      },
      "properties": {
        "id": "osm-n-4939175445",
        "category": "shop",
        "name": "N\u00e9pf\u00fcrd\u0151 Abc",
        "wheelchair": null,
        "fee": null,
        "opening_hours": null,
        "source": "osm"
      }
    },
    {
      "type": "Feature",
      "geometry": {
        "type": "Point",
        "coordinates": [
          19.0424187,
          47.5426795
        ]
      },
      "properties": {
        "id": "osm-n-4939175737",
        "category": "shop",
        "name": "Wolf ABC",
        "wheelchair": null,
        "fee": null,
        "opening_hours": "Mo-Sa 07:00-21:00; Su 08:00-21:00",
        "source": "osm"
      }
    },
    {
      "type": "Feature",
      "geometry": {
        "type": "Point",
        "coordinates": [
          19.0300602,
          47.5296956
        ]
      },
      "properties": {
        "id": "osm-n-4939176175",
        "category": "shop",
        "name": "Yass \u00c9lelmiszer",
        "wheelchair": "no",
        "fee": null,
        "opening_hours": "Mo-Sa 07:00-20:00",
        "source": "osm"
      }
    },
    {
      "type": "Feature",
      "geometry": {
        "type": "Point",
        "coordinates": [
          19.0616191,
          47.572026
        ]
      },
      "properties": {
        "id": "osm-n-4939176221",
        "category": "shop",
        "name": "Happy ABC",
        "wheelchair": "no",
        "fee": null,
        "opening_hours": "Mo-Su 08:00-22:00",
        "source": "osm"
      }
    },
    {
      "type": "Feature",
      "geometry": {
        "type": "Point",
        "coordinates": [
          19.0366271,
          47.5401568
        ]
      },
      "properties": {
        "id": "osm-n-4939178258",
        "category": "shop",
        "name": "\u00c9lelmiszer bolt",
        "wheelchair": null,
        "fee": null,
        "opening_hours": null,
        "source": "osm"
      }
    },
    {
      "type": "Feature",
      "geometry": {
        "type": "Point",
        "coordinates": [
          19.043779,
          47.5618193
        ]
      },
      "properties": {
        "id": "osm-n-4940559576",
        "category": "shop",
        "name": "Sarki K\u00f6z\u00e9rt Szvepi Bt.",
        "wheelchair": "limited",
        "fee": null,
        "opening_hours": null,
        "source": "osm"
      }
    },
    {
      "type": "Feature",
      "geometry": {
        "type": "Point",
        "coordinates": [
          19.0459143,
          47.5420566
        ]
      },
      "properties": {
        "id": "osm-n-4947295564",
        "category": "cafe",
        "name": "Vasmacska K\u00e1v\u00e9Zoo",
        "wheelchair": null,
        "fee": null,
        "opening_hours": "Mo 11:00-22:00; Tu-Sa 09:00-22:00; Su 09:00-19:00",
        "source": "osm"
      }
    },
    {
      "type": "Feature",
      "geometry": {
        "type": "Point",
        "coordinates": [
          19.0835834,
          47.5474105
        ]
      },
      "properties": {
        "id": "osm-n-4952396700",
        "category": "cafe",
        "name": "Zacc",
        "wheelchair": null,
        "fee": null,
        "opening_hours": "Mo-Fr 07:00-19:00, Sa-Su 10:00-19:00",
        "source": "osm"
      }
    },
    {
      "type": "Feature",
      "geometry": {
        "type": "Point",
        "coordinates": [
          19.0864491,
          47.5465533
        ]
      },
      "properties": {
        "id": "osm-n-4952406105",
        "category": "hospital",
        "name": "Gyermekorvosi rendel\u0151",
        "wheelchair": "yes",
        "fee": null,
        "opening_hours": null,
        "source": "osm"
      }
    },
    {
      "type": "Feature",
      "geometry": {
        "type": "Point",
        "coordinates": [
          19.0669025,
          47.5346757
        ]
      },
      "properties": {
        "id": "osm-n-5003431621",
        "category": "shop",
        "name": "Spar",
        "wheelchair": "yes",
        "fee": null,
        "opening_hours": "Mo-Sa 06:00-21:00; Su 08:00-20:00",
        "source": "osm"
      }
    },
    {
      "type": "Feature",
      "geometry": {
        "type": "Point",
        "coordinates": [
          19.0277508,
          47.5467627
        ]
      },
      "properties": {
        "id": "osm-n-5004717639",
        "category": "parking",
        "name": "Parking",
        "wheelchair": null,
        "fee": null,
        "opening_hours": null,
        "source": "osm"
      }
    },
    {
      "type": "Feature",
      "geometry": {
        "type": "Point",
        "coordinates": [
          19.0486153,
          47.5272293
        ]
      },
      "properties": {
        "id": "osm-n-5032896626",
        "category": "water",
        "name": "Water",
        "wheelchair": "yes",
        "fee": null,
        "opening_hours": null,
        "source": "osm"
      }
    },
    {
      "type": "Feature",
      "geometry": {
        "type": "Point",
        "coordinates": [
          19.0378435,
          47.5790046
        ]
      },
      "properties": {
        "id": "osm-n-5049542440",
        "category": "info",
        "name": "Term\u00e9szetv\u00e9delmi ter\u00fclet",
        "wheelchair": null,
        "fee": null,
        "opening_hours": null,
        "source": "osm"
      }
    },
    {
      "type": "Feature",
      "geometry": {
        "type": "Point",
        "coordinates": [
          19.0423872,
          47.5763457
        ]
      },
      "properties": {
        "id": "osm-n-5049542442",
        "category": "info",
        "name": "Term\u00e9szetv\u00e9delmi ter\u00fclet",
        "wheelchair": null,
        "fee": null,
        "opening_hours": null,
        "source": "osm"
      }
    },
    {
      "type": "Feature",
      "geometry": {
        "type": "Point",
        "coordinates": [
          19.0419339,
          47.5790643
        ]
      },
      "properties": {
        "id": "osm-n-5049542443",
        "category": "info",
        "name": "Term\u00e9szetv\u00e9delmi ter\u00fclet",
        "wheelchair": null,
        "fee": null,
        "opening_hours": null,
        "source": "osm"
      }
    },
    {
      "type": "Feature",
      "geometry": {
        "type": "Point",
        "coordinates": [
          19.0454301,
          47.5752645
        ]
      },
      "properties": {
        "id": "osm-n-5049542444",
        "category": "water",
        "name": "Water",
        "wheelchair": null,
        "fee": null,
        "opening_hours": null,
        "source": "osm"
      }
    },
    {
      "type": "Feature",
      "geometry": {
        "type": "Point",
        "coordinates": [
          19.0285872,
          47.5377633
        ]
      },
      "properties": {
        "id": "osm-n-5130435586",
        "category": "info",
        "name": "Kiscelli M\u00fazeum",
        "wheelchair": null,
        "fee": null,
        "opening_hours": null,
        "source": "osm"
      }
    },
    {
      "type": "Feature",
      "geometry": {
        "type": "Point",
        "coordinates": [
          19.0299618,
          47.538981
        ]
      },
      "properties": {
        "id": "osm-n-5153452072",
        "category": "clinic",
        "name": "Affidea",
        "wheelchair": null,
        "fee": null,
        "opening_hours": "Mo-Fr 08:00-16:00",
        "source": "osm"
      }
    },
    {
      "type": "Feature",
      "geometry": {
        "type": "Point",
        "coordinates": [
          19.0392527,
          47.5148151
        ]
      },
      "properties": {
        "id": "osm-n-5208385101",
        "category": "toilet",
        "name": "FCSM Zrt.",
        "wheelchair": "yes",
        "fee": "yes",
        "opening_hours": "06:00-18:00",
        "source": "osm"
      }
    },
    {
      "type": "Feature",
      "geometry": {
        "type": "Point",
        "coordinates": [
          19.061785,
          47.52016
        ]
      },
      "properties": {
        "id": "osm-n-5252189425",
        "category": "cafe",
        "name": "Cafe Frei",
        "wheelchair": "yes",
        "fee": null,
        "opening_hours": null,
        "source": "osm"
      }
    },
    {
      "type": "Feature",
      "geometry": {
        "type": "Point",
        "coordinates": [
          19.0300633,
          47.5398541
        ]
      },
      "properties": {
        "id": "osm-n-5310035831",
        "category": "info",
        "name": "Info",
        "wheelchair": null,
        "fee": null,
        "opening_hours": null,
        "source": "osm"
      }
    },
    {
      "type": "Feature",
      "geometry": {
        "type": "Point",
        "coordinates": [
          19.0309738,
          47.539759
        ]
      },
      "properties": {
        "id": "osm-n-5310035835",
        "category": "parking",
        "name": "Parking",
        "wheelchair": null,
        "fee": "yes",
        "opening_hours": null,
        "source": "osm"
      }
    },
    {
      "type": "Feature",
      "geometry": {
        "type": "Point",
        "coordinates": [
          19.0496095,
          47.515327
        ]
      },
      "properties": {
        "id": "osm-n-5319127921",
        "category": "cafe",
        "name": "My Green Cup",
        "wheelchair": "limited",
        "fee": null,
        "opening_hours": null,
        "source": "osm"
      }
    },
    {
      "type": "Feature",
      "geometry": {
        "type": "Point",
        "coordinates": [
          19.0315912,
          47.5802538
        ]
      },
      "properties": {
        "id": "osm-n-5485374811",
        "category": "parking",
        "name": "Parking",
        "wheelchair": null,
        "fee": null,
        "opening_hours": null,
        "source": "osm"
      }
    },
    {
      "type": "Feature",
      "geometry": {
        "type": "Point",
        "coordinates": [
          19.0681498,
          47.529587
        ]
      },
      "properties": {
        "id": "osm-n-5518064617",
        "category": "water",
        "name": "Water",
        "wheelchair": null,
        "fee": null,
        "opening_hours": null,
        "source": "osm"
      }
    },
    {
      "type": "Feature",
      "geometry": {
        "type": "Point",
        "coordinates": [
          19.0681605,
          47.5299456
        ]
      },
      "properties": {
        "id": "osm-n-5518064922",
        "category": "water",
        "name": "Water",
        "wheelchair": null,
        "fee": null,
        "opening_hours": null,
        "source": "osm"
      }
    },
    {
      "type": "Feature",
      "geometry": {
        "type": "Point",
        "coordinates": [
          19.0623163,
          47.5736104
        ]
      },
      "properties": {
        "id": "osm-n-5532083333",
        "category": "info",
        "name": "Info",
        "wheelchair": null,
        "fee": null,
        "opening_hours": null,
        "source": "osm"
      }
    },
    {
      "type": "Feature",
      "geometry": {
        "type": "Point",
        "coordinates": [
          19.0364636,
          47.5173923
        ]
      },
      "properties": {
        "id": "osm-n-5544910762",
        "category": "charging",
        "name": "Mobiliti",
        "wheelchair": null,
        "fee": "yes",
        "opening_hours": "24/7",
        "source": "osm"
      }
    },
    {
      "type": "Feature",
      "geometry": {
        "type": "Point",
        "coordinates": [
          19.0658466,
          47.5313438
        ]
      },
      "properties": {
        "id": "osm-n-5552242820",
        "category": "cafe",
        "name": "Badass Coffee & Donut",
        "wheelchair": null,
        "fee": null,
        "opening_hours": "Mo-Fr 07:30-17:00",
        "source": "osm"
      }
    },
    {
      "type": "Feature",
      "geometry": {
        "type": "Point",
        "coordinates": [
          19.0515435,
          47.5689802
        ]
      },
      "properties": {
        "id": "osm-n-5580908769",
        "category": "water",
        "name": "Water",
        "wheelchair": null,
        "fee": null,
        "opening_hours": null,
        "source": "osm"
      }
    },
    {
      "type": "Feature",
      "geometry": {
        "type": "Point",
        "coordinates": [
          19.0383261,
          47.5319441
        ]
      },
      "properties": {
        "id": "osm-n-5590640487",
        "category": "parking",
        "name": "Parking",
        "wheelchair": null,
        "fee": null,
        "opening_hours": null,
        "source": "osm"
      }
    },
    {
      "type": "Feature",
      "geometry": {
        "type": "Point",
        "coordinates": [
          19.0474984,
          47.5276415
        ]
      },
      "properties": {
        "id": "osm-n-5598389353",
        "category": "toilet",
        "name": "Toilet",
        "wheelchair": "yes",
        "fee": "yes",
        "opening_hours": null,
        "source": "osm"
      }
    },
    {
      "type": "Feature",
      "geometry": {
        "type": "Point",
        "coordinates": [
          19.0527306,
          47.5605859
        ]
      },
      "properties": {
        "id": "osm-n-5625986033",
        "category": "cafe",
        "name": "Park Coffee and Kitchen",
        "wheelchair": null,
        "fee": null,
        "opening_hours": "Mo-Fr 08:00-17:00",
        "source": "osm"
      }
    },
    {
      "type": "Feature",
      "geometry": {
        "type": "Point",
        "coordinates": [
          19.0334596,
          47.5602689
        ]
      },
      "properties": {
        "id": "osm-n-5672967337",
        "category": "charging",
        "name": "Charging",
        "wheelchair": null,
        "fee": null,
        "opening_hours": null,
        "source": "osm"
      }
    },
    {
      "type": "Feature",
      "geometry": {
        "type": "Point",
        "coordinates": [
          19.0369887,
          47.5182489
        ]
      },
      "properties": {
        "id": "osm-n-5749606511",
        "category": "cafe",
        "name": "Cafe",
        "wheelchair": null,
        "fee": null,
        "opening_hours": null,
        "source": "osm"
      }
    },
    {
      "type": "Feature",
      "geometry": {
        "type": "Point",
        "coordinates": [
          19.0380194,
          47.5268572
        ]
      },
      "properties": {
        "id": "osm-n-5753707798",
        "category": "aed",
        "name": "B\u00e9csi Corner Irodah\u00e1z",
        "wheelchair": null,
        "fee": null,
        "opening_hours": null,
        "source": "osm"
      }
    },
    {
      "type": "Feature",
      "geometry": {
        "type": "Point",
        "coordinates": [
          19.0893102,
          47.5598583
        ]
      },
      "properties": {
        "id": "osm-n-5753974665",
        "category": "aed",
        "name": "CIB Bank",
        "wheelchair": null,
        "fee": null,
        "opening_hours": null,
        "source": "osm"
      }
    },
    {
      "type": "Feature",
      "geometry": {
        "type": "Point",
        "coordinates": [
          19.0257509,
          47.5283646
        ]
      },
      "properties": {
        "id": "osm-n-5754124572",
        "category": "aed",
        "name": "Szeml\u0151-hegyi-barlang",
        "wheelchair": null,
        "fee": null,
        "opening_hours": null,
        "source": "osm"
      }
    },
    {
      "type": "Feature",
      "geometry": {
        "type": "Point",
        "coordinates": [
          19.016462,
          47.5328983
        ]
      },
      "properties": {
        "id": "osm-n-5754124573",
        "category": "aed",
        "name": "Aed",
        "wheelchair": null,
        "fee": null,
        "opening_hours": null,
        "source": "osm"
      }
    },
    {
      "type": "Feature",
      "geometry": {
        "type": "Point",
        "coordinates": [
          19.0619678,
          47.5396153
        ]
      },
      "properties": {
        "id": "osm-n-5774034538",
        "category": "parking",
        "name": "Parking",
        "wheelchair": null,
        "fee": null,
        "opening_hours": null,
        "source": "osm"
      }
    },
    {
      "type": "Feature",
      "geometry": {
        "type": "Point",
        "coordinates": [
          19.083062,
          47.546311
        ]
      },
      "properties": {
        "id": "osm-n-5782073141",
        "category": "water",
        "name": "Water",
        "wheelchair": null,
        "fee": null,
        "opening_hours": null,
        "source": "osm"
      }
    },
    {
      "type": "Feature",
      "geometry": {
        "type": "Point",
        "coordinates": [
          19.032524,
          47.5168457
        ]
      },
      "properties": {
        "id": "osm-n-5784879455",
        "category": "water",
        "name": "Water",
        "wheelchair": null,
        "fee": null,
        "opening_hours": null,
        "source": "osm"
      }
    },
    {
      "type": "Feature",
      "geometry": {
        "type": "Point",
        "coordinates": [
          19.0761753,
          47.5329015
        ]
      },
      "properties": {
        "id": "osm-n-5789170248",
        "category": "water",
        "name": "Water",
        "wheelchair": null,
        "fee": null,
        "opening_hours": null,
        "source": "osm"
      }
    },
    {
      "type": "Feature",
      "geometry": {
        "type": "Point",
        "coordinates": [
          19.0770184,
          47.5431512
        ]
      },
      "properties": {
        "id": "osm-n-5790945449",
        "category": "water",
        "name": "Water",
        "wheelchair": null,
        "fee": null,
        "opening_hours": null,
        "source": "osm"
      }
    },
    {
      "type": "Feature",
      "geometry": {
        "type": "Point",
        "coordinates": [
          19.0358187,
          47.5211268
        ]
      },
      "properties": {
        "id": "osm-n-5792146795",
        "category": "hospital",
        "name": "Orsz\u00e1gos Reumatol\u00f3giai \u00e9s Fizioter\u00e1pi\u00e1s Int\u00e9zet, ORFI",
        "wheelchair": null,
        "fee": null,
        "opening_hours": null,
        "source": "osm"
      }
    },
    {
      "type": "Feature",
      "geometry": {
        "type": "Point",
        "coordinates": [
          19.0938882,
          47.5630446
        ]
      },
      "properties": {
        "id": "osm-n-5815438701",
        "category": "water",
        "name": "Water",
        "wheelchair": null,
        "fee": null,
        "opening_hours": null,
        "source": "osm"
      }
    },
    {
      "type": "Feature",
      "geometry": {
        "type": "Point",
        "coordinates": [
          19.0557412,
          47.5695858
        ]
      },
      "properties": {
        "id": "osm-n-5830909437",
        "category": "water",
        "name": "Water",
        "wheelchair": null,
        "fee": null,
        "opening_hours": null,
        "source": "osm"
      }
    },
    {
      "type": "Feature",
      "geometry": {
        "type": "Point",
        "coordinates": [
          19.0499109,
          47.5306123
        ]
      },
      "properties": {
        "id": "osm-n-5852371409",
        "category": "water",
        "name": "Water",
        "wheelchair": "limited",
        "fee": null,
        "opening_hours": null,
        "source": "osm"
      }
    },
    {
      "type": "Feature",
      "geometry": {
        "type": "Point",
        "coordinates": [
          19.0963586,
          47.5425155
        ]
      },
      "properties": {
        "id": "osm-n-5856086443",
        "category": "toilet",
        "name": "Toilet",
        "wheelchair": null,
        "fee": null,
        "opening_hours": null,
        "source": "osm"
      }
    },
    {
      "type": "Feature",
      "geometry": {
        "type": "Point",
        "coordinates": [
          19.0985163,
          47.5421935
        ]
      },
      "properties": {
        "id": "osm-n-5857332921",
        "category": "toilet",
        "name": "Toilet",
        "wheelchair": null,
        "fee": "no",
        "opening_hours": null,
        "source": "osm"
      }
    },
    {
      "type": "Feature",
      "geometry": {
        "type": "Point",
        "coordinates": [
          19.03708,
          47.5246914
        ]
      },
      "properties": {
        "id": "osm-n-5859015324",
        "category": "cafe",
        "name": "Milk Cafe",
        "wheelchair": null,
        "fee": null,
        "opening_hours": "Mo-Th 08:30-18:00; Fr 08:30-16:00",
        "source": "osm"
      }
    },
    {
      "type": "Feature",
      "geometry": {
        "type": "Point",
        "coordinates": [
          19.0823699,
          47.5306201
        ]
      },
      "properties": {
        "id": "osm-n-5864525253",
        "category": "water",
        "name": "Water",
        "wheelchair": null,
        "fee": null,
        "opening_hours": null,
        "source": "osm"
      }
    },
    {
      "type": "Feature",
      "geometry": {
        "type": "Point",
        "coordinates": [
          19.0487578,
          47.5236242
        ]
      },
      "properties": {
        "id": "osm-n-5864548602",
        "category": "water",
        "name": "Water",
        "wheelchair": null,
        "fee": null,
        "opening_hours": null,
        "source": "osm"
      }
    },
    {
      "type": "Feature",
      "geometry": {
        "type": "Point",
        "coordinates": [
          19.0754111,
          47.5329889
        ]
      },
      "properties": {
        "id": "osm-n-5893961056",
        "category": "water",
        "name": "Water",
        "wheelchair": null,
        "fee": null,
        "opening_hours": null,
        "source": "osm"
      }
    },
    {
      "type": "Feature",
      "geometry": {
        "type": "Point",
        "coordinates": [
          19.0471119,
          47.5686831
        ]
      },
      "properties": {
        "id": "osm-n-5907907884",
        "category": "parking",
        "name": "Parking",
        "wheelchair": null,
        "fee": null,
        "opening_hours": null,
        "source": "osm"
      }
    },
    {
      "type": "Feature",
      "geometry": {
        "type": "Point",
        "coordinates": [
          19.0185166,
          47.5733657
        ]
      },
      "properties": {
        "id": "osm-n-5908352108",
        "category": "info",
        "name": "Info",
        "wheelchair": null,
        "fee": null,
        "opening_hours": null,
        "source": "osm"
      }
    },
    {
      "type": "Feature",
      "geometry": {
        "type": "Point",
        "coordinates": [
          19.0175033,
          47.5737819
        ]
      },
      "properties": {
        "id": "osm-n-5908352114",
        "category": "info",
        "name": "Info",
        "wheelchair": null,
        "fee": null,
        "opening_hours": null,
        "source": "osm"
      }
    },
    {
      "type": "Feature",
      "geometry": {
        "type": "Point",
        "coordinates": [
          19.0174705,
          47.5737943
        ]
      },
      "properties": {
        "id": "osm-n-5908352115",
        "category": "info",
        "name": "Info",
        "wheelchair": null,
        "fee": null,
        "opening_hours": null,
        "source": "osm"
      }
    },
    {
      "type": "Feature",
      "geometry": {
        "type": "Point",
        "coordinates": [
          19.0289198,
          47.537742
        ]
      },
      "properties": {
        "id": "osm-n-5909663770",
        "category": "info",
        "name": "Kiscell",
        "wheelchair": null,
        "fee": null,
        "opening_hours": null,
        "source": "osm"
      }
    },
    {
      "type": "Feature",
      "geometry": {
        "type": "Point",
        "coordinates": [
          19.0736092,
          47.5326069
        ]
      },
      "properties": {
        "id": "osm-n-5916978835",
        "category": "water",
        "name": "Water",
        "wheelchair": null,
        "fee": null,
        "opening_hours": null,
        "source": "osm"
      }
    },
    {
      "type": "Feature",
      "geometry": {
        "type": "Point",
        "coordinates": [
          19.0243265,
          47.5212157
        ]
      },
      "properties": {
        "id": "osm-n-5917737517",
        "category": "water",
        "name": "Water",
        "wheelchair": null,
        "fee": null,
        "opening_hours": null,
        "source": "osm"
      }
    },
    {
      "type": "Feature",
      "geometry": {
        "type": "Point",
        "coordinates": [
          19.0478838,
          47.5823022
        ]
      },
      "properties": {
        "id": "osm-n-5928406147",
        "category": "water",
        "name": "Water",
        "wheelchair": null,
        "fee": null,
        "opening_hours": null,
        "source": "osm"
      }
    },
    {
      "type": "Feature",
      "geometry": {
        "type": "Point",
        "coordinates": [
          19.0163077,
          47.5330061
        ]
      },
      "properties": {
        "id": "osm-n-5928489185",
        "category": "water",
        "name": "Water",
        "wheelchair": null,
        "fee": null,
        "opening_hours": null,
        "source": "osm"
      }
    },
    {
      "type": "Feature",
      "geometry": {
        "type": "Point",
        "coordinates": [
          19.0371588,
          47.52195
        ]
      },
      "properties": {
        "id": "osm-n-5961694395",
        "category": "charging",
        "name": "Mobiliti",
        "wheelchair": null,
        "fee": "yes",
        "opening_hours": "24/7",
        "source": "osm"
      }
    },
    {
      "type": "Feature",
      "geometry": {
        "type": "Point",
        "coordinates": [
          19.0659095,
          47.5352411
        ]
      },
      "properties": {
        "id": "osm-n-6072780777",
        "category": "shop",
        "name": "Zsubi",
        "wheelchair": null,
        "fee": null,
        "opening_hours": "Mo-Sa 06:30-21:00; PH,Su 08:00-20:00",
        "source": "osm"
      }
    },
    {
      "type": "Feature",
      "geometry": {
        "type": "Point",
        "coordinates": [
          19.010779,
          47.548239
        ]
      },
      "properties": {
        "id": "osm-n-6085799664",
        "category": "info",
        "name": "Tan\u00f6sv\u00e9ny 13. \u00e1llom\u00e1s",
        "wheelchair": null,
        "fee": null,
        "opening_hours": null,
        "source": "osm"
      }
    },
    {
      "type": "Feature",
      "geometry": {
        "type": "Point",
        "coordinates": [
          19.0305264,
          47.544367
        ]
      },
      "properties": {
        "id": "osm-n-6088076564",
        "category": "shop",
        "name": "R\u00e1cz Csemege",
        "wheelchair": "limited",
        "fee": null,
        "opening_hours": "Mo-Sa 07:00-21:00; Su 07:00-20:00",
        "source": "osm"
      }
    },
    {
      "type": "Feature",
      "geometry": {
        "type": "Point",
        "coordinates": [
          19.0020954,
          47.5583963
        ]
      },
      "properties": {
        "id": "osm-n-6124704230",
        "category": "info",
        "name": "Guckler K\u00e1roly tan\u00f6sv\u00e9ny 11. t\u00e1bla A rejtett kincsek szikl\u00e1ja",
        "wheelchair": null,
        "fee": null,
        "opening_hours": null,
        "source": "osm"
      }
    },
    {
      "type": "Feature",
      "geometry": {
        "type": "Point",
        "coordinates": [
          19.0389216,
          47.5150408
        ]
      },
      "properties": {
        "id": "osm-n-6127173513",
        "category": "info",
        "name": "BKK",
        "wheelchair": null,
        "fee": null,
        "opening_hours": null,
        "source": "osm"
      }
    },
    {
      "type": "Feature",
      "geometry": {
        "type": "Point",
        "coordinates": [
          19.0377263,
          47.5209797
        ]
      },
      "properties": {
        "id": "osm-n-6153379910",
        "category": "charging",
        "name": "Mobiliti",
        "wheelchair": null,
        "fee": "yes",
        "opening_hours": "24/7",
        "source": "osm"
      }
    },
    {
      "type": "Feature",
      "geometry": {
        "type": "Point",
        "coordinates": [
          19.0486858,
          47.585642
        ]
      },
      "properties": {
        "id": "osm-n-6155758199",
        "category": "charging",
        "name": "e-Mobi Elektromobilit\u00e1s Nonprofit Kft.",
        "wheelchair": null,
        "fee": "yes",
        "opening_hours": "24/7",
        "source": "osm"
      }
    },
    {
      "type": "Feature",
      "geometry": {
        "type": "Point",
        "coordinates": [
          19.0089741,
          47.5300799
        ]
      },
      "properties": {
        "id": "osm-n-6178713322",
        "category": "charging",
        "name": "Mobiliti",
        "wheelchair": null,
        "fee": "yes",
        "opening_hours": "24/7",
        "source": "osm"
      }
    },
    {
      "type": "Feature",
      "geometry": {
        "type": "Point",
        "coordinates": [
          19.0236462,
          47.5206322
        ]
      },
      "properties": {
        "id": "osm-n-6205083366",
        "category": "charging",
        "name": "e-t\u00f6lt\u0151pont",
        "wheelchair": null,
        "fee": "yes",
        "opening_hours": "24/7",
        "source": "osm"
      }
    },
    {
      "type": "Feature",
      "geometry": {
        "type": "Point",
        "coordinates": [
          19.0559355,
          47.522932
        ]
      },
      "properties": {
        "id": "osm-n-6218333730",
        "category": "parking",
        "name": "RaM Colosseum Parkol\u00f3",
        "wheelchair": null,
        "fee": "yes",
        "opening_hours": null,
        "source": "osm"
      }
    },
    {
      "type": "Feature",
      "geometry": {
        "type": "Point",
        "coordinates": [
          19.0048523,
          47.5480303
        ]
      },
      "properties": {
        "id": "osm-n-6251541370",
        "category": "parking",
        "name": "Parking",
        "wheelchair": null,
        "fee": "no",
        "opening_hours": null,
        "source": "osm"
      }
    },
    {
      "type": "Feature",
      "geometry": {
        "type": "Point",
        "coordinates": [
          19.0056865,
          47.5464706
        ]
      },
      "properties": {
        "id": "osm-n-6251551890",
        "category": "parking",
        "name": "Parking",
        "wheelchair": null,
        "fee": "no",
        "opening_hours": null,
        "source": "osm"
      }
    },
    {
      "type": "Feature",
      "geometry": {
        "type": "Point",
        "coordinates": [
          19.0235712,
          47.5251061
        ]
      },
      "properties": {
        "id": "osm-n-6253892439",
        "category": "charging",
        "name": "Mobiliti t\u00f6lt\u0151pont",
        "wheelchair": null,
        "fee": "yes",
        "opening_hours": "24/7",
        "source": "osm"
      }
    },
    {
      "type": "Feature",
      "geometry": {
        "type": "Point",
        "coordinates": [
          19.0335045,
          47.5300432
        ]
      },
      "properties": {
        "id": "osm-n-6254820429",
        "category": "cafe",
        "name": "Cafe Teide",
        "wheelchair": null,
        "fee": null,
        "opening_hours": "Mo-Th 08:00-18:00, Fr 08:00-17:00",
        "source": "osm"
      }
    },
    {
      "type": "Feature",
      "geometry": {
        "type": "Point",
        "coordinates": [
          19.0329506,
          47.5279453
        ]
      },
      "properties": {
        "id": "osm-n-6267933415",
        "category": "charging",
        "name": "e-t\u00f6lt\u0151pont",
        "wheelchair": null,
        "fee": "yes",
        "opening_hours": "24/7",
        "source": "osm"
      }
    },
    {
      "type": "Feature",
      "geometry": {
        "type": "Point",
        "coordinates": [
          19.0478914,
          47.5858523
        ]
      },
      "properties": {
        "id": "osm-n-6298293417",
        "category": "cafe",
        "name": "Pitypang Sal\u00e1tab\u00e1r",
        "wheelchair": null,
        "fee": null,
        "opening_hours": "Mo-Fr 10:00-15:00",
        "source": "osm"
      }
    },
    {
      "type": "Feature",
      "geometry": {
        "type": "Point",
        "coordinates": [
          19.061974,
          47.5707931
        ]
      },
      "properties": {
        "id": "osm-n-6302379181",
        "category": "cafe",
        "name": "Bagetto",
        "wheelchair": null,
        "fee": null,
        "opening_hours": "Mo-Sa 07:00-20:00, Su 08:00-18:00",
        "source": "osm"
      }
    },
    {
      "type": "Feature",
      "geometry": {
        "type": "Point",
        "coordinates": [
          19.0480855,
          47.5858471
        ]
      },
      "properties": {
        "id": "osm-n-6304983315",
        "category": "cafe",
        "name": "Cserfalvi Cukr\u00e1szda",
        "wheelchair": null,
        "fee": null,
        "opening_hours": "Mo-Th,Su 09:00-18:00, Fr-Sa 09:00-19:00",
        "source": "osm"
      }
    },
    {
      "type": "Feature",
      "geometry": {
        "type": "Point",
        "coordinates": [
          19.0419286,
          47.544439
        ]
      },
      "properties": {
        "id": "osm-n-6306780293",
        "category": "cafe",
        "name": "Reggelitt",
        "wheelchair": null,
        "fee": null,
        "opening_hours": "Mo-Fr 06:30-17:00, Sa 09:30-15:00",
        "source": "osm"
      }
    },
    {
      "type": "Feature",
      "geometry": {
        "type": "Point",
        "coordinates": [
          19.0340924,
          47.5457962
        ]
      },
      "properties": {
        "id": "osm-n-6307188022",
        "category": "cafe",
        "name": "Koch-Danica Cukr\u00e1szda",
        "wheelchair": null,
        "fee": null,
        "opening_hours": "May-Sep 09:00-19:00, Oct-Apr 09:00-18:00",
        "source": "osm"
      }
    },
    {
      "type": "Feature",
      "geometry": {
        "type": "Point",
        "coordinates": [
          19.037401,
          47.5283912
        ]
      },
      "properties": {
        "id": "osm-n-6311925846",
        "category": "cafe",
        "name": "I Love Kex Cukr\u00e1szda",
        "wheelchair": null,
        "fee": null,
        "opening_hours": "Mo-Fr 08:00-20:00, Sa 10:00-20:00, Su 11:00-18:00",
        "source": "osm"
      }
    },
    {
      "type": "Feature",
      "geometry": {
        "type": "Point",
        "coordinates": [
          19.0730763,
          47.5449559
        ]
      },
      "properties": {
        "id": "osm-n-6326901565",
        "category": "cafe",
        "name": "Cafe Frei",
        "wheelchair": "yes",
        "fee": null,
        "opening_hours": null,
        "source": "osm"
      }
    },
    {
      "type": "Feature",
      "geometry": {
        "type": "Point",
        "coordinates": [
          19.0732563,
          47.5439813
        ]
      },
      "properties": {
        "id": "osm-n-6326902100",
        "category": "clinic",
        "name": "Affidea",
        "wheelchair": null,
        "fee": null,
        "opening_hours": "Mo-Fr 07:00-20:00",
        "source": "osm"
      }
    },
    {
      "type": "Feature",
      "geometry": {
        "type": "Point",
        "coordinates": [
          19.0389932,
          47.5183876
        ]
      },
      "properties": {
        "id": "osm-n-6335437776",
        "category": "info",
        "name": "Info",
        "wheelchair": null,
        "fee": null,
        "opening_hours": null,
        "source": "osm"
      }
    },
    {
      "type": "Feature",
      "geometry": {
        "type": "Point",
        "coordinates": [
          19.0855754,
          47.5274395
        ]
      },
      "properties": {
        "id": "osm-n-6341965718",
        "category": "cafe",
        "name": "Biobolt & K\u00e1v\u00e9z\u00f3",
        "wheelchair": null,
        "fee": null,
        "opening_hours": null,
        "source": "osm"
      }
    },
    {
      "type": "Feature",
      "geometry": {
        "type": "Point",
        "coordinates": [
          19.0718914,
          47.5332969
        ]
      },
      "properties": {
        "id": "osm-n-6341965740",
        "category": "cafe",
        "name": "K\u00e1v\u00e9|sz\u00fcnet",
        "wheelchair": "yes",
        "fee": null,
        "opening_hours": "Mo-Fr 08:00-20:00; Sa,Su 10:00-17:00",
        "source": "osm"
      }
    },
    {
      "type": "Feature",
      "geometry": {
        "type": "Point",
        "coordinates": [
          19.0728262,
          47.5330628
        ]
      },
      "properties": {
        "id": "osm-n-6341965742",
        "category": "shop",
        "name": "Vegyesbolt",
        "wheelchair": "yes",
        "fee": null,
        "opening_hours": "Mo-Fr 08:00-19:00; Sa,Su 08:00-18:00",
        "source": "osm"
      }
    },
    {
      "type": "Feature",
      "geometry": {
        "type": "Point",
        "coordinates": [
          19.0556732,
          47.5170872
        ]
      },
      "properties": {
        "id": "osm-n-6355905488",
        "category": "shop",
        "name": "Vegyes bolt",
        "wheelchair": null,
        "fee": null,
        "opening_hours": "Mo-Fr 08:00-19:00; Sa 09:00-15:00; Su 09:00-14:00",
        "source": "osm"
      }
    },
    {
      "type": "Feature",
      "geometry": {
        "type": "Point",
        "coordinates": [
          19.0610508,
          47.5389448
        ]
      },
      "properties": {
        "id": "osm-n-6383020176",
        "category": "toilet",
        "name": "Toilet",
        "wheelchair": "yes",
        "fee": null,
        "opening_hours": null,
        "source": "osm"
      }
    },
    {
      "type": "Feature",
      "geometry": {
        "type": "Point",
        "coordinates": [
          19.0493492,
          47.5147091
        ]
      },
      "properties": {
        "id": "osm-n-6415867529",
        "category": "cafe",
        "name": "Caff\u00e8 Daje",
        "wheelchair": null,
        "fee": null,
        "opening_hours": "Mo-Fr 07:00-17:00; Sa-Su 07:00-13:00",
        "source": "osm"
      }
    },
    {
      "type": "Feature",
      "geometry": {
        "type": "Point",
        "coordinates": [
          19.0581553,
          47.5759192
        ]
      },
      "properties": {
        "id": "osm-n-6417645748",
        "category": "cafe",
        "name": "J\u00f3keny\u00e9r",
        "wheelchair": null,
        "fee": null,
        "opening_hours": "Sa 07:00-13:00; Mo-Fr 07:00-18:00",
        "source": "osm"
      }
    },
    {
      "type": "Feature",
      "geometry": {
        "type": "Point",
        "coordinates": [
          19.0375732,
          47.5405177
        ]
      },
      "properties": {
        "id": "osm-n-6419222040",
        "category": "cafe",
        "name": "Tu-Ri Cukr\u00e1szda",
        "wheelchair": null,
        "fee": null,
        "opening_hours": "Fr-Mo,We 10:00-18:00",
        "source": "osm"
      }
    },
    {
      "type": "Feature",
      "geometry": {
        "type": "Point",
        "coordinates": [
          19.037939,
          47.5314887
        ]
      },
      "properties": {
        "id": "osm-n-6419222045",
        "category": "cafe",
        "name": "M\u00e1lna csoki- tea- k\u00e1v\u00e9h\u00e1z",
        "wheelchair": "no",
        "fee": null,
        "opening_hours": "Mo-Fr 08:00-17:00",
        "source": "osm"
      }
    },
    {
      "type": "Feature",
      "geometry": {
        "type": "Point",
        "coordinates": [
          19.0459956,
          47.5520421
        ]
      },
      "properties": {
        "id": "osm-n-6436160669",
        "category": "info",
        "name": "Info",
        "wheelchair": null,
        "fee": null,
        "opening_hours": null,
        "source": "osm"
      }
    },
    {
      "type": "Feature",
      "geometry": {
        "type": "Point",
        "coordinates": [
          19.0464264,
          47.551876
        ]
      },
      "properties": {
        "id": "osm-n-6436160670",
        "category": "info",
        "name": "Menetrend",
        "wheelchair": null,
        "fee": null,
        "opening_hours": null,
        "source": "osm"
      }
    },
    {
      "type": "Feature",
      "geometry": {
        "type": "Point",
        "coordinates": [
          19.03433,
          47.5456113
        ]
      },
      "properties": {
        "id": "osm-n-6450534659",
        "category": "cafe",
        "name": "Pillang\u00f3 K\u00e1v\u00e9z\u00f3",
        "wheelchair": null,
        "fee": null,
        "opening_hours": "Mo-Fr 10:00-18:00; Sa 10:00-13:00",
        "source": "osm"
      }
    },
    {
      "type": "Feature",
      "geometry": {
        "type": "Point",
        "coordinates": [
          19.0387214,
          47.5428762
        ]
      },
      "properties": {
        "id": "osm-n-6450819670",
        "category": "cafe",
        "name": "Barlang",
        "wheelchair": null,
        "fee": null,
        "opening_hours": "Tu-Fr 09:00-18:00, Sa 08:00-13:00, Su 11:00-18:00",
        "source": "osm"
      }
    },
    {
      "type": "Feature",
      "geometry": {
        "type": "Point",
        "coordinates": [
          19.0315082,
          47.539717
        ]
      },
      "properties": {
        "id": "osm-n-6507622188",
        "category": "clinic",
        "name": "Optik Med Sasszemklinika",
        "wheelchair": null,
        "fee": null,
        "opening_hours": "Mo-Sa 08:00-16:00",
        "source": "osm"
      }
    },
    {
      "type": "Feature",
      "geometry": {
        "type": "Point",
        "coordinates": [
          19.0959347,
          47.5562461
        ]
      },
      "properties": {
        "id": "osm-n-6545340409",
        "category": "water",
        "name": "Water",
        "wheelchair": null,
        "fee": null,
        "opening_hours": null,
        "source": "osm"
      }
    },
    {
      "type": "Feature",
      "geometry": {
        "type": "Point",
        "coordinates": [
          19.0802226,
          47.5426853
        ]
      },
      "properties": {
        "id": "osm-n-6545606143",
        "category": "water",
        "name": "Water",
        "wheelchair": null,
        "fee": null,
        "opening_hours": null,
        "source": "osm"
      }
    },
    {
      "type": "Feature",
      "geometry": {
        "type": "Point",
        "coordinates": [
          19.029827,
          47.5491744
        ]
      },
      "properties": {
        "id": "osm-n-6556022593",
        "category": "parking",
        "name": "K\u0151h\u00e1zy",
        "wheelchair": null,
        "fee": "no",
        "opening_hours": "Mo-Fr 07:00-16:30; Sa 07:00-12:00",
        "source": "osm"
      }
    },
    {
      "type": "Feature",
      "geometry": {
        "type": "Point",
        "coordinates": [
          19.0980971,
          47.5617995
        ]
      },
      "properties": {
        "id": "osm-n-6556100723",
        "category": "water",
        "name": "Water",
        "wheelchair": "yes",
        "fee": "no",
        "opening_hours": null,
        "source": "osm"
      }
    },
    {
      "type": "Feature",
      "geometry": {
        "type": "Point",
        "coordinates": [
          19.0606513,
          47.5217517
        ]
      },
      "properties": {
        "id": "osm-n-6559842974",
        "category": "water",
        "name": "Water",
        "wheelchair": null,
        "fee": null,
        "opening_hours": null,
        "source": "osm"
      }
    },
    {
      "type": "Feature",
      "geometry": {
        "type": "Point",
        "coordinates": [
          19.0613128,
          47.5217536
        ]
      },
      "properties": {
        "id": "osm-n-6559904569",
        "category": "water",
        "name": "Water",
        "wheelchair": null,
        "fee": null,
        "opening_hours": null,
        "source": "osm"
      }
    },
    {
      "type": "Feature",
      "geometry": {
        "type": "Point",
        "coordinates": [
          19.0618156,
          47.5180459
        ]
      },
      "properties": {
        "id": "osm-n-6565534953",
        "category": "water",
        "name": "Water",
        "wheelchair": null,
        "fee": null,
        "opening_hours": null,
        "source": "osm"
      }
    },
    {
      "type": "Feature",
      "geometry": {
        "type": "Point",
        "coordinates": [
          19.0847001,
          47.541603
        ]
      },
      "properties": {
        "id": "osm-n-6566368733",
        "category": "water",
        "name": "Water",
        "wheelchair": null,
        "fee": null,
        "opening_hours": null,
        "source": "osm"
      }
    },
    {
      "type": "Feature",
      "geometry": {
        "type": "Point",
        "coordinates": [
          19.0618768,
          47.5740256
        ]
      },
      "properties": {
        "id": "osm-n-6566886633",
        "category": "charging",
        "name": "Mobiliti",
        "wheelchair": null,
        "fee": "yes",
        "opening_hours": "24/7",
        "source": "osm"
      }
    },
    {
      "type": "Feature",
      "geometry": {
        "type": "Point",
        "coordinates": [
          19.0805467,
          47.5343961
        ]
      },
      "properties": {
        "id": "osm-n-6569466916",
        "category": "charging",
        "name": "e-Mobi Elektromobilit\u00e1s Nonprofit Kft.",
        "wheelchair": null,
        "fee": "yes",
        "opening_hours": "24/7",
        "source": "osm"
      }
    },
    {
      "type": "Feature",
      "geometry": {
        "type": "Point",
        "coordinates": [
          19.0538428,
          47.5367126
        ]
      },
      "properties": {
        "id": "osm-n-6571045862",
        "category": "water",
        "name": "Water",
        "wheelchair": null,
        "fee": null,
        "opening_hours": null,
        "source": "osm"
      }
    },
    {
      "type": "Feature",
      "geometry": {
        "type": "Point",
        "coordinates": [
          19.0608609,
          47.5178057
        ]
      },
      "properties": {
        "id": "osm-n-6572303871",
        "category": "water",
        "name": "Water",
        "wheelchair": null,
        "fee": null,
        "opening_hours": null,
        "source": "osm"
      }
    },
    {
      "type": "Feature",
      "geometry": {
        "type": "Point",
        "coordinates": [
          19.0798216,
          47.5585109
        ]
      },
      "properties": {
        "id": "osm-n-6588445796",
        "category": "water",
        "name": "Water",
        "wheelchair": null,
        "fee": null,
        "opening_hours": null,
        "source": "osm"
      }
    },
    {
      "type": "Feature",
      "geometry": {
        "type": "Point",
        "coordinates": [
          19.0509802,
          47.580909
        ]
      },
      "properties": {
        "id": "osm-n-6588570484",
        "category": "water",
        "name": "Water",
        "wheelchair": null,
        "fee": null,
        "opening_hours": null,
        "source": "osm"
      }
    },
    {
      "type": "Feature",
      "geometry": {
        "type": "Point",
        "coordinates": [
          19.0697246,
          47.5568513
        ]
      },
      "properties": {
        "id": "osm-n-6601016278",
        "category": "water",
        "name": "Water",
        "wheelchair": null,
        "fee": null,
        "opening_hours": null,
        "source": "osm"
      }
    },
    {
      "type": "Feature",
      "geometry": {
        "type": "Point",
        "coordinates": [
          19.0303374,
          47.5467507
        ]
      },
      "properties": {
        "id": "osm-n-6631574855",
        "category": "cafe",
        "name": "Tortav\u00e1r Cukr\u00e1szda",
        "wheelchair": null,
        "fee": null,
        "opening_hours": "Mo-Fr 10:00-18:00, Sa,Su 10:00-16:00",
        "source": "osm"
      }
    },
    {
      "type": "Feature",
      "geometry": {
        "type": "Point",
        "coordinates": [
          19.0777081,
          47.5429379
        ]
      },
      "properties": {
        "id": "osm-n-6635790947",
        "category": "water",
        "name": "Water",
        "wheelchair": null,
        "fee": null,
        "opening_hours": null,
        "source": "osm"
      }
    },
    {
      "type": "Feature",
      "geometry": {
        "type": "Point",
        "coordinates": [
          19.0801256,
          47.5311422
        ]
      },
      "properties": {
        "id": "osm-n-6636932647",
        "category": "water",
        "name": "Water",
        "wheelchair": "yes",
        "fee": "no",
        "opening_hours": null,
        "source": "osm"
      }
    },
    {
      "type": "Feature",
      "geometry": {
        "type": "Point",
        "coordinates": [
          19.0756793,
          47.5477506
        ]
      },
      "properties": {
        "id": "osm-n-6677211185",
        "category": "cafe",
        "name": "Cafe Tripoli",
        "wheelchair": "yes",
        "fee": null,
        "opening_hours": "Mo-Fr 07:30-18:00; Sa,Su 08:00-18:00",
        "source": "osm"
      }
    },
    {
      "type": "Feature",
      "geometry": {
        "type": "Point",
        "coordinates": [
          19.0542611,
          47.5603526
        ]
      },
      "properties": {
        "id": "osm-n-6699481328",
        "category": "cafe",
        "name": "Cube Caf\u00e9",
        "wheelchair": null,
        "fee": null,
        "opening_hours": null,
        "source": "osm"
      }
    },
    {
      "type": "Feature",
      "geometry": {
        "type": "Point",
        "coordinates": [
          19.0501024,
          47.5614298
        ]
      },
      "properties": {
        "id": "osm-n-6699524691",
        "category": "charging",
        "name": "Mobiliti",
        "wheelchair": null,
        "fee": "yes",
        "opening_hours": "24/7",
        "source": "osm"
      }
    },
    {
      "type": "Feature",
      "geometry": {
        "type": "Point",
        "coordinates": [
          19.0519891,
          47.5586264
        ]
      },
      "properties": {
        "id": "osm-n-6701051655",
        "category": "cafe",
        "name": "South Caf\u00e9",
        "wheelchair": null,
        "fee": null,
        "opening_hours": null,
        "source": "osm"
      }
    },
    {
      "type": "Feature",
      "geometry": {
        "type": "Point",
        "coordinates": [
          19.0888829,
          47.5371212
        ]
      },
      "properties": {
        "id": "osm-n-6737188278",
        "category": "charging",
        "name": "Mobiliti",
        "wheelchair": null,
        "fee": "yes",
        "opening_hours": "24/7",
        "source": "osm"
      }
    },
    {
      "type": "Feature",
      "geometry": {
        "type": "Point",
        "coordinates": [
          19.087346,
          47.5373204
        ]
      },
      "properties": {
        "id": "osm-n-6737188279",
        "category": "charging",
        "name": "Penny Market",
        "wheelchair": null,
        "fee": "yes",
        "opening_hours": null,
        "source": "osm"
      }
    },
    {
      "type": "Feature",
      "geometry": {
        "type": "Point",
        "coordinates": [
          19.0567657,
          47.569607
        ]
      },
      "properties": {
        "id": "osm-n-6766679508",
        "category": "charging",
        "name": "Charging",
        "wheelchair": null,
        "fee": "no",
        "opening_hours": null,
        "source": "osm"
      }
    },
    {
      "type": "Feature",
      "geometry": {
        "type": "Point",
        "coordinates": [
          19.049129,
          47.5694873
        ]
      },
      "properties": {
        "id": "osm-n-6766679509",
        "category": "charging",
        "name": "Charging",
        "wheelchair": null,
        "fee": "no",
        "opening_hours": null,
        "source": "osm"
      }
    },
    {
      "type": "Feature",
      "geometry": {
        "type": "Point",
        "coordinates": [
          19.0756271,
          47.5510613
        ]
      },
      "properties": {
        "id": "osm-n-6782538672",
        "category": "water",
        "name": "Water",
        "wheelchair": null,
        "fee": null,
        "opening_hours": null,
        "source": "osm"
      }
    },
    {
      "type": "Feature",
      "geometry": {
        "type": "Point",
        "coordinates": [
          19.0867892,
          47.5383667
        ]
      },
      "properties": {
        "id": "osm-n-6796409646",
        "category": "water",
        "name": "Water",
        "wheelchair": null,
        "fee": null,
        "opening_hours": null,
        "source": "osm"
      }
    },
    {
      "type": "Feature",
      "geometry": {
        "type": "Point",
        "coordinates": [
          19.0652192,
          47.5261024
        ]
      },
      "properties": {
        "id": "osm-n-6853706886",
        "category": "cafe",
        "name": "Caf\u00e9 Punto",
        "wheelchair": null,
        "fee": null,
        "opening_hours": null,
        "source": "osm"
      }
    },
    {
      "type": "Feature",
      "geometry": {
        "type": "Point",
        "coordinates": [
          19.0104945,
          47.5493496
        ]
      },
      "properties": {
        "id": "osm-n-6855617479",
        "category": "info",
        "name": "Vil\u00e1gbajnok fut\u00f3p\u00e1lya",
        "wheelchair": null,
        "fee": null,
        "opening_hours": null,
        "source": "osm"
      }
    },
    {
      "type": "Feature",
      "geometry": {
        "type": "Point",
        "coordinates": [
          19.009722,
          47.5499578
        ]
      },
      "properties": {
        "id": "osm-n-6855617480",
        "category": "info",
        "name": "Guckler K\u00e1roly tan\u00f6sv\u00e9ny 4: T\u00e1bor-hegyi-barlang",
        "wheelchair": null,
        "fee": null,
        "opening_hours": null,
        "source": "osm"
      }
    },
    {
      "type": "Feature",
      "geometry": {
        "type": "Point",
        "coordinates": [
          19.0086062,
          47.5524307
        ]
      },
      "properties": {
        "id": "osm-n-6855617481",
        "category": "info",
        "name": "V\u00e9gre l\u00e1tjuk \u00d3bud\u00e1t",
        "wheelchair": null,
        "fee": null,
        "opening_hours": null,
        "source": "osm"
      }
    },
    {
      "type": "Feature",
      "geometry": {
        "type": "Point",
        "coordinates": [
          19.0048189,
          47.5536653
        ]
      },
      "properties": {
        "id": "osm-n-6855617482",
        "category": "info",
        "name": "Guckler K\u00e1roly tan\u00f6sv\u00e9ny 12. t\u00e1bla J\u00f3l ismered a f\u00e1kat?",
        "wheelchair": null,
        "fee": null,
        "opening_hours": null,
        "source": "osm"
      }
    },
    {
      "type": "Feature",
      "geometry": {
        "type": "Point",
        "coordinates": [
          19.005364,
          47.555595
        ]
      },
      "properties": {
        "id": "osm-n-6855617483",
        "category": "info",
        "name": "A ker\u00fclet \u00e9szaki v\u00e9gein",
        "wheelchair": null,
        "fee": null,
        "opening_hours": null,
        "source": "osm"
      }
    },
    {
      "type": "Feature",
      "geometry": {
        "type": "Point",
        "coordinates": [
          19.0057255,
          47.5467969
        ]
      },
      "properties": {
        "id": "osm-n-6855617691",
        "category": "info",
        "name": "J\u00f3, hogy itt j\u00e1rt\u00e1l!",
        "wheelchair": null,
        "fee": null,
        "opening_hours": null,
        "source": "osm"
      }
    },
    {
      "type": "Feature",
      "geometry": {
        "type": "Point",
        "coordinates": [
          19.0087993,
          47.5475717
        ]
      },
      "properties": {
        "id": "osm-n-6855617692",
        "category": "info",
        "name": "Sz\u0151l\u0151k \u00e9s erd\u0151k \u00d3buda felett",
        "wheelchair": null,
        "fee": null,
        "opening_hours": null,
        "source": "osm"
      }
    },
    {
      "type": "Feature",
      "geometry": {
        "type": "Point",
        "coordinates": [
          19.0534024,
          47.5211992
        ]
      },
      "properties": {
        "id": "osm-n-6944528189",
        "category": "cafe",
        "name": "Cherubino Espresso Bar",
        "wheelchair": null,
        "fee": null,
        "opening_hours": "Mo-Fr 08:00-17:00",
        "source": "osm"
      }
    },
    {
      "type": "Feature",
      "geometry": {
        "type": "Point",
        "coordinates": [
          19.0499228,
          47.5781795
        ]
      },
      "properties": {
        "id": "osm-n-6990383278",
        "category": "aed",
        "name": "Aed",
        "wheelchair": null,
        "fee": null,
        "opening_hours": null,
        "source": "osm"
      }
    },
    {
      "type": "Feature",
      "geometry": {
        "type": "Point",
        "coordinates": [
          19.0543485,
          47.5232753
        ]
      },
      "properties": {
        "id": "osm-n-7008382319",
        "category": "water",
        "name": "Water",
        "wheelchair": null,
        "fee": null,
        "opening_hours": null,
        "source": "osm"
      }
    },
    {
      "type": "Feature",
      "geometry": {
        "type": "Point",
        "coordinates": [
          19.0862201,
          47.5403749
        ]
      },
      "properties": {
        "id": "osm-n-7011925553",
        "category": "shop",
        "name": "CBA",
        "wheelchair": null,
        "fee": null,
        "opening_hours": "Mo-Sa 07:00-20:00; Su 08:00-20:00",
        "source": "osm"
      }
    },
    {
      "type": "Feature",
      "geometry": {
        "type": "Point",
        "coordinates": [
          19.0467667,
          47.536546
        ]
      },
      "properties": {
        "id": "osm-n-7070330415",
        "category": "charging",
        "name": "MOL Plugee",
        "wheelchair": null,
        "fee": "yes",
        "opening_hours": "24/7",
        "source": "osm"
      }
    },
    {
      "type": "Feature",
      "geometry": {
        "type": "Point",
        "coordinates": [
          19.0154462,
          47.526069
        ]
      },
      "properties": {
        "id": "osm-n-7087992250",
        "category": "clinic",
        "name": "Gyermekpszichi\u00e1triai R\u00e9szleg Szent J\u00e1nos K\u00f3rh\u00e1z",
        "wheelchair": null,
        "fee": null,
        "opening_hours": null,
        "source": "osm"
      }
    },
    {
      "type": "Feature",
      "geometry": {
        "type": "Point",
        "coordinates": [
          19.0721114,
          47.5495003
        ]
      },
      "properties": {
        "id": "osm-n-7115123346",
        "category": "toilet",
        "name": "Toilet",
        "wheelchair": "yes",
        "fee": "no",
        "opening_hours": "08:00-22:00",
        "source": "osm"
      }
    },
    {
      "type": "Feature",
      "geometry": {
        "type": "Point",
        "coordinates": [
          19.0726975,
          47.5505458
        ]
      },
      "properties": {
        "id": "osm-n-7115123357",
        "category": "shop",
        "name": "Spar",
        "wheelchair": "yes",
        "fee": null,
        "opening_hours": "Mo-Fr 07:00-21:00; Sa 08:00-20:00; Su 09:00-19:00; PH off",
        "source": "osm"
      }
    },
    {
      "type": "Feature",
      "geometry": {
        "type": "Point",
        "coordinates": [
          19.0722565,
          47.5496541
        ]
      },
      "properties": {
        "id": "osm-n-7116114122",
        "category": "toilet",
        "name": "Toilet",
        "wheelchair": "yes",
        "fee": "no",
        "opening_hours": null,
        "source": "osm"
      }
    },
    {
      "type": "Feature",
      "geometry": {
        "type": "Point",
        "coordinates": [
          19.0725555,
          47.550209
        ]
      },
      "properties": {
        "id": "osm-n-7116114133",
        "category": "cafe",
        "name": "Starbucks",
        "wheelchair": null,
        "fee": null,
        "opening_hours": "09:00-20:00",
        "source": "osm"
      }
    },
    {
      "type": "Feature",
      "geometry": {
        "type": "Point",
        "coordinates": [
          19.026656,
          47.5513197
        ]
      },
      "properties": {
        "id": "osm-n-7126222750",
        "category": "toilet",
        "name": "Toilet",
        "wheelchair": null,
        "fee": null,
        "opening_hours": null,
        "source": "osm"
      }
    },
    {
      "type": "Feature",
      "geometry": {
        "type": "Point",
        "coordinates": [
          19.0231259,
          47.5534295
        ]
      },
      "properties": {
        "id": "osm-n-7126334995",
        "category": "toilet",
        "name": "Toilet",
        "wheelchair": null,
        "fee": null,
        "opening_hours": null,
        "source": "osm"
      }
    },
    {
      "type": "Feature",
      "geometry": {
        "type": "Point",
        "coordinates": [
          19.0573172,
          47.5200303
        ]
      },
      "properties": {
        "id": "osm-n-7132101188",
        "category": "cafe",
        "name": "Laci! Konyha!",
        "wheelchair": null,
        "fee": null,
        "opening_hours": null,
        "source": "osm"
      }
    },
    {
      "type": "Feature",
      "geometry": {
        "type": "Point",
        "coordinates": [
          19.0723206,
          47.5494659
        ]
      },
      "properties": {
        "id": "osm-n-7132962973",
        "category": "toilet",
        "name": "Toilet",
        "wheelchair": null,
        "fee": null,
        "opening_hours": null,
        "source": "osm"
      }
    },
    {
      "type": "Feature",
      "geometry": {
        "type": "Point",
        "coordinates": [
          19.0131886,
          47.5269324
        ]
      },
      "properties": {
        "id": "osm-n-7214181775",
        "category": "info",
        "name": "T\u00fck\u00f6rben az \u00e9l\u0151vil\u00e1g",
        "wheelchair": null,
        "fee": null,
        "opening_hours": null,
        "source": "osm"
      }
    },
    {
      "type": "Feature",
      "geometry": {
        "type": "Point",
        "coordinates": [
          19.0159117,
          47.5571254
        ]
      },
      "properties": {
        "id": "osm-n-7366058002",
        "category": "water",
        "name": "Water",
        "wheelchair": null,
        "fee": null,
        "opening_hours": null,
        "source": "osm"
      }
    },
    {
      "type": "Feature",
      "geometry": {
        "type": "Point",
        "coordinates": [
          19.0180125,
          47.5563181
        ]
      },
      "properties": {
        "id": "osm-n-7367145783",
        "category": "water",
        "name": "Water",
        "wheelchair": null,
        "fee": null,
        "opening_hours": null,
        "source": "osm"
      }
    },
    {
      "type": "Feature",
      "geometry": {
        "type": "Point",
        "coordinates": [
          19.0539977,
          47.5853701
        ]
      },
      "properties": {
        "id": "osm-n-7456088805",
        "category": "info",
        "name": "Info",
        "wheelchair": null,
        "fee": null,
        "opening_hours": null,
        "source": "osm"
      }
    },
    {
      "type": "Feature",
      "geometry": {
        "type": "Point",
        "coordinates": [
          19.0984562,
          47.5629551
        ]
      },
      "properties": {
        "id": "osm-n-7466853873",
        "category": "water",
        "name": "Water",
        "wheelchair": null,
        "fee": "no",
        "opening_hours": null,
        "source": "osm"
      }
    },
    {
      "type": "Feature",
      "geometry": {
        "type": "Point",
        "coordinates": [
          19.0365558,
          47.5430199
        ]
      },
      "properties": {
        "id": "osm-n-7511707867",
        "category": "charging",
        "name": "Mobiliti",
        "wheelchair": null,
        "fee": "yes",
        "opening_hours": "24/7",
        "source": "osm"
      }
    },
    {
      "type": "Feature",
      "geometry": {
        "type": "Point",
        "coordinates": [
          19.0354035,
          47.5428954
        ]
      },
      "properties": {
        "id": "osm-n-7511707868",
        "category": "shop",
        "name": "CBA Pr\u00edma",
        "wheelchair": "yes",
        "fee": null,
        "opening_hours": "Mo-Fr 06:30-19:30; Sa 06:30-18:00",
        "source": "osm"
      }
    },
    {
      "type": "Feature",
      "geometry": {
        "type": "Point",
        "coordinates": [
          19.0381667,
          47.5558733
        ]
      },
      "properties": {
        "id": "osm-n-7528362582",
        "category": "parking",
        "name": "Bearing vev\u0151parkol\u00f3",
        "wheelchair": null,
        "fee": "no",
        "opening_hours": null,
        "source": "osm"
      }
    },
    {
      "type": "Feature",
      "geometry": {
        "type": "Point",
        "coordinates": [
          19.0361445,
          47.5171408
        ]
      },
      "properties": {
        "id": "osm-n-7590165885",
        "category": "clinic",
        "name": "ORFI Orsz\u00e1gos Reumatol\u00f3gia \u00e9s Fizikoter\u00e1pi\u00e1s int\u00e9zet",
        "wheelchair": null,
        "fee": null,
        "opening_hours": "24/7",
        "source": "osm"
      }
    },
    {
      "type": "Feature",
      "geometry": {
        "type": "Point",
        "coordinates": [
          19.0365271,
          47.5202735
        ]
      },
      "properties": {
        "id": "osm-n-7590165886",
        "category": "clinic",
        "name": "ORFI Ambulancia \u00e9s Gy\u00f3gyszert\u00e1r",
        "wheelchair": null,
        "fee": null,
        "opening_hours": "Mo-Fr 08:30-14:30",
        "source": "osm"
      }
    },
    {
      "type": "Feature",
      "geometry": {
        "type": "Point",
        "coordinates": [
          19.0629709,
          47.5368859
        ]
      },
      "properties": {
        "id": "osm-n-7591261350",
        "category": "water",
        "name": "Water",
        "wheelchair": null,
        "fee": null,
        "opening_hours": null,
        "source": "osm"
      }
    },
    {
      "type": "Feature",
      "geometry": {
        "type": "Point",
        "coordinates": [
          19.0669426,
          47.5385324
        ]
      },
      "properties": {
        "id": "osm-n-7591276339",
        "category": "water",
        "name": "Water",
        "wheelchair": null,
        "fee": null,
        "opening_hours": null,
        "source": "osm"
      }
    },
    {
      "type": "Feature",
      "geometry": {
        "type": "Point",
        "coordinates": [
          19.0669285,
          47.5351433
        ]
      },
      "properties": {
        "id": "osm-n-7591280286",
        "category": "water",
        "name": "Water",
        "wheelchair": null,
        "fee": null,
        "opening_hours": null,
        "source": "osm"
      }
    },
    {
      "type": "Feature",
      "geometry": {
        "type": "Point",
        "coordinates": [
          19.0498673,
          47.5302128
        ]
      },
      "properties": {
        "id": "osm-n-7597976150",
        "category": "cafe",
        "name": "Cafe",
        "wheelchair": null,
        "fee": null,
        "opening_hours": null,
        "source": "osm"
      }
    },
    {
      "type": "Feature",
      "geometry": {
        "type": "Point",
        "coordinates": [
          19.0588751,
          47.5151324
        ]
      },
      "properties": {
        "id": "osm-n-7609232634",
        "category": "clinic",
        "name": "Swiss Premium Medical Center",
        "wheelchair": null,
        "fee": null,
        "opening_hours": "Mo-Fr 08:00-20:00",
        "source": "osm"
      }
    },
    {
      "type": "Feature",
      "geometry": {
        "type": "Point",
        "coordinates": [
          19.0655209,
          47.5360598
        ]
      },
      "properties": {
        "id": "osm-n-7627022479",
        "category": "water",
        "name": "Water",
        "wheelchair": null,
        "fee": null,
        "opening_hours": null,
        "source": "osm"
      }
    },
    {
      "type": "Feature",
      "geometry": {
        "type": "Point",
        "coordinates": [
          19.0106452,
          47.557087
        ]
      },
      "properties": {
        "id": "osm-n-7725210706",
        "category": "shop",
        "name": "Erd\u0151alja ABC",
        "wheelchair": null,
        "fee": null,
        "opening_hours": "Mo-Fr 06:30-19:30; Sa 07:00-14:00; Su 07:30-13:00",
        "source": "osm"
      }
    },
    {
      "type": "Feature",
      "geometry": {
        "type": "Point",
        "coordinates": [
          19.0652181,
          47.5733166
        ]
      },
      "properties": {
        "id": "osm-n-7734625140",
        "category": "toilet",
        "name": "Toilet",
        "wheelchair": "no",
        "fee": "yes",
        "opening_hours": null,
        "source": "osm"
      }
    },
    {
      "type": "Feature",
      "geometry": {
        "type": "Point",
        "coordinates": [
          19.0621195,
          47.5717581
        ]
      },
      "properties": {
        "id": "osm-n-7734625146",
        "category": "toilet",
        "name": "Toilet",
        "wheelchair": "no",
        "fee": null,
        "opening_hours": null,
        "source": "osm"
      }
    },
    {
      "type": "Feature",
      "geometry": {
        "type": "Point",
        "coordinates": [
          19.0621208,
          47.5717748
        ]
      },
      "properties": {
        "id": "osm-n-7734625154",
        "category": "toilet",
        "name": "Toilet",
        "wheelchair": "no",
        "fee": null,
        "opening_hours": null,
        "source": "osm"
      }
    },
    {
      "type": "Feature",
      "geometry": {
        "type": "Point",
        "coordinates": [
          19.0621698,
          47.5712853
        ]
      },
      "properties": {
        "id": "osm-n-7734625156",
        "category": "parking",
        "name": "Cziniel Cukr\u00e1szda",
        "wheelchair": null,
        "fee": null,
        "opening_hours": null,
        "source": "osm"
      }
    },
    {
      "type": "Feature",
      "geometry": {
        "type": "Point",
        "coordinates": [
          19.0623602,
          47.5714952
        ]
      },
      "properties": {
        "id": "osm-n-7734625157",
        "category": "parking",
        "name": "Cziniel Cukr\u00e1szda",
        "wheelchair": null,
        "fee": "no",
        "opening_hours": null,
        "source": "osm"
      }
    },
    {
      "type": "Feature",
      "geometry": {
        "type": "Point",
        "coordinates": [
          19.0952149,
          47.5528839
        ]
      },
      "properties": {
        "id": "osm-n-7817507589",
        "category": "water",
        "name": "Water",
        "wheelchair": null,
        "fee": null,
        "opening_hours": null,
        "source": "osm"
      }
    },
    {
      "type": "Feature",
      "geometry": {
        "type": "Point",
        "coordinates": [
          19.0337918,
          47.5279161
        ]
      },
      "properties": {
        "id": "osm-n-7836754810",
        "category": "cafe",
        "name": "Szendvics / Deli",
        "wheelchair": null,
        "fee": null,
        "opening_hours": null,
        "source": "osm"
      }
    },
    {
      "type": "Feature",
      "geometry": {
        "type": "Point",
        "coordinates": [
          19.0728034,
          47.5466244
        ]
      },
      "properties": {
        "id": "osm-n-7844327117",
        "category": "clinic",
        "name": "Budai Eg\u00e9szs\u00e9gk\u00f6zpont V\u00e1ci \u00fati rendel\u0151",
        "wheelchair": "yes",
        "fee": null,
        "opening_hours": "Mo-Fr 07:20-20:00",
        "source": "osm"
      }
    },
    {
      "type": "Feature",
      "geometry": {
        "type": "Point",
        "coordinates": [
          19.0236497,
          47.5289397
        ]
      },
      "properties": {
        "id": "osm-n-7863922244",
        "category": "clinic",
        "name": "Czeizel Int\u00e9zet Postnatal",
        "wheelchair": null,
        "fee": null,
        "opening_hours": null,
        "source": "osm"
      }
    },
    {
      "type": "Feature",
      "geometry": {
        "type": "Point",
        "coordinates": [
          19.0477408,
          47.5256986
        ]
      },
      "properties": {
        "id": "osm-n-7878599806",
        "category": "info",
        "name": "Jap\u00e1nak\u00e1c",
        "wheelchair": null,
        "fee": null,
        "opening_hours": null,
        "source": "osm"
      }
    },
    {
      "type": "Feature",
      "geometry": {
        "type": "Point",
        "coordinates": [
          19.0477395,
          47.5252992
        ]
      },
      "properties": {
        "id": "osm-n-7878599808",
        "category": "info",
        "name": "Ez\u00fcstplat\u00e1n",
        "wheelchair": null,
        "fee": null,
        "opening_hours": null,
        "source": "osm"
      }
    },
    {
      "type": "Feature",
      "geometry": {
        "type": "Point",
        "coordinates": [
          19.0504583,
          47.5336797
        ]
      },
      "properties": {
        "id": "osm-n-7878660301",
        "category": "toilet",
        "name": "Toilet",
        "wheelchair": null,
        "fee": null,
        "opening_hours": null,
        "source": "osm"
      }
    },
    {
      "type": "Feature",
      "geometry": {
        "type": "Point",
        "coordinates": [
          19.0499121,
          47.5301765
        ]
      },
      "properties": {
        "id": "osm-n-7878666468",
        "category": "toilet",
        "name": "Toilet",
        "wheelchair": null,
        "fee": "yes",
        "opening_hours": null,
        "source": "osm"
      }
    },
    {
      "type": "Feature",
      "geometry": {
        "type": "Point",
        "coordinates": [
          19.044895,
          47.5231275
        ]
      },
      "properties": {
        "id": "osm-n-7878666469",
        "category": "toilet",
        "name": "Toilet",
        "wheelchair": null,
        "fee": "yes",
        "opening_hours": null,
        "source": "osm"
      }
    },
    {
      "type": "Feature",
      "geometry": {
        "type": "Point",
        "coordinates": [
          19.0438622,
          47.5197743
        ]
      },
      "properties": {
        "id": "osm-n-7878666482",
        "category": "toilet",
        "name": "Toilet",
        "wheelchair": "yes",
        "fee": "yes",
        "opening_hours": null,
        "source": "osm"
      }
    },
    {
      "type": "Feature",
      "geometry": {
        "type": "Point",
        "coordinates": [
          19.0425351,
          47.5392798
        ]
      },
      "properties": {
        "id": "osm-n-7892830090",
        "category": "clinic",
        "name": "Dunamed rendel\u0151",
        "wheelchair": null,
        "fee": null,
        "opening_hours": "Mo-Fr 08:00-20:00",
        "source": "osm"
      }
    },
    {
      "type": "Feature",
      "geometry": {
        "type": "Point",
        "coordinates": [
          19.0723924,
          47.5173606
        ]
      },
      "properties": {
        "id": "osm-n-7921454803",
        "category": "cafe",
        "name": "Pera Aut\u00f3 Plusz Kft.",
        "wheelchair": null,
        "fee": null,
        "opening_hours": "Mo-Sa 06:00-23:00; Su 07:00-23:00",
        "source": "osm"
      }
    },
    {
      "type": "Feature",
      "geometry": {
        "type": "Point",
        "coordinates": [
          19.0809603,
          47.5224596
        ]
      },
      "properties": {
        "id": "osm-n-7972580456",
        "category": "charging",
        "name": "MOL Plugee",
        "wheelchair": null,
        "fee": "yes",
        "opening_hours": "24/7",
        "source": "osm"
      }
    },
    {
      "type": "Feature",
      "geometry": {
        "type": "Point",
        "coordinates": [
          19.0625325,
          47.5217694
        ]
      },
      "properties": {
        "id": "osm-n-7972580457",
        "category": "charging",
        "name": "MOL Plugee",
        "wheelchair": null,
        "fee": "yes",
        "opening_hours": "24/7",
        "source": "osm"
      }
    },
    {
      "type": "Feature",
      "geometry": {
        "type": "Point",
        "coordinates": [
          19.080747,
          47.574947
        ]
      },
      "properties": {
        "id": "osm-n-7972580463",
        "category": "charging",
        "name": "MOL Plugee",
        "wheelchair": null,
        "fee": "yes",
        "opening_hours": "24/7",
        "source": "osm"
      }
    },
    {
      "type": "Feature",
      "geometry": {
        "type": "Point",
        "coordinates": [
          19.0485732,
          47.581401
        ]
      },
      "properties": {
        "id": "osm-n-7972580464",
        "category": "charging",
        "name": "MOL Plugee",
        "wheelchair": null,
        "fee": "yes",
        "opening_hours": "24/7",
        "source": "osm"
      }
    },
    {
      "type": "Feature",
      "geometry": {
        "type": "Point",
        "coordinates": [
          19.0871535,
          47.5420013
        ]
      },
      "properties": {
        "id": "osm-n-7985659185",
        "category": "charging",
        "name": "E.ON",
        "wheelchair": null,
        "fee": "yes",
        "opening_hours": null,
        "source": "osm"
      }
    },
    {
      "type": "Feature",
      "geometry": {
        "type": "Point",
        "coordinates": [
          19.0793198,
          47.5267608
        ]
      },
      "properties": {
        "id": "osm-n-8001537063",
        "category": "hospital",
        "name": "TritonLife R\u00f3bert Mag\u00e1nk\u00f3rh\u00e1z",
        "wheelchair": null,
        "fee": null,
        "opening_hours": null,
        "source": "osm"
      }
    },
    {
      "type": "Feature",
      "geometry": {
        "type": "Point",
        "coordinates": [
          19.081355,
          47.5276994
        ]
      },
      "properties": {
        "id": "osm-n-8002579282",
        "category": "hospital",
        "name": "Detoxik\u00e1l\u00f3",
        "wheelchair": null,
        "fee": null,
        "opening_hours": null,
        "source": "osm"
      }
    },
    {
      "type": "Feature",
      "geometry": {
        "type": "Point",
        "coordinates": [
          19.0816373,
          47.5287965
        ]
      },
      "properties": {
        "id": "osm-n-8002583352",
        "category": "hospital",
        "name": "Pszichi\u00e1tria OPAI",
        "wheelchair": null,
        "fee": null,
        "opening_hours": null,
        "source": "osm"
      }
    },
    {
      "type": "Feature",
      "geometry": {
        "type": "Point",
        "coordinates": [
          19.0868314,
          47.5374129
        ]
      },
      "properties": {
        "id": "osm-n-8002743249",
        "category": "clinic",
        "name": "Pszichi\u00e1triai Gondoz\u00f3 OPAI",
        "wheelchair": null,
        "fee": null,
        "opening_hours": null,
        "source": "osm"
      }
    },
    {
      "type": "Feature",
      "geometry": {
        "type": "Point",
        "coordinates": [
          19.0494346,
          47.5776648
        ]
      },
      "properties": {
        "id": "osm-n-8024986923",
        "category": "info",
        "name": "MVM Group",
        "wheelchair": null,
        "fee": null,
        "opening_hours": null,
        "source": "osm"
      }
    },
    {
      "type": "Feature",
      "geometry": {
        "type": "Point",
        "coordinates": [
          19.0382711,
          47.5283029
        ]
      },
      "properties": {
        "id": "osm-n-8044160098",
        "category": "cafe",
        "name": "Starbucks",
        "wheelchair": null,
        "fee": null,
        "opening_hours": "Mo-Fr 07:00-20:00; Sa 08:30-20:00; Su 08:30-19:00",
        "source": "osm"
      }
    },
    {
      "type": "Feature",
      "geometry": {
        "type": "Point",
        "coordinates": [
          19.0369504,
          47.5209662
        ]
      },
      "properties": {
        "id": "osm-n-8066250409",
        "category": "shop",
        "name": "Coop Mini",
        "wheelchair": null,
        "fee": null,
        "opening_hours": "Mo-Fr 06:00-20:00; Sa 06:00-14:00",
        "source": "osm"
      }
    },
    {
      "type": "Feature",
      "geometry": {
        "type": "Point",
        "coordinates": [
          19.049964,
          47.5284142
        ]
      },
      "properties": {
        "id": "osm-n-8090619322",
        "category": "info",
        "name": "T\u00e9rk\u00e9p",
        "wheelchair": null,
        "fee": null,
        "opening_hours": null,
        "source": "osm"
      }
    },
    {
      "type": "Feature",
      "geometry": {
        "type": "Point",
        "coordinates": [
          19.0571173,
          47.522346
        ]
      },
      "properties": {
        "id": "osm-n-8099990231",
        "category": "charging",
        "name": "Mobiliti",
        "wheelchair": null,
        "fee": "yes",
        "opening_hours": "24/7",
        "source": "osm"
      }
    },
    {
      "type": "Feature",
      "geometry": {
        "type": "Point",
        "coordinates": [
          19.0810361,
          47.5303735
        ]
      },
      "properties": {
        "id": "osm-n-8099990232",
        "category": "charging",
        "name": "Mobiliti",
        "wheelchair": null,
        "fee": "yes",
        "opening_hours": "24/7",
        "source": "osm"
      }
    },
    {
      "type": "Feature",
      "geometry": {
        "type": "Point",
        "coordinates": [
          19.0668108,
          47.53458
        ]
      },
      "properties": {
        "id": "osm-n-8099990233",
        "category": "charging",
        "name": "e-t\u00f6lt\u0151pont",
        "wheelchair": null,
        "fee": "yes",
        "opening_hours": "24/7",
        "source": "osm"
      }
    },
    {
      "type": "Feature",
      "geometry": {
        "type": "Point",
        "coordinates": [
          19.0750722,
          47.5515269
        ]
      },
      "properties": {
        "id": "osm-n-8099990234",
        "category": "charging",
        "name": "e-t\u00f6lt\u0151pont",
        "wheelchair": null,
        "fee": "yes",
        "opening_hours": "24/7",
        "source": "osm"
      }
    },
    {
      "type": "Feature",
      "geometry": {
        "type": "Point",
        "coordinates": [
          19.08631,
          47.53144
        ]
      },
      "properties": {
        "id": "osm-n-8099990235",
        "category": "charging",
        "name": "Mobiliti",
        "wheelchair": null,
        "fee": "yes",
        "opening_hours": "24/7",
        "source": "osm"
      }
    },
    {
      "type": "Feature",
      "geometry": {
        "type": "Point",
        "coordinates": [
          19.0662613,
          47.5169543
        ]
      },
      "properties": {
        "id": "osm-n-8099990236",
        "category": "charging",
        "name": "e-t\u00f6lt\u0151pont",
        "wheelchair": null,
        "fee": "yes",
        "opening_hours": "24/7",
        "source": "osm"
      }
    },
    {
      "type": "Feature",
      "geometry": {
        "type": "Point",
        "coordinates": [
          19.0831,
          47.57501
        ]
      },
      "properties": {
        "id": "osm-n-8099990282",
        "category": "charging",
        "name": "e-t\u00f6lt\u0151pont",
        "wheelchair": null,
        "fee": "yes",
        "opening_hours": "24/7",
        "source": "osm"
      }
    },
    {
      "type": "Feature",
      "geometry": {
        "type": "Point",
        "coordinates": [
          19.0923949,
          47.5622318
        ]
      },
      "properties": {
        "id": "osm-n-8099990283",
        "category": "charging",
        "name": "e-t\u00f6lt\u0151pont",
        "wheelchair": null,
        "fee": "yes",
        "opening_hours": "24/7",
        "source": "osm"
      }
    },
    {
      "type": "Feature",
      "geometry": {
        "type": "Point",
        "coordinates": [
          19.096439,
          47.5602412
        ]
      },
      "properties": {
        "id": "osm-n-8099990284",
        "category": "charging",
        "name": "e-t\u00f6lt\u0151pont",
        "wheelchair": null,
        "fee": "yes",
        "opening_hours": "24/7",
        "source": "osm"
      }
    },
    {
      "type": "Feature",
      "geometry": {
        "type": "Point",
        "coordinates": [
          19.0223106,
          47.561472
        ]
      },
      "properties": {
        "id": "osm-n-8099990290",
        "category": "charging",
        "name": "Mobiliti",
        "wheelchair": null,
        "fee": "yes",
        "opening_hours": "24/7",
        "source": "osm"
      }
    },
    {
      "type": "Feature",
      "geometry": {
        "type": "Point",
        "coordinates": [
          19.0427236,
          47.5341786
        ]
      },
      "properties": {
        "id": "osm-n-8099990291",
        "category": "charging",
        "name": "Mobiliti",
        "wheelchair": null,
        "fee": "yes",
        "opening_hours": "24/7",
        "source": "osm"
      }
    },
    {
      "type": "Feature",
      "geometry": {
        "type": "Point",
        "coordinates": [
          19.0427117,
          47.5387416
        ]
      },
      "properties": {
        "id": "osm-n-8099990292",
        "category": "charging",
        "name": "Mobiliti",
        "wheelchair": null,
        "fee": "yes",
        "opening_hours": "24/7",
        "source": "osm"
      }
    },
    {
      "type": "Feature",
      "geometry": {
        "type": "Point",
        "coordinates": [
          19.0455683,
          47.5368631
        ]
      },
      "properties": {
        "id": "osm-n-8099990293",
        "category": "charging",
        "name": "Mobiliti",
        "wheelchair": null,
        "fee": "yes",
        "opening_hours": "24/7",
        "source": "osm"
      }
    },
    {
      "type": "Feature",
      "geometry": {
        "type": "Point",
        "coordinates": [
          19.04251,
          47.5489
        ]
      },
      "properties": {
        "id": "osm-n-8099990294",
        "category": "charging",
        "name": "e-t\u00f6lt\u0151pont",
        "wheelchair": null,
        "fee": "yes",
        "opening_hours": "24/7",
        "source": "osm"
      }
    },
    {
      "type": "Feature",
      "geometry": {
        "type": "Point",
        "coordinates": [
          19.0318767,
          47.5378595
        ]
      },
      "properties": {
        "id": "osm-n-8099990295",
        "category": "charging",
        "name": "Mobiliti",
        "wheelchair": null,
        "fee": "yes",
        "opening_hours": "24/7",
        "source": "osm"
      }
    },
    {
      "type": "Feature",
      "geometry": {
        "type": "Point",
        "coordinates": [
          19.04348,
          47.55768
        ]
      },
      "properties": {
        "id": "osm-n-8099990296",
        "category": "charging",
        "name": "e-t\u00f6lt\u0151pont",
        "wheelchair": null,
        "fee": "yes",
        "opening_hours": "24/7",
        "source": "osm"
      }
    },
    {
      "type": "Feature",
      "geometry": {
        "type": "Point",
        "coordinates": [
          19.03188,
          47.54594
        ]
      },
      "properties": {
        "id": "osm-n-8099990297",
        "category": "charging",
        "name": "e-t\u00f6lt\u0151pont",
        "wheelchair": null,
        "fee": "yes",
        "opening_hours": "24/7",
        "source": "osm"
      }
    },
    {
      "type": "Feature",
      "geometry": {
        "type": "Point",
        "coordinates": [
          19.0498,
          47.57178
        ]
      },
      "properties": {
        "id": "osm-n-8099990299",
        "category": "charging",
        "name": "Mobiliti",
        "wheelchair": null,
        "fee": "yes",
        "opening_hours": "24/7",
        "source": "osm"
      }
    },
    {
      "type": "Feature",
      "geometry": {
        "type": "Point",
        "coordinates": [
          19.05092,
          47.56908
        ]
      },
      "properties": {
        "id": "osm-n-8099990300",
        "category": "charging",
        "name": "e-t\u00f6lt\u0151pont",
        "wheelchair": null,
        "fee": "yes",
        "opening_hours": "24/7",
        "source": "osm"
      }
    },
    {
      "type": "Feature",
      "geometry": {
        "type": "Point",
        "coordinates": [
          19.0435293,
          47.5333445
        ]
      },
      "properties": {
        "id": "osm-n-8108457538",
        "category": "water",
        "name": "Water",
        "wheelchair": null,
        "fee": "no",
        "opening_hours": null,
        "source": "osm"
      }
    },
    {
      "type": "Feature",
      "geometry": {
        "type": "Point",
        "coordinates": [
          19.0854136,
          47.5401687
        ]
      },
      "properties": {
        "id": "osm-n-8360924323",
        "category": "info",
        "name": "BKK",
        "wheelchair": null,
        "fee": null,
        "opening_hours": null,
        "source": "osm"
      }
    },
    {
      "type": "Feature",
      "geometry": {
        "type": "Point",
        "coordinates": [
          19.0491906,
          47.5598057
        ]
      },
      "properties": {
        "id": "osm-n-8373091940",
        "category": "info",
        "name": "16",
        "wheelchair": null,
        "fee": null,
        "opening_hours": null,
        "source": "osm"
      }
    },
    {
      "type": "Feature",
      "geometry": {
        "type": "Point",
        "coordinates": [
          19.0802341,
          47.5294878
        ]
      },
      "properties": {
        "id": "osm-n-8418354860",
        "category": "info",
        "name": "BKK",
        "wheelchair": null,
        "fee": null,
        "opening_hours": null,
        "source": "osm"
      }
    },
    {
      "type": "Feature",
      "geometry": {
        "type": "Point",
        "coordinates": [
          19.0804412,
          47.5296151
        ]
      },
      "properties": {
        "id": "osm-n-8418354861",
        "category": "info",
        "name": "BKK",
        "wheelchair": null,
        "fee": null,
        "opening_hours": null,
        "source": "osm"
      }
    },
    {
      "type": "Feature",
      "geometry": {
        "type": "Point",
        "coordinates": [
          19.0393508,
          47.5528943
        ]
      },
      "properties": {
        "id": "osm-n-8418644514",
        "category": "charging",
        "name": "Lidl",
        "wheelchair": null,
        "fee": null,
        "opening_hours": null,
        "source": "osm"
      }
    },
    {
      "type": "Feature",
      "geometry": {
        "type": "Point",
        "coordinates": [
          19.0247038,
          47.5605213
        ]
      },
      "properties": {
        "id": "osm-n-8420010284",
        "category": "charging",
        "name": "Lidl",
        "wheelchair": null,
        "fee": null,
        "opening_hours": null,
        "source": "osm"
      }
    },
    {
      "type": "Feature",
      "geometry": {
        "type": "Point",
        "coordinates": [
          19.023966,
          47.5602093
        ]
      },
      "properties": {
        "id": "osm-n-8420010300",
        "category": "fuel",
        "name": "CNG k\u00fat",
        "wheelchair": null,
        "fee": null,
        "opening_hours": "Mo-Su 06:00-23:00",
        "source": "osm"
      }
    },
    {
      "type": "Feature",
      "geometry": {
        "type": "Point",
        "coordinates": [
          19.0422561,
          47.5449022
        ]
      },
      "properties": {
        "id": "osm-n-8428006032",
        "category": "info",
        "name": "BKK",
        "wheelchair": null,
        "fee": null,
        "opening_hours": null,
        "source": "osm"
      }
    },
    {
      "type": "Feature",
      "geometry": {
        "type": "Point",
        "coordinates": [
          19.0422748,
          47.5427636
        ]
      },
      "properties": {
        "id": "osm-n-8428006033",
        "category": "info",
        "name": "BKK",
        "wheelchair": null,
        "fee": null,
        "opening_hours": null,
        "source": "osm"
      }
    },
    {
      "type": "Feature",
      "geometry": {
        "type": "Point",
        "coordinates": [
          19.0797475,
          47.5404108
        ]
      },
      "properties": {
        "id": "osm-n-8467791106",
        "category": "water",
        "name": "Water",
        "wheelchair": null,
        "fee": null,
        "opening_hours": null,
        "source": "osm"
      }
    },
    {
      "type": "Feature",
      "geometry": {
        "type": "Point",
        "coordinates": [
          19.0945239,
          47.5549013
        ]
      },
      "properties": {
        "id": "osm-n-8545040766",
        "category": "charging",
        "name": "Mobiliti",
        "wheelchair": null,
        "fee": null,
        "opening_hours": "24/7",
        "source": "osm"
      }
    },
    {
      "type": "Feature",
      "geometry": {
        "type": "Point",
        "coordinates": [
          19.0979947,
          47.5592027
        ]
      },
      "properties": {
        "id": "osm-n-8545040767",
        "category": "charging",
        "name": "E.ON Hung\u00e1ria Zrt.",
        "wheelchair": null,
        "fee": "yes",
        "opening_hours": "24/7",
        "source": "osm"
      }
    },
    {
      "type": "Feature",
      "geometry": {
        "type": "Point",
        "coordinates": [
          19.0532428,
          47.520234
        ]
      },
      "properties": {
        "id": "osm-n-8567163003",
        "category": "clinic",
        "name": "Pal\u00e1nta Gyermekorvosi Rendel\u0151",
        "wheelchair": null,
        "fee": null,
        "opening_hours": "Mo-Fr 08:00-19:00",
        "source": "osm"
      }
    },
    {
      "type": "Feature",
      "geometry": {
        "type": "Point",
        "coordinates": [
          19.0665552,
          47.5282939
        ]
      },
      "properties": {
        "id": "osm-n-8568929327",
        "category": "shop",
        "name": "Fitten",
        "wheelchair": null,
        "fee": null,
        "opening_hours": "Mo-Sa 10:00-19:00",
        "source": "osm"
      }
    },
    {
      "type": "Feature",
      "geometry": {
        "type": "Point",
        "coordinates": [
          19.0431997,
          47.5314795
        ]
      },
      "properties": {
        "id": "osm-n-8715494574",
        "category": "toilet",
        "name": "Toilet",
        "wheelchair": null,
        "fee": null,
        "opening_hours": null,
        "source": "osm"
      }
    },
    {
      "type": "Feature",
      "geometry": {
        "type": "Point",
        "coordinates": [
          19.0455054,
          47.5424017
        ]
      },
      "properties": {
        "id": "osm-n-8747302535",
        "category": "clinic",
        "name": "T\u00fcd\u0151gondoz\u00f3 \u00e9s t\u00fcd\u0151sz\u0171r\u0151 \u00e1llom\u00e1s",
        "wheelchair": null,
        "fee": null,
        "opening_hours": null,
        "source": "osm"
      }
    },
    {
      "type": "Feature",
      "geometry": {
        "type": "Point",
        "coordinates": [
          19.0722515,
          47.5330891
        ]
      },
      "properties": {
        "id": "osm-n-8791767242",
        "category": "cafe",
        "name": "Hab\u00e1r",
        "wheelchair": null,
        "fee": null,
        "opening_hours": "Mo-Su 08:00-24:00",
        "source": "osm"
      }
    },
    {
      "type": "Feature",
      "geometry": {
        "type": "Point",
        "coordinates": [
          19.057022,
          47.5693925
        ]
      },
      "properties": {
        "id": "osm-n-8824451438",
        "category": "parking",
        "name": "Parking",
        "wheelchair": null,
        "fee": null,
        "opening_hours": null,
        "source": "osm"
      }
    },
    {
      "type": "Feature",
      "geometry": {
        "type": "Point",
        "coordinates": [
          19.0537168,
          47.5700376
        ]
      },
      "properties": {
        "id": "osm-n-8824451465",
        "category": "shop",
        "name": "N\u00edv\u00f3 ABC",
        "wheelchair": null,
        "fee": null,
        "opening_hours": "Mo-Fr 06:00-22:00; Sa 06:30-22:00; Su 07:00-22:00",
        "source": "osm"
      }
    },
    {
      "type": "Feature",
      "geometry": {
        "type": "Point",
        "coordinates": [
          19.0956752,
          47.5632071
        ]
      },
      "properties": {
        "id": "osm-n-8841597528",
        "category": "water",
        "name": "Water",
        "wheelchair": "limited",
        "fee": "no",
        "opening_hours": null,
        "source": "osm"
      }
    },
    {
      "type": "Feature",
      "geometry": {
        "type": "Point",
        "coordinates": [
          19.0656603,
          47.5739409
        ]
      },
      "properties": {
        "id": "osm-n-8853758797",
        "category": "info",
        "name": "R\u00f3mai part",
        "wheelchair": null,
        "fee": null,
        "opening_hours": null,
        "source": "osm"
      }
    },
    {
      "type": "Feature",
      "geometry": {
        "type": "Point",
        "coordinates": [
          19.0884294,
          47.5311152
        ]
      },
      "properties": {
        "id": "osm-n-8864051870",
        "category": "water",
        "name": "Water",
        "wheelchair": null,
        "fee": null,
        "opening_hours": null,
        "source": "osm"
      }
    },
    {
      "type": "Feature",
      "geometry": {
        "type": "Point",
        "coordinates": [
          19.0634886,
          47.532401
        ]
      },
      "properties": {
        "id": "osm-n-8930732459",
        "category": "shop",
        "name": "Manna ABC",
        "wheelchair": "yes",
        "fee": null,
        "opening_hours": "24/7",
        "source": "osm"
      }
    },
    {
      "type": "Feature",
      "geometry": {
        "type": "Point",
        "coordinates": [
          19.0867499,
          47.5561793
        ]
      },
      "properties": {
        "id": "osm-n-8935077394",
        "category": "water",
        "name": "Water",
        "wheelchair": null,
        "fee": null,
        "opening_hours": null,
        "source": "osm"
      }
    },
    {
      "type": "Feature",
      "geometry": {
        "type": "Point",
        "coordinates": [
          19.0498668,
          47.5691928
        ]
      },
      "properties": {
        "id": "osm-n-8953007843",
        "category": "toilet",
        "name": "Don Bosco Cukr\u00e1szda",
        "wheelchair": "no",
        "fee": null,
        "opening_hours": null,
        "source": "osm"
      }
    },
    {
      "type": "Feature",
      "geometry": {
        "type": "Point",
        "coordinates": [
          19.0397338,
          47.5300804
        ]
      },
      "properties": {
        "id": "osm-n-8974645943",
        "category": "shop",
        "name": "Vaskor mini",
        "wheelchair": null,
        "fee": null,
        "opening_hours": null,
        "source": "osm"
      }
    },
    {
      "type": "Feature",
      "geometry": {
        "type": "Point",
        "coordinates": [
          19.0725005,
          47.5459148
        ]
      },
      "properties": {
        "id": "osm-n-8986405111",
        "category": "shop",
        "name": "Manna ABC",
        "wheelchair": "yes",
        "fee": null,
        "opening_hours": "24/7",
        "source": "osm"
      }
    },
    {
      "type": "Feature",
      "geometry": {
        "type": "Point",
        "coordinates": [
          19.0429879,
          47.5169302
        ]
      },
      "properties": {
        "id": "osm-n-9002091935",
        "category": "toilet",
        "name": "Toilet",
        "wheelchair": "no",
        "fee": "yes",
        "opening_hours": null,
        "source": "osm"
      }
    },
    {
      "type": "Feature",
      "geometry": {
        "type": "Point",
        "coordinates": [
          19.0406897,
          47.5423159
        ]
      },
      "properties": {
        "id": "osm-n-9011033117",
        "category": "cafe",
        "name": "Bistro",
        "wheelchair": null,
        "fee": null,
        "opening_hours": null,
        "source": "osm"
      }
    },
    {
      "type": "Feature",
      "geometry": {
        "type": "Point",
        "coordinates": [
          19.0837517,
          47.5321959
        ]
      },
      "properties": {
        "id": "osm-n-9025316220",
        "category": "shop",
        "name": "Vegyesbolt",
        "wheelchair": "no",
        "fee": null,
        "opening_hours": null,
        "source": "osm"
      }
    },
    {
      "type": "Feature",
      "geometry": {
        "type": "Point",
        "coordinates": [
          19.0669868,
          47.5324593
        ]
      },
      "properties": {
        "id": "osm-n-9026835412",
        "category": "water",
        "name": "Water",
        "wheelchair": null,
        "fee": null,
        "opening_hours": null,
        "source": "osm"
      }
    },
    {
      "type": "Feature",
      "geometry": {
        "type": "Point",
        "coordinates": [
          19.0611848,
          47.541761
        ]
      },
      "properties": {
        "id": "osm-n-9040183401",
        "category": "charging",
        "name": "Charging",
        "wheelchair": null,
        "fee": null,
        "opening_hours": null,
        "source": "osm"
      }
    },
    {
      "type": "Feature",
      "geometry": {
        "type": "Point",
        "coordinates": [
          19.0655333,
          47.5202783
        ]
      },
      "properties": {
        "id": "osm-n-9044936536",
        "category": "shop",
        "name": "Delicates",
        "wheelchair": null,
        "fee": null,
        "opening_hours": "Mo-Fr 07:00-19:00",
        "source": "osm"
      }
    },
    {
      "type": "Feature",
      "geometry": {
        "type": "Point",
        "coordinates": [
          19.0289825,
          47.54861
        ]
      },
      "properties": {
        "id": "osm-n-9092280076",
        "category": "info",
        "name": "Trolibusz k\u00f6zleked\u00e9s eml\u00e9kt\u00e1bla",
        "wheelchair": null,
        "fee": null,
        "opening_hours": null,
        "source": "osm"
      }
    },
    {
      "type": "Feature",
      "geometry": {
        "type": "Point",
        "coordinates": [
          19.0596673,
          47.5164397
        ]
      },
      "properties": {
        "id": "osm-n-9156219819",
        "category": "water",
        "name": "Water",
        "wheelchair": null,
        "fee": null,
        "opening_hours": null,
        "source": "osm"
      }
    },
    {
      "type": "Feature",
      "geometry": {
        "type": "Point",
        "coordinates": [
          19.07731,
          47.5318926
        ]
      },
      "properties": {
        "id": "osm-n-9168330866",
        "category": "water",
        "name": "Water",
        "wheelchair": null,
        "fee": null,
        "opening_hours": null,
        "source": "osm"
      }
    },
    {
      "type": "Feature",
      "geometry": {
        "type": "Point",
        "coordinates": [
          19.050487,
          47.5794421
        ]
      },
      "properties": {
        "id": "osm-n-9186584195",
        "category": "charging",
        "name": "E.ON",
        "wheelchair": null,
        "fee": null,
        "opening_hours": null,
        "source": "osm"
      }
    },
    {
      "type": "Feature",
      "geometry": {
        "type": "Point",
        "coordinates": [
          19.0462817,
          47.5543374
        ]
      },
      "properties": {
        "id": "osm-n-9198775504",
        "category": "parking",
        "name": "\u00d3budai Aut\u00f3jav\u00edt\u00f3 Kft. G\u00e9pj\u00e1rm\u0171t\u00e1rol\u00f3 telep",
        "wheelchair": null,
        "fee": null,
        "opening_hours": null,
        "source": "osm"
      }
    },
    {
      "type": "Feature",
      "geometry": {
        "type": "Point",
        "coordinates": [
          19.0500695,
          47.5264327
        ]
      },
      "properties": {
        "id": "osm-n-9212178518",
        "category": "water",
        "name": "Water",
        "wheelchair": null,
        "fee": null,
        "opening_hours": null,
        "source": "osm"
      }
    },
    {
      "type": "Feature",
      "geometry": {
        "type": "Point",
        "coordinates": [
          19.089752,
          47.5490495
        ]
      },
      "properties": {
        "id": "osm-n-9254639079",
        "category": "water",
        "name": "Water",
        "wheelchair": null,
        "fee": null,
        "opening_hours": null,
        "source": "osm"
      }
    },
    {
      "type": "Feature",
      "geometry": {
        "type": "Point",
        "coordinates": [
          19.0735714,
          47.5457773
        ]
      },
      "properties": {
        "id": "osm-n-9261779424",
        "category": "cafe",
        "name": "Light Roast Coffee",
        "wheelchair": null,
        "fee": null,
        "opening_hours": "Mo-Fr 07:30-15:00",
        "source": "osm"
      }
    },
    {
      "type": "Feature",
      "geometry": {
        "type": "Point",
        "coordinates": [
          19.0366413,
          47.5177714
        ]
      },
      "properties": {
        "id": "osm-n-9357920270",
        "category": "water",
        "name": "Water",
        "wheelchair": null,
        "fee": null,
        "opening_hours": null,
        "source": "osm"
      }
    },
    {
      "type": "Feature",
      "geometry": {
        "type": "Point",
        "coordinates": [
          19.0371592,
          47.5182165
        ]
      },
      "properties": {
        "id": "osm-n-9357920281",
        "category": "toilet",
        "name": "Toilet",
        "wheelchair": null,
        "fee": "no",
        "opening_hours": null,
        "source": "osm"
      }
    },
    {
      "type": "Feature",
      "geometry": {
        "type": "Point",
        "coordinates": [
          19.039019,
          47.551477
        ]
      },
      "properties": {
        "id": "osm-n-9395603844",
        "category": "info",
        "name": "0305 parkol\u00e1si \u00f6vezet",
        "wheelchair": null,
        "fee": null,
        "opening_hours": null,
        "source": "osm"
      }
    },
    {
      "type": "Feature",
      "geometry": {
        "type": "Point",
        "coordinates": [
          19.0499416,
          47.5858407
        ]
      },
      "properties": {
        "id": "osm-n-9611159216",
        "category": "parking",
        "name": "Gy\u00f3gyszert\u00e1r parkol\u00f3ja",
        "wheelchair": null,
        "fee": null,
        "opening_hours": null,
        "source": "osm"
      }
    },
    {
      "type": "Feature",
      "geometry": {
        "type": "Point",
        "coordinates": [
          19.0489586,
          47.5802675
        ]
      },
      "properties": {
        "id": "osm-n-9629189787",
        "category": "charging",
        "name": "Lidl",
        "wheelchair": null,
        "fee": "yes",
        "opening_hours": null,
        "source": "osm"
      }
    },
    {
      "type": "Feature",
      "geometry": {
        "type": "Point",
        "coordinates": [
          19.001132,
          47.5363456
        ]
      },
      "properties": {
        "id": "osm-n-9656300127",
        "category": "info",
        "name": "Info",
        "wheelchair": null,
        "fee": null,
        "opening_hours": null,
        "source": "osm"
      }
    },
    {
      "type": "Feature",
      "geometry": {
        "type": "Point",
        "coordinates": [
          19.0057899,
          47.5375882
        ]
      },
      "properties": {
        "id": "osm-n-9656300131",
        "category": "info",
        "name": "Info",
        "wheelchair": null,
        "fee": null,
        "opening_hours": null,
        "source": "osm"
      }
    },
    {
      "type": "Feature",
      "geometry": {
        "type": "Point",
        "coordinates": [
          19.0011771,
          47.5398457
        ]
      },
      "properties": {
        "id": "osm-n-9656300132",
        "category": "info",
        "name": "Info",
        "wheelchair": null,
        "fee": null,
        "opening_hours": null,
        "source": "osm"
      }
    },
    {
      "type": "Feature",
      "geometry": {
        "type": "Point",
        "coordinates": [
          19.033758,
          47.5358857
        ]
      },
      "properties": {
        "id": "osm-n-9671670369",
        "category": "cafe",
        "name": "Tandem K\u00f6nyv \u00e9s K\u00e1v\u00e9",
        "wheelchair": null,
        "fee": null,
        "opening_hours": "Mo-Fr 09:00-18:00; Sa,Su 10:00-17:00",
        "source": "osm"
      }
    },
    {
      "type": "Feature",
      "geometry": {
        "type": "Point",
        "coordinates": [
          19.044264,
          47.5457321
        ]
      },
      "properties": {
        "id": "osm-n-9705836470",
        "category": "toilet",
        "name": "Toilet",
        "wheelchair": null,
        "fee": null,
        "opening_hours": null,
        "source": "osm"
      }
    },
    {
      "type": "Feature",
      "geometry": {
        "type": "Point",
        "coordinates": [
          19.0241599,
          47.5208097
        ]
      },
      "properties": {
        "id": "osm-n-9707494971",
        "category": "water",
        "name": "Water",
        "wheelchair": null,
        "fee": null,
        "opening_hours": null,
        "source": "osm"
      }
    },
    {
      "type": "Feature",
      "geometry": {
        "type": "Point",
        "coordinates": [
          19.025497,
          47.5282253
        ]
      },
      "properties": {
        "id": "osm-n-9737821244",
        "category": "info",
        "name": "Szeml\u0151-hegyi-barlang felsz\u00edne",
        "wheelchair": null,
        "fee": null,
        "opening_hours": null,
        "source": "osm"
      }
    },
    {
      "type": "Feature",
      "geometry": {
        "type": "Point",
        "coordinates": [
          19.0253785,
          47.5282159
        ]
      },
      "properties": {
        "id": "osm-n-9737821245",
        "category": "info",
        "name": "K\u0151park Tan\u00f6sv\u00e9ny",
        "wheelchair": null,
        "fee": null,
        "opening_hours": null,
        "source": "osm"
      }
    },
    {
      "type": "Feature",
      "geometry": {
        "type": "Point",
        "coordinates": [
          19.0250667,
          47.5278318
        ]
      },
      "properties": {
        "id": "osm-n-9737821262",
        "category": "info",
        "name": "Szeml\u0151-hegyi Tan\u00f6sv\u00e9ny Bazalt",
        "wheelchair": null,
        "fee": null,
        "opening_hours": null,
        "source": "osm"
      }
    },
    {
      "type": "Feature",
      "geometry": {
        "type": "Point",
        "coordinates": [
          19.0659944,
          47.5215204
        ]
      },
      "properties": {
        "id": "osm-n-9766943403",
        "category": "cafe",
        "name": "D\u00f3zis",
        "wheelchair": "yes",
        "fee": null,
        "opening_hours": "Mo-Fr 07:30-17:00; Sa-Su 08:00-14:00",
        "source": "osm"
      }
    },
    {
      "type": "Feature",
      "geometry": {
        "type": "Point",
        "coordinates": [
          19.0657759,
          47.5216011
        ]
      },
      "properties": {
        "id": "osm-n-9766943404",
        "category": "cafe",
        "name": "Stikli",
        "wheelchair": null,
        "fee": null,
        "opening_hours": "Mo-Fr 08:00-21:00",
        "source": "osm"
      }
    },
    {
      "type": "Feature",
      "geometry": {
        "type": "Point",
        "coordinates": [
          19.0897886,
          47.5604752
        ]
      },
      "properties": {
        "id": "osm-n-9781470906",
        "category": "water",
        "name": "Water",
        "wheelchair": null,
        "fee": null,
        "opening_hours": null,
        "source": "osm"
      }
    },
    {
      "type": "Feature",
      "geometry": {
        "type": "Point",
        "coordinates": [
          19.0604555,
          47.5343442
        ]
      },
      "properties": {
        "id": "osm-n-9781490505",
        "category": "water",
        "name": "Water",
        "wheelchair": null,
        "fee": null,
        "opening_hours": null,
        "source": "osm"
      }
    },
    {
      "type": "Feature",
      "geometry": {
        "type": "Point",
        "coordinates": [
          19.0861756,
          47.5316036
        ]
      },
      "properties": {
        "id": "osm-n-9781557197",
        "category": "shop",
        "name": "Vegyesbolt",
        "wheelchair": null,
        "fee": null,
        "opening_hours": "Mo-Fr 05:00-18:00",
        "source": "osm"
      }
    },
    {
      "type": "Feature",
      "geometry": {
        "type": "Point",
        "coordinates": [
          19.0890703,
          47.5494228
        ]
      },
      "properties": {
        "id": "osm-n-9854348232",
        "category": "water",
        "name": "Water",
        "wheelchair": null,
        "fee": null,
        "opening_hours": null,
        "source": "osm"
      }
    },
    {
      "type": "Feature",
      "geometry": {
        "type": "Point",
        "coordinates": [
          19.089852,
          47.5496162
        ]
      },
      "properties": {
        "id": "osm-n-9854377384",
        "category": "water",
        "name": "Water",
        "wheelchair": null,
        "fee": null,
        "opening_hours": null,
        "source": "osm"
      }
    },
    {
      "type": "Feature",
      "geometry": {
        "type": "Point",
        "coordinates": [
          19.0698531,
          47.538472
        ]
      },
      "properties": {
        "id": "osm-n-9861784835",
        "category": "shop",
        "name": "Spar Express",
        "wheelchair": null,
        "fee": null,
        "opening_hours": "24/7",
        "source": "osm"
      }
    },
    {
      "type": "Feature",
      "geometry": {
        "type": "Point",
        "coordinates": [
          19.0390535,
          47.5312531
        ]
      },
      "properties": {
        "id": "osm-n-9871689617",
        "category": "clinic",
        "name": "G1 int\u00e9zet",
        "wheelchair": null,
        "fee": null,
        "opening_hours": null,
        "source": "osm"
      }
    },
    {
      "type": "Feature",
      "geometry": {
        "type": "Point",
        "coordinates": [
          19.0710733,
          47.5284705
        ]
      },
      "properties": {
        "id": "osm-n-9872643001",
        "category": "water",
        "name": "Water",
        "wheelchair": null,
        "fee": null,
        "opening_hours": null,
        "source": "osm"
      }
    },
    {
      "type": "Feature",
      "geometry": {
        "type": "Point",
        "coordinates": [
          19.0507208,
          47.5183109
        ]
      },
      "properties": {
        "id": "osm-n-9914739667",
        "category": "water",
        "name": "Water",
        "wheelchair": null,
        "fee": null,
        "opening_hours": null,
        "source": "osm"
      }
    },
    {
      "type": "Feature",
      "geometry": {
        "type": "Point",
        "coordinates": [
          19.0620672,
          47.5317298
        ]
      },
      "properties": {
        "id": "osm-n-9932990912",
        "category": "water",
        "name": "Water",
        "wheelchair": null,
        "fee": null,
        "opening_hours": null,
        "source": "osm"
      }
    },
    {
      "type": "Feature",
      "geometry": {
        "type": "Point",
        "coordinates": [
          19.0634631,
          47.5280545
        ]
      },
      "properties": {
        "id": "osm-n-9933002544",
        "category": "water",
        "name": "Water",
        "wheelchair": null,
        "fee": null,
        "opening_hours": null,
        "source": "osm"
      }
    },
    {
      "type": "Feature",
      "geometry": {
        "type": "Point",
        "coordinates": [
          19.0762557,
          47.5436372
        ]
      },
      "properties": {
        "id": "osm-n-9934332561",
        "category": "cafe",
        "name": "Olvas\u00f3 l\u00e1ny boltja",
        "wheelchair": null,
        "fee": null,
        "opening_hours": null,
        "source": "osm"
      }
    },
    {
      "type": "Feature",
      "geometry": {
        "type": "Point",
        "coordinates": [
          19.0413546,
          47.5547623
        ]
      },
      "properties": {
        "id": "osm-n-9935501443",
        "category": "charging",
        "name": "E.ON Drive",
        "wheelchair": null,
        "fee": "yes",
        "opening_hours": "24/7",
        "source": "osm"
      }
    },
    {
      "type": "Feature",
      "geometry": {
        "type": "Point",
        "coordinates": [
          19.038046,
          47.5279685
        ]
      },
      "properties": {
        "id": "osm-n-9954562123",
        "category": "cafe",
        "name": "Bruno Dolce & Caff\u00e9",
        "wheelchair": null,
        "fee": null,
        "opening_hours": null,
        "source": "osm"
      }
    },
    {
      "type": "Feature",
      "geometry": {
        "type": "Point",
        "coordinates": [
          19.0816104,
          47.5744196
        ]
      },
      "properties": {
        "id": "osm-n-9965560293",
        "category": "shop",
        "name": "Spar Express",
        "wheelchair": null,
        "fee": null,
        "opening_hours": "24/7",
        "source": "osm"
      }
    },
    {
      "type": "Feature",
      "geometry": {
        "type": "Point",
        "coordinates": [
          19.0371484,
          47.5233598
        ]
      },
      "properties": {
        "id": "osm-n-9995817502",
        "category": "water",
        "name": "Water",
        "wheelchair": null,
        "fee": null,
        "opening_hours": null,
        "source": "osm"
      }
    },
    {
      "type": "Feature",
      "geometry": {
        "type": "Point",
        "coordinates": [
          19.0372157,
          47.5228156
        ]
      },
      "properties": {
        "id": "osm-n-9995819292",
        "category": "water",
        "name": "Water",
        "wheelchair": null,
        "fee": null,
        "opening_hours": null,
        "source": "osm"
      }
    },
    {
      "type": "Feature",
      "geometry": {
        "type": "Point",
        "coordinates": [
          19.0431914,
          47.5505738
        ]
      },
      "properties": {
        "id": "osm-n-10106264783",
        "category": "charging",
        "name": "Charging",
        "wheelchair": null,
        "fee": null,
        "opening_hours": null,
        "source": "osm"
      }
    },
    {
      "type": "Feature",
      "geometry": {
        "type": "Point",
        "coordinates": [
          18.9975131,
          47.5502068
        ]
      },
      "properties": {
        "id": "osm-n-10123968957",
        "category": "info",
        "name": "Info",
        "wheelchair": null,
        "fee": null,
        "opening_hours": null,
        "source": "osm"
      }
    },
    {
      "type": "Feature",
      "geometry": {
        "type": "Point",
        "coordinates": [
          19.0371293,
          47.5235147
        ]
      },
      "properties": {
        "id": "osm-n-10127604288",
        "category": "water",
        "name": "Water",
        "wheelchair": null,
        "fee": null,
        "opening_hours": null,
        "source": "osm"
      }
    },
    {
      "type": "Feature",
      "geometry": {
        "type": "Point",
        "coordinates": [
          19.0376805,
          47.5230997
        ]
      },
      "properties": {
        "id": "osm-n-10127609004",
        "category": "info",
        "name": "Ker\u00e9kp\u00e1r tartoz\u00e9kai",
        "wheelchair": null,
        "fee": null,
        "opening_hours": null,
        "source": "osm"
      }
    },
    {
      "type": "Feature",
      "geometry": {
        "type": "Point",
        "coordinates": [
          19.0376711,
          47.5230933
        ]
      },
      "properties": {
        "id": "osm-n-10127609005",
        "category": "info",
        "name": "Jelz\u0151l\u00e1mpa",
        "wheelchair": null,
        "fee": null,
        "opening_hours": null,
        "source": "osm"
      }
    },
    {
      "type": "Feature",
      "geometry": {
        "type": "Point",
        "coordinates": [
          19.0376574,
          47.5230907
        ]
      },
      "properties": {
        "id": "osm-n-10127609006",
        "category": "info",
        "name": "Jelz\u0151t\u00e1bl\u00e1k",
        "wheelchair": null,
        "fee": null,
        "opening_hours": null,
        "source": "osm"
      }
    },
    {
      "type": "Feature",
      "geometry": {
        "type": "Point",
        "coordinates": [
          19.0285687,
          47.5457005
        ]
      },
      "properties": {
        "id": "osm-n-10170137367",
        "category": "charging",
        "name": "Charging",
        "wheelchair": null,
        "fee": "yes",
        "opening_hours": null,
        "source": "osm"
      }
    },
    {
      "type": "Feature",
      "geometry": {
        "type": "Point",
        "coordinates": [
          19.0286093,
          47.545706
        ]
      },
      "properties": {
        "id": "osm-n-10170137368",
        "category": "charging",
        "name": "Charging",
        "wheelchair": null,
        "fee": "yes",
        "opening_hours": null,
        "source": "osm"
      }
    },
    {
      "type": "Feature",
      "geometry": {
        "type": "Point",
        "coordinates": [
          19.0275172,
          47.5463664
        ]
      },
      "properties": {
        "id": "osm-n-10170137384",
        "category": "toilet",
        "name": "Toilet",
        "wheelchair": "designated",
        "fee": null,
        "opening_hours": null,
        "source": "osm"
      }
    },
    {
      "type": "Feature",
      "geometry": {
        "type": "Point",
        "coordinates": [
          19.0274754,
          47.5463627
        ]
      },
      "properties": {
        "id": "osm-n-10170137385",
        "category": "toilet",
        "name": "Toilet",
        "wheelchair": null,
        "fee": null,
        "opening_hours": null,
        "source": "osm"
      }
    },
    {
      "type": "Feature",
      "geometry": {
        "type": "Point",
        "coordinates": [
          19.0275612,
          47.5463703
        ]
      },
      "properties": {
        "id": "osm-n-10170137386",
        "category": "toilet",
        "name": "Toilet",
        "wheelchair": null,
        "fee": null,
        "opening_hours": null,
        "source": "osm"
      }
    },
    {
      "type": "Feature",
      "geometry": {
        "type": "Point",
        "coordinates": [
          19.0278841,
          47.5464154
        ]
      },
      "properties": {
        "id": "osm-n-10170137389",
        "category": "cafe",
        "name": "Oxo Bubble",
        "wheelchair": null,
        "fee": null,
        "opening_hours": "Mo-Sa 10:00-20:00; Su 10:00-19:00",
        "source": "osm"
      }
    },
    {
      "type": "Feature",
      "geometry": {
        "type": "Point",
        "coordinates": [
          19.0280011,
          47.5467206
        ]
      },
      "properties": {
        "id": "osm-n-10170137400",
        "category": "cafe",
        "name": "Cafe Frei",
        "wheelchair": null,
        "fee": null,
        "opening_hours": "Mo-Fr 08:30-20:30; Sa 09:30-20:30; Su 09:30-19:30",
        "source": "osm"
      }
    },
    {
      "type": "Feature",
      "geometry": {
        "type": "Point",
        "coordinates": [
          19.0274255,
          47.5465738
        ]
      },
      "properties": {
        "id": "osm-n-10170137402",
        "category": "toilet",
        "name": "Toilet",
        "wheelchair": "designated",
        "fee": null,
        "opening_hours": null,
        "source": "osm"
      }
    },
    {
      "type": "Feature",
      "geometry": {
        "type": "Point",
        "coordinates": [
          19.0273837,
          47.5465702
        ]
      },
      "properties": {
        "id": "osm-n-10170137403",
        "category": "toilet",
        "name": "Toilet",
        "wheelchair": null,
        "fee": null,
        "opening_hours": null,
        "source": "osm"
      }
    },
    {
      "type": "Feature",
      "geometry": {
        "type": "Point",
        "coordinates": [
          19.0274695,
          47.5465777
        ]
      },
      "properties": {
        "id": "osm-n-10170137404",
        "category": "toilet",
        "name": "Toilet",
        "wheelchair": null,
        "fee": null,
        "opening_hours": null,
        "source": "osm"
      }
    },
    {
      "type": "Feature",
      "geometry": {
        "type": "Point",
        "coordinates": [
          19.0282572,
          47.5463502
        ]
      },
      "properties": {
        "id": "osm-n-10170137415",
        "category": "cafe",
        "name": "Szamos Cukr\u00e1szda",
        "wheelchair": null,
        "fee": null,
        "opening_hours": null,
        "source": "osm"
      }
    },
    {
      "type": "Feature",
      "geometry": {
        "type": "Point",
        "coordinates": [
          19.028839,
          47.5456983
        ]
      },
      "properties": {
        "id": "osm-n-10174369825",
        "category": "charging",
        "name": "Charging",
        "wheelchair": null,
        "fee": "yes",
        "opening_hours": null,
        "source": "osm"
      }
    },
    {
      "type": "Feature",
      "geometry": {
        "type": "Point",
        "coordinates": [
          19.0288303,
          47.5457338
        ]
      },
      "properties": {
        "id": "osm-n-10174369826",
        "category": "charging",
        "name": "Charging",
        "wheelchair": null,
        "fee": "yes",
        "opening_hours": null,
        "source": "osm"
      }
    },
    {
      "type": "Feature",
      "geometry": {
        "type": "Point",
        "coordinates": [
          19.0288228,
          47.5457711
        ]
      },
      "properties": {
        "id": "osm-n-10174369827",
        "category": "charging",
        "name": "Charging",
        "wheelchair": null,
        "fee": "yes",
        "opening_hours": null,
        "source": "osm"
      }
    },
    {
      "type": "Feature",
      "geometry": {
        "type": "Point",
        "coordinates": [
          19.0286755,
          47.5457149
        ]
      },
      "properties": {
        "id": "osm-n-10174369828",
        "category": "charging",
        "name": "Charging",
        "wheelchair": null,
        "fee": "yes",
        "opening_hours": null,
        "source": "osm"
      }
    },
    {
      "type": "Feature",
      "geometry": {
        "type": "Point",
        "coordinates": [
          19.027848,
          47.5466818
        ]
      },
      "properties": {
        "id": "osm-n-10174369832",
        "category": "info",
        "name": "Info",
        "wheelchair": null,
        "fee": null,
        "opening_hours": null,
        "source": "osm"
      }
    },
    {
      "type": "Feature",
      "geometry": {
        "type": "Point",
        "coordinates": [
          19.0277774,
          47.5468095
        ]
      },
      "properties": {
        "id": "osm-n-10174369833",
        "category": "info",
        "name": "\u00c1trium",
        "wheelchair": null,
        "fee": null,
        "opening_hours": null,
        "source": "osm"
      }
    },
    {
      "type": "Feature",
      "geometry": {
        "type": "Point",
        "coordinates": [
          19.0407192,
          47.5424495
        ]
      },
      "properties": {
        "id": "osm-n-10175530932",
        "category": "toilet",
        "name": "Toilet",
        "wheelchair": null,
        "fee": "yes",
        "opening_hours": null,
        "source": "osm"
      }
    },
    {
      "type": "Feature",
      "geometry": {
        "type": "Point",
        "coordinates": [
          19.0437867,
          47.5574077
        ]
      },
      "properties": {
        "id": "osm-n-10187950682",
        "category": "aed",
        "name": "Aed",
        "wheelchair": null,
        "fee": null,
        "opening_hours": null,
        "source": "osm"
      }
    },
    {
      "type": "Feature",
      "geometry": {
        "type": "Point",
        "coordinates": [
          19.0295078,
          47.5327846
        ]
      },
      "properties": {
        "id": "osm-n-10231845072",
        "category": "parking",
        "name": "Parking",
        "wheelchair": null,
        "fee": null,
        "opening_hours": null,
        "source": "osm"
      }
    },
    {
      "type": "Feature",
      "geometry": {
        "type": "Point",
        "coordinates": [
          19.0509769,
          47.5787395
        ]
      },
      "properties": {
        "id": "osm-n-10296384192",
        "category": "fuel",
        "name": "PB G\u00c1Z-KER Kft.",
        "wheelchair": null,
        "fee": null,
        "opening_hours": null,
        "source": "osm"
      }
    },
    {
      "type": "Feature",
      "geometry": {
        "type": "Point",
        "coordinates": [
          19.0172187,
          47.5325483
        ]
      },
      "properties": {
        "id": "osm-n-10543730260",
        "category": "info",
        "name": "Info",
        "wheelchair": null,
        "fee": null,
        "opening_hours": null,
        "source": "osm"
      }
    },
    {
      "type": "Feature",
      "geometry": {
        "type": "Point",
        "coordinates": [
          19.0244051,
          47.5598033
        ]
      },
      "properties": {
        "id": "osm-n-10552705029",
        "category": "parking",
        "name": "Shell",
        "wheelchair": null,
        "fee": "no",
        "opening_hours": null,
        "source": "osm"
      }
    },
    {
      "type": "Feature",
      "geometry": {
        "type": "Point",
        "coordinates": [
          19.0244056,
          47.5598926
        ]
      },
      "properties": {
        "id": "osm-n-10552705030",
        "category": "parking",
        "name": "Shell",
        "wheelchair": null,
        "fee": "no",
        "opening_hours": null,
        "source": "osm"
      }
    },
    {
      "type": "Feature",
      "geometry": {
        "type": "Point",
        "coordinates": [
          19.0160021,
          47.5723775
        ]
      },
      "properties": {
        "id": "osm-n-10573465783",
        "category": "toilet",
        "name": "Emil Cukr\u00e1szda",
        "wheelchair": "limited",
        "fee": null,
        "opening_hours": null,
        "source": "osm"
      }
    },
    {
      "type": "Feature",
      "geometry": {
        "type": "Point",
        "coordinates": [
          19.0159981,
          47.5723845
        ]
      },
      "properties": {
        "id": "osm-n-10573465784",
        "category": "toilet",
        "name": "Emil Cukr\u00e1szda",
        "wheelchair": null,
        "fee": null,
        "opening_hours": null,
        "source": "osm"
      }
    },
    {
      "type": "Feature",
      "geometry": {
        "type": "Point",
        "coordinates": [
          19.0302208,
          47.5510121
        ]
      },
      "properties": {
        "id": "osm-n-10657903881",
        "category": "parking",
        "name": "Parking",
        "wheelchair": null,
        "fee": "no",
        "opening_hours": null,
        "source": "osm"
      }
    },
    {
      "type": "Feature",
      "geometry": {
        "type": "Point",
        "coordinates": [
          19.0392609,
          47.5153745
        ]
      },
      "properties": {
        "id": "osm-n-10680537253",
        "category": "info",
        "name": "BKK",
        "wheelchair": null,
        "fee": null,
        "opening_hours": null,
        "source": "osm"
      }
    },
    {
      "type": "Feature",
      "geometry": {
        "type": "Point",
        "coordinates": [
          19.0495862,
          47.5593351
        ]
      },
      "properties": {
        "id": "osm-n-10687524915",
        "category": "aed",
        "name": "Aed",
        "wheelchair": null,
        "fee": null,
        "opening_hours": null,
        "source": "osm"
      }
    },
    {
      "type": "Feature",
      "geometry": {
        "type": "Point",
        "coordinates": [
          19.0821541,
          47.5597199
        ]
      },
      "properties": {
        "id": "osm-n-10689613846",
        "category": "info",
        "name": "BKK",
        "wheelchair": null,
        "fee": null,
        "opening_hours": null,
        "source": "osm"
      }
    },
    {
      "type": "Feature",
      "geometry": {
        "type": "Point",
        "coordinates": [
          19.0780068,
          47.5322022
        ]
      },
      "properties": {
        "id": "osm-n-10699776970",
        "category": "aed",
        "name": "Aed",
        "wheelchair": null,
        "fee": null,
        "opening_hours": null,
        "source": "osm"
      }
    },
    {
      "type": "Feature",
      "geometry": {
        "type": "Point",
        "coordinates": [
          19.0725696,
          47.5496233
        ]
      },
      "properties": {
        "id": "osm-n-10719323645",
        "category": "cafe",
        "name": "Cafe Frei",
        "wheelchair": "yes",
        "fee": null,
        "opening_hours": null,
        "source": "osm"
      }
    },
    {
      "type": "Feature",
      "geometry": {
        "type": "Point",
        "coordinates": [
          19.0475161,
          47.5279284
        ]
      },
      "properties": {
        "id": "osm-n-10727272580",
        "category": "water",
        "name": "Water",
        "wheelchair": "yes",
        "fee": "no",
        "opening_hours": null,
        "source": "osm"
      }
    },
    {
      "type": "Feature",
      "geometry": {
        "type": "Point",
        "coordinates": [
          19.0318581,
          47.5395007
        ]
      },
      "properties": {
        "id": "osm-n-10739037689",
        "category": "parking",
        "name": "Szal\u00e9zi",
        "wheelchair": null,
        "fee": null,
        "opening_hours": null,
        "source": "osm"
      }
    },
    {
      "type": "Feature",
      "geometry": {
        "type": "Point",
        "coordinates": [
          19.0315577,
          47.5395016
        ]
      },
      "properties": {
        "id": "osm-n-10739056970",
        "category": "cafe",
        "name": "Don Bosco Cukr\u00e1szda",
        "wheelchair": "yes",
        "fee": null,
        "opening_hours": "Mo-Sa 09:00-19:00; Su 08:30-19:00",
        "source": "osm"
      }
    },
    {
      "type": "Feature",
      "geometry": {
        "type": "Point",
        "coordinates": [
          19.0057898,
          47.5467581
        ]
      },
      "properties": {
        "id": "osm-n-10743609950",
        "category": "info",
        "name": "Guckler K\u00e1roly tan\u00f6sv\u00e9ny 1:Szeretettel k\u00f6sz\u00f6nt\u00fcnk!",
        "wheelchair": null,
        "fee": null,
        "opening_hours": null,
        "source": "osm"
      }
    },
    {
      "type": "Feature",
      "geometry": {
        "type": "Point",
        "coordinates": [
          19.0493988,
          47.5595543
        ]
      },
      "properties": {
        "id": "osm-n-10744938980",
        "category": "shop",
        "name": "Norbi Update",
        "wheelchair": null,
        "fee": null,
        "opening_hours": null,
        "source": "osm"
      }
    },
    {
      "type": "Feature",
      "geometry": {
        "type": "Point",
        "coordinates": [
          19.0789062,
          47.527479
        ]
      },
      "properties": {
        "id": "osm-n-10747691698",
        "category": "cafe",
        "name": "Stay. Coffee",
        "wheelchair": "yes",
        "fee": null,
        "opening_hours": "Mo-Fr 08:00-12:00,13:00-16:00; Sa-Su 09:00-12:00,13:00-16:00",
        "source": "osm"
      }
    },
    {
      "type": "Feature",
      "geometry": {
        "type": "Point",
        "coordinates": [
          19.0827657,
          47.5311025
        ]
      },
      "properties": {
        "id": "osm-n-10753977098",
        "category": "shop",
        "name": "Vegyeskeresked\u00e9s",
        "wheelchair": null,
        "fee": null,
        "opening_hours": "Mo-Sa 08:00-19:30; Su 08:30-17:00",
        "source": "osm"
      }
    },
    {
      "type": "Feature",
      "geometry": {
        "type": "Point",
        "coordinates": [
          19.0586578,
          47.5147903
        ]
      },
      "properties": {
        "id": "osm-n-10756250927",
        "category": "shop",
        "name": "ABC",
        "wheelchair": null,
        "fee": null,
        "opening_hours": "24/7",
        "source": "osm"
      }
    },
    {
      "type": "Feature",
      "geometry": {
        "type": "Point",
        "coordinates": [
          19.0741732,
          47.5282819
        ]
      },
      "properties": {
        "id": "osm-n-10756340606",
        "category": "cafe",
        "name": "Alzacaf\u00e9",
        "wheelchair": "yes",
        "fee": null,
        "opening_hours": null,
        "source": "osm"
      }
    },
    {
      "type": "Feature",
      "geometry": {
        "type": "Point",
        "coordinates": [
          19.079644,
          47.5559419
        ]
      },
      "properties": {
        "id": "osm-n-10771356384",
        "category": "toilet",
        "name": "Toilet",
        "wheelchair": "yes",
        "fee": "yes",
        "opening_hours": null,
        "source": "osm"
      }
    },
    {
      "type": "Feature",
      "geometry": {
        "type": "Point",
        "coordinates": [
          19.0728415,
          47.5503733
        ]
      },
      "properties": {
        "id": "osm-n-10771364159",
        "category": "cafe",
        "name": "McCaf\u00e9",
        "wheelchair": "yes",
        "fee": null,
        "opening_hours": "Mo-Su 08:00-20:00",
        "source": "osm"
      }
    },
    {
      "type": "Feature",
      "geometry": {
        "type": "Point",
        "coordinates": [
          19.0674864,
          47.5190542
        ]
      },
      "properties": {
        "id": "osm-n-10778018658",
        "category": "aed",
        "name": "Aed",
        "wheelchair": null,
        "fee": null,
        "opening_hours": null,
        "source": "osm"
      }
    },
    {
      "type": "Feature",
      "geometry": {
        "type": "Point",
        "coordinates": [
          19.0799337,
          47.5555654
        ]
      },
      "properties": {
        "id": "osm-n-10779835690",
        "category": "aed",
        "name": "Tesco",
        "wheelchair": null,
        "fee": null,
        "opening_hours": null,
        "source": "osm"
      }
    },
    {
      "type": "Feature",
      "geometry": {
        "type": "Point",
        "coordinates": [
          19.0798914,
          47.5292669
        ]
      },
      "properties": {
        "id": "osm-n-10781031210",
        "category": "shop",
        "name": "Szuper Diszkont",
        "wheelchair": "no",
        "fee": null,
        "opening_hours": "Mo-Fr 07:00-19:00; Sa 08:00-16:00; Su 09:00-14:00",
        "source": "osm"
      }
    },
    {
      "type": "Feature",
      "geometry": {
        "type": "Point",
        "coordinates": [
          19.0799519,
          47.5293722
        ]
      },
      "properties": {
        "id": "osm-n-10781031211",
        "category": "shop",
        "name": "Vegyes Diszkont",
        "wheelchair": "limited",
        "fee": null,
        "opening_hours": "Mo-Fr 07:00-19:00; Sa 08:00-18:00; Su 09:00-15:00",
        "source": "osm"
      }
    },
    {
      "type": "Feature",
      "geometry": {
        "type": "Point",
        "coordinates": [
          19.0689793,
          47.5205866
        ]
      },
      "properties": {
        "id": "osm-n-10781048765",
        "category": "shop",
        "name": "Jutka ABC",
        "wheelchair": "no",
        "fee": null,
        "opening_hours": "Mo-Fr 06:00-20:00; Sa 07:00-20:00; Su 08:00-20:00",
        "source": "osm"
      }
    },
    {
      "type": "Feature",
      "geometry": {
        "type": "Point",
        "coordinates": [
          19.0320681,
          47.537343
        ]
      },
      "properties": {
        "id": "osm-n-10782643254",
        "category": "aed",
        "name": "Mediaworks",
        "wheelchair": "no",
        "fee": null,
        "opening_hours": "Mo-Fr 08:00-18:00",
        "source": "osm"
      }
    },
    {
      "type": "Feature",
      "geometry": {
        "type": "Point",
        "coordinates": [
          19.070615,
          47.5323016
        ]
      },
      "properties": {
        "id": "osm-n-10788272870",
        "category": "cafe",
        "name": "Csillag\u00f6sv\u00e9ny",
        "wheelchair": null,
        "fee": null,
        "opening_hours": "Mo-Fr 07:00-21:00; Sa-Su 08:00-21:00",
        "source": "osm"
      }
    },
    {
      "type": "Feature",
      "geometry": {
        "type": "Point",
        "coordinates": [
          19.0649698,
          47.5293378
        ]
      },
      "properties": {
        "id": "osm-n-10788416024",
        "category": "shop",
        "name": "Manna ABC",
        "wheelchair": null,
        "fee": null,
        "opening_hours": "24/7",
        "source": "osm"
      }
    },
    {
      "type": "Feature",
      "geometry": {
        "type": "Point",
        "coordinates": [
          19.0686171,
          47.5378559
        ]
      },
      "properties": {
        "id": "osm-n-10824557483",
        "category": "cafe",
        "name": "Corner Cafe",
        "wheelchair": null,
        "fee": null,
        "opening_hours": null,
        "source": "osm"
      }
    },
    {
      "type": "Feature",
      "geometry": {
        "type": "Point",
        "coordinates": [
          19.0722414,
          47.5496933
        ]
      },
      "properties": {
        "id": "osm-n-10827638917",
        "category": "aed",
        "name": "Aed",
        "wheelchair": null,
        "fee": null,
        "opening_hours": null,
        "source": "osm"
      }
    },
    {
      "type": "Feature",
      "geometry": {
        "type": "Point",
        "coordinates": [
          19.0406848,
          47.5593868
        ]
      },
      "properties": {
        "id": "osm-n-10837047578",
        "category": "fuel",
        "name": "Mobil-G\u00e1z",
        "wheelchair": "yes",
        "fee": null,
        "opening_hours": "Mo-Fr 06:00-20:00; Sa-Su 08:00-15:00",
        "source": "osm"
      }
    },
    {
      "type": "Feature",
      "geometry": {
        "type": "Point",
        "coordinates": [
          19.0613787,
          47.5184008
        ]
      },
      "properties": {
        "id": "osm-n-10855630726",
        "category": "aed",
        "name": "Aed",
        "wheelchair": null,
        "fee": null,
        "opening_hours": null,
        "source": "osm"
      }
    },
    {
      "type": "Feature",
      "geometry": {
        "type": "Point",
        "coordinates": [
          19.0620931,
          47.5325812
        ]
      },
      "properties": {
        "id": "osm-n-10860175803",
        "category": "water",
        "name": "Water",
        "wheelchair": null,
        "fee": null,
        "opening_hours": null,
        "source": "osm"
      }
    },
    {
      "type": "Feature",
      "geometry": {
        "type": "Point",
        "coordinates": [
          19.0568113,
          47.5222965
        ]
      },
      "properties": {
        "id": "osm-n-10860243359",
        "category": "charging",
        "name": "Pappas Auto",
        "wheelchair": null,
        "fee": null,
        "opening_hours": null,
        "source": "osm"
      }
    },
    {
      "type": "Feature",
      "geometry": {
        "type": "Point",
        "coordinates": [
          19.0566542,
          47.5227694
        ]
      },
      "properties": {
        "id": "osm-n-10860290772",
        "category": "water",
        "name": "Water",
        "wheelchair": null,
        "fee": null,
        "opening_hours": null,
        "source": "osm"
      }
    },
    {
      "type": "Feature",
      "geometry": {
        "type": "Point",
        "coordinates": [
          19.0621583,
          47.531526
        ]
      },
      "properties": {
        "id": "osm-n-10860411360",
        "category": "toilet",
        "name": "Toilet",
        "wheelchair": "yes",
        "fee": "no",
        "opening_hours": null,
        "source": "osm"
      }
    },
    {
      "type": "Feature",
      "geometry": {
        "type": "Point",
        "coordinates": [
          19.0312251,
          47.5404568
        ]
      },
      "properties": {
        "id": "osm-n-10864781811",
        "category": "shop",
        "name": "Big Apple",
        "wheelchair": "no",
        "fee": null,
        "opening_hours": "Mo-Fr 06:00-20:00; Sa 08:00-16:00",
        "source": "osm"
      }
    },
    {
      "type": "Feature",
      "geometry": {
        "type": "Point",
        "coordinates": [
          19.0615678,
          47.5185469
        ]
      },
      "properties": {
        "id": "osm-n-10872910594",
        "category": "water",
        "name": "Water",
        "wheelchair": null,
        "fee": null,
        "opening_hours": null,
        "source": "osm"
      }
    },
    {
      "type": "Feature",
      "geometry": {
        "type": "Point",
        "coordinates": [
          19.0779453,
          47.5324091
        ]
      },
      "properties": {
        "id": "osm-n-10913762527",
        "category": "water",
        "name": "Water",
        "wheelchair": null,
        "fee": null,
        "opening_hours": null,
        "source": "osm"
      }
    },
    {
      "type": "Feature",
      "geometry": {
        "type": "Point",
        "coordinates": [
          19.0802408,
          47.5628478
        ]
      },
      "properties": {
        "id": "osm-n-10937924762",
        "category": "water",
        "name": "Water",
        "wheelchair": null,
        "fee": null,
        "opening_hours": null,
        "source": "osm"
      }
    },
    {
      "type": "Feature",
      "geometry": {
        "type": "Point",
        "coordinates": [
          19.0673432,
          47.5383809
        ]
      },
      "properties": {
        "id": "osm-n-10965521402",
        "category": "cafe",
        "name": "NaNa",
        "wheelchair": null,
        "fee": null,
        "opening_hours": "Mo-Fr 07:00-16:00",
        "source": "osm"
      }
    },
    {
      "type": "Feature",
      "geometry": {
        "type": "Point",
        "coordinates": [
          19.0504692,
          47.5276042
        ]
      },
      "properties": {
        "id": "osm-n-10977751818",
        "category": "water",
        "name": "Water",
        "wheelchair": null,
        "fee": null,
        "opening_hours": null,
        "source": "osm"
      }
    },
    {
      "type": "Feature",
      "geometry": {
        "type": "Point",
        "coordinates": [
          19.0667687,
          47.5328245
        ]
      },
      "properties": {
        "id": "osm-n-10994013990",
        "category": "water",
        "name": "Water",
        "wheelchair": null,
        "fee": null,
        "opening_hours": null,
        "source": "osm"
      }
    },
    {
      "type": "Feature",
      "geometry": {
        "type": "Point",
        "coordinates": [
          19.0670098,
          47.5326747
        ]
      },
      "properties": {
        "id": "osm-n-10994069687",
        "category": "water",
        "name": "Water",
        "wheelchair": null,
        "fee": null,
        "opening_hours": null,
        "source": "osm"
      }
    },
    {
      "type": "Feature",
      "geometry": {
        "type": "Point",
        "coordinates": [
          19.0576862,
          47.5188637
        ]
      },
      "properties": {
        "id": "osm-n-10994136667",
        "category": "water",
        "name": "Water",
        "wheelchair": null,
        "fee": null,
        "opening_hours": null,
        "source": "osm"
      }
    },
    {
      "type": "Feature",
      "geometry": {
        "type": "Point",
        "coordinates": [
          19.0582723,
          47.5192118
        ]
      },
      "properties": {
        "id": "osm-n-10994158793",
        "category": "water",
        "name": "Water",
        "wheelchair": null,
        "fee": null,
        "opening_hours": null,
        "source": "osm"
      }
    },
    {
      "type": "Feature",
      "geometry": {
        "type": "Point",
        "coordinates": [
          19.077719,
          47.5322351
        ]
      },
      "properties": {
        "id": "osm-n-10997640486",
        "category": "water",
        "name": "Water",
        "wheelchair": null,
        "fee": null,
        "opening_hours": null,
        "source": "osm"
      }
    },
    {
      "type": "Feature",
      "geometry": {
        "type": "Point",
        "coordinates": [
          19.0627317,
          47.5709651
        ]
      },
      "properties": {
        "id": "osm-n-11030649862",
        "category": "water",
        "name": "Water",
        "wheelchair": null,
        "fee": null,
        "opening_hours": null,
        "source": "osm"
      }
    },
    {
      "type": "Feature",
      "geometry": {
        "type": "Point",
        "coordinates": [
          19.053216,
          47.5606905
        ]
      },
      "properties": {
        "id": "osm-n-11033813183",
        "category": "info",
        "name": "Info",
        "wheelchair": null,
        "fee": null,
        "opening_hours": null,
        "source": "osm"
      }
    },
    {
      "type": "Feature",
      "geometry": {
        "type": "Point",
        "coordinates": [
          19.0516333,
          47.516314
        ]
      },
      "properties": {
        "id": "osm-n-11036147829",
        "category": "water",
        "name": "Water",
        "wheelchair": null,
        "fee": null,
        "opening_hours": null,
        "source": "osm"
      }
    },
    {
      "type": "Feature",
      "geometry": {
        "type": "Point",
        "coordinates": [
          19.0408873,
          47.5567083
        ]
      },
      "properties": {
        "id": "osm-n-11047704924",
        "category": "charging",
        "name": "Penny",
        "wheelchair": null,
        "fee": null,
        "opening_hours": null,
        "source": "osm"
      }
    },
    {
      "type": "Feature",
      "geometry": {
        "type": "Point",
        "coordinates": [
          19.0765081,
          47.5325329
        ]
      },
      "properties": {
        "id": "osm-n-11055267848",
        "category": "water",
        "name": "Water",
        "wheelchair": null,
        "fee": null,
        "opening_hours": null,
        "source": "osm"
      }
    },
    {
      "type": "Feature",
      "geometry": {
        "type": "Point",
        "coordinates": [
          19.0443837,
          47.5472259
        ]
      },
      "properties": {
        "id": "osm-n-11065456418",
        "category": "water",
        "name": "Water",
        "wheelchair": null,
        "fee": null,
        "opening_hours": null,
        "source": "osm"
      }
    },
    {
      "type": "Feature",
      "geometry": {
        "type": "Point",
        "coordinates": [
          19.0486893,
          47.5632972
        ]
      },
      "properties": {
        "id": "osm-n-11073465377",
        "category": "toilet",
        "name": "Toilet",
        "wheelchair": null,
        "fee": null,
        "opening_hours": null,
        "source": "osm"
      }
    },
    {
      "type": "Feature",
      "geometry": {
        "type": "Point",
        "coordinates": [
          19.0597899,
          47.5159202
        ]
      },
      "properties": {
        "id": "osm-n-11090961692",
        "category": "info",
        "name": "Info",
        "wheelchair": null,
        "fee": null,
        "opening_hours": null,
        "source": "osm"
      }
    },
    {
      "type": "Feature",
      "geometry": {
        "type": "Point",
        "coordinates": [
          19.0284933,
          47.537044
        ]
      },
      "properties": {
        "id": "osm-n-11091725570",
        "category": "info",
        "name": "Mim\u00f3 \u00e9s Csipek mese\u00f6sv\u00e9ny 1. \u00e1llom\u00e1s",
        "wheelchair": null,
        "fee": null,
        "opening_hours": null,
        "source": "osm"
      }
    },
    {
      "type": "Feature",
      "geometry": {
        "type": "Point",
        "coordinates": [
          19.065534,
          47.5747429
        ]
      },
      "properties": {
        "id": "osm-n-11103232266",
        "category": "charging",
        "name": "Charging",
        "wheelchair": null,
        "fee": null,
        "opening_hours": null,
        "source": "osm"
      }
    },
    {
      "type": "Feature",
      "geometry": {
        "type": "Point",
        "coordinates": [
          19.0653858,
          47.5786192
        ]
      },
      "properties": {
        "id": "osm-n-11103232288",
        "category": "toilet",
        "name": "Toilet",
        "wheelchair": null,
        "fee": null,
        "opening_hours": null,
        "source": "osm"
      }
    },
    {
      "type": "Feature",
      "geometry": {
        "type": "Point",
        "coordinates": [
          19.0654582,
          47.5786119
        ]
      },
      "properties": {
        "id": "osm-n-11103232289",
        "category": "toilet",
        "name": "Toilet",
        "wheelchair": null,
        "fee": null,
        "opening_hours": null,
        "source": "osm"
      }
    },
    {
      "type": "Feature",
      "geometry": {
        "type": "Point",
        "coordinates": [
          19.0623374,
          47.5710202
        ]
      },
      "properties": {
        "id": "osm-n-11104023079",
        "category": "toilet",
        "name": "Toilet",
        "wheelchair": null,
        "fee": null,
        "opening_hours": null,
        "source": "osm"
      }
    },
    {
      "type": "Feature",
      "geometry": {
        "type": "Point",
        "coordinates": [
          19.0636209,
          47.5750906
        ]
      },
      "properties": {
        "id": "osm-n-11104044306",
        "category": "water",
        "name": "Water",
        "wheelchair": null,
        "fee": null,
        "opening_hours": null,
        "source": "osm"
      }
    },
    {
      "type": "Feature",
      "geometry": {
        "type": "Point",
        "coordinates": [
          19.032897,
          47.5624603
        ]
      },
      "properties": {
        "id": "osm-n-11107391318",
        "category": "parking",
        "name": "Parking",
        "wheelchair": null,
        "fee": null,
        "opening_hours": null,
        "source": "osm"
      }
    },
    {
      "type": "Feature",
      "geometry": {
        "type": "Point",
        "coordinates": [
          19.049378,
          47.5685435
        ]
      },
      "properties": {
        "id": "osm-n-11111522366",
        "category": "cafe",
        "name": "Kis Molo K\u00e1v\u00e9z\u00f3 & \u00c9tkezde",
        "wheelchair": null,
        "fee": null,
        "opening_hours": null,
        "source": "osm"
      }
    },
    {
      "type": "Feature",
      "geometry": {
        "type": "Point",
        "coordinates": [
          19.0663116,
          47.521317
        ]
      },
      "properties": {
        "id": "osm-n-11113854000",
        "category": "cafe",
        "name": "Bringiton - Coffee & Bikes",
        "wheelchair": null,
        "fee": null,
        "opening_hours": "Mo-Fr 08:00-18:00; Sa 08:00-16:00",
        "source": "osm"
      }
    },
    {
      "type": "Feature",
      "geometry": {
        "type": "Point",
        "coordinates": [
          19.0461543,
          47.5488871
        ]
      },
      "properties": {
        "id": "osm-n-11121666858",
        "category": "charging",
        "name": "Charging",
        "wheelchair": null,
        "fee": "no",
        "opening_hours": null,
        "source": "osm"
      }
    },
    {
      "type": "Feature",
      "geometry": {
        "type": "Point",
        "coordinates": [
          19.0651704,
          47.5742519
        ]
      },
      "properties": {
        "id": "osm-n-11147122904",
        "category": "toilet",
        "name": "Toilet",
        "wheelchair": null,
        "fee": "no",
        "opening_hours": null,
        "source": "osm"
      }
    },
    {
      "type": "Feature",
      "geometry": {
        "type": "Point",
        "coordinates": [
          19.0785574,
          47.5324054
        ]
      },
      "properties": {
        "id": "osm-n-11168787767",
        "category": "water",
        "name": "Water",
        "wheelchair": null,
        "fee": null,
        "opening_hours": null,
        "source": "osm"
      }
    },
    {
      "type": "Feature",
      "geometry": {
        "type": "Point",
        "coordinates": [
          19.0588956,
          47.530731
        ]
      },
      "properties": {
        "id": "osm-n-11189769599",
        "category": "water",
        "name": "Water",
        "wheelchair": null,
        "fee": null,
        "opening_hours": null,
        "source": "osm"
      }
    },
    {
      "type": "Feature",
      "geometry": {
        "type": "Point",
        "coordinates": [
          19.0284931,
          47.5443562
        ]
      },
      "properties": {
        "id": "osm-n-11237846304",
        "category": "toilet",
        "name": "Toilet",
        "wheelchair": null,
        "fee": "no",
        "opening_hours": null,
        "source": "osm"
      }
    },
    {
      "type": "Feature",
      "geometry": {
        "type": "Point",
        "coordinates": [
          19.0492171,
          47.5165473
        ]
      },
      "properties": {
        "id": "osm-n-11283549911",
        "category": "cafe",
        "name": "Green Life",
        "wheelchair": null,
        "fee": null,
        "opening_hours": null,
        "source": "osm"
      }
    },
    {
      "type": "Feature",
      "geometry": {
        "type": "Point",
        "coordinates": [
          19.0448,
          47.5483
        ]
      },
      "properties": {
        "id": "osm-n-11350896159",
        "category": "shop",
        "name": "Lila Ak\u00e1c Kisk\u00f6z\u00e9rt",
        "wheelchair": null,
        "fee": null,
        "opening_hours": null,
        "source": "osm"
      }
    },
    {
      "type": "Feature",
      "geometry": {
        "type": "Point",
        "coordinates": [
          19.0601112,
          47.5699341
        ]
      },
      "properties": {
        "id": "osm-n-11350896163",
        "category": "shop",
        "name": "Cs\u00f3nakh\u00e1z \u00c9lelmiszer \u00dczlet",
        "wheelchair": null,
        "fee": null,
        "opening_hours": "Mo-Fr 07:00-18:00; Sa 07:00-12:30",
        "source": "osm"
      }
    },
    {
      "type": "Feature",
      "geometry": {
        "type": "Point",
        "coordinates": [
          19.0373466,
          47.54143
        ]
      },
      "properties": {
        "id": "osm-n-11389697730",
        "category": "cafe",
        "name": "Caf\u00e9 Padru",
        "wheelchair": null,
        "fee": null,
        "opening_hours": "Mo-Fr 08:00-18:00; Sa 08:00-16:00; Su 08:00-14:00",
        "source": "osm"
      }
    },
    {
      "type": "Feature",
      "geometry": {
        "type": "Point",
        "coordinates": [
          19.0371166,
          47.5425254
        ]
      },
      "properties": {
        "id": "osm-n-11391671680",
        "category": "shop",
        "name": "\u00c9lelmiszerbolt",
        "wheelchair": null,
        "fee": null,
        "opening_hours": null,
        "source": "osm"
      }
    },
    {
      "type": "Feature",
      "geometry": {
        "type": "Point",
        "coordinates": [
          19.0376148,
          47.5403056
        ]
      },
      "properties": {
        "id": "osm-n-11391704398",
        "category": "shop",
        "name": "ABC",
        "wheelchair": "limited",
        "fee": null,
        "opening_hours": "Mo-Fr 06:00-21:00; Sa,Su 08:00-20:00",
        "source": "osm"
      }
    },
    {
      "type": "Feature",
      "geometry": {
        "type": "Point",
        "coordinates": [
          19.038043,
          47.5285676
        ]
      },
      "properties": {
        "id": "osm-n-11444268298",
        "category": "cafe",
        "name": "Daisuke Kolosy",
        "wheelchair": null,
        "fee": null,
        "opening_hours": "Mo-Sa 08:30-17:30; Su 09:00-17:30",
        "source": "osm"
      }
    },
    {
      "type": "Feature",
      "geometry": {
        "type": "Point",
        "coordinates": [
          19.0456316,
          47.5251232
        ]
      },
      "properties": {
        "id": "osm-n-11453488681",
        "category": "toilet",
        "name": "Toilet",
        "wheelchair": null,
        "fee": null,
        "opening_hours": null,
        "source": "osm"
      }
    },
    {
      "type": "Feature",
      "geometry": {
        "type": "Point",
        "coordinates": [
          19.0465589,
          47.5293327
        ]
      },
      "properties": {
        "id": "osm-n-11453488685",
        "category": "toilet",
        "name": "Toilet",
        "wheelchair": null,
        "fee": null,
        "opening_hours": null,
        "source": "osm"
      }
    },
    {
      "type": "Feature",
      "geometry": {
        "type": "Point",
        "coordinates": [
          19.0467472,
          47.5276215
        ]
      },
      "properties": {
        "id": "osm-n-11455418751",
        "category": "toilet",
        "name": "Toilet",
        "wheelchair": null,
        "fee": null,
        "opening_hours": null,
        "source": "osm"
      }
    },
    {
      "type": "Feature",
      "geometry": {
        "type": "Point",
        "coordinates": [
          19.045646,
          47.5251559
        ]
      },
      "properties": {
        "id": "osm-n-11455470578",
        "category": "toilet",
        "name": "Toilet",
        "wheelchair": null,
        "fee": null,
        "opening_hours": null,
        "source": "osm"
      }
    },
    {
      "type": "Feature",
      "geometry": {
        "type": "Point",
        "coordinates": [
          19.0488441,
          47.5829581
        ]
      },
      "properties": {
        "id": "osm-n-11479341189",
        "category": "parking",
        "name": "Parking",
        "wheelchair": null,
        "fee": null,
        "opening_hours": null,
        "source": "osm"
      }
    },
    {
      "type": "Feature",
      "geometry": {
        "type": "Point",
        "coordinates": [
          19.0161853,
          47.5329662
        ]
      },
      "properties": {
        "id": "osm-n-11486630232",
        "category": "toilet",
        "name": "Toilet",
        "wheelchair": null,
        "fee": null,
        "opening_hours": null,
        "source": "osm"
      }
    },
    {
      "type": "Feature",
      "geometry": {
        "type": "Point",
        "coordinates": [
          19.089132,
          47.5613863
        ]
      },
      "properties": {
        "id": "osm-n-11516335298",
        "category": "toilet",
        "name": "F\u0151v\u00e1rosi Csatorn\u00e1z\u00e1si M\u0171vek Zrt.",
        "wheelchair": null,
        "fee": "yes",
        "opening_hours": "Mo-Su 07:00-19:00",
        "source": "osm"
      }
    },
    {
      "type": "Feature",
      "geometry": {
        "type": "Point",
        "coordinates": [
          19.0670606,
          47.5319933
        ]
      },
      "properties": {
        "id": "osm-n-11527402007",
        "category": "water",
        "name": "Water",
        "wheelchair": null,
        "fee": null,
        "opening_hours": null,
        "source": "osm"
      }
    },
    {
      "type": "Feature",
      "geometry": {
        "type": "Point",
        "coordinates": [
          19.0373781,
          47.518987
        ]
      },
      "properties": {
        "id": "osm-n-11534596510",
        "category": "cafe",
        "name": "Irgalmasok Veli Bej f\u00fcrd\u0151je \u00e9s k\u00e1v\u00e9z\u00f3",
        "wheelchair": null,
        "fee": null,
        "opening_hours": null,
        "source": "osm"
      }
    },
    {
      "type": "Feature",
      "geometry": {
        "type": "Point",
        "coordinates": [
          19.037753,
          47.5158895
        ]
      },
      "properties": {
        "id": "osm-n-11534624838",
        "category": "cafe",
        "name": "Cafe",
        "wheelchair": null,
        "fee": null,
        "opening_hours": "Mo-Fr 08:00-15:00; PH off",
        "source": "osm"
      }
    },
    {
      "type": "Feature",
      "geometry": {
        "type": "Point",
        "coordinates": [
          19.0828482,
          47.5648679
        ]
      },
      "properties": {
        "id": "osm-n-11543760198",
        "category": "charging",
        "name": "Elektro Profi Mobility Kft.",
        "wheelchair": null,
        "fee": "yes",
        "opening_hours": null,
        "source": "osm"
      }
    },
    {
      "type": "Feature",
      "geometry": {
        "type": "Point",
        "coordinates": [
          19.0669897,
          47.5195049
        ]
      },
      "properties": {
        "id": "osm-n-11560265481",
        "category": "shop",
        "name": "Lehel ABC",
        "wheelchair": "no",
        "fee": null,
        "opening_hours": null,
        "source": "osm"
      }
    },
    {
      "type": "Feature",
      "geometry": {
        "type": "Point",
        "coordinates": [
          19.066915,
          47.5194605
        ]
      },
      "properties": {
        "id": "osm-n-11587360607",
        "category": "cafe",
        "name": "Coffee 13",
        "wheelchair": null,
        "fee": null,
        "opening_hours": "Mo-Fr 07:00-18:00; Sa 08:00-18:00; Su 08:00-16:00",
        "source": "osm"
      }
    },
    {
      "type": "Feature",
      "geometry": {
        "type": "Point",
        "coordinates": [
          19.039647,
          47.5360501
        ]
      },
      "properties": {
        "id": "osm-n-11611060769",
        "category": "cafe",
        "name": "Rep\u00fcl\u0151 Sepr\u0171",
        "wheelchair": null,
        "fee": null,
        "opening_hours": "We-Su 12:00-21:00",
        "source": "osm"
      }
    },
    {
      "type": "Feature",
      "geometry": {
        "type": "Point",
        "coordinates": [
          19.0797147,
          47.5275231
        ]
      },
      "properties": {
        "id": "osm-n-11629799248",
        "category": "clinic",
        "name": "Affidea",
        "wheelchair": null,
        "fee": null,
        "opening_hours": "Mo-Fr 08:00-16:00",
        "source": "osm"
      }
    },
    {
      "type": "Feature",
      "geometry": {
        "type": "Point",
        "coordinates": [
          19.0730441,
          47.548869
        ]
      },
      "properties": {
        "id": "osm-n-11664566941",
        "category": "water",
        "name": "Water",
        "wheelchair": null,
        "fee": null,
        "opening_hours": null,
        "source": "osm"
      }
    },
    {
      "type": "Feature",
      "geometry": {
        "type": "Point",
        "coordinates": [
          19.0902004,
          47.5605177
        ]
      },
      "properties": {
        "id": "osm-n-11690070845",
        "category": "water",
        "name": "Water",
        "wheelchair": null,
        "fee": null,
        "opening_hours": null,
        "source": "osm"
      }
    },
    {
      "type": "Feature",
      "geometry": {
        "type": "Point",
        "coordinates": [
          19.0901327,
          47.562679
        ]
      },
      "properties": {
        "id": "osm-n-11736686671",
        "category": "charging",
        "name": "E.ON",
        "wheelchair": null,
        "fee": "yes",
        "opening_hours": null,
        "source": "osm"
      }
    },
    {
      "type": "Feature",
      "geometry": {
        "type": "Point",
        "coordinates": [
          19.0553382,
          47.5171912
        ]
      },
      "properties": {
        "id": "osm-n-11751489536",
        "category": "cafe",
        "name": "Cafe",
        "wheelchair": null,
        "fee": null,
        "opening_hours": null,
        "source": "osm"
      }
    },
    {
      "type": "Feature",
      "geometry": {
        "type": "Point",
        "coordinates": [
          19.0614869,
          47.5362372
        ]
      },
      "properties": {
        "id": "osm-n-11757730700",
        "category": "water",
        "name": "Water",
        "wheelchair": null,
        "fee": null,
        "opening_hours": null,
        "source": "osm"
      }
    },
    {
      "type": "Feature",
      "geometry": {
        "type": "Point",
        "coordinates": [
          19.0592743,
          47.5163026
        ]
      },
      "properties": {
        "id": "osm-n-11763522675",
        "category": "aed",
        "name": "Aed",
        "wheelchair": null,
        "fee": null,
        "opening_hours": null,
        "source": "osm"
      }
    },
    {
      "type": "Feature",
      "geometry": {
        "type": "Point",
        "coordinates": [
          19.059591,
          47.516769
        ]
      },
      "properties": {
        "id": "osm-n-11763522676",
        "category": "cafe",
        "name": "Nick Caf\u00e9",
        "wheelchair": null,
        "fee": null,
        "opening_hours": "Mo-Fr 07:30-16:00",
        "source": "osm"
      }
    },
    {
      "type": "Feature",
      "geometry": {
        "type": "Point",
        "coordinates": [
          19.0364818,
          47.5186085
        ]
      },
      "properties": {
        "id": "osm-n-11765998760",
        "category": "toilet",
        "name": "Toilet",
        "wheelchair": null,
        "fee": null,
        "opening_hours": null,
        "source": "osm"
      }
    },
    {
      "type": "Feature",
      "geometry": {
        "type": "Point",
        "coordinates": [
          19.0807244,
          47.5405609
        ]
      },
      "properties": {
        "id": "osm-n-11829745918",
        "category": "water",
        "name": "Water",
        "wheelchair": null,
        "fee": null,
        "opening_hours": null,
        "source": "osm"
      }
    },
    {
      "type": "Feature",
      "geometry": {
        "type": "Point",
        "coordinates": [
          19.0616402,
          47.5186168
        ]
      },
      "properties": {
        "id": "osm-n-11909228318",
        "category": "toilet",
        "name": "Toilet",
        "wheelchair": "no",
        "fee": "yes",
        "opening_hours": null,
        "source": "osm"
      }
    },
    {
      "type": "Feature",
      "geometry": {
        "type": "Point",
        "coordinates": [
          19.088122,
          47.5628972
        ]
      },
      "properties": {
        "id": "osm-n-11915683680",
        "category": "water",
        "name": "Water",
        "wheelchair": null,
        "fee": null,
        "opening_hours": null,
        "source": "osm"
      }
    },
    {
      "type": "Feature",
      "geometry": {
        "type": "Point",
        "coordinates": [
          19.0875146,
          47.562835
        ]
      },
      "properties": {
        "id": "osm-n-11915690356",
        "category": "water",
        "name": "Water",
        "wheelchair": null,
        "fee": null,
        "opening_hours": null,
        "source": "osm"
      }
    },
    {
      "type": "Feature",
      "geometry": {
        "type": "Point",
        "coordinates": [
          19.0707597,
          47.5191136
        ]
      },
      "properties": {
        "id": "osm-n-11929228572",
        "category": "shop",
        "name": "Roni",
        "wheelchair": "no",
        "fee": null,
        "opening_hours": "24/7",
        "source": "osm"
      }
    },
    {
      "type": "Feature",
      "geometry": {
        "type": "Point",
        "coordinates": [
          19.0656166,
          47.5208023
        ]
      },
      "properties": {
        "id": "osm-n-11944267095",
        "category": "water",
        "name": "Water",
        "wheelchair": null,
        "fee": null,
        "opening_hours": null,
        "source": "osm"
      }
    },
    {
      "type": "Feature",
      "geometry": {
        "type": "Point",
        "coordinates": [
          19.0521518,
          47.5181579
        ]
      },
      "properties": {
        "id": "osm-n-11962933088",
        "category": "water",
        "name": "Water",
        "wheelchair": null,
        "fee": null,
        "opening_hours": null,
        "source": "osm"
      }
    },
    {
      "type": "Feature",
      "geometry": {
        "type": "Point",
        "coordinates": [
          19.042056,
          47.5449501
        ]
      },
      "properties": {
        "id": "osm-n-11978880573",
        "category": "shop",
        "name": "Hiper Donkey",
        "wheelchair": null,
        "fee": null,
        "opening_hours": "24/7",
        "source": "osm"
      }
    },
    {
      "type": "Feature",
      "geometry": {
        "type": "Point",
        "coordinates": [
          19.073707,
          47.5423566
        ]
      },
      "properties": {
        "id": "osm-n-11992024075",
        "category": "water",
        "name": "Water",
        "wheelchair": null,
        "fee": null,
        "opening_hours": null,
        "source": "osm"
      }
    },
    {
      "type": "Feature",
      "geometry": {
        "type": "Point",
        "coordinates": [
          19.0454251,
          47.5377273
        ]
      },
      "properties": {
        "id": "osm-n-11993557406",
        "category": "aed",
        "name": "Aed",
        "wheelchair": null,
        "fee": null,
        "opening_hours": null,
        "source": "osm"
      }
    },
    {
      "type": "Feature",
      "geometry": {
        "type": "Point",
        "coordinates": [
          19.0693199,
          47.5231435
        ]
      },
      "properties": {
        "id": "osm-n-12036534339",
        "category": "toilet",
        "name": "Toilet",
        "wheelchair": null,
        "fee": null,
        "opening_hours": null,
        "source": "osm"
      }
    },
    {
      "type": "Feature",
      "geometry": {
        "type": "Point",
        "coordinates": [
          19.050299,
          47.5252297
        ]
      },
      "properties": {
        "id": "osm-n-12039260740",
        "category": "water",
        "name": "Water",
        "wheelchair": null,
        "fee": null,
        "opening_hours": null,
        "source": "osm"
      }
    },
    {
      "type": "Feature",
      "geometry": {
        "type": "Point",
        "coordinates": [
          19.0338081,
          47.5284891
        ]
      },
      "properties": {
        "id": "osm-n-12046401388",
        "category": "charging",
        "name": "Mobiliti",
        "wheelchair": null,
        "fee": null,
        "opening_hours": null,
        "source": "osm"
      }
    },
    {
      "type": "Feature",
      "geometry": {
        "type": "Point",
        "coordinates": [
          19.0295352,
          47.5483688
        ]
      },
      "properties": {
        "id": "osm-n-12048088645",
        "category": "water",
        "name": "Water",
        "wheelchair": null,
        "fee": null,
        "opening_hours": null,
        "source": "osm"
      }
    },
    {
      "type": "Feature",
      "geometry": {
        "type": "Point",
        "coordinates": [
          19.0801923,
          47.5589157
        ]
      },
      "properties": {
        "id": "osm-n-12065281281",
        "category": "water",
        "name": "Water",
        "wheelchair": null,
        "fee": null,
        "opening_hours": null,
        "source": "osm"
      }
    },
    {
      "type": "Feature",
      "geometry": {
        "type": "Point",
        "coordinates": [
          19.0440689,
          47.5161835
        ]
      },
      "properties": {
        "id": "osm-n-12070526957",
        "category": "info",
        "name": "Info",
        "wheelchair": null,
        "fee": null,
        "opening_hours": null,
        "source": "osm"
      }
    },
    {
      "type": "Feature",
      "geometry": {
        "type": "Point",
        "coordinates": [
          19.0888107,
          47.5321287
        ]
      },
      "properties": {
        "id": "osm-n-12083917630",
        "category": "shop",
        "name": "\u00c9lelmiszer bolt",
        "wheelchair": "no",
        "fee": null,
        "opening_hours": "Mo-Sa 07:00-20:00; Su 07:00-19:00",
        "source": "osm"
      }
    },
    {
      "type": "Feature",
      "geometry": {
        "type": "Point",
        "coordinates": [
          19.0441203,
          47.5355776
        ]
      },
      "properties": {
        "id": "osm-n-12085959834",
        "category": "shop",
        "name": "\u00c9lelmiszerbolt",
        "wheelchair": "no",
        "fee": null,
        "opening_hours": "Mo-Fr 06:00-19:00; Sa 06:00-13:00",
        "source": "osm"
      }
    },
    {
      "type": "Feature",
      "geometry": {
        "type": "Point",
        "coordinates": [
          19.0427949,
          47.5362314
        ]
      },
      "properties": {
        "id": "osm-n-12097127784",
        "category": "shop",
        "name": "H&H Market \u00c9lelmiszer",
        "wheelchair": "no",
        "fee": null,
        "opening_hours": "Mo-Sa 08:00-21:00; Su 08:00-19:00",
        "source": "osm"
      }
    },
    {
      "type": "Feature",
      "geometry": {
        "type": "Point",
        "coordinates": [
          19.0713882,
          47.5620021
        ]
      },
      "properties": {
        "id": "osm-n-12120712945",
        "category": "toilet",
        "name": "Toilet",
        "wheelchair": "no",
        "fee": "yes",
        "opening_hours": null,
        "source": "osm"
      }
    },
    {
      "type": "Feature",
      "geometry": {
        "type": "Point",
        "coordinates": [
          19.0704075,
          47.5607979
        ]
      },
      "properties": {
        "id": "osm-n-12120766364",
        "category": "toilet",
        "name": "Toilet",
        "wheelchair": "no",
        "fee": "yes",
        "opening_hours": null,
        "source": "osm"
      }
    },
    {
      "type": "Feature",
      "geometry": {
        "type": "Point",
        "coordinates": [
          19.0716295,
          47.5620263
        ]
      },
      "properties": {
        "id": "osm-n-12120783744",
        "category": "toilet",
        "name": "Toilet",
        "wheelchair": "no",
        "fee": null,
        "opening_hours": null,
        "source": "osm"
      }
    },
    {
      "type": "Feature",
      "geometry": {
        "type": "Point",
        "coordinates": [
          19.072114,
          47.5626153
        ]
      },
      "properties": {
        "id": "osm-n-12120787316",
        "category": "toilet",
        "name": "Toilet",
        "wheelchair": "no",
        "fee": null,
        "opening_hours": null,
        "source": "osm"
      }
    },
    {
      "type": "Feature",
      "geometry": {
        "type": "Point",
        "coordinates": [
          19.0919619,
          47.5688041
        ]
      },
      "properties": {
        "id": "osm-n-12129392660",
        "category": "water",
        "name": "Water",
        "wheelchair": null,
        "fee": null,
        "opening_hours": null,
        "source": "osm"
      }
    },
    {
      "type": "Feature",
      "geometry": {
        "type": "Point",
        "coordinates": [
          19.0651298,
          47.5235416
        ]
      },
      "properties": {
        "id": "osm-n-12137948661",
        "category": "cafe",
        "name": "Mad Dog Coffee_Hang\u00e1r",
        "wheelchair": null,
        "fee": null,
        "opening_hours": null,
        "source": "osm"
      }
    },
    {
      "type": "Feature",
      "geometry": {
        "type": "Point",
        "coordinates": [
          19.0429119,
          47.5361834
        ]
      },
      "properties": {
        "id": "osm-n-12153757520",
        "category": "cafe",
        "name": "lemm\u00efna",
        "wheelchair": null,
        "fee": null,
        "opening_hours": null,
        "source": "osm"
      }
    },
    {
      "type": "Feature",
      "geometry": {
        "type": "Point",
        "coordinates": [
          19.0665922,
          47.5525352
        ]
      },
      "properties": {
        "id": "osm-n-12155407571",
        "category": "toilet",
        "name": "Toilet",
        "wheelchair": null,
        "fee": null,
        "opening_hours": null,
        "source": "osm"
      }
    },
    {
      "type": "Feature",
      "geometry": {
        "type": "Point",
        "coordinates": [
          19.0463603,
          47.5273599
        ]
      },
      "properties": {
        "id": "osm-n-12159545831",
        "category": "water",
        "name": "Water",
        "wheelchair": null,
        "fee": null,
        "opening_hours": null,
        "source": "osm"
      }
    },
    {
      "type": "Feature",
      "geometry": {
        "type": "Point",
        "coordinates": [
          19.0463081,
          47.5278526
        ]
      },
      "properties": {
        "id": "osm-n-12163474615",
        "category": "water",
        "name": "Water",
        "wheelchair": null,
        "fee": null,
        "opening_hours": null,
        "source": "osm"
      }
    },
    {
      "type": "Feature",
      "geometry": {
        "type": "Point",
        "coordinates": [
          19.0793153,
          47.5321402
        ]
      },
      "properties": {
        "id": "osm-n-12164851633",
        "category": "water",
        "name": "Water",
        "wheelchair": null,
        "fee": null,
        "opening_hours": null,
        "source": "osm"
      }
    },
    {
      "type": "Feature",
      "geometry": {
        "type": "Point",
        "coordinates": [
          19.0649126,
          47.534256
        ]
      },
      "properties": {
        "id": "osm-n-12182461111",
        "category": "water",
        "name": "Water",
        "wheelchair": null,
        "fee": null,
        "opening_hours": null,
        "source": "osm"
      }
    },
    {
      "type": "Feature",
      "geometry": {
        "type": "Point",
        "coordinates": [
          19.0387328,
          47.5313106
        ]
      },
      "properties": {
        "id": "osm-n-12258033958",
        "category": "cafe",
        "name": "Cafe",
        "wheelchair": null,
        "fee": null,
        "opening_hours": null,
        "source": "osm"
      }
    },
    {
      "type": "Feature",
      "geometry": {
        "type": "Point",
        "coordinates": [
          19.0768807,
          47.5296863
        ]
      },
      "properties": {
        "id": "osm-n-12259292737",
        "category": "cafe",
        "name": "P\u00edsz!t\u00e1cia K\u00e1v\u00e9z\u00f3",
        "wheelchair": null,
        "fee": null,
        "opening_hours": "Mo-Fr 07:30-18:00; Sa 08:30-15:00",
        "source": "osm"
      }
    },
    {
      "type": "Feature",
      "geometry": {
        "type": "Point",
        "coordinates": [
          19.0590667,
          47.5230637
        ]
      },
      "properties": {
        "id": "osm-n-12339763290",
        "category": "cafe",
        "name": "Ritual",
        "wheelchair": "yes",
        "fee": null,
        "opening_hours": "Mo-Fr 07:00-20:00; Su 10:00-18:00; Sa 10:00-20:00",
        "source": "osm"
      }
    },
    {
      "type": "Feature",
      "geometry": {
        "type": "Point",
        "coordinates": [
          19.0839301,
          47.5464025
        ]
      },
      "properties": {
        "id": "osm-n-12367262702",
        "category": "aed",
        "name": "Aed",
        "wheelchair": null,
        "fee": null,
        "opening_hours": null,
        "source": "osm"
      }
    },
    {
      "type": "Feature",
      "geometry": {
        "type": "Point",
        "coordinates": [
          19.0506767,
          47.5167918
        ]
      },
      "properties": {
        "id": "osm-n-12382351974",
        "category": "cafe",
        "name": "Tamp & Pull",
        "wheelchair": null,
        "fee": null,
        "opening_hours": null,
        "source": "osm"
      }
    },
    {
      "type": "Feature",
      "geometry": {
        "type": "Point",
        "coordinates": [
          19.0493074,
          47.5594163
        ]
      },
      "properties": {
        "id": "osm-n-12388674759",
        "category": "toilet",
        "name": "Toilet",
        "wheelchair": "yes",
        "fee": "no",
        "opening_hours": null,
        "source": "osm"
      }
    },
    {
      "type": "Feature",
      "geometry": {
        "type": "Point",
        "coordinates": [
          19.0527979,
          47.5218122
        ]
      },
      "properties": {
        "id": "osm-n-12423087434",
        "category": "toilet",
        "name": "Toilet",
        "wheelchair": null,
        "fee": null,
        "opening_hours": null,
        "source": "osm"
      }
    },
    {
      "type": "Feature",
      "geometry": {
        "type": "Point",
        "coordinates": [
          19.0365966,
          47.5176182
        ]
      },
      "properties": {
        "id": "osm-n-12432844366",
        "category": "toilet",
        "name": "Toilet",
        "wheelchair": null,
        "fee": null,
        "opening_hours": null,
        "source": "osm"
      }
    },
    {
      "type": "Feature",
      "geometry": {
        "type": "Point",
        "coordinates": [
          19.0366464,
          47.5183715
        ]
      },
      "properties": {
        "id": "osm-n-12432844367",
        "category": "toilet",
        "name": "Toilet",
        "wheelchair": null,
        "fee": null,
        "opening_hours": null,
        "source": "osm"
      }
    },
    {
      "type": "Feature",
      "geometry": {
        "type": "Point",
        "coordinates": [
          19.0203365,
          47.575671
        ]
      },
      "properties": {
        "id": "osm-n-12460453711",
        "category": "water",
        "name": "Water",
        "wheelchair": null,
        "fee": null,
        "opening_hours": null,
        "source": "osm"
      }
    },
    {
      "type": "Feature",
      "geometry": {
        "type": "Point",
        "coordinates": [
          19.0305393,
          47.540069
        ]
      },
      "properties": {
        "id": "osm-n-12460696885",
        "category": "parking",
        "name": "Parking",
        "wheelchair": null,
        "fee": null,
        "opening_hours": null,
        "source": "osm"
      }
    },
    {
      "type": "Feature",
      "geometry": {
        "type": "Point",
        "coordinates": [
          19.0297698,
          47.5399903
        ]
      },
      "properties": {
        "id": "osm-n-12460696886",
        "category": "parking",
        "name": "Parking",
        "wheelchair": null,
        "fee": null,
        "opening_hours": null,
        "source": "osm"
      }
    },
    {
      "type": "Feature",
      "geometry": {
        "type": "Point",
        "coordinates": [
          19.0288371,
          47.5401241
        ]
      },
      "properties": {
        "id": "osm-n-12460696887",
        "category": "parking",
        "name": "Parking",
        "wheelchair": null,
        "fee": null,
        "opening_hours": null,
        "source": "osm"
      }
    },
    {
      "type": "Feature",
      "geometry": {
        "type": "Point",
        "coordinates": [
          19.0629461,
          47.5647265
        ]
      },
      "properties": {
        "id": "osm-n-12463193029",
        "category": "info",
        "name": "Info",
        "wheelchair": null,
        "fee": null,
        "opening_hours": null,
        "source": "osm"
      }
    },
    {
      "type": "Feature",
      "geometry": {
        "type": "Point",
        "coordinates": [
          19.0434308,
          47.5316803
        ]
      },
      "properties": {
        "id": "osm-n-12463193030",
        "category": "info",
        "name": "Info",
        "wheelchair": null,
        "fee": null,
        "opening_hours": null,
        "source": "osm"
      }
    },
    {
      "type": "Feature",
      "geometry": {
        "type": "Point",
        "coordinates": [
          19.0436389,
          47.5316107
        ]
      },
      "properties": {
        "id": "osm-n-12463193031",
        "category": "info",
        "name": "Info",
        "wheelchair": null,
        "fee": null,
        "opening_hours": null,
        "source": "osm"
      }
    },
    {
      "type": "Feature",
      "geometry": {
        "type": "Point",
        "coordinates": [
          19.0612802,
          47.5392817
        ]
      },
      "properties": {
        "id": "osm-n-12471821645",
        "category": "toilet",
        "name": "Toilet",
        "wheelchair": null,
        "fee": null,
        "opening_hours": null,
        "source": "osm"
      }
    },
    {
      "type": "Feature",
      "geometry": {
        "type": "Point",
        "coordinates": [
          19.0802534,
          47.531705
        ]
      },
      "properties": {
        "id": "osm-n-12485201342",
        "category": "charging",
        "name": "Lidl",
        "wheelchair": null,
        "fee": "yes",
        "opening_hours": null,
        "source": "osm"
      }
    },
    {
      "type": "Feature",
      "geometry": {
        "type": "Point",
        "coordinates": [
          19.0746407,
          47.5492423
        ]
      },
      "properties": {
        "id": "osm-n-12487272115",
        "category": "shop",
        "name": "Shop",
        "wheelchair": null,
        "fee": null,
        "opening_hours": "Mo-Fr 07:00-15:00",
        "source": "osm"
      }
    },
    {
      "type": "Feature",
      "geometry": {
        "type": "Point",
        "coordinates": [
          19.031214,
          47.5478745
        ]
      },
      "properties": {
        "id": "osm-n-12549531727",
        "category": "clinic",
        "name": "OrvosMost UC Rendel\u0151",
        "wheelchair": null,
        "fee": null,
        "opening_hours": "Mo-Su 10:00-20:00",
        "source": "osm"
      }
    },
    {
      "type": "Feature",
      "geometry": {
        "type": "Point",
        "coordinates": [
          19.0748088,
          47.5406419
        ]
      },
      "properties": {
        "id": "osm-n-12571175138",
        "category": "toilet",
        "name": "Toilet",
        "wheelchair": "designated",
        "fee": "no",
        "opening_hours": null,
        "source": "osm"
      }
    },
    {
      "type": "Feature",
      "geometry": {
        "type": "Point",
        "coordinates": [
          19.0748607,
          47.540595
        ]
      },
      "properties": {
        "id": "osm-n-12571496639",
        "category": "aed",
        "name": "Aed",
        "wheelchair": null,
        "fee": null,
        "opening_hours": null,
        "source": "osm"
      }
    },
    {
      "type": "Feature",
      "geometry": {
        "type": "Point",
        "coordinates": [
          19.0422556,
          47.5461282
        ]
      },
      "properties": {
        "id": "osm-n-12615737006",
        "category": "cafe",
        "name": "Cukr\u00e1szda",
        "wheelchair": null,
        "fee": null,
        "opening_hours": "Mo-Su 10:00-18:00",
        "source": "osm"
      }
    },
    {
      "type": "Feature",
      "geometry": {
        "type": "Point",
        "coordinates": [
          19.0424016,
          47.5470529
        ]
      },
      "properties": {
        "id": "osm-n-12615737284",
        "category": "shop",
        "name": "Kisbolt",
        "wheelchair": null,
        "fee": null,
        "opening_hours": "Mo-Fr 09:00-19:00; Sa 09:00-15:00",
        "source": "osm"
      }
    },
    {
      "type": "Feature",
      "geometry": {
        "type": "Point",
        "coordinates": [
          19.0488318,
          47.5619211
        ]
      },
      "properties": {
        "id": "osm-n-12632665737",
        "category": "parking",
        "name": "Parking",
        "wheelchair": null,
        "fee": null,
        "opening_hours": null,
        "source": "osm"
      }
    },
    {
      "type": "Feature",
      "geometry": {
        "type": "Point",
        "coordinates": [
          19.0386532,
          47.5434671
        ]
      },
      "properties": {
        "id": "osm-n-12634133181",
        "category": "shop",
        "name": "AHA ABSOLUTE FAMILY Kft.",
        "wheelchair": null,
        "fee": null,
        "opening_hours": null,
        "source": "osm"
      }
    },
    {
      "type": "Feature",
      "geometry": {
        "type": "Point",
        "coordinates": [
          19.0378143,
          47.5440221
        ]
      },
      "properties": {
        "id": "osm-n-12634133187",
        "category": "shop",
        "name": "Anna vegyesbolt",
        "wheelchair": null,
        "fee": null,
        "opening_hours": null,
        "source": "osm"
      }
    },
    {
      "type": "Feature",
      "geometry": {
        "type": "Point",
        "coordinates": [
          19.0388257,
          47.5434486
        ]
      },
      "properties": {
        "id": "osm-n-12634133190",
        "category": "toilet",
        "name": "Toilet",
        "wheelchair": null,
        "fee": "yes",
        "opening_hours": null,
        "source": "osm"
      }
    },
    {
      "type": "Feature",
      "geometry": {
        "type": "Point",
        "coordinates": [
          19.0376237,
          47.5438678
        ]
      },
      "properties": {
        "id": "osm-n-12634133191",
        "category": "shop",
        "name": "CBA",
        "wheelchair": null,
        "fee": null,
        "opening_hours": null,
        "source": "osm"
      }
    },
    {
      "type": "Feature",
      "geometry": {
        "type": "Point",
        "coordinates": [
          19.0841429,
          47.5380086
        ]
      },
      "properties": {
        "id": "osm-n-12641273858",
        "category": "charging",
        "name": "Shell Recharge",
        "wheelchair": null,
        "fee": "yes",
        "opening_hours": "24/7",
        "source": "osm"
      }
    },
    {
      "type": "Feature",
      "geometry": {
        "type": "Point",
        "coordinates": [
          19.0894215,
          47.5600962
        ]
      },
      "properties": {
        "id": "osm-n-12707942603",
        "category": "clinic",
        "name": "WellWay Lab",
        "wheelchair": "yes",
        "fee": null,
        "opening_hours": "Mo-Sa 07:00-11:00",
        "source": "osm"
      }
    },
    {
      "type": "Feature",
      "geometry": {
        "type": "Point",
        "coordinates": [
          19.0357616,
          47.5255249
        ]
      },
      "properties": {
        "id": "osm-n-12712162200",
        "category": "clinic",
        "name": "Pszichi\u00e1triai Szakrendel\u00e9s \u00e9s Gondoz\u00f3 (MENTA K\u00f6zpont)",
        "wheelchair": null,
        "fee": null,
        "opening_hours": "Mo-Fr 08:00-19:00",
        "source": "osm"
      }
    },
    {
      "type": "Feature",
      "geometry": {
        "type": "Point",
        "coordinates": [
          19.0676689,
          47.5323564
        ]
      },
      "properties": {
        "id": "osm-n-12724961001",
        "category": "aed",
        "name": "Aed",
        "wheelchair": null,
        "fee": null,
        "opening_hours": null,
        "source": "osm"
      }
    },
    {
      "type": "Feature",
      "geometry": {
        "type": "Point",
        "coordinates": [
          19.0681733,
          47.530271
        ]
      },
      "properties": {
        "id": "osm-n-12724963101",
        "category": "aed",
        "name": "Aed",
        "wheelchair": null,
        "fee": null,
        "opening_hours": null,
        "source": "osm"
      }
    },
    {
      "type": "Feature",
      "geometry": {
        "type": "Point",
        "coordinates": [
          19.0401151,
          47.5361765
        ]
      },
      "properties": {
        "id": "osm-n-12726009928",
        "category": "charging",
        "name": "Parkl",
        "wheelchair": null,
        "fee": null,
        "opening_hours": null,
        "source": "osm"
      }
    },
    {
      "type": "Feature",
      "geometry": {
        "type": "Point",
        "coordinates": [
          19.0338409,
          47.5284822
        ]
      },
      "properties": {
        "id": "osm-n-12777831438",
        "category": "charging",
        "name": "Mobiliti",
        "wheelchair": null,
        "fee": null,
        "opening_hours": null,
        "source": "osm"
      }
    },
    {
      "type": "Feature",
      "geometry": {
        "type": "Point",
        "coordinates": [
          19.0385408,
          47.5507378
        ]
      },
      "properties": {
        "id": "osm-n-12786046118",
        "category": "water",
        "name": "Water",
        "wheelchair": null,
        "fee": null,
        "opening_hours": null,
        "source": "osm"
      }
    },
    {
      "type": "Feature",
      "geometry": {
        "type": "Point",
        "coordinates": [
          19.0468914,
          47.5202303
        ]
      },
      "properties": {
        "id": "osm-n-12787885641",
        "category": "toilet",
        "name": "Toilet",
        "wheelchair": null,
        "fee": null,
        "opening_hours": null,
        "source": "osm"
      }
    },
    {
      "type": "Feature",
      "geometry": {
        "type": "Point",
        "coordinates": [
          19.0540385,
          47.5242771
        ]
      },
      "properties": {
        "id": "osm-n-12787981302",
        "category": "water",
        "name": "Water",
        "wheelchair": null,
        "fee": null,
        "opening_hours": null,
        "source": "osm"
      }
    },
    {
      "type": "Feature",
      "geometry": {
        "type": "Point",
        "coordinates": [
          19.0572787,
          47.529995
        ]
      },
      "properties": {
        "id": "osm-n-12789832707",
        "category": "water",
        "name": "Water",
        "wheelchair": null,
        "fee": null,
        "opening_hours": null,
        "source": "osm"
      }
    },
    {
      "type": "Feature",
      "geometry": {
        "type": "Point",
        "coordinates": [
          19.0756639,
          47.5288258
        ]
      },
      "properties": {
        "id": "osm-n-12805854242",
        "category": "shop",
        "name": "Re\u00e1l Pont",
        "wheelchair": null,
        "fee": null,
        "opening_hours": "Mo-Fr 06:00-19:00; Sa 06:00-18:00",
        "source": "osm"
      }
    },
    {
      "type": "Feature",
      "geometry": {
        "type": "Point",
        "coordinates": [
          19.0740934,
          47.5369285
        ]
      },
      "properties": {
        "id": "osm-n-12805959499",
        "category": "cafe",
        "name": "Nosh",
        "wheelchair": null,
        "fee": null,
        "opening_hours": "Mo-Fr 08:00-17:00; Sa 09:00-17:00; Su 09:00-16:00",
        "source": "osm"
      }
    },
    {
      "type": "Feature",
      "geometry": {
        "type": "Point",
        "coordinates": [
          19.0753517,
          47.5325545
        ]
      },
      "properties": {
        "id": "osm-n-12806483833",
        "category": "water",
        "name": "Water",
        "wheelchair": null,
        "fee": null,
        "opening_hours": null,
        "source": "osm"
      }
    },
    {
      "type": "Feature",
      "geometry": {
        "type": "Point",
        "coordinates": [
          19.0666424,
          47.5525225
        ]
      },
      "properties": {
        "id": "osm-n-12817133140",
        "category": "cafe",
        "name": "Rosa",
        "wheelchair": null,
        "fee": null,
        "opening_hours": null,
        "source": "osm"
      }
    },
    {
      "type": "Feature",
      "geometry": {
        "type": "Point",
        "coordinates": [
          19.0772094,
          47.539455
        ]
      },
      "properties": {
        "id": "osm-n-12828124930",
        "category": "shop",
        "name": "Mini ABC",
        "wheelchair": null,
        "fee": null,
        "opening_hours": "Mo-Fr 06:00-17:00; Sa 07:00-13:00",
        "source": "osm"
      }
    },
    {
      "type": "Feature",
      "geometry": {
        "type": "Point",
        "coordinates": [
          19.0805588,
          47.5585422
        ]
      },
      "properties": {
        "id": "osm-n-12828156679",
        "category": "water",
        "name": "Water",
        "wheelchair": null,
        "fee": null,
        "opening_hours": null,
        "source": "osm"
      }
    },
    {
      "type": "Feature",
      "geometry": {
        "type": "Point",
        "coordinates": [
          19.0746828,
          47.5619927
        ]
      },
      "properties": {
        "id": "osm-n-12830070096",
        "category": "toilet",
        "name": "Toilet",
        "wheelchair": null,
        "fee": null,
        "opening_hours": null,
        "source": "osm"
      }
    },
    {
      "type": "Feature",
      "geometry": {
        "type": "Point",
        "coordinates": [
          19.0153585,
          47.5302727
        ]
      },
      "properties": {
        "id": "osm-n-12864375020",
        "category": "water",
        "name": "Water",
        "wheelchair": null,
        "fee": null,
        "opening_hours": null,
        "source": "osm"
      }
    },
    {
      "type": "Feature",
      "geometry": {
        "type": "Point",
        "coordinates": [
          19.0815122,
          47.5630724
        ]
      },
      "properties": {
        "id": "osm-n-12864647352",
        "category": "shop",
        "name": "Shop",
        "wheelchair": null,
        "fee": null,
        "opening_hours": null,
        "source": "osm"
      }
    },
    {
      "type": "Feature",
      "geometry": {
        "type": "Point",
        "coordinates": [
          19.0699025,
          47.5253809
        ]
      },
      "properties": {
        "id": "osm-n-12882730924",
        "category": "water",
        "name": "Water",
        "wheelchair": null,
        "fee": null,
        "opening_hours": null,
        "source": "osm"
      }
    },
    {
      "type": "Feature",
      "geometry": {
        "type": "Point",
        "coordinates": [
          19.0415895,
          47.5537181
        ]
      },
      "properties": {
        "id": "osm-n-12892556754",
        "category": "shop",
        "name": "Nemzeti Doh\u00e1nybolt",
        "wheelchair": null,
        "fee": null,
        "opening_hours": "Mo-Sa 07:00-19:00",
        "source": "osm"
      }
    },
    {
      "type": "Feature",
      "geometry": {
        "type": "Point",
        "coordinates": [
          19.0444219,
          47.516552
        ]
      },
      "properties": {
        "id": "osm-n-12902492763",
        "category": "info",
        "name": "Info",
        "wheelchair": null,
        "fee": null,
        "opening_hours": null,
        "source": "osm"
      }
    },
    {
      "type": "Feature",
      "geometry": {
        "type": "Point",
        "coordinates": [
          19.0519944,
          47.5320504
        ]
      },
      "properties": {
        "id": "osm-n-12902666917",
        "category": "info",
        "name": "Info",
        "wheelchair": null,
        "fee": null,
        "opening_hours": null,
        "source": "osm"
      }
    },
    {
      "type": "Feature",
      "geometry": {
        "type": "Point",
        "coordinates": [
          19.051548,
          47.534754
        ]
      },
      "properties": {
        "id": "osm-n-12902680050",
        "category": "info",
        "name": "Info",
        "wheelchair": null,
        "fee": null,
        "opening_hours": null,
        "source": "osm"
      }
    },
    {
      "type": "Feature",
      "geometry": {
        "type": "Point",
        "coordinates": [
          19.0520715,
          47.5352158
        ]
      },
      "properties": {
        "id": "osm-n-12902680087",
        "category": "info",
        "name": "Info",
        "wheelchair": null,
        "fee": null,
        "opening_hours": null,
        "source": "osm"
      }
    },
    {
      "type": "Feature",
      "geometry": {
        "type": "Point",
        "coordinates": [
          19.0511453,
          47.5333242
        ]
      },
      "properties": {
        "id": "osm-n-12902694969",
        "category": "info",
        "name": "Info",
        "wheelchair": null,
        "fee": null,
        "opening_hours": null,
        "source": "osm"
      }
    },
    {
      "type": "Feature",
      "geometry": {
        "type": "Point",
        "coordinates": [
          19.05198,
          47.5352594
        ]
      },
      "properties": {
        "id": "osm-n-12902695665",
        "category": "info",
        "name": "Info",
        "wheelchair": null,
        "fee": null,
        "opening_hours": null,
        "source": "osm"
      }
    },
    {
      "type": "Feature",
      "geometry": {
        "type": "Point",
        "coordinates": [
          19.0500141,
          47.5286245
        ]
      },
      "properties": {
        "id": "osm-n-12902713182",
        "category": "info",
        "name": "Info",
        "wheelchair": null,
        "fee": null,
        "opening_hours": null,
        "source": "osm"
      }
    },
    {
      "type": "Feature",
      "geometry": {
        "type": "Point",
        "coordinates": [
          19.0494484,
          47.5312905
        ]
      },
      "properties": {
        "id": "osm-n-12902716924",
        "category": "info",
        "name": "Info",
        "wheelchair": null,
        "fee": null,
        "opening_hours": null,
        "source": "osm"
      }
    },
    {
      "type": "Feature",
      "geometry": {
        "type": "Point",
        "coordinates": [
          19.0495996,
          47.5254672
        ]
      },
      "properties": {
        "id": "osm-n-12902874940",
        "category": "info",
        "name": "Info",
        "wheelchair": null,
        "fee": null,
        "opening_hours": null,
        "source": "osm"
      }
    },
    {
      "type": "Feature",
      "geometry": {
        "type": "Point",
        "coordinates": [
          19.0466777,
          47.5207446
        ]
      },
      "properties": {
        "id": "osm-n-12902898128",
        "category": "info",
        "name": "Info",
        "wheelchair": null,
        "fee": null,
        "opening_hours": null,
        "source": "osm"
      }
    },
    {
      "type": "Feature",
      "geometry": {
        "type": "Point",
        "coordinates": [
          19.046504,
          47.5201363
        ]
      },
      "properties": {
        "id": "osm-n-12902910040",
        "category": "cafe",
        "name": "Ferrero Caf\u00e9",
        "wheelchair": null,
        "fee": null,
        "opening_hours": null,
        "source": "osm"
      }
    },
    {
      "type": "Feature",
      "geometry": {
        "type": "Point",
        "coordinates": [
          19.0449932,
          47.5182714
        ]
      },
      "properties": {
        "id": "osm-n-12903050181",
        "category": "info",
        "name": "Info",
        "wheelchair": null,
        "fee": null,
        "opening_hours": null,
        "source": "osm"
      }
    },
    {
      "type": "Feature",
      "geometry": {
        "type": "Point",
        "coordinates": [
          19.0401298,
          47.5418647
        ]
      },
      "properties": {
        "id": "osm-n-12906344803",
        "category": "info",
        "name": "Centurio H\u00e1z",
        "wheelchair": null,
        "fee": null,
        "opening_hours": null,
        "source": "osm"
      }
    },
    {
      "type": "Feature",
      "geometry": {
        "type": "Point",
        "coordinates": [
          19.097137,
          47.562915
        ]
      },
      "properties": {
        "id": "osm-n-12943458581",
        "category": "toilet",
        "name": "\u00dajpesti V\u00e1rosgondnoks\u00e1g Kft.",
        "wheelchair": "yes",
        "fee": "yes",
        "opening_hours": "24/7",
        "source": "osm"
      }
    },
    {
      "type": "Feature",
      "geometry": {
        "type": "Point",
        "coordinates": [
          19.0646209,
          47.5317932
        ]
      },
      "properties": {
        "id": "osm-n-12955105994",
        "category": "cafe",
        "name": "Twinz",
        "wheelchair": null,
        "fee": null,
        "opening_hours": null,
        "source": "osm"
      }
    },
    {
      "type": "Feature",
      "geometry": {
        "type": "Point",
        "coordinates": [
          19.0651078,
          47.531697
        ]
      },
      "properties": {
        "id": "osm-n-12955105996",
        "category": "cafe",
        "name": "Dolce Fantasia",
        "wheelchair": null,
        "fee": null,
        "opening_hours": null,
        "source": "osm"
      }
    },
    {
      "type": "Feature",
      "geometry": {
        "type": "Point",
        "coordinates": [
          19.0726363,
          47.5322321
        ]
      },
      "properties": {
        "id": "osm-n-12956027841",
        "category": "hospital",
        "name": "M\u0171szaki oszt\u00e1ly",
        "wheelchair": null,
        "fee": null,
        "opening_hours": null,
        "source": "osm"
      }
    },
    {
      "type": "Feature",
      "geometry": {
        "type": "Point",
        "coordinates": [
          19.0723933,
          47.5311216
        ]
      },
      "properties": {
        "id": "osm-n-12956027842",
        "category": "hospital",
        "name": "Nukle\u00e1ris medicina",
        "wheelchair": null,
        "fee": null,
        "opening_hours": null,
        "source": "osm"
      }
    },
    {
      "type": "Feature",
      "geometry": {
        "type": "Point",
        "coordinates": [
          19.0649353,
          47.5292435
        ]
      },
      "properties": {
        "id": "osm-n-12980712335",
        "category": "cafe",
        "name": "Cafe Frei",
        "wheelchair": null,
        "fee": null,
        "opening_hours": null,
        "source": "osm"
      }
    },
    {
      "type": "Feature",
      "geometry": {
        "type": "Point",
        "coordinates": [
          19.0462978,
          47.5492328
        ]
      },
      "properties": {
        "id": "osm-n-13004133822",
        "category": "info",
        "name": "Waterfront City",
        "wheelchair": null,
        "fee": null,
        "opening_hours": null,
        "source": "osm"
      }
    },
    {
      "type": "Feature",
      "geometry": {
        "type": "Point",
        "coordinates": [
          19.0465037,
          47.5488649
        ]
      },
      "properties": {
        "id": "osm-n-13004133835",
        "category": "cafe",
        "name": "Cafe Frei",
        "wheelchair": null,
        "fee": null,
        "opening_hours": null,
        "source": "osm"
      }
    },
    {
      "type": "Feature",
      "geometry": {
        "type": "Point",
        "coordinates": [
          19.0773588,
          47.5320044
        ]
      },
      "properties": {
        "id": "osm-n-13005165063",
        "category": "info",
        "name": "Szov\u00e1ta",
        "wheelchair": null,
        "fee": null,
        "opening_hours": null,
        "source": "osm"
      }
    },
    {
      "type": "Feature",
      "geometry": {
        "type": "Point",
        "coordinates": [
          19.075596,
          47.5323789
        ]
      },
      "properties": {
        "id": "osm-n-13005165065",
        "category": "info",
        "name": "Kassa D\u00e9lv\u00e1ros",
        "wheelchair": null,
        "fee": null,
        "opening_hours": null,
        "source": "osm"
      }
    },
    {
      "type": "Feature",
      "geometry": {
        "type": "Point",
        "coordinates": [
          19.0804454,
          47.5313093
        ]
      },
      "properties": {
        "id": "osm-n-13008813640",
        "category": "info",
        "name": "Esz\u00e9k",
        "wheelchair": null,
        "fee": null,
        "opening_hours": null,
        "source": "osm"
      }
    },
    {
      "type": "Feature",
      "geometry": {
        "type": "Point",
        "coordinates": [
          19.0881199,
          47.5621628
        ]
      },
      "properties": {
        "id": "osm-n-13009655046",
        "category": "water",
        "name": "Water",
        "wheelchair": null,
        "fee": null,
        "opening_hours": null,
        "source": "osm"
      }
    },
    {
      "type": "Feature",
      "geometry": {
        "type": "Point",
        "coordinates": [
          19.09144,
          47.5552681
        ]
      },
      "properties": {
        "id": "osm-n-13039892391",
        "category": "shop",
        "name": "Tomi market",
        "wheelchair": null,
        "fee": null,
        "opening_hours": null,
        "source": "osm"
      }
    },
    {
      "type": "Feature",
      "geometry": {
        "type": "Point",
        "coordinates": [
          19.0497816,
          47.5752356
        ]
      },
      "properties": {
        "id": "osm-n-13040908187",
        "category": "parking",
        "name": "Parking",
        "wheelchair": null,
        "fee": "no",
        "opening_hours": "09:00-19:00",
        "source": "osm"
      }
    },
    {
      "type": "Feature",
      "geometry": {
        "type": "Point",
        "coordinates": [
          19.0859202,
          47.5240129
        ]
      },
      "properties": {
        "id": "osm-n-13046318940",
        "category": "water",
        "name": "Water",
        "wheelchair": null,
        "fee": null,
        "opening_hours": null,
        "source": "osm"
      }
    },
    {
      "type": "Feature",
      "geometry": {
        "type": "Point",
        "coordinates": [
          19.0457851,
          47.5283065
        ]
      },
      "properties": {
        "id": "osm-n-13059858508",
        "category": "water",
        "name": "Water",
        "wheelchair": null,
        "fee": null,
        "opening_hours": null,
        "source": "osm"
      }
    },
    {
      "type": "Feature",
      "geometry": {
        "type": "Point",
        "coordinates": [
          19.0462933,
          47.5287093
        ]
      },
      "properties": {
        "id": "osm-n-13059876854",
        "category": "water",
        "name": "Water",
        "wheelchair": null,
        "fee": null,
        "opening_hours": null,
        "source": "osm"
      }
    },
    {
      "type": "Feature",
      "geometry": {
        "type": "Point",
        "coordinates": [
          19.0462668,
          47.5284752
        ]
      },
      "properties": {
        "id": "osm-n-13059903378",
        "category": "water",
        "name": "Water",
        "wheelchair": null,
        "fee": null,
        "opening_hours": null,
        "source": "osm"
      }
    },
    {
      "type": "Feature",
      "geometry": {
        "type": "Point",
        "coordinates": [
          19.0453663,
          47.5272796
        ]
      },
      "properties": {
        "id": "osm-n-13059955842",
        "category": "water",
        "name": "Water",
        "wheelchair": null,
        "fee": null,
        "opening_hours": null,
        "source": "osm"
      }
    },
    {
      "type": "Feature",
      "geometry": {
        "type": "Point",
        "coordinates": [
          19.0586229,
          47.5690871
        ]
      },
      "properties": {
        "id": "osm-n-13073077759",
        "category": "water",
        "name": "Water",
        "wheelchair": null,
        "fee": "no",
        "opening_hours": null,
        "source": "osm"
      }
    },
    {
      "type": "Feature",
      "geometry": {
        "type": "Point",
        "coordinates": [
          19.0440825,
          47.5417518
        ]
      },
      "properties": {
        "id": "osm-n-13116540679",
        "category": "info",
        "name": "Porta Praetoria",
        "wheelchair": null,
        "fee": null,
        "opening_hours": null,
        "source": "osm"
      }
    },
    {
      "type": "Feature",
      "geometry": {
        "type": "Point",
        "coordinates": [
          19.0574722,
          47.5187764
        ]
      },
      "properties": {
        "id": "osm-n-13119078689",
        "category": "toilet",
        "name": "Toilet",
        "wheelchair": null,
        "fee": null,
        "opening_hours": null,
        "source": "osm"
      }
    },
    {
      "type": "Feature",
      "geometry": {
        "type": "Point",
        "coordinates": [
          19.0539093,
          47.5369596
        ]
      },
      "properties": {
        "id": "osm-n-13128253530",
        "category": "info",
        "name": "Margitsziget",
        "wheelchair": null,
        "fee": null,
        "opening_hours": null,
        "source": "osm"
      }
    },
    {
      "type": "Feature",
      "geometry": {
        "type": "Point",
        "coordinates": [
          19.1006469,
          47.559433
        ]
      },
      "properties": {
        "id": "osm-n-13180216376",
        "category": "info",
        "name": "N\u00f6v\u00e9nyismeret",
        "wheelchair": null,
        "fee": null,
        "opening_hours": null,
        "source": "osm"
      }
    },
    {
      "type": "Feature",
      "geometry": {
        "type": "Point",
        "coordinates": [
          19.095491,
          47.5631211
        ]
      },
      "properties": {
        "id": "osm-n-13184797941",
        "category": "info",
        "name": "Semsey Alad\u00e1r dr.",
        "wheelchair": null,
        "fee": null,
        "opening_hours": null,
        "source": "osm"
      }
    },
    {
      "type": "Feature",
      "geometry": {
        "type": "Point",
        "coordinates": [
          19.0658349,
          47.5220374
        ]
      },
      "properties": {
        "id": "osm-n-13188213688",
        "category": "cafe",
        "name": "Nutri Caf\u00e9 & Shop",
        "wheelchair": "yes",
        "fee": null,
        "opening_hours": "Mo,Tu,Th 07:30-16:00; We 07:30-18:00; Fr 07:30-12:00",
        "source": "osm"
      }
    },
    {
      "type": "Feature",
      "geometry": {
        "type": "Point",
        "coordinates": [
          19.0959308,
          47.5610935
        ]
      },
      "properties": {
        "id": "osm-n-13196309214",
        "category": "info",
        "name": "Mad\u00e1rismeret",
        "wheelchair": null,
        "fee": null,
        "opening_hours": null,
        "source": "osm"
      }
    },
    {
      "type": "Feature",
      "geometry": {
        "type": "Point",
        "coordinates": [
          19.09557,
          47.5613976
        ]
      },
      "properties": {
        "id": "osm-n-13196323334",
        "category": "info",
        "name": "\u00dajpesti Levenduladomb",
        "wheelchair": null,
        "fee": null,
        "opening_hours": null,
        "source": "osm"
      }
    },
    {
      "type": "Feature",
      "geometry": {
        "type": "Point",
        "coordinates": [
          19.0973966,
          47.5634147
        ]
      },
      "properties": {
        "id": "osm-n-13203382661",
        "category": "info",
        "name": "Cs\u00faszd\u00e1s j\u00e1tsz\u00f3t\u00e9r",
        "wheelchair": null,
        "fee": null,
        "opening_hours": null,
        "source": "osm"
      }
    },
    {
      "type": "Feature",
      "geometry": {
        "type": "Point",
        "coordinates": [
          19.0958635,
          47.5682226
        ]
      },
      "properties": {
        "id": "osm-n-13207000123",
        "category": "water",
        "name": "Water",
        "wheelchair": null,
        "fee": null,
        "opening_hours": null,
        "source": "osm"
      }
    },
    {
      "type": "Feature",
      "geometry": {
        "type": "Point",
        "coordinates": [
          19.0881389,
          47.557831
        ]
      },
      "properties": {
        "id": "osm-n-13256096087",
        "category": "water",
        "name": "Water",
        "wheelchair": null,
        "fee": null,
        "opening_hours": null,
        "source": "osm"
      }
    },
    {
      "type": "Feature",
      "geometry": {
        "type": "Point",
        "coordinates": [
          19.1006997,
          47.5588735
        ]
      },
      "properties": {
        "id": "osm-n-13256990137",
        "category": "info",
        "name": "Mad\u00e1rv\u00e9delem",
        "wheelchair": null,
        "fee": null,
        "opening_hours": null,
        "source": "osm"
      }
    },
    {
      "type": "Feature",
      "geometry": {
        "type": "Point",
        "coordinates": [
          19.0019364,
          47.5558265
        ]
      },
      "properties": {
        "id": "osm-n-13266677893",
        "category": "info",
        "name": "Kil\u00e1t\u00f3pont \u00e9s Sikl\u00f3rep\u00fcl\u0151 starthely",
        "wheelchair": null,
        "fee": null,
        "opening_hours": null,
        "source": "osm"
      }
    },
    {
      "type": "Feature",
      "geometry": {
        "type": "Point",
        "coordinates": [
          19.0024263,
          47.5558204
        ]
      },
      "properties": {
        "id": "osm-n-13266677897",
        "category": "info",
        "name": "Sikl\u00f3rep\u00fcl\u0151 starthely \u00e9s Kil\u00e1t\u00f3pont",
        "wheelchair": null,
        "fee": null,
        "opening_hours": null,
        "source": "osm"
      }
    },
    {
      "type": "Feature",
      "geometry": {
        "type": "Point",
        "coordinates": [
          19.1012898,
          47.5596491
        ]
      },
      "properties": {
        "id": "osm-n-13273765248",
        "category": "info",
        "name": "Az \u00f6koparkr\u00f3l",
        "wheelchair": null,
        "fee": null,
        "opening_hours": null,
        "source": "osm"
      }
    },
    {
      "type": "Feature",
      "geometry": {
        "type": "Point",
        "coordinates": [
          19.0781642,
          47.5356788
        ]
      },
      "properties": {
        "id": "osm-n-13278111215",
        "category": "charging",
        "name": "Charging",
        "wheelchair": null,
        "fee": null,
        "opening_hours": null,
        "source": "osm"
      }
    },
    {
      "type": "Feature",
      "geometry": {
        "type": "Point",
        "coordinates": [
          19.0770663,
          47.5391158
        ]
      },
      "properties": {
        "id": "osm-n-13278118887",
        "category": "shop",
        "name": "Piccolo Italia",
        "wheelchair": null,
        "fee": null,
        "opening_hours": null,
        "source": "osm"
      }
    },
    {
      "type": "Feature",
      "geometry": {
        "type": "Point",
        "coordinates": [
          19.0795578,
          47.5315815
        ]
      },
      "properties": {
        "id": "osm-n-13281191390",
        "category": "info",
        "name": "Ochota",
        "wheelchair": null,
        "fee": null,
        "opening_hours": null,
        "source": "osm"
      }
    },
    {
      "type": "Feature",
      "geometry": {
        "type": "Point",
        "coordinates": [
          19.079516,
          47.5314218
        ]
      },
      "properties": {
        "id": "osm-n-13281240965",
        "category": "info",
        "name": "Ochota",
        "wheelchair": null,
        "fee": null,
        "opening_hours": null,
        "source": "osm"
      }
    },
    {
      "type": "Feature",
      "geometry": {
        "type": "Point",
        "coordinates": [
          19.0773849,
          47.5318554
        ]
      },
      "properties": {
        "id": "osm-n-13281255333",
        "category": "info",
        "name": "Szov\u00e1ta",
        "wheelchair": null,
        "fee": null,
        "opening_hours": null,
        "source": "osm"
      }
    },
    {
      "type": "Feature",
      "geometry": {
        "type": "Point",
        "coordinates": [
          19.0331805,
          47.5792435
        ]
      },
      "properties": {
        "id": "osm-n-13286830661",
        "category": "charging",
        "name": "TEA.",
        "wheelchair": null,
        "fee": "yes",
        "opening_hours": null,
        "source": "osm"
      }
    },
    {
      "type": "Feature",
      "geometry": {
        "type": "Point",
        "coordinates": [
          19.084059,
          47.5462299
        ]
      },
      "properties": {
        "id": "osm-n-13306280587",
        "category": "toilet",
        "name": "Toilet",
        "wheelchair": "yes",
        "fee": "no",
        "opening_hours": null,
        "source": "osm"
      }
    },
    {
      "type": "Feature",
      "geometry": {
        "type": "Point",
        "coordinates": [
          19.0757364,
          47.527584
        ]
      },
      "properties": {
        "id": "osm-n-13306722896",
        "category": "shop",
        "name": "Spar Express",
        "wheelchair": null,
        "fee": null,
        "opening_hours": null,
        "source": "osm"
      }
    },
    {
      "type": "Feature",
      "geometry": {
        "type": "Point",
        "coordinates": [
          19.086809,
          47.5598257
        ]
      },
      "properties": {
        "id": "osm-n-13334857888",
        "category": "clinic",
        "name": "Oxygen Medical",
        "wheelchair": null,
        "fee": null,
        "opening_hours": "Mo-Fr 08:00-20:00; Sa 08:00-14:00",
        "source": "osm"
      }
    },
    {
      "type": "Feature",
      "geometry": {
        "type": "Point",
        "coordinates": [
          19.0470429,
          47.5663831
        ]
      },
      "properties": {
        "id": "osm-n-13336996307",
        "category": "info",
        "name": "M\u00c1V",
        "wheelchair": null,
        "fee": null,
        "opening_hours": null,
        "source": "osm"
      }
    },
    {
      "type": "Feature",
      "geometry": {
        "type": "Point",
        "coordinates": [
          19.0962322,
          47.5613031
        ]
      },
      "properties": {
        "id": "osm-n-13352156456",
        "category": "info",
        "name": "\u00dajpesti Levenduladomb",
        "wheelchair": null,
        "fee": null,
        "opening_hours": null,
        "source": "osm"
      }
    },
    {
      "type": "Feature",
      "geometry": {
        "type": "Point",
        "coordinates": [
          19.0959385,
          47.5612682
        ]
      },
      "properties": {
        "id": "osm-n-13352156457",
        "category": "info",
        "name": "\u00dajpesti Levenduladomb Szelfi Pont",
        "wheelchair": null,
        "fee": null,
        "opening_hours": null,
        "source": "osm"
      }
    },
    {
      "type": "Feature",
      "geometry": {
        "type": "Point",
        "coordinates": [
          19.0374005,
          47.5188136
        ]
      },
      "properties": {
        "id": "osm-n-13357836611",
        "category": "hospital",
        "name": "Izot\u00f3pdiagnosztika",
        "wheelchair": null,
        "fee": null,
        "opening_hours": null,
        "source": "osm"
      }
    },
    {
      "type": "Feature",
      "geometry": {
        "type": "Point",
        "coordinates": [
          19.0743689,
          47.5399152
        ]
      },
      "properties": {
        "id": "osm-n-13358026831",
        "category": "charging",
        "name": "TEA.",
        "wheelchair": null,
        "fee": "yes",
        "opening_hours": null,
        "source": "osm"
      }
    },
    {
      "type": "Feature",
      "geometry": {
        "type": "Point",
        "coordinates": [
          19.0744127,
          47.5402132
        ]
      },
      "properties": {
        "id": "osm-n-13358166718",
        "category": "charging",
        "name": "TEA.",
        "wheelchair": null,
        "fee": "yes",
        "opening_hours": null,
        "source": "osm"
      }
    },
    {
      "type": "Feature",
      "geometry": {
        "type": "Point",
        "coordinates": [
          19.0470128,
          47.5662351
        ]
      },
      "properties": {
        "id": "osm-n-13364213866",
        "category": "info",
        "name": "M\u00c1V",
        "wheelchair": null,
        "fee": null,
        "opening_hours": null,
        "source": "osm"
      }
    },
    {
      "type": "Feature",
      "geometry": {
        "type": "Point",
        "coordinates": [
          19.0894964,
          47.5419789
        ]
      },
      "properties": {
        "id": "osm-n-13375751124",
        "category": "info",
        "name": "H\u00e1zirend",
        "wheelchair": null,
        "fee": null,
        "opening_hours": null,
        "source": "osm"
      }
    },
    {
      "type": "Feature",
      "geometry": {
        "type": "Point",
        "coordinates": [
          19.0889468,
          47.5420953
        ]
      },
      "properties": {
        "id": "osm-n-13375758211",
        "category": "water",
        "name": "Water",
        "wheelchair": null,
        "fee": null,
        "opening_hours": null,
        "source": "osm"
      }
    },
    {
      "type": "Feature",
      "geometry": {
        "type": "Point",
        "coordinates": [
          19.0890085,
          47.5414726
        ]
      },
      "properties": {
        "id": "osm-n-13376474100",
        "category": "water",
        "name": "Water",
        "wheelchair": null,
        "fee": null,
        "opening_hours": null,
        "source": "osm"
      }
    },
    {
      "type": "Feature",
      "geometry": {
        "type": "Point",
        "coordinates": [
          19.0373071,
          47.5790174
        ]
      },
      "properties": {
        "id": "osm-n-13376828604",
        "category": "info",
        "name": "Schmidt Egon Mad\u00e1rtani \u00e9s Term\u00e9szetv\u00e9delmi K\u00f6zpont",
        "wheelchair": null,
        "fee": null,
        "opening_hours": null,
        "source": "osm"
      }
    },
    {
      "type": "Feature",
      "geometry": {
        "type": "Point",
        "coordinates": [
          19.0811639,
          47.5351612
        ]
      },
      "properties": {
        "id": "osm-n-13391205446",
        "category": "charging",
        "name": "E.ON Drive",
        "wheelchair": null,
        "fee": "yes",
        "opening_hours": "24/7",
        "source": "osm"
      }
    },
    {
      "type": "Feature",
      "geometry": {
        "type": "Point",
        "coordinates": [
          19.0686784,
          47.5227631
        ]
      },
      "properties": {
        "id": "osm-n-13391594701",
        "category": "toilet",
        "name": "Toilet",
        "wheelchair": null,
        "fee": null,
        "opening_hours": null,
        "source": "osm"
      }
    },
    {
      "type": "Feature",
      "geometry": {
        "type": "Point",
        "coordinates": [
          19.0765367,
          47.5584389
        ]
      },
      "properties": {
        "id": "osm-n-13415778670",
        "category": "charging",
        "name": "Shell Recharge",
        "wheelchair": null,
        "fee": "yes",
        "opening_hours": "24/7",
        "source": "osm"
      }
    },
    {
      "type": "Feature",
      "geometry": {
        "type": "Point",
        "coordinates": [
          19.0494414,
          47.5731696
        ]
      },
      "properties": {
        "id": "osm-n-13423803860",
        "category": "charging",
        "name": "Charging",
        "wheelchair": null,
        "fee": null,
        "opening_hours": null,
        "source": "osm"
      }
    },
    {
      "type": "Feature",
      "geometry": {
        "type": "Point",
        "coordinates": [
          19.0793278,
          47.5350313
        ]
      },
      "properties": {
        "id": "osm-n-13430719022",
        "category": "charging",
        "name": "Elektro Profi Mobility Kft.",
        "wheelchair": null,
        "fee": "yes",
        "opening_hours": "Mo-Fr 09:00-17:30; Sa 09:00-14:00",
        "source": "osm"
      }
    },
    {
      "type": "Feature",
      "geometry": {
        "type": "Point",
        "coordinates": [
          19.0697047,
          47.5385318
        ]
      },
      "properties": {
        "id": "osm-n-13430742438",
        "category": "charging",
        "name": "OMV",
        "wheelchair": null,
        "fee": "yes",
        "opening_hours": null,
        "source": "osm"
      }
    },
    {
      "type": "Feature",
      "geometry": {
        "type": "Point",
        "coordinates": [
          19.0657391,
          47.5473586
        ]
      },
      "properties": {
        "id": "osm-n-13430755589",
        "category": "charging",
        "name": "Mobiliti",
        "wheelchair": null,
        "fee": null,
        "opening_hours": null,
        "source": "osm"
      }
    },
    {
      "type": "Feature",
      "geometry": {
        "type": "Point",
        "coordinates": [
          19.0786204,
          47.5237905
        ]
      },
      "properties": {
        "id": "osm-n-13433125982",
        "category": "charging",
        "name": "E.ON",
        "wheelchair": null,
        "fee": "yes",
        "opening_hours": null,
        "source": "osm"
      }
    },
    {
      "type": "Feature",
      "geometry": {
        "type": "Point",
        "coordinates": [
          19.0427922,
          47.5509518
        ]
      },
      "properties": {
        "id": "osm-n-13433311205",
        "category": "charging",
        "name": "Charging",
        "wheelchair": null,
        "fee": null,
        "opening_hours": null,
        "source": "osm"
      }
    },
    {
      "type": "Feature",
      "geometry": {
        "type": "Point",
        "coordinates": [
          19.0535823,
          47.5223535
        ]
      },
      "properties": {
        "id": "osm-n-13436213512",
        "category": "charging",
        "name": "Charging",
        "wheelchair": null,
        "fee": null,
        "opening_hours": null,
        "source": "osm"
      }
    },
    {
      "type": "Feature",
      "geometry": {
        "type": "Point",
        "coordinates": [
          19.0614433,
          47.5182669
        ]
      },
      "properties": {
        "id": "osm-n-13439245942",
        "category": "charging",
        "name": "Charging",
        "wheelchair": null,
        "fee": "yes",
        "opening_hours": null,
        "source": "osm"
      }
    },
    {
      "type": "Feature",
      "geometry": {
        "type": "Point",
        "coordinates": [
          19.0481037,
          47.515306
        ]
      },
      "properties": {
        "id": "osm-n-13439285582",
        "category": "cafe",
        "name": "Lui",
        "wheelchair": null,
        "fee": null,
        "opening_hours": null,
        "source": "osm"
      }
    },
    {
      "type": "Feature",
      "geometry": {
        "type": "Point",
        "coordinates": [
          19.0703803,
          47.5179513
        ]
      },
      "properties": {
        "id": "osm-n-13443061347",
        "category": "charging",
        "name": "Charging",
        "wheelchair": null,
        "fee": null,
        "opening_hours": null,
        "source": "osm"
      }
    },
    {
      "type": "Feature",
      "geometry": {
        "type": "Point",
        "coordinates": [
          19.0306491,
          47.5347525
        ]
      },
      "properties": {
        "id": "osm-n-13479209066",
        "category": "charging",
        "name": "Charging",
        "wheelchair": null,
        "fee": "yes",
        "opening_hours": null,
        "source": "osm"
      }
    },
    {
      "type": "Feature",
      "geometry": {
        "type": "Point",
        "coordinates": [
          19.0160804,
          47.5270379
        ]
      },
      "properties": {
        "id": "osm-n-13514781929",
        "category": "info",
        "name": "Keresd a P\u00e1rj\u00e1t",
        "wheelchair": null,
        "fee": null,
        "opening_hours": null,
        "source": "osm"
      }
    },
    {
      "type": "Feature",
      "geometry": {
        "type": "Point",
        "coordinates": [
          19.0604969,
          47.5377478
        ]
      },
      "properties": {
        "id": "osm-n-13521022920",
        "category": "charging",
        "name": "Charging",
        "wheelchair": null,
        "fee": null,
        "opening_hours": null,
        "source": "osm"
      }
    },
    {
      "type": "Feature",
      "geometry": {
        "type": "Point",
        "coordinates": [
          19.0687436,
          47.5353059
        ]
      },
      "properties": {
        "id": "osm-n-13526970871",
        "category": "cafe",
        "name": "Light Roast Coffee",
        "wheelchair": null,
        "fee": null,
        "opening_hours": null,
        "source": "osm"
      }
    },
    {
      "type": "Feature",
      "geometry": {
        "type": "Point",
        "coordinates": [
          19.0977775,
          47.5596034
        ]
      },
      "properties": {
        "id": "osm-n-13535298461",
        "category": "info",
        "name": "Info",
        "wheelchair": null,
        "fee": null,
        "opening_hours": null,
        "source": "osm"
      }
    },
    {
      "type": "Feature",
      "geometry": {
        "type": "Point",
        "coordinates": [
          19.097648,
          47.5594876
        ]
      },
      "properties": {
        "id": "osm-n-13535298465",
        "category": "water",
        "name": "Water",
        "wheelchair": null,
        "fee": null,
        "opening_hours": null,
        "source": "osm"
      }
    },
    {
      "type": "Feature",
      "geometry": {
        "type": "Point",
        "coordinates": [
          19.0784448,
          47.5581676
        ]
      },
      "properties": {
        "id": "osm-n-13566617531",
        "category": "toilet",
        "name": "Toilet",
        "wheelchair": "no",
        "fee": "yes",
        "opening_hours": null,
        "source": "osm"
      }
    },
    {
      "type": "Feature",
      "geometry": {
        "type": "Point",
        "coordinates": [
          19.0598463,
          47.5160404
        ]
      },
      "properties": {
        "id": "osm-n-13568254863",
        "category": "info",
        "name": "Info",
        "wheelchair": null,
        "fee": null,
        "opening_hours": null,
        "source": "osm"
      }
    },
    {
      "type": "Feature",
      "geometry": {
        "type": "Point",
        "coordinates": [
          19.0563802,
          47.5260024
        ]
      },
      "properties": {
        "id": "osm-n-13608208291",
        "category": "charging",
        "name": "Charging",
        "wheelchair": null,
        "fee": null,
        "opening_hours": null,
        "source": "osm"
      }
    },
    {
      "type": "Feature",
      "geometry": {
        "type": "Point",
        "coordinates": [
          19.0496933,
          47.5811844
        ]
      },
      "properties": {
        "id": "osm-n-13611135644",
        "category": "shop",
        "name": "Ecofamily",
        "wheelchair": null,
        "fee": null,
        "opening_hours": null,
        "source": "osm"
      }
    },
    {
      "type": "Feature",
      "geometry": {
        "type": "Point",
        "coordinates": [
          19.0528681,
          47.516008
        ]
      },
      "properties": {
        "id": "osm-n-13613054389",
        "category": "water",
        "name": "Water",
        "wheelchair": null,
        "fee": null,
        "opening_hours": null,
        "source": "osm"
      }
    },
    {
      "type": "Feature",
      "geometry": {
        "type": "Point",
        "coordinates": [
          19.0941357,
          47.5591971
        ]
      },
      "properties": {
        "id": "osm-n-13615461436",
        "category": "info",
        "name": "Info",
        "wheelchair": null,
        "fee": null,
        "opening_hours": null,
        "source": "osm"
      }
    },
    {
      "type": "Feature",
      "geometry": {
        "type": "Point",
        "coordinates": [
          19.0910226,
          47.5593817
        ]
      },
      "properties": {
        "id": "osm-n-13615461463",
        "category": "info",
        "name": "Info",
        "wheelchair": null,
        "fee": null,
        "opening_hours": null,
        "source": "osm"
      }
    },
    {
      "type": "Feature",
      "geometry": {
        "type": "Point",
        "coordinates": [
          19.0898291,
          47.5594994
        ]
      },
      "properties": {
        "id": "osm-n-13615461465",
        "category": "info",
        "name": "Info",
        "wheelchair": null,
        "fee": null,
        "opening_hours": null,
        "source": "osm"
      }
    },
    {
      "type": "Feature",
      "geometry": {
        "type": "Point",
        "coordinates": [
          19.0871765,
          47.5602512
        ]
      },
      "properties": {
        "id": "osm-n-13621349552",
        "category": "clinic",
        "name": "4D Ultrahang Rendel\u0151",
        "wheelchair": null,
        "fee": null,
        "opening_hours": null,
        "source": "osm"
      }
    },
    {
      "type": "Feature",
      "geometry": {
        "type": "Point",
        "coordinates": [
          19.0901307,
          47.5602564
        ]
      },
      "properties": {
        "id": "osm-n-13625827753",
        "category": "info",
        "name": "BKK",
        "wheelchair": null,
        "fee": null,
        "opening_hours": null,
        "source": "osm"
      }
    },
    {
      "type": "Feature",
      "geometry": {
        "type": "Point",
        "coordinates": [
          19.0875031,
          47.560477
        ]
      },
      "properties": {
        "id": "osm-n-13628641152",
        "category": "clinic",
        "name": "Oxygen Medical",
        "wheelchair": null,
        "fee": null,
        "opening_hours": null,
        "source": "osm"
      }
    },
    {
      "type": "Feature",
      "geometry": {
        "type": "Point",
        "coordinates": [
          19.0542035,
          47.5149529
        ]
      },
      "properties": {
        "id": "osm-n-13659170587",
        "category": "shop",
        "name": "Re\u00e1l",
        "wheelchair": null,
        "fee": null,
        "opening_hours": "24/7",
        "source": "osm"
      }
    },
    {
      "type": "Feature",
      "geometry": {
        "type": "Point",
        "coordinates": [
          19.0901352,
          47.560589
        ]
      },
      "properties": {
        "id": "osm-n-13667819375",
        "category": "toilet",
        "name": "Toilet",
        "wheelchair": null,
        "fee": "yes",
        "opening_hours": null,
        "source": "osm"
      }
    },
    {
      "type": "Feature",
      "geometry": {
        "type": "Point",
        "coordinates": [
          19.0737413,
          47.5665585
        ]
      },
      "properties": {
        "id": "osm-n-13685528520",
        "category": "info",
        "name": "Term\u00e9szetv\u00e9delmi ter\u00fclet",
        "wheelchair": null,
        "fee": null,
        "opening_hours": null,
        "source": "osm"
      }
    },
    {
      "type": "Feature",
      "geometry": {
        "type": "Point",
        "coordinates": [
          19.0632303,
          47.5247436
        ]
      },
      "properties": {
        "id": "osm-n-13688437945",
        "category": "water",
        "name": "Water",
        "wheelchair": null,
        "fee": null,
        "opening_hours": null,
        "source": "osm"
      }
    },
    {
      "type": "Feature",
      "geometry": {
        "type": "Point",
        "coordinates": [
          19.06342,
          47.5247256
        ]
      },
      "properties": {
        "id": "osm-n-13688513256",
        "category": "water",
        "name": "Water",
        "wheelchair": null,
        "fee": null,
        "opening_hours": null,
        "source": "osm"
      }
    },
    {
      "type": "Feature",
      "geometry": {
        "type": "Point",
        "coordinates": [
          19.0634787,
          47.5322212
        ]
      },
      "properties": {
        "id": "osm-n-13714497521",
        "category": "info",
        "name": "Info",
        "wheelchair": null,
        "fee": null,
        "opening_hours": null,
        "source": "osm"
      }
    },
    {
      "type": "Feature",
      "geometry": {
        "type": "Point",
        "coordinates": [
          19.0466155,
          47.5398172
        ]
      },
      "properties": {
        "id": "osm-n-13727520227",
        "category": "info",
        "name": "BKK",
        "wheelchair": null,
        "fee": null,
        "opening_hours": null,
        "source": "osm"
      }
    },
    {
      "type": "Feature",
      "geometry": {
        "type": "Point",
        "coordinates": [
          19.0994666,
          47.5595799
        ]
      },
      "properties": {
        "id": "osm-n-13753016779",
        "category": "info",
        "name": "Info",
        "wheelchair": null,
        "fee": null,
        "opening_hours": null,
        "source": "osm"
      }
    },
    {
      "type": "Feature",
      "geometry": {
        "type": "Point",
        "coordinates": [
          19.0373531,
          47.5182393
        ]
      },
      "properties": {
        "id": "osm-n-13762395080",
        "category": "toilet",
        "name": "Toilet",
        "wheelchair": "yes",
        "fee": "no",
        "opening_hours": null,
        "source": "osm"
      }
    },
    {
      "type": "Feature",
      "geometry": {
        "type": "Point",
        "coordinates": [
          19.0373457,
          47.5183473
        ]
      },
      "properties": {
        "id": "osm-n-13762395081",
        "category": "water",
        "name": "Iv\u00f3k\u00fat",
        "wheelchair": null,
        "fee": null,
        "opening_hours": null,
        "source": "osm"
      }
    },
    {
      "type": "Feature",
      "geometry": {
        "type": "Point",
        "coordinates": [
          19.0373096,
          47.5182994
        ]
      },
      "properties": {
        "id": "osm-n-13762395094",
        "category": "info",
        "name": "Info",
        "wheelchair": null,
        "fee": null,
        "opening_hours": null,
        "source": "osm"
      }
    },
    {
      "type": "Feature",
      "geometry": {
        "type": "Point",
        "coordinates": [
          19.0948512,
          47.5612818
        ]
      },
      "properties": {
        "id": "osm-n-13764578132",
        "category": "info",
        "name": "Az \u00f6koparkr\u00f3l",
        "wheelchair": null,
        "fee": null,
        "opening_hours": null,
        "source": "osm"
      }
    },
    {
      "type": "Feature",
      "geometry": {
        "type": "Point",
        "coordinates": [
          19.0283605,
          47.5459721
        ]
      },
      "properties": {
        "id": "osm-w-24148809",
        "category": "parking",
        "name": "Gobuda 1. szint",
        "wheelchair": null,
        "fee": null,
        "opening_hours": null,
        "source": "osm"
      }
    },
    {
      "type": "Feature",
      "geometry": {
        "type": "Point",
        "coordinates": [
          19.0284146,
          47.5467889
        ]
      },
      "properties": {
        "id": "osm-w-24148925",
        "category": "parking",
        "name": "Gobuda 0. szint",
        "wheelchair": null,
        "fee": "no",
        "opening_hours": null,
        "source": "osm"
      }
    },
    {
      "type": "Feature",
      "geometry": {
        "type": "Point",
        "coordinates": [
          19.0399698,
          47.5425278
        ]
      },
      "properties": {
        "id": "osm-w-24214500",
        "category": "parking",
        "name": "Parking",
        "wheelchair": null,
        "fee": "yes",
        "opening_hours": null,
        "source": "osm"
      }
    },
    {
      "type": "Feature",
      "geometry": {
        "type": "Point",
        "coordinates": [
          19.0494564,
          47.5581413
        ]
      },
      "properties": {
        "id": "osm-w-24932731",
        "category": "parking",
        "name": "Parking",
        "wheelchair": null,
        "fee": "no",
        "opening_hours": null,
        "source": "osm"
      }
    },
    {
      "type": "Feature",
      "geometry": {
        "type": "Point",
        "coordinates": [
          19.027036,
          47.5674913
        ]
      },
      "properties": {
        "id": "osm-w-26084471",
        "category": "parking",
        "name": "Parking",
        "wheelchair": null,
        "fee": null,
        "opening_hours": null,
        "source": "osm"
      }
    },
    {
      "type": "Feature",
      "geometry": {
        "type": "Point",
        "coordinates": [
          19.0489975,
          47.5599938
        ]
      },
      "properties": {
        "id": "osm-w-26836971",
        "category": "parking",
        "name": "Parking",
        "wheelchair": null,
        "fee": "no",
        "opening_hours": null,
        "source": "osm"
      }
    },
    {
      "type": "Feature",
      "geometry": {
        "type": "Point",
        "coordinates": [
          19.0509146,
          47.5605378
        ]
      },
      "properties": {
        "id": "osm-w-26836980",
        "category": "parking",
        "name": "Parking",
        "wheelchair": null,
        "fee": "no",
        "opening_hours": null,
        "source": "osm"
      }
    },
    {
      "type": "Feature",
      "geometry": {
        "type": "Point",
        "coordinates": [
          19.0215731,
          47.5622029
        ]
      },
      "properties": {
        "id": "osm-w-29853400",
        "category": "parking",
        "name": "Parking",
        "wheelchair": null,
        "fee": "yes",
        "opening_hours": null,
        "source": "osm"
      }
    },
    {
      "type": "Feature",
      "geometry": {
        "type": "Point",
        "coordinates": [
          19.0370006,
          47.5217071
        ]
      },
      "properties": {
        "id": "osm-w-37126191",
        "category": "parking",
        "name": "Solt Ottilia t\u00e9r",
        "wheelchair": null,
        "fee": "yes",
        "opening_hours": null,
        "source": "osm"
      }
    },
    {
      "type": "Feature",
      "geometry": {
        "type": "Point",
        "coordinates": [
          19.0370293,
          47.5191679
        ]
      },
      "properties": {
        "id": "osm-w-37126197",
        "category": "hospital",
        "name": "Budai Irgalmasrendi K\u00f3rh\u00e1z",
        "wheelchair": null,
        "fee": null,
        "opening_hours": null,
        "source": "osm"
      }
    },
    {
      "type": "Feature",
      "geometry": {
        "type": "Point",
        "coordinates": [
          19.0376194,
          47.515996
        ]
      },
      "properties": {
        "id": "osm-w-37126215",
        "category": "hospital",
        "name": "Irgalmasrendi K\u00f3rh\u00e1z",
        "wheelchair": null,
        "fee": null,
        "opening_hours": null,
        "source": "osm"
      }
    },
    {
      "type": "Feature",
      "geometry": {
        "type": "Point",
        "coordinates": [
          19.0369268,
          47.5188811
        ]
      },
      "properties": {
        "id": "osm-w-37126220",
        "category": "hospital",
        "name": "Irgalmasrendiek K\u00f3rh\u00e1za",
        "wheelchair": null,
        "fee": null,
        "opening_hours": null,
        "source": "osm"
      }
    },
    {
      "type": "Feature",
      "geometry": {
        "type": "Point",
        "coordinates": [
          19.0381771,
          47.5420639
        ]
      },
      "properties": {
        "id": "osm-w-40615380",
        "category": "parking",
        "name": "Parking",
        "wheelchair": null,
        "fee": "no",
        "opening_hours": null,
        "source": "osm"
      }
    },
    {
      "type": "Feature",
      "geometry": {
        "type": "Point",
        "coordinates": [
          19.0380458,
          47.5406288
        ]
      },
      "properties": {
        "id": "osm-w-40615388",
        "category": "parking",
        "name": "Parking",
        "wheelchair": null,
        "fee": "no",
        "opening_hours": null,
        "source": "osm"
      }
    },
    {
      "type": "Feature",
      "geometry": {
        "type": "Point",
        "coordinates": [
          19.0593481,
          47.5322025
        ]
      },
      "properties": {
        "id": "osm-w-46615909",
        "category": "parking",
        "name": "Parking",
        "wheelchair": null,
        "fee": null,
        "opening_hours": null,
        "source": "osm"
      }
    },
    {
      "type": "Feature",
      "geometry": {
        "type": "Point",
        "coordinates": [
          19.0583456,
          47.5299133
        ]
      },
      "properties": {
        "id": "osm-w-46615923",
        "category": "parking",
        "name": "Parking",
        "wheelchair": null,
        "fee": null,
        "opening_hours": null,
        "source": "osm"
      }
    },
    {
      "type": "Feature",
      "geometry": {
        "type": "Point",
        "coordinates": [
          19.0588174,
          47.5310457
        ]
      },
      "properties": {
        "id": "osm-w-46615927",
        "category": "parking",
        "name": "Parking",
        "wheelchair": null,
        "fee": null,
        "opening_hours": null,
        "source": "osm"
      }
    },
    {
      "type": "Feature",
      "geometry": {
        "type": "Point",
        "coordinates": [
          19.0598991,
          47.5333766
        ]
      },
      "properties": {
        "id": "osm-w-46615938",
        "category": "parking",
        "name": "Parking",
        "wheelchair": null,
        "fee": null,
        "opening_hours": null,
        "source": "osm"
      }
    },
    {
      "type": "Feature",
      "geometry": {
        "type": "Point",
        "coordinates": [
          19.0781736,
          47.55579
        ]
      },
      "properties": {
        "id": "osm-w-78627769",
        "category": "parking",
        "name": "Parking",
        "wheelchair": "yes",
        "fee": "yes",
        "opening_hours": null,
        "source": "osm"
      }
    },
    {
      "type": "Feature",
      "geometry": {
        "type": "Point",
        "coordinates": [
          19.1001435,
          47.5600989
        ]
      },
      "properties": {
        "id": "osm-w-120176356",
        "category": "parking",
        "name": "Lila-Feh\u00e9r \u0150rz\u00f6tt Parkol\u00f3",
        "wheelchair": null,
        "fee": "yes",
        "opening_hours": "24/7",
        "source": "osm"
      }
    },
    {
      "type": "Feature",
      "geometry": {
        "type": "Point",
        "coordinates": [
          19.0899949,
          47.5596909
        ]
      },
      "properties": {
        "id": "osm-w-120261984",
        "category": "parking",
        "name": "CBA",
        "wheelchair": null,
        "fee": null,
        "opening_hours": null,
        "source": "osm"
      }
    },
    {
      "type": "Feature",
      "geometry": {
        "type": "Point",
        "coordinates": [
          19.1016639,
          47.5583807
        ]
      },
      "properties": {
        "id": "osm-w-120411976",
        "category": "parking",
        "name": "Parking",
        "wheelchair": null,
        "fee": null,
        "opening_hours": null,
        "source": "osm"
      }
    },
    {
      "type": "Feature",
      "geometry": {
        "type": "Point",
        "coordinates": [
          19.0942577,
          47.5549183
        ]
      },
      "properties": {
        "id": "osm-w-120445516",
        "category": "parking",
        "name": "Parking",
        "wheelchair": null,
        "fee": "no",
        "opening_hours": null,
        "source": "osm"
      }
    },
    {
      "type": "Feature",
      "geometry": {
        "type": "Point",
        "coordinates": [
          19.0779029,
          47.5587645
        ]
      },
      "properties": {
        "id": "osm-w-120723206",
        "category": "parking",
        "name": "Parking",
        "wheelchair": null,
        "fee": "yes",
        "opening_hours": null,
        "source": "osm"
      }
    },
    {
      "type": "Feature",
      "geometry": {
        "type": "Point",
        "coordinates": [
          19.0802484,
          47.5592954
        ]
      },
      "properties": {
        "id": "osm-w-120723208",
        "category": "parking",
        "name": "Parking",
        "wheelchair": null,
        "fee": "no",
        "opening_hours": null,
        "source": "osm"
      }
    },
    {
      "type": "Feature",
      "geometry": {
        "type": "Point",
        "coordinates": [
          19.0920689,
          47.5529871
        ]
      },
      "properties": {
        "id": "osm-w-121422728",
        "category": "fuel",
        "name": "Shell",
        "wheelchair": "yes",
        "fee": null,
        "opening_hours": "24/7",
        "source": "osm"
      }
    },
    {
      "type": "Feature",
      "geometry": {
        "type": "Point",
        "coordinates": [
          19.0809324,
          47.5291821
        ]
      },
      "properties": {
        "id": "osm-w-121644655",
        "category": "clinic",
        "name": "Szegedi \u00fati szakrendel\u0151",
        "wheelchair": "yes",
        "fee": null,
        "opening_hours": "Mo-Su 07:00-20:00",
        "source": "osm"
      }
    },
    {
      "type": "Feature",
      "geometry": {
        "type": "Point",
        "coordinates": [
          19.0827208,
          47.533909
        ]
      },
      "properties": {
        "id": "osm-w-121644697",
        "category": "parking",
        "name": "Parking",
        "wheelchair": null,
        "fee": null,
        "opening_hours": null,
        "source": "osm"
      }
    },
    {
      "type": "Feature",
      "geometry": {
        "type": "Point",
        "coordinates": [
          19.0622107,
          47.5232443
        ]
      },
      "properties": {
        "id": "osm-w-122296550",
        "category": "parking",
        "name": "Parking",
        "wheelchair": null,
        "fee": null,
        "opening_hours": null,
        "source": "osm"
      }
    },
    {
      "type": "Feature",
      "geometry": {
        "type": "Point",
        "coordinates": [
          19.0768917,
          47.5459929
        ]
      },
      "properties": {
        "id": "osm-w-124189632",
        "category": "parking",
        "name": "Tomori parkol\u00f3",
        "wheelchair": null,
        "fee": null,
        "opening_hours": null,
        "source": "osm"
      }
    },
    {
      "type": "Feature",
      "geometry": {
        "type": "Point",
        "coordinates": [
          19.0797339,
          47.5320592
        ]
      },
      "properties": {
        "id": "osm-w-126193050",
        "category": "parking",
        "name": "Parking",
        "wheelchair": null,
        "fee": "yes",
        "opening_hours": null,
        "source": "osm"
      }
    },
    {
      "type": "Feature",
      "geometry": {
        "type": "Point",
        "coordinates": [
          19.0754419,
          47.5405035
        ]
      },
      "properties": {
        "id": "osm-w-126229974",
        "category": "parking",
        "name": "Parking",
        "wheelchair": null,
        "fee": null,
        "opening_hours": null,
        "source": "osm"
      }
    },
    {
      "type": "Feature",
      "geometry": {
        "type": "Point",
        "coordinates": [
          19.0850284,
          47.5291058
        ]
      },
      "properties": {
        "id": "osm-w-127532310",
        "category": "parking",
        "name": "Parking",
        "wheelchair": null,
        "fee": null,
        "opening_hours": null,
        "source": "osm"
      }
    },
    {
      "type": "Feature",
      "geometry": {
        "type": "Point",
        "coordinates": [
          19.0683273,
          47.5336815
        ]
      },
      "properties": {
        "id": "osm-w-127697291",
        "category": "parking",
        "name": "Parking",
        "wheelchair": null,
        "fee": null,
        "opening_hours": null,
        "source": "osm"
      }
    },
    {
      "type": "Feature",
      "geometry": {
        "type": "Point",
        "coordinates": [
          19.0890628,
          47.5627359
        ]
      },
      "properties": {
        "id": "osm-w-128250804",
        "category": "parking",
        "name": "Parking",
        "wheelchair": null,
        "fee": null,
        "opening_hours": null,
        "source": "osm"
      }
    },
    {
      "type": "Feature",
      "geometry": {
        "type": "Point",
        "coordinates": [
          19.0683645,
          47.5324942
        ]
      },
      "properties": {
        "id": "osm-w-128283531",
        "category": "parking",
        "name": "Star Park Holding Zrt.",
        "wheelchair": null,
        "fee": "yes",
        "opening_hours": null,
        "source": "osm"
      }
    },
    {
      "type": "Feature",
      "geometry": {
        "type": "Point",
        "coordinates": [
          19.0716118,
          47.5325561
        ]
      },
      "properties": {
        "id": "osm-w-128695023",
        "category": "parking",
        "name": "Parking",
        "wheelchair": null,
        "fee": "yes",
        "opening_hours": null,
        "source": "osm"
      }
    },
    {
      "type": "Feature",
      "geometry": {
        "type": "Point",
        "coordinates": [
          19.0812894,
          47.5227096
        ]
      },
      "properties": {
        "id": "osm-w-129624956",
        "category": "fuel",
        "name": "MOL",
        "wheelchair": null,
        "fee": null,
        "opening_hours": null,
        "source": "osm"
      }
    },
    {
      "type": "Feature",
      "geometry": {
        "type": "Point",
        "coordinates": [
          19.0676343,
          47.5206803
        ]
      },
      "properties": {
        "id": "osm-w-130102018",
        "category": "parking",
        "name": "Parking",
        "wheelchair": null,
        "fee": null,
        "opening_hours": null,
        "source": "osm"
      }
    },
    {
      "type": "Feature",
      "geometry": {
        "type": "Point",
        "coordinates": [
          19.0673398,
          47.5317631
        ]
      },
      "properties": {
        "id": "osm-w-130655444",
        "category": "parking",
        "name": "Parking",
        "wheelchair": null,
        "fee": null,
        "opening_hours": null,
        "source": "osm"
      }
    },
    {
      "type": "Feature",
      "geometry": {
        "type": "Point",
        "coordinates": [
          19.0380856,
          47.5416084
        ]
      },
      "properties": {
        "id": "osm-w-131834951",
        "category": "parking",
        "name": "Parking",
        "wheelchair": null,
        "fee": "no",
        "opening_hours": null,
        "source": "osm"
      }
    },
    {
      "type": "Feature",
      "geometry": {
        "type": "Point",
        "coordinates": [
          19.0550438,
          47.5143706
        ]
      },
      "properties": {
        "id": "osm-w-132978392",
        "category": "parking",
        "name": "Parking",
        "wheelchair": null,
        "fee": "yes",
        "opening_hours": null,
        "source": "osm"
      }
    },
    {
      "type": "Feature",
      "geometry": {
        "type": "Point",
        "coordinates": [
          19.0564477,
          47.520353
        ]
      },
      "properties": {
        "id": "osm-w-135111043",
        "category": "parking",
        "name": "Parking",
        "wheelchair": "limited",
        "fee": null,
        "opening_hours": null,
        "source": "osm"
      }
    },
    {
      "type": "Feature",
      "geometry": {
        "type": "Point",
        "coordinates": [
          19.0584337,
          47.5184444
        ]
      },
      "properties": {
        "id": "osm-w-135259511",
        "category": "clinic",
        "name": "XIII. Ker\u00fcleti Eg\u00e9szs\u00e9g\u00fcgyi Szolg\u00e1lat",
        "wheelchair": "yes",
        "fee": null,
        "opening_hours": null,
        "source": "osm"
      }
    },
    {
      "type": "Feature",
      "geometry": {
        "type": "Point",
        "coordinates": [
          19.05854,
          47.5190151
        ]
      },
      "properties": {
        "id": "osm-w-135259516",
        "category": "parking",
        "name": "Parking",
        "wheelchair": null,
        "fee": null,
        "opening_hours": null,
        "source": "osm"
      }
    },
    {
      "type": "Feature",
      "geometry": {
        "type": "Point",
        "coordinates": [
          19.040532,
          47.5312699
        ]
      },
      "properties": {
        "id": "osm-w-137137658",
        "category": "parking",
        "name": "Star Park - Lajos utcai parkol\u00f3",
        "wheelchair": null,
        "fee": "yes",
        "opening_hours": "24/7",
        "source": "osm"
      }
    },
    {
      "type": "Feature",
      "geometry": {
        "type": "Point",
        "coordinates": [
          19.0584842,
          47.5217047
        ]
      },
      "properties": {
        "id": "osm-w-140593544",
        "category": "parking",
        "name": "Parking",
        "wheelchair": null,
        "fee": null,
        "opening_hours": null,
        "source": "osm"
      }
    },
    {
      "type": "Feature",
      "geometry": {
        "type": "Point",
        "coordinates": [
          19.0805212,
          47.5659633
        ]
      },
      "properties": {
        "id": "osm-w-141299501",
        "category": "parking",
        "name": "Parking",
        "wheelchair": null,
        "fee": null,
        "opening_hours": null,
        "source": "osm"
      }
    },
    {
      "type": "Feature",
      "geometry": {
        "type": "Point",
        "coordinates": [
          19.0791119,
          47.5712916
        ]
      },
      "properties": {
        "id": "osm-w-141310717",
        "category": "parking",
        "name": "Parking",
        "wheelchair": null,
        "fee": "no",
        "opening_hours": null,
        "source": "osm"
      }
    },
    {
      "type": "Feature",
      "geometry": {
        "type": "Point",
        "coordinates": [
          19.0624195,
          47.5216449
        ]
      },
      "properties": {
        "id": "osm-w-145336424",
        "category": "fuel",
        "name": "MOL",
        "wheelchair": "limited",
        "fee": null,
        "opening_hours": null,
        "source": "osm"
      }
    },
    {
      "type": "Feature",
      "geometry": {
        "type": "Point",
        "coordinates": [
          19.0562031,
          47.5252945
        ]
      },
      "properties": {
        "id": "osm-w-146273399",
        "category": "parking",
        "name": "Parking",
        "wheelchair": "limited",
        "fee": null,
        "opening_hours": null,
        "source": "osm"
      }
    },
    {
      "type": "Feature",
      "geometry": {
        "type": "Point",
        "coordinates": [
          19.0309168,
          47.5292194
        ]
      },
      "properties": {
        "id": "osm-w-154820828",
        "category": "parking",
        "name": "Parking",
        "wheelchair": null,
        "fee": "yes",
        "opening_hours": "24/7",
        "source": "osm"
      }
    },
    {
      "type": "Feature",
      "geometry": {
        "type": "Point",
        "coordinates": [
          19.032479,
          47.5282354
        ]
      },
      "properties": {
        "id": "osm-w-154820829",
        "category": "parking",
        "name": "Parking",
        "wheelchair": null,
        "fee": "no",
        "opening_hours": "24/7",
        "source": "osm"
      }
    },
    {
      "type": "Feature",
      "geometry": {
        "type": "Point",
        "coordinates": [
          19.0318246,
          47.5281715
        ]
      },
      "properties": {
        "id": "osm-w-154820831",
        "category": "parking",
        "name": "Daubner cukr\u00e1szda",
        "wheelchair": null,
        "fee": "no",
        "opening_hours": "Mo-Su 09:00-19:00",
        "source": "osm"
      }
    },
    {
      "type": "Feature",
      "geometry": {
        "type": "Point",
        "coordinates": [
          19.0607858,
          47.5282084
        ]
      },
      "properties": {
        "id": "osm-w-155743416",
        "category": "parking",
        "name": "Parking",
        "wheelchair": null,
        "fee": null,
        "opening_hours": null,
        "source": "osm"
      }
    },
    {
      "type": "Feature",
      "geometry": {
        "type": "Point",
        "coordinates": [
          19.0617225,
          47.5304217
        ]
      },
      "properties": {
        "id": "osm-w-155743417",
        "category": "parking",
        "name": "Parking",
        "wheelchair": null,
        "fee": null,
        "opening_hours": null,
        "source": "osm"
      }
    },
    {
      "type": "Feature",
      "geometry": {
        "type": "Point",
        "coordinates": [
          19.0601297,
          47.5283818
        ]
      },
      "properties": {
        "id": "osm-w-155743418",
        "category": "parking",
        "name": "Parking",
        "wheelchair": null,
        "fee": null,
        "opening_hours": null,
        "source": "osm"
      }
    },
    {
      "type": "Feature",
      "geometry": {
        "type": "Point",
        "coordinates": [
          19.0608795,
          47.5300887
        ]
      },
      "properties": {
        "id": "osm-w-155743419",
        "category": "parking",
        "name": "Parking",
        "wheelchair": "limited",
        "fee": null,
        "opening_hours": null,
        "source": "osm"
      }
    },
    {
      "type": "Feature",
      "geometry": {
        "type": "Point",
        "coordinates": [
          19.061526,
          47.5315363
        ]
      },
      "properties": {
        "id": "osm-w-155743420",
        "category": "parking",
        "name": "Parking",
        "wheelchair": "limited",
        "fee": "yes",
        "opening_hours": null,
        "source": "osm"
      }
    },
    {
      "type": "Feature",
      "geometry": {
        "type": "Point",
        "coordinates": [
          19.0612361,
          47.5292956
        ]
      },
      "properties": {
        "id": "osm-w-155743421",
        "category": "parking",
        "name": "Parking",
        "wheelchair": null,
        "fee": null,
        "opening_hours": null,
        "source": "osm"
      }
    },
    {
      "type": "Feature",
      "geometry": {
        "type": "Point",
        "coordinates": [
          19.0688491,
          47.5224159
        ]
      },
      "properties": {
        "id": "osm-w-158114057",
        "category": "parking",
        "name": "Parking",
        "wheelchair": null,
        "fee": null,
        "opening_hours": null,
        "source": "osm"
      }
    },
    {
      "type": "Feature",
      "geometry": {
        "type": "Point",
        "coordinates": [
          19.0577271,
          47.525333
        ]
      },
      "properties": {
        "id": "osm-w-159555923",
        "category": "parking",
        "name": "Parking",
        "wheelchair": "no",
        "fee": "yes",
        "opening_hours": null,
        "source": "osm"
      }
    },
    {
      "type": "Feature",
      "geometry": {
        "type": "Point",
        "coordinates": [
          19.0624196,
          47.5152394
        ]
      },
      "properties": {
        "id": "osm-w-165938756",
        "category": "parking",
        "name": "Parking",
        "wheelchair": null,
        "fee": "yes",
        "opening_hours": "Mo-Su 07:00-23:00",
        "source": "osm"
      }
    },
    {
      "type": "Feature",
      "geometry": {
        "type": "Point",
        "coordinates": [
          19.0811881,
          47.5312269
        ]
      },
      "properties": {
        "id": "osm-w-169968095",
        "category": "parking",
        "name": "Parking",
        "wheelchair": null,
        "fee": "yes",
        "opening_hours": null,
        "source": "osm"
      }
    },
    {
      "type": "Feature",
      "geometry": {
        "type": "Point",
        "coordinates": [
          19.0485231,
          47.5804586
        ]
      },
      "properties": {
        "id": "osm-w-172225465",
        "category": "parking",
        "name": "Parking",
        "wheelchair": null,
        "fee": "no",
        "opening_hours": null,
        "source": "osm"
      }
    },
    {
      "type": "Feature",
      "geometry": {
        "type": "Point",
        "coordinates": [
          19.0750058,
          47.5486883
        ]
      },
      "properties": {
        "id": "osm-w-176228939",
        "category": "hospital",
        "name": "Madar\u00e1sz Utcai Gyermekk\u00f3rh\u00e1z",
        "wheelchair": null,
        "fee": null,
        "opening_hours": null,
        "source": "osm"
      }
    },
    {
      "type": "Feature",
      "geometry": {
        "type": "Point",
        "coordinates": [
          19.0881912,
          47.5618484
        ]
      },
      "properties": {
        "id": "osm-w-177477845",
        "category": "parking",
        "name": "Parking",
        "wheelchair": null,
        "fee": null,
        "opening_hours": null,
        "source": "osm"
      }
    },
    {
      "type": "Feature",
      "geometry": {
        "type": "Point",
        "coordinates": [
          19.0906741,
          47.5609843
        ]
      },
      "properties": {
        "id": "osm-w-177477852",
        "category": "parking",
        "name": "Parking",
        "wheelchair": "no",
        "fee": "yes",
        "opening_hours": "24/7",
        "source": "osm"
      }
    },
    {
      "type": "Feature",
      "geometry": {
        "type": "Point",
        "coordinates": [
          19.0949683,
          47.5645817
        ]
      },
      "properties": {
        "id": "osm-w-177629818",
        "category": "parking",
        "name": "Parking",
        "wheelchair": null,
        "fee": "no",
        "opening_hours": null,
        "source": "osm"
      }
    },
    {
      "type": "Feature",
      "geometry": {
        "type": "Point",
        "coordinates": [
          19.0970386,
          47.5657754
        ]
      },
      "properties": {
        "id": "osm-w-177629825",
        "category": "parking",
        "name": "Parking",
        "wheelchair": null,
        "fee": "no",
        "opening_hours": null,
        "source": "osm"
      }
    },
    {
      "type": "Feature",
      "geometry": {
        "type": "Point",
        "coordinates": [
          19.0910544,
          47.5631962
        ]
      },
      "properties": {
        "id": "osm-w-177784725",
        "category": "parking",
        "name": "Parking",
        "wheelchair": null,
        "fee": "no",
        "opening_hours": null,
        "source": "osm"
      }
    },
    {
      "type": "Feature",
      "geometry": {
        "type": "Point",
        "coordinates": [
          19.0384543,
          47.5462507
        ]
      },
      "properties": {
        "id": "osm-w-183987431",
        "category": "shop",
        "name": "Pr\u00edma",
        "wheelchair": null,
        "fee": null,
        "opening_hours": "Mo-Fr 06:20-21:00; Sa 07:00-17:00; Su 07:30-14:00",
        "source": "osm"
      }
    },
    {
      "type": "Feature",
      "geometry": {
        "type": "Point",
        "coordinates": [
          19.0502475,
          47.5796048
        ]
      },
      "properties": {
        "id": "osm-w-189740242",
        "category": "parking",
        "name": "Parking",
        "wheelchair": null,
        "fee": "no",
        "opening_hours": null,
        "source": "osm"
      }
    },
    {
      "type": "Feature",
      "geometry": {
        "type": "Point",
        "coordinates": [
          19.0430452,
          47.5512734
        ]
      },
      "properties": {
        "id": "osm-w-190803230",
        "category": "parking",
        "name": "http://starpark.hu/",
        "wheelchair": null,
        "fee": "yes",
        "opening_hours": null,
        "source": "osm"
      }
    },
    {
      "type": "Feature",
      "geometry": {
        "type": "Point",
        "coordinates": [
          19.0341515,
          47.5331422
        ]
      },
      "properties": {
        "id": "osm-w-191438840",
        "category": "parking",
        "name": "Parking",
        "wheelchair": null,
        "fee": null,
        "opening_hours": null,
        "source": "osm"
      }
    },
    {
      "type": "Feature",
      "geometry": {
        "type": "Point",
        "coordinates": [
          19.033448,
          47.5337715
        ]
      },
      "properties": {
        "id": "osm-w-192156964",
        "category": "parking",
        "name": "Parking",
        "wheelchair": null,
        "fee": "no",
        "opening_hours": null,
        "source": "osm"
      }
    },
    {
      "type": "Feature",
      "geometry": {
        "type": "Point",
        "coordinates": [
          19.0397661,
          47.5158057
        ]
      },
      "properties": {
        "id": "osm-w-196947109",
        "category": "parking",
        "name": "Parking",
        "wheelchair": null,
        "fee": "yes",
        "opening_hours": "24/7",
        "source": "osm"
      }
    },
    {
      "type": "Feature",
      "geometry": {
        "type": "Point",
        "coordinates": [
          19.035616,
          47.5338839
        ]
      },
      "properties": {
        "id": "osm-w-198807771",
        "category": "parking",
        "name": "Parking",
        "wheelchair": null,
        "fee": "no",
        "opening_hours": null,
        "source": "osm"
      }
    },
    {
      "type": "Feature",
      "geometry": {
        "type": "Point",
        "coordinates": [
          19.0411337,
          47.5545926
        ]
      },
      "properties": {
        "id": "osm-w-198810309",
        "category": "parking",
        "name": "ALDI",
        "wheelchair": null,
        "fee": "no",
        "opening_hours": null,
        "source": "osm"
      }
    },
    {
      "type": "Feature",
      "geometry": {
        "type": "Point",
        "coordinates": [
          19.0402324,
          47.5566316
        ]
      },
      "properties": {
        "id": "osm-w-198810322",
        "category": "parking",
        "name": "Penny Market",
        "wheelchair": null,
        "fee": "no",
        "opening_hours": null,
        "source": "osm"
      }
    },
    {
      "type": "Feature",
      "geometry": {
        "type": "Point",
        "coordinates": [
          19.0297179,
          47.5421293
        ]
      },
      "properties": {
        "id": "osm-w-198812634",
        "category": "parking",
        "name": "Praktiker",
        "wheelchair": null,
        "fee": "yes",
        "opening_hours": null,
        "source": "osm"
      }
    },
    {
      "type": "Feature",
      "geometry": {
        "type": "Point",
        "coordinates": [
          19.0291586,
          47.5440668
        ]
      },
      "properties": {
        "id": "osm-w-198817660",
        "category": "parking",
        "name": "Stop Shop 0. szint",
        "wheelchair": null,
        "fee": null,
        "opening_hours": null,
        "source": "osm"
      }
    },
    {
      "type": "Feature",
      "geometry": {
        "type": "Point",
        "coordinates": [
          19.0284471,
          47.5435196
        ]
      },
      "properties": {
        "id": "osm-w-198970232",
        "category": "parking",
        "name": "STOP SHOP 1. szint",
        "wheelchair": null,
        "fee": null,
        "opening_hours": null,
        "source": "osm"
      }
    },
    {
      "type": "Feature",
      "geometry": {
        "type": "Point",
        "coordinates": [
          19.0417135,
          47.5332279
        ]
      },
      "properties": {
        "id": "osm-w-199003720",
        "category": "parking",
        "name": "Parking",
        "wheelchair": null,
        "fee": null,
        "opening_hours": null,
        "source": "osm"
      }
    },
    {
      "type": "Feature",
      "geometry": {
        "type": "Point",
        "coordinates": [
          19.0696617,
          47.5450561
        ]
      },
      "properties": {
        "id": "osm-w-215668420",
        "category": "parking",
        "name": "Parking",
        "wheelchair": null,
        "fee": "yes",
        "opening_hours": null,
        "source": "osm"
      }
    },
    {
      "type": "Feature",
      "geometry": {
        "type": "Point",
        "coordinates": [
          19.0500785,
          47.5806234
        ]
      },
      "properties": {
        "id": "osm-w-219496811",
        "category": "parking",
        "name": "Parking",
        "wheelchair": null,
        "fee": "no",
        "opening_hours": null,
        "source": "osm"
      }
    },
    {
      "type": "Feature",
      "geometry": {
        "type": "Point",
        "coordinates": [
          19.0427464,
          47.5409298
        ]
      },
      "properties": {
        "id": "osm-w-220517837",
        "category": "parking",
        "name": "Fl\u00f3ri\u00e1n Udvar Parkol\u00f3h\u00e1z",
        "wheelchair": null,
        "fee": null,
        "opening_hours": null,
        "source": "osm"
      }
    },
    {
      "type": "Feature",
      "geometry": {
        "type": "Point",
        "coordinates": [
          19.039685,
          47.5156338
        ]
      },
      "properties": {
        "id": "osm-w-221381238",
        "category": "parking",
        "name": "Parking",
        "wheelchair": null,
        "fee": "no",
        "opening_hours": null,
        "source": "osm"
      }
    },
    {
      "type": "Feature",
      "geometry": {
        "type": "Point",
        "coordinates": [
          19.0382875,
          47.5446295
        ]
      },
      "properties": {
        "id": "osm-w-223964729",
        "category": "parking",
        "name": "Parking",
        "wheelchair": null,
        "fee": null,
        "opening_hours": null,
        "source": "osm"
      }
    },
    {
      "type": "Feature",
      "geometry": {
        "type": "Point",
        "coordinates": [
          19.0375472,
          47.5445342
        ]
      },
      "properties": {
        "id": "osm-w-223964733",
        "category": "parking",
        "name": "Parking",
        "wheelchair": null,
        "fee": null,
        "opening_hours": null,
        "source": "osm"
      }
    },
    {
      "type": "Feature",
      "geometry": {
        "type": "Point",
        "coordinates": [
          19.0483629,
          47.5531603
        ]
      },
      "properties": {
        "id": "osm-w-231540184",
        "category": "parking",
        "name": "Parking",
        "wheelchair": null,
        "fee": "yes",
        "opening_hours": null,
        "source": "osm"
      }
    },
    {
      "type": "Feature",
      "geometry": {
        "type": "Point",
        "coordinates": [
          19.038835,
          47.5425911
        ]
      },
      "properties": {
        "id": "osm-w-231610735",
        "category": "parking",
        "name": "Parking",
        "wheelchair": null,
        "fee": "yes",
        "opening_hours": null,
        "source": "osm"
      }
    },
    {
      "type": "Feature",
      "geometry": {
        "type": "Point",
        "coordinates": [
          19.0431902,
          47.5392763
        ]
      },
      "properties": {
        "id": "osm-w-231613623",
        "category": "parking",
        "name": "Parking",
        "wheelchair": null,
        "fee": null,
        "opening_hours": null,
        "source": "osm"
      }
    },
    {
      "type": "Feature",
      "geometry": {
        "type": "Point",
        "coordinates": [
          19.0424845,
          47.5394503
        ]
      },
      "properties": {
        "id": "osm-w-231613624",
        "category": "parking",
        "name": "Parking",
        "wheelchair": null,
        "fee": null,
        "opening_hours": null,
        "source": "osm"
      }
    },
    {
      "type": "Feature",
      "geometry": {
        "type": "Point",
        "coordinates": [
          19.0427612,
          47.5388464
        ]
      },
      "properties": {
        "id": "osm-w-231613625",
        "category": "parking",
        "name": "Parking",
        "wheelchair": null,
        "fee": null,
        "opening_hours": null,
        "source": "osm"
      }
    },
    {
      "type": "Feature",
      "geometry": {
        "type": "Point",
        "coordinates": [
          19.0249143,
          47.5603853
        ]
      },
      "properties": {
        "id": "osm-w-236491698",
        "category": "parking",
        "name": "LIDL",
        "wheelchair": null,
        "fee": "no",
        "opening_hours": null,
        "source": "osm"
      }
    },
    {
      "type": "Feature",
      "geometry": {
        "type": "Point",
        "coordinates": [
          19.0280178,
          47.5387361
        ]
      },
      "properties": {
        "id": "osm-w-237159921",
        "category": "parking",
        "name": "Parking",
        "wheelchair": null,
        "fee": "no",
        "opening_hours": null,
        "source": "osm"
      }
    },
    {
      "type": "Feature",
      "geometry": {
        "type": "Point",
        "coordinates": [
          19.098185,
          47.5636444
        ]
      },
      "properties": {
        "id": "osm-w-237379723",
        "category": "parking",
        "name": "Parking",
        "wheelchair": null,
        "fee": null,
        "opening_hours": null,
        "source": "osm"
      }
    },
    {
      "type": "Feature",
      "geometry": {
        "type": "Point",
        "coordinates": [
          19.0982715,
          47.5639786
        ]
      },
      "properties": {
        "id": "osm-w-237379724",
        "category": "parking",
        "name": "Parking",
        "wheelchair": null,
        "fee": null,
        "opening_hours": null,
        "source": "osm"
      }
    },
    {
      "type": "Feature",
      "geometry": {
        "type": "Point",
        "coordinates": [
          19.087802,
          47.5422219
        ]
      },
      "properties": {
        "id": "osm-w-238892519",
        "category": "parking",
        "name": "Parking",
        "wheelchair": null,
        "fee": "no",
        "opening_hours": null,
        "source": "osm"
      }
    },
    {
      "type": "Feature",
      "geometry": {
        "type": "Point",
        "coordinates": [
          19.0839046,
          47.5380643
        ]
      },
      "properties": {
        "id": "osm-w-240266590",
        "category": "fuel",
        "name": "Shell",
        "wheelchair": "yes",
        "fee": null,
        "opening_hours": "24/7",
        "source": "osm"
      }
    },
    {
      "type": "Feature",
      "geometry": {
        "type": "Point",
        "coordinates": [
          19.0977373,
          47.5416044
        ]
      },
      "properties": {
        "id": "osm-w-246853618",
        "category": "cafe",
        "name": "Utasell\u00e1t\u00f3 K\u00e1v\u00e9h\u00e1z \u00e9s Bisztr\u00f3",
        "wheelchair": null,
        "fee": null,
        "opening_hours": "Tu-Fr 10:00-16:00; Sa-Su 10:00-17:00",
        "source": "osm"
      }
    },
    {
      "type": "Feature",
      "geometry": {
        "type": "Point",
        "coordinates": [
          19.0818725,
          47.5298176
        ]
      },
      "properties": {
        "id": "osm-w-247462621",
        "category": "parking",
        "name": "Budapest XIII. ker\u00fcleti \u00d6nkorm\u00e1nyzat Polg\u00e1rmesteri Hivatal",
        "wheelchair": null,
        "fee": "no",
        "opening_hours": null,
        "source": "osm"
      }
    },
    {
      "type": "Feature",
      "geometry": {
        "type": "Point",
        "coordinates": [
          19.0247039,
          47.5612443
        ]
      },
      "properties": {
        "id": "osm-w-248500795",
        "category": "fuel",
        "name": "MOL",
        "wheelchair": null,
        "fee": null,
        "opening_hours": "Mo-Su 07:00-22:00",
        "source": "osm"
      }
    },
    {
      "type": "Feature",
      "geometry": {
        "type": "Point",
        "coordinates": [
          19.0248662,
          47.5609321
        ]
      },
      "properties": {
        "id": "osm-w-248500798",
        "category": "parking",
        "name": "Parking",
        "wheelchair": null,
        "fee": "no",
        "opening_hours": null,
        "source": "osm"
      }
    },
    {
      "type": "Feature",
      "geometry": {
        "type": "Point",
        "coordinates": [
          19.0364254,
          47.5219722
        ]
      },
      "properties": {
        "id": "osm-w-250919338",
        "category": "parking",
        "name": "Parking",
        "wheelchair": null,
        "fee": "yes",
        "opening_hours": null,
        "source": "osm"
      }
    },
    {
      "type": "Feature",
      "geometry": {
        "type": "Point",
        "coordinates": [
          19.0443863,
          47.5329809
        ]
      },
      "properties": {
        "id": "osm-w-251439192",
        "category": "parking",
        "name": "Parking",
        "wheelchair": null,
        "fee": "yes",
        "opening_hours": null,
        "source": "osm"
      }
    },
    {
      "type": "Feature",
      "geometry": {
        "type": "Point",
        "coordinates": [
          19.0405331,
          47.5361769
        ]
      },
      "properties": {
        "id": "osm-w-251714013",
        "category": "parking",
        "name": "Parking",
        "wheelchair": null,
        "fee": "yes",
        "opening_hours": null,
        "source": "osm"
      }
    },
    {
      "type": "Feature",
      "geometry": {
        "type": "Point",
        "coordinates": [
          19.0361818,
          47.5435499
        ]
      },
      "properties": {
        "id": "osm-w-251922531",
        "category": "parking",
        "name": "McDonald's",
        "wheelchair": null,
        "fee": "no",
        "opening_hours": null,
        "source": "osm"
      }
    },
    {
      "type": "Feature",
      "geometry": {
        "type": "Point",
        "coordinates": [
          19.031904,
          47.5446139
        ]
      },
      "properties": {
        "id": "osm-w-251939351",
        "category": "clinic",
        "name": "Clinic",
        "wheelchair": null,
        "fee": null,
        "opening_hours": null,
        "source": "osm"
      }
    },
    {
      "type": "Feature",
      "geometry": {
        "type": "Point",
        "coordinates": [
          19.0439664,
          47.544261
        ]
      },
      "properties": {
        "id": "osm-w-252575396",
        "category": "parking",
        "name": "Parking",
        "wheelchair": null,
        "fee": null,
        "opening_hours": null,
        "source": "osm"
      }
    },
    {
      "type": "Feature",
      "geometry": {
        "type": "Point",
        "coordinates": [
          19.0437004,
          47.5443717
        ]
      },
      "properties": {
        "id": "osm-w-252575397",
        "category": "parking",
        "name": "Parking",
        "wheelchair": null,
        "fee": null,
        "opening_hours": null,
        "source": "osm"
      }
    },
    {
      "type": "Feature",
      "geometry": {
        "type": "Point",
        "coordinates": [
          19.0454901,
          47.5457711
        ]
      },
      "properties": {
        "id": "osm-w-252575398",
        "category": "parking",
        "name": "Parking",
        "wheelchair": null,
        "fee": "yes",
        "opening_hours": null,
        "source": "osm"
      }
    },
    {
      "type": "Feature",
      "geometry": {
        "type": "Point",
        "coordinates": [
          19.0448185,
          47.5493947
        ]
      },
      "properties": {
        "id": "osm-w-252576545",
        "category": "parking",
        "name": "Parking",
        "wheelchair": null,
        "fee": "yes",
        "opening_hours": null,
        "source": "osm"
      }
    },
    {
      "type": "Feature",
      "geometry": {
        "type": "Point",
        "coordinates": [
          19.0451444,
          47.5490915
        ]
      },
      "properties": {
        "id": "osm-w-252576546",
        "category": "parking",
        "name": "Parking",
        "wheelchair": null,
        "fee": "yes",
        "opening_hours": null,
        "source": "osm"
      }
    },
    {
      "type": "Feature",
      "geometry": {
        "type": "Point",
        "coordinates": [
          19.0381894,
          47.5482702
        ]
      },
      "properties": {
        "id": "osm-w-252607993",
        "category": "clinic",
        "name": "IMS Rendel\u0151int\u00e9zet Aliza h\u00e1z",
        "wheelchair": null,
        "fee": null,
        "opening_hours": null,
        "source": "osm"
      }
    },
    {
      "type": "Feature",
      "geometry": {
        "type": "Point",
        "coordinates": [
          19.0418572,
          47.555138
        ]
      },
      "properties": {
        "id": "osm-w-252638803",
        "category": "parking",
        "name": "Parking",
        "wheelchair": null,
        "fee": "yes",
        "opening_hours": null,
        "source": "osm"
      }
    },
    {
      "type": "Feature",
      "geometry": {
        "type": "Point",
        "coordinates": [
          19.0307089,
          47.5493669
        ]
      },
      "properties": {
        "id": "osm-w-252709643",
        "category": "parking",
        "name": "Parking",
        "wheelchair": null,
        "fee": "no",
        "opening_hours": null,
        "source": "osm"
      }
    },
    {
      "type": "Feature",
      "geometry": {
        "type": "Point",
        "coordinates": [
          19.0300559,
          47.5490484
        ]
      },
      "properties": {
        "id": "osm-w-252714649",
        "category": "parking",
        "name": "Parking",
        "wheelchair": null,
        "fee": null,
        "opening_hours": null,
        "source": "osm"
      }
    },
    {
      "type": "Feature",
      "geometry": {
        "type": "Point",
        "coordinates": [
          19.0284343,
          47.5527716
        ]
      },
      "properties": {
        "id": "osm-w-252752560",
        "category": "parking",
        "name": "Parking",
        "wheelchair": null,
        "fee": null,
        "opening_hours": null,
        "source": "osm"
      }
    },
    {
      "type": "Feature",
      "geometry": {
        "type": "Point",
        "coordinates": [
          19.0319339,
          47.5546884
        ]
      },
      "properties": {
        "id": "osm-w-252754128",
        "category": "parking",
        "name": "Parking",
        "wheelchair": null,
        "fee": null,
        "opening_hours": null,
        "source": "osm"
      }
    },
    {
      "type": "Feature",
      "geometry": {
        "type": "Point",
        "coordinates": [
          19.0279704,
          47.5533626
        ]
      },
      "properties": {
        "id": "osm-w-252755074",
        "category": "fuel",
        "name": "Shell",
        "wheelchair": null,
        "fee": null,
        "opening_hours": null,
        "source": "osm"
      }
    },
    {
      "type": "Feature",
      "geometry": {
        "type": "Point",
        "coordinates": [
          19.0314195,
          47.5578487
        ]
      },
      "properties": {
        "id": "osm-w-252843508",
        "category": "parking",
        "name": "VIP parkol\u00f3",
        "wheelchair": null,
        "fee": null,
        "opening_hours": null,
        "source": "osm"
      }
    },
    {
      "type": "Feature",
      "geometry": {
        "type": "Point",
        "coordinates": [
          19.0333574,
          47.5595258
        ]
      },
      "properties": {
        "id": "osm-w-252843540",
        "category": "parking",
        "name": "MTVA dolgoz\u00f3i parkol\u00f3",
        "wheelchair": null,
        "fee": null,
        "opening_hours": null,
        "source": "osm"
      }
    },
    {
      "type": "Feature",
      "geometry": {
        "type": "Point",
        "coordinates": [
          19.0338169,
          47.5573367
        ]
      },
      "properties": {
        "id": "osm-w-252844151",
        "category": "parking",
        "name": "Parking",
        "wheelchair": null,
        "fee": null,
        "opening_hours": null,
        "source": "osm"
      }
    },
    {
      "type": "Feature",
      "geometry": {
        "type": "Point",
        "coordinates": [
          19.0299846,
          47.5652417
        ]
      },
      "properties": {
        "id": "osm-w-252844447",
        "category": "parking",
        "name": "Parking",
        "wheelchair": null,
        "fee": null,
        "opening_hours": null,
        "source": "osm"
      }
    },
    {
      "type": "Feature",
      "geometry": {
        "type": "Point",
        "coordinates": [
          19.033829,
          47.5607391
        ]
      },
      "properties": {
        "id": "osm-w-252845306",
        "category": "parking",
        "name": "Parking",
        "wheelchair": null,
        "fee": null,
        "opening_hours": null,
        "source": "osm"
      }
    },
    {
      "type": "Feature",
      "geometry": {
        "type": "Point",
        "coordinates": [
          19.0358802,
          47.5585912
        ]
      },
      "properties": {
        "id": "osm-w-252846918",
        "category": "parking",
        "name": "Parking",
        "wheelchair": null,
        "fee": null,
        "opening_hours": null,
        "source": "osm"
      }
    },
    {
      "type": "Feature",
      "geometry": {
        "type": "Point",
        "coordinates": [
          19.0376751,
          47.5649447
        ]
      },
      "properties": {
        "id": "osm-w-252846933",
        "category": "parking",
        "name": "Parking",
        "wheelchair": null,
        "fee": null,
        "opening_hours": null,
        "source": "osm"
      }
    },
    {
      "type": "Feature",
      "geometry": {
        "type": "Point",
        "coordinates": [
          19.0428731,
          47.561223
        ]
      },
      "properties": {
        "id": "osm-w-252849004",
        "category": "parking",
        "name": "Parking",
        "wheelchair": null,
        "fee": "no",
        "opening_hours": null,
        "source": "osm"
      }
    },
    {
      "type": "Feature",
      "geometry": {
        "type": "Point",
        "coordinates": [
          19.0408774,
          47.5615449
        ]
      },
      "properties": {
        "id": "osm-w-252849005",
        "category": "parking",
        "name": "FOREX Kft.",
        "wheelchair": null,
        "fee": null,
        "opening_hours": "Mo-Th 08:00-16:30; Fr 08:00-14:30",
        "source": "osm"
      }
    },
    {
      "type": "Feature",
      "geometry": {
        "type": "Point",
        "coordinates": [
          19.0368874,
          47.5621178
        ]
      },
      "properties": {
        "id": "osm-w-252900190",
        "category": "parking",
        "name": "Parking",
        "wheelchair": null,
        "fee": null,
        "opening_hours": null,
        "source": "osm"
      }
    },
    {
      "type": "Feature",
      "geometry": {
        "type": "Point",
        "coordinates": [
          19.0357647,
          47.5618282
        ]
      },
      "properties": {
        "id": "osm-w-252900191",
        "category": "parking",
        "name": "ELM\u00dc",
        "wheelchair": null,
        "fee": "no",
        "opening_hours": "24/7",
        "source": "osm"
      }
    },
    {
      "type": "Feature",
      "geometry": {
        "type": "Point",
        "coordinates": [
          19.0365548,
          47.5615865
        ]
      },
      "properties": {
        "id": "osm-w-252900192",
        "category": "parking",
        "name": "Parking",
        "wheelchair": null,
        "fee": null,
        "opening_hours": null,
        "source": "osm"
      }
    },
    {
      "type": "Feature",
      "geometry": {
        "type": "Point",
        "coordinates": [
          19.0359105,
          47.5625
        ]
      },
      "properties": {
        "id": "osm-w-252900193",
        "category": "parking",
        "name": "ELM\u0170-\u00c9M\u00c1SZ \u00dcgyf\u00e9lszolg\u00e1lati Iroda",
        "wheelchair": null,
        "fee": "no",
        "opening_hours": "24/7",
        "source": "osm"
      }
    },
    {
      "type": "Feature",
      "geometry": {
        "type": "Point",
        "coordinates": [
          19.0482668,
          47.5537316
        ]
      },
      "properties": {
        "id": "osm-w-253034078",
        "category": "parking",
        "name": "\u00d3budai Aut\u00f3jav\u00edt\u00f3 Kft. G\u00e9pj\u00e1rm\u0171t\u00e1rol\u00f3 telep",
        "wheelchair": null,
        "fee": null,
        "opening_hours": null,
        "source": "osm"
      }
    },
    {
      "type": "Feature",
      "geometry": {
        "type": "Point",
        "coordinates": [
          19.0455831,
          47.5532951
        ]
      },
      "properties": {
        "id": "osm-w-253034996",
        "category": "parking",
        "name": "Parking",
        "wheelchair": null,
        "fee": "yes",
        "opening_hours": null,
        "source": "osm"
      }
    },
    {
      "type": "Feature",
      "geometry": {
        "type": "Point",
        "coordinates": [
          19.05956,
          47.5654206
        ]
      },
      "properties": {
        "id": "osm-w-253129641",
        "category": "parking",
        "name": "Parking",
        "wheelchair": null,
        "fee": null,
        "opening_hours": null,
        "source": "osm"
      }
    },
    {
      "type": "Feature",
      "geometry": {
        "type": "Point",
        "coordinates": [
          19.0510028,
          47.5674595
        ]
      },
      "properties": {
        "id": "osm-w-253129643",
        "category": "parking",
        "name": "Parking",
        "wheelchair": null,
        "fee": "no",
        "opening_hours": null,
        "source": "osm"
      }
    },
    {
      "type": "Feature",
      "geometry": {
        "type": "Point",
        "coordinates": [
          19.0493106,
          47.568169
        ]
      },
      "properties": {
        "id": "osm-w-253130282",
        "category": "parking",
        "name": "Parking",
        "wheelchair": null,
        "fee": null,
        "opening_hours": null,
        "source": "osm"
      }
    },
    {
      "type": "Feature",
      "geometry": {
        "type": "Point",
        "coordinates": [
          19.0568918,
          47.569563
        ]
      },
      "properties": {
        "id": "osm-w-257237640",
        "category": "parking",
        "name": "Parking",
        "wheelchair": null,
        "fee": "no",
        "opening_hours": null,
        "source": "osm"
      }
    },
    {
      "type": "Feature",
      "geometry": {
        "type": "Point",
        "coordinates": [
          19.0933777,
          47.5525703
        ]
      },
      "properties": {
        "id": "osm-w-265353643",
        "category": "parking",
        "name": "Parking",
        "wheelchair": null,
        "fee": null,
        "opening_hours": null,
        "source": "osm"
      }
    },
    {
      "type": "Feature",
      "geometry": {
        "type": "Point",
        "coordinates": [
          19.0307975,
          47.5179232
        ]
      },
      "properties": {
        "id": "osm-w-268343410",
        "category": "hospital",
        "name": "Budai Gyermekk\u00f3rh\u00e1z",
        "wheelchair": null,
        "fee": null,
        "opening_hours": null,
        "source": "osm"
      }
    },
    {
      "type": "Feature",
      "geometry": {
        "type": "Point",
        "coordinates": [
          19.0303974,
          47.5179059
        ]
      },
      "properties": {
        "id": "osm-w-268343415",
        "category": "parking",
        "name": "Parking",
        "wheelchair": null,
        "fee": "yes",
        "opening_hours": null,
        "source": "osm"
      }
    },
    {
      "type": "Feature",
      "geometry": {
        "type": "Point",
        "coordinates": [
          19.081222,
          47.560266
        ]
      },
      "properties": {
        "id": "osm-w-268390824",
        "category": "parking",
        "name": "Parking",
        "wheelchair": null,
        "fee": null,
        "opening_hours": null,
        "source": "osm"
      }
    },
    {
      "type": "Feature",
      "geometry": {
        "type": "Point",
        "coordinates": [
          19.0929895,
          47.5462663
        ]
      },
      "properties": {
        "id": "osm-w-269829998",
        "category": "parking",
        "name": "Parking",
        "wheelchair": null,
        "fee": null,
        "opening_hours": null,
        "source": "osm"
      }
    },
    {
      "type": "Feature",
      "geometry": {
        "type": "Point",
        "coordinates": [
          19.0662954,
          47.5410547
        ]
      },
      "properties": {
        "id": "osm-w-270035636",
        "category": "parking",
        "name": "Parking",
        "wheelchair": null,
        "fee": null,
        "opening_hours": null,
        "source": "osm"
      }
    },
    {
      "type": "Feature",
      "geometry": {
        "type": "Point",
        "coordinates": [
          19.0821997,
          47.5782358
        ]
      },
      "properties": {
        "id": "osm-w-274202016",
        "category": "parking",
        "name": "Parking",
        "wheelchair": null,
        "fee": null,
        "opening_hours": null,
        "source": "osm"
      }
    },
    {
      "type": "Feature",
      "geometry": {
        "type": "Point",
        "coordinates": [
          19.0823112,
          47.5788223
        ]
      },
      "properties": {
        "id": "osm-w-274202017",
        "category": "parking",
        "name": "Parking",
        "wheelchair": null,
        "fee": null,
        "opening_hours": null,
        "source": "osm"
      }
    },
    {
      "type": "Feature",
      "geometry": {
        "type": "Point",
        "coordinates": [
          19.0816007,
          47.5753505
        ]
      },
      "properties": {
        "id": "osm-w-274202022",
        "category": "parking",
        "name": "Parking",
        "wheelchair": null,
        "fee": null,
        "opening_hours": null,
        "source": "osm"
      }
    },
    {
      "type": "Feature",
      "geometry": {
        "type": "Point",
        "coordinates": [
          19.0380009,
          47.5192534
        ]
      },
      "properties": {
        "id": "osm-w-275120885",
        "category": "parking",
        "name": "Parking",
        "wheelchair": null,
        "fee": "yes",
        "opening_hours": null,
        "source": "osm"
      }
    },
    {
      "type": "Feature",
      "geometry": {
        "type": "Point",
        "coordinates": [
          19.0378513,
          47.5200892
        ]
      },
      "properties": {
        "id": "osm-w-275120886",
        "category": "parking",
        "name": "Parking",
        "wheelchair": null,
        "fee": "yes",
        "opening_hours": null,
        "source": "osm"
      }
    },
    {
      "type": "Feature",
      "geometry": {
        "type": "Point",
        "coordinates": [
          19.0378268,
          47.5214492
        ]
      },
      "properties": {
        "id": "osm-w-275120887",
        "category": "parking",
        "name": "Parking",
        "wheelchair": null,
        "fee": "yes",
        "opening_hours": null,
        "source": "osm"
      }
    },
    {
      "type": "Feature",
      "geometry": {
        "type": "Point",
        "coordinates": [
          19.0638767,
          47.5722613
        ]
      },
      "properties": {
        "id": "osm-w-279784607",
        "category": "parking",
        "name": "Dunakavics Bowling Klub",
        "wheelchair": null,
        "fee": "yes",
        "opening_hours": "Mo-Th 14:00-21:00; Fr-Su 12:00-22:00",
        "source": "osm"
      }
    },
    {
      "type": "Feature",
      "geometry": {
        "type": "Point",
        "coordinates": [
          19.0627529,
          47.5724075
        ]
      },
      "properties": {
        "id": "osm-w-279784610",
        "category": "parking",
        "name": "Parking",
        "wheelchair": null,
        "fee": "no",
        "opening_hours": null,
        "source": "osm"
      }
    },
    {
      "type": "Feature",
      "geometry": {
        "type": "Point",
        "coordinates": [
          19.0464061,
          47.5375372
        ]
      },
      "properties": {
        "id": "osm-w-280151003",
        "category": "parking",
        "name": "Parking",
        "wheelchair": null,
        "fee": null,
        "opening_hours": null,
        "source": "osm"
      }
    },
    {
      "type": "Feature",
      "geometry": {
        "type": "Point",
        "coordinates": [
          19.0385293,
          47.5307257
        ]
      },
      "properties": {
        "id": "osm-w-285424097",
        "category": "parking",
        "name": "Parking",
        "wheelchair": null,
        "fee": null,
        "opening_hours": null,
        "source": "osm"
      }
    },
    {
      "type": "Feature",
      "geometry": {
        "type": "Point",
        "coordinates": [
          19.0776632,
          47.5245808
        ]
      },
      "properties": {
        "id": "osm-w-287289098",
        "category": "parking",
        "name": "Parking",
        "wheelchair": null,
        "fee": "yes",
        "opening_hours": null,
        "source": "osm"
      }
    },
    {
      "type": "Feature",
      "geometry": {
        "type": "Point",
        "coordinates": [
          19.0787683,
          47.5240005
        ]
      },
      "properties": {
        "id": "osm-w-287289194",
        "category": "parking",
        "name": "Parking",
        "wheelchair": null,
        "fee": null,
        "opening_hours": null,
        "source": "osm"
      }
    },
    {
      "type": "Feature",
      "geometry": {
        "type": "Point",
        "coordinates": [
          19.0300496,
          47.5295678
        ]
      },
      "properties": {
        "id": "osm-w-287695337",
        "category": "parking",
        "name": "Parking",
        "wheelchair": null,
        "fee": "yes",
        "opening_hours": null,
        "source": "osm"
      }
    },
    {
      "type": "Feature",
      "geometry": {
        "type": "Point",
        "coordinates": [
          19.0663919,
          47.5185247
        ]
      },
      "properties": {
        "id": "osm-w-288090906",
        "category": "parking",
        "name": "Parking",
        "wheelchair": null,
        "fee": "yes",
        "opening_hours": null,
        "source": "osm"
      }
    },
    {
      "type": "Feature",
      "geometry": {
        "type": "Point",
        "coordinates": [
          19.0385193,
          47.5530113
        ]
      },
      "properties": {
        "id": "osm-w-288633806",
        "category": "parking",
        "name": "LIDL",
        "wheelchair": null,
        "fee": "no",
        "opening_hours": null,
        "source": "osm"
      }
    },
    {
      "type": "Feature",
      "geometry": {
        "type": "Point",
        "coordinates": [
          19.0315338,
          47.5286149
        ]
      },
      "properties": {
        "id": "osm-w-289628973",
        "category": "parking",
        "name": "Parking",
        "wheelchair": null,
        "fee": null,
        "opening_hours": null,
        "source": "osm"
      }
    },
    {
      "type": "Feature",
      "geometry": {
        "type": "Point",
        "coordinates": [
          19.0750353,
          47.5269821
        ]
      },
      "properties": {
        "id": "osm-w-292294104",
        "category": "parking",
        "name": "Parking",
        "wheelchair": null,
        "fee": "yes",
        "opening_hours": null,
        "source": "osm"
      }
    },
    {
      "type": "Feature",
      "geometry": {
        "type": "Point",
        "coordinates": [
          19.048684,
          47.5812918
        ]
      },
      "properties": {
        "id": "osm-w-293288250",
        "category": "fuel",
        "name": "MOL",
        "wheelchair": null,
        "fee": null,
        "opening_hours": null,
        "source": "osm"
      }
    },
    {
      "type": "Feature",
      "geometry": {
        "type": "Point",
        "coordinates": [
          19.0809418,
          47.5757179
        ]
      },
      "properties": {
        "id": "osm-w-295313595",
        "category": "parking",
        "name": "McDonalds's",
        "wheelchair": null,
        "fee": "no",
        "opening_hours": null,
        "source": "osm"
      }
    },
    {
      "type": "Feature",
      "geometry": {
        "type": "Point",
        "coordinates": [
          19.080691,
          47.5760238
        ]
      },
      "properties": {
        "id": "osm-w-295313596",
        "category": "parking",
        "name": "McDonalds's",
        "wheelchair": null,
        "fee": "no",
        "opening_hours": null,
        "source": "osm"
      }
    },
    {
      "type": "Feature",
      "geometry": {
        "type": "Point",
        "coordinates": [
          19.0532243,
          47.5324335
        ]
      },
      "properties": {
        "id": "osm-w-299618914",
        "category": "parking",
        "name": "Parking",
        "wheelchair": null,
        "fee": null,
        "opening_hours": null,
        "source": "osm"
      }
    },
    {
      "type": "Feature",
      "geometry": {
        "type": "Point",
        "coordinates": [
          19.0898969,
          47.572543
        ]
      },
      "properties": {
        "id": "osm-w-303083798",
        "category": "parking",
        "name": "Parking",
        "wheelchair": null,
        "fee": null,
        "opening_hours": null,
        "source": "osm"
      }
    },
    {
      "type": "Feature",
      "geometry": {
        "type": "Point",
        "coordinates": [
          19.0774263,
          47.5577964
        ]
      },
      "properties": {
        "id": "osm-w-303084480",
        "category": "parking",
        "name": "\u00dajpest-V\u00e1roskapu P+R",
        "wheelchair": null,
        "fee": "yes",
        "opening_hours": null,
        "source": "osm"
      }
    },
    {
      "type": "Feature",
      "geometry": {
        "type": "Point",
        "coordinates": [
          19.078465,
          47.5583228
        ]
      },
      "properties": {
        "id": "osm-w-303085002",
        "category": "parking",
        "name": "Parking",
        "wheelchair": null,
        "fee": "no",
        "opening_hours": null,
        "source": "osm"
      }
    },
    {
      "type": "Feature",
      "geometry": {
        "type": "Point",
        "coordinates": [
          19.0782416,
          47.5582611
        ]
      },
      "properties": {
        "id": "osm-w-303085480",
        "category": "parking",
        "name": "Parking",
        "wheelchair": null,
        "fee": "yes",
        "opening_hours": null,
        "source": "osm"
      }
    },
    {
      "type": "Feature",
      "geometry": {
        "type": "Point",
        "coordinates": [
          19.0846541,
          47.5739791
        ]
      },
      "properties": {
        "id": "osm-w-303169214",
        "category": "parking",
        "name": "Parking",
        "wheelchair": null,
        "fee": "no",
        "opening_hours": null,
        "source": "osm"
      }
    },
    {
      "type": "Feature",
      "geometry": {
        "type": "Point",
        "coordinates": [
          19.0849078,
          47.5735133
        ]
      },
      "properties": {
        "id": "osm-w-303169215",
        "category": "parking",
        "name": "Parking",
        "wheelchair": null,
        "fee": "no",
        "opening_hours": null,
        "source": "osm"
      }
    },
    {
      "type": "Feature",
      "geometry": {
        "type": "Point",
        "coordinates": [
          19.0832244,
          47.5742593
        ]
      },
      "properties": {
        "id": "osm-w-303169217",
        "category": "parking",
        "name": "Parking",
        "wheelchair": null,
        "fee": "no",
        "opening_hours": null,
        "source": "osm"
      }
    },
    {
      "type": "Feature",
      "geometry": {
        "type": "Point",
        "coordinates": [
          19.0839491,
          47.5740749
        ]
      },
      "properties": {
        "id": "osm-w-303169218",
        "category": "parking",
        "name": "Parking",
        "wheelchair": null,
        "fee": "no",
        "opening_hours": null,
        "source": "osm"
      }
    },
    {
      "type": "Feature",
      "geometry": {
        "type": "Point",
        "coordinates": [
          19.02202,
          47.5645724
        ]
      },
      "properties": {
        "id": "osm-w-303944307",
        "category": "parking",
        "name": "Burger King",
        "wheelchair": null,
        "fee": "yes",
        "opening_hours": null,
        "source": "osm"
      }
    },
    {
      "type": "Feature",
      "geometry": {
        "type": "Point",
        "coordinates": [
          19.0544789,
          47.5635291
        ]
      },
      "properties": {
        "id": "osm-w-311425499",
        "category": "parking",
        "name": "Parking",
        "wheelchair": null,
        "fee": null,
        "opening_hours": null,
        "source": "osm"
      }
    },
    {
      "type": "Feature",
      "geometry": {
        "type": "Point",
        "coordinates": [
          19.053534,
          47.5624824
        ]
      },
      "properties": {
        "id": "osm-w-311581168",
        "category": "parking",
        "name": "Parking",
        "wheelchair": null,
        "fee": "yes",
        "opening_hours": null,
        "source": "osm"
      }
    },
    {
      "type": "Feature",
      "geometry": {
        "type": "Point",
        "coordinates": [
          19.0063622,
          47.5403833
        ]
      },
      "properties": {
        "id": "osm-w-322369372",
        "category": "parking",
        "name": "Feny\u0151gy\u00f6ngye parkol\u00f3",
        "wheelchair": null,
        "fee": "no",
        "opening_hours": null,
        "source": "osm"
      }
    },
    {
      "type": "Feature",
      "geometry": {
        "type": "Point",
        "coordinates": [
          19.0231938,
          47.5602758
        ]
      },
      "properties": {
        "id": "osm-w-326929545",
        "category": "parking",
        "name": "Parking",
        "wheelchair": null,
        "fee": null,
        "opening_hours": null,
        "source": "osm"
      }
    },
    {
      "type": "Feature",
      "geometry": {
        "type": "Point",
        "coordinates": [
          19.0216712,
          47.5638685
        ]
      },
      "properties": {
        "id": "osm-w-326940240",
        "category": "parking",
        "name": "Parking",
        "wheelchair": null,
        "fee": null,
        "opening_hours": null,
        "source": "osm"
      }
    },
    {
      "type": "Feature",
      "geometry": {
        "type": "Point",
        "coordinates": [
          19.0987158,
          47.5611213
        ]
      },
      "properties": {
        "id": "osm-w-328881197",
        "category": "parking",
        "name": "Parking",
        "wheelchair": null,
        "fee": "no",
        "opening_hours": null,
        "source": "osm"
      }
    },
    {
      "type": "Feature",
      "geometry": {
        "type": "Point",
        "coordinates": [
          19.0764602,
          47.5580915
        ]
      },
      "properties": {
        "id": "osm-w-331614993",
        "category": "fuel",
        "name": "Shell",
        "wheelchair": null,
        "fee": null,
        "opening_hours": "24/7",
        "source": "osm"
      }
    },
    {
      "type": "Feature",
      "geometry": {
        "type": "Point",
        "coordinates": [
          19.0445856,
          47.5557794
        ]
      },
      "properties": {
        "id": "osm-w-341481159",
        "category": "parking",
        "name": "Parking",
        "wheelchair": null,
        "fee": "yes",
        "opening_hours": null,
        "source": "osm"
      }
    },
    {
      "type": "Feature",
      "geometry": {
        "type": "Point",
        "coordinates": [
          19.0446485,
          47.5563755
        ]
      },
      "properties": {
        "id": "osm-w-341481161",
        "category": "parking",
        "name": "Parking",
        "wheelchair": null,
        "fee": "yes",
        "opening_hours": null,
        "source": "osm"
      }
    },
    {
      "type": "Feature",
      "geometry": {
        "type": "Point",
        "coordinates": [
          19.0467126,
          47.5421332
        ]
      },
      "properties": {
        "id": "osm-w-347200426",
        "category": "parking",
        "name": "Parking",
        "wheelchair": null,
        "fee": "no",
        "opening_hours": null,
        "source": "osm"
      }
    },
    {
      "type": "Feature",
      "geometry": {
        "type": "Point",
        "coordinates": [
          19.0716028,
          47.520088
        ]
      },
      "properties": {
        "id": "osm-w-348025288",
        "category": "parking",
        "name": "STAR PARK",
        "wheelchair": null,
        "fee": "yes",
        "opening_hours": null,
        "source": "osm"
      }
    },
    {
      "type": "Feature",
      "geometry": {
        "type": "Point",
        "coordinates": [
          19.0507335,
          47.5500482
        ]
      },
      "properties": {
        "id": "osm-w-354073855",
        "category": "parking",
        "name": "Parking",
        "wheelchair": null,
        "fee": "yes",
        "opening_hours": null,
        "source": "osm"
      }
    },
    {
      "type": "Feature",
      "geometry": {
        "type": "Point",
        "coordinates": [
          19.0807029,
          47.5292573
        ]
      },
      "properties": {
        "id": "osm-w-357505743",
        "category": "parking",
        "name": "Parking",
        "wheelchair": null,
        "fee": "yes",
        "opening_hours": "Mo-Fr 06:30-20:30",
        "source": "osm"
      }
    },
    {
      "type": "Feature",
      "geometry": {
        "type": "Point",
        "coordinates": [
          19.0809166,
          47.5290798
        ]
      },
      "properties": {
        "id": "osm-w-357505744",
        "category": "parking",
        "name": "Parking",
        "wheelchair": null,
        "fee": "yes",
        "opening_hours": "Mo-Fr 06:30-20:30",
        "source": "osm"
      }
    },
    {
      "type": "Feature",
      "geometry": {
        "type": "Point",
        "coordinates": [
          19.0353255,
          47.5440893
        ]
      },
      "properties": {
        "id": "osm-w-364852867",
        "category": "parking",
        "name": "Parking",
        "wheelchair": null,
        "fee": "yes",
        "opening_hours": null,
        "source": "osm"
      }
    },
    {
      "type": "Feature",
      "geometry": {
        "type": "Point",
        "coordinates": [
          19.0391102,
          47.5462134
        ]
      },
      "properties": {
        "id": "osm-w-369287036",
        "category": "parking",
        "name": "Parking",
        "wheelchair": null,
        "fee": "yes",
        "opening_hours": null,
        "source": "osm"
      }
    },
    {
      "type": "Feature",
      "geometry": {
        "type": "Point",
        "coordinates": [
          19.0419964,
          47.5409126
        ]
      },
      "properties": {
        "id": "osm-w-379388655",
        "category": "parking",
        "name": "Parking",
        "wheelchair": null,
        "fee": null,
        "opening_hours": null,
        "source": "osm"
      }
    },
    {
      "type": "Feature",
      "geometry": {
        "type": "Point",
        "coordinates": [
          19.0392347,
          47.5617986
        ]
      },
      "properties": {
        "id": "osm-w-381006371",
        "category": "parking",
        "name": "KESER\u0170 \u00fcgyf\u00e9lparkol\u00f3",
        "wheelchair": null,
        "fee": "no",
        "opening_hours": "24/7",
        "source": "osm"
      }
    },
    {
      "type": "Feature",
      "geometry": {
        "type": "Point",
        "coordinates": [
          19.0405752,
          47.5363394
        ]
      },
      "properties": {
        "id": "osm-w-381432357",
        "category": "parking",
        "name": "Parking",
        "wheelchair": null,
        "fee": null,
        "opening_hours": null,
        "source": "osm"
      }
    },
    {
      "type": "Feature",
      "geometry": {
        "type": "Point",
        "coordinates": [
          19.0282187,
          47.5517981
        ]
      },
      "properties": {
        "id": "osm-w-384579722",
        "category": "parking",
        "name": "Parking",
        "wheelchair": null,
        "fee": "no",
        "opening_hours": null,
        "source": "osm"
      }
    },
    {
      "type": "Feature",
      "geometry": {
        "type": "Point",
        "coordinates": [
          19.0283273,
          47.550966
        ]
      },
      "properties": {
        "id": "osm-w-384579723",
        "category": "parking",
        "name": "Parking",
        "wheelchair": null,
        "fee": null,
        "opening_hours": null,
        "source": "osm"
      }
    },
    {
      "type": "Feature",
      "geometry": {
        "type": "Point",
        "coordinates": [
          19.0592504,
          47.5554111
        ]
      },
      "properties": {
        "id": "osm-w-389115068",
        "category": "parking",
        "name": "Parking",
        "wheelchair": null,
        "fee": null,
        "opening_hours": null,
        "source": "osm"
      }
    },
    {
      "type": "Feature",
      "geometry": {
        "type": "Point",
        "coordinates": [
          19.0522313,
          47.5332274
        ]
      },
      "properties": {
        "id": "osm-w-390793287",
        "category": "parking",
        "name": "Parking",
        "wheelchair": null,
        "fee": null,
        "opening_hours": null,
        "source": "osm"
      }
    },
    {
      "type": "Feature",
      "geometry": {
        "type": "Point",
        "coordinates": [
          19.0347967,
          47.5309134
        ]
      },
      "properties": {
        "id": "osm-w-392787427",
        "category": "parking",
        "name": "Parking",
        "wheelchair": null,
        "fee": null,
        "opening_hours": null,
        "source": "osm"
      }
    },
    {
      "type": "Feature",
      "geometry": {
        "type": "Point",
        "coordinates": [
          19.0808451,
          47.5580786
        ]
      },
      "properties": {
        "id": "osm-w-397259158",
        "category": "parking",
        "name": "Parking",
        "wheelchair": null,
        "fee": null,
        "opening_hours": "24/7",
        "source": "osm"
      }
    },
    {
      "type": "Feature",
      "geometry": {
        "type": "Point",
        "coordinates": [
          19.0382101,
          47.5280793
        ]
      },
      "properties": {
        "id": "osm-w-397772267",
        "category": "parking",
        "name": "Parking",
        "wheelchair": null,
        "fee": "yes",
        "opening_hours": null,
        "source": "osm"
      }
    },
    {
      "type": "Feature",
      "geometry": {
        "type": "Point",
        "coordinates": [
          19.038209,
          47.5279641
        ]
      },
      "properties": {
        "id": "osm-w-397772269",
        "category": "parking",
        "name": "Parking",
        "wheelchair": null,
        "fee": "yes",
        "opening_hours": null,
        "source": "osm"
      }
    },
    {
      "type": "Feature",
      "geometry": {
        "type": "Point",
        "coordinates": [
          19.0382069,
          47.5278469
        ]
      },
      "properties": {
        "id": "osm-w-397772271",
        "category": "parking",
        "name": "Parking",
        "wheelchair": null,
        "fee": "yes",
        "opening_hours": null,
        "source": "osm"
      }
    },
    {
      "type": "Feature",
      "geometry": {
        "type": "Point",
        "coordinates": [
          19.0381997,
          47.5277337
        ]
      },
      "properties": {
        "id": "osm-w-397772273",
        "category": "parking",
        "name": "Parking",
        "wheelchair": null,
        "fee": "yes",
        "opening_hours": null,
        "source": "osm"
      }
    },
    {
      "type": "Feature",
      "geometry": {
        "type": "Point",
        "coordinates": [
          19.0439275,
          47.5402689
        ]
      },
      "properties": {
        "id": "osm-w-402229687",
        "category": "parking",
        "name": "Parking",
        "wheelchair": null,
        "fee": null,
        "opening_hours": null,
        "source": "osm"
      }
    },
    {
      "type": "Feature",
      "geometry": {
        "type": "Point",
        "coordinates": [
          19.0475241,
          47.5503778
        ]
      },
      "properties": {
        "id": "osm-w-404299690",
        "category": "parking",
        "name": "Parking",
        "wheelchair": null,
        "fee": "yes",
        "opening_hours": null,
        "source": "osm"
      }
    },
    {
      "type": "Feature",
      "geometry": {
        "type": "Point",
        "coordinates": [
          19.0335487,
          47.5284884
        ]
      },
      "properties": {
        "id": "osm-w-415583183",
        "category": "parking",
        "name": "Parking",
        "wheelchair": null,
        "fee": "no",
        "opening_hours": null,
        "source": "osm"
      }
    },
    {
      "type": "Feature",
      "geometry": {
        "type": "Point",
        "coordinates": [
          19.0424052,
          47.5530057
        ]
      },
      "properties": {
        "id": "osm-w-420012510",
        "category": "parking",
        "name": "Parking",
        "wheelchair": null,
        "fee": "yes",
        "opening_hours": null,
        "source": "osm"
      }
    },
    {
      "type": "Feature",
      "geometry": {
        "type": "Point",
        "coordinates": [
          19.0011313,
          47.5558879
        ]
      },
      "properties": {
        "id": "osm-w-433173418",
        "category": "parking",
        "name": "Parking",
        "wheelchair": null,
        "fee": "no",
        "opening_hours": "24/7",
        "source": "osm"
      }
    },
    {
      "type": "Feature",
      "geometry": {
        "type": "Point",
        "coordinates": [
          19.0009769,
          47.556052
        ]
      },
      "properties": {
        "id": "osm-w-433173419",
        "category": "parking",
        "name": "Parking",
        "wheelchair": null,
        "fee": "no",
        "opening_hours": "24/7",
        "source": "osm"
      }
    },
    {
      "type": "Feature",
      "geometry": {
        "type": "Point",
        "coordinates": [
          19.0171641,
          47.5235563
        ]
      },
      "properties": {
        "id": "osm-w-435504425",
        "category": "parking",
        "name": "Dr. Hause",
        "wheelchair": null,
        "fee": "no",
        "opening_hours": null,
        "source": "osm"
      }
    },
    {
      "type": "Feature",
      "geometry": {
        "type": "Point",
        "coordinates": [
          19.0528063,
          47.5667432
        ]
      },
      "properties": {
        "id": "osm-w-444305656",
        "category": "parking",
        "name": "Parking",
        "wheelchair": null,
        "fee": null,
        "opening_hours": null,
        "source": "osm"
      }
    },
    {
      "type": "Feature",
      "geometry": {
        "type": "Point",
        "coordinates": [
          19.0909703,
          47.5614196
        ]
      },
      "properties": {
        "id": "osm-w-444804872",
        "category": "parking",
        "name": "Parking",
        "wheelchair": null,
        "fee": "yes",
        "opening_hours": null,
        "source": "osm"
      }
    },
    {
      "type": "Feature",
      "geometry": {
        "type": "Point",
        "coordinates": [
          19.0820256,
          47.5542349
        ]
      },
      "properties": {
        "id": "osm-w-449172233",
        "category": "parking",
        "name": "Parking",
        "wheelchair": null,
        "fee": "no",
        "opening_hours": null,
        "source": "osm"
      }
    },
    {
      "type": "Feature",
      "geometry": {
        "type": "Point",
        "coordinates": [
          19.0002079,
          47.5548113
        ]
      },
      "properties": {
        "id": "osm-w-450895897",
        "category": "parking",
        "name": "Udvarh\u00e1z \u00c9tterem",
        "wheelchair": null,
        "fee": null,
        "opening_hours": null,
        "source": "osm"
      }
    },
    {
      "type": "Feature",
      "geometry": {
        "type": "Point",
        "coordinates": [
          19.0974846,
          47.5604931
        ]
      },
      "properties": {
        "id": "osm-w-464984380",
        "category": "parking",
        "name": "Parking",
        "wheelchair": null,
        "fee": "no",
        "opening_hours": null,
        "source": "osm"
      }
    },
    {
      "type": "Feature",
      "geometry": {
        "type": "Point",
        "coordinates": [
          19.0969119,
          47.5602789
        ]
      },
      "properties": {
        "id": "osm-w-464984381",
        "category": "parking",
        "name": "Parking",
        "wheelchair": null,
        "fee": null,
        "opening_hours": null,
        "source": "osm"
      }
    },
    {
      "type": "Feature",
      "geometry": {
        "type": "Point",
        "coordinates": [
          19.0994014,
          47.560756
        ]
      },
      "properties": {
        "id": "osm-w-464984382",
        "category": "parking",
        "name": "Parking",
        "wheelchair": null,
        "fee": null,
        "opening_hours": null,
        "source": "osm"
      }
    },
    {
      "type": "Feature",
      "geometry": {
        "type": "Point",
        "coordinates": [
          19.1001648,
          47.5615688
        ]
      },
      "properties": {
        "id": "osm-w-464984383",
        "category": "parking",
        "name": "Parking",
        "wheelchair": null,
        "fee": "no",
        "opening_hours": null,
        "source": "osm"
      }
    },
    {
      "type": "Feature",
      "geometry": {
        "type": "Point",
        "coordinates": [
          19.0300895,
          47.544814
        ]
      },
      "properties": {
        "id": "osm-w-469359872",
        "category": "parking",
        "name": "Parking",
        "wheelchair": null,
        "fee": "yes",
        "opening_hours": null,
        "source": "osm"
      }
    },
    {
      "type": "Feature",
      "geometry": {
        "type": "Point",
        "coordinates": [
          19.0340358,
          47.5449951
        ]
      },
      "properties": {
        "id": "osm-w-469361004",
        "category": "parking",
        "name": "Parking",
        "wheelchair": null,
        "fee": "yes",
        "opening_hours": null,
        "source": "osm"
      }
    },
    {
      "type": "Feature",
      "geometry": {
        "type": "Point",
        "coordinates": [
          19.0250386,
          47.5532455
        ]
      },
      "properties": {
        "id": "osm-w-472819035",
        "category": "parking",
        "name": "Parking",
        "wheelchair": null,
        "fee": "no",
        "opening_hours": null,
        "source": "osm"
      }
    },
    {
      "type": "Feature",
      "geometry": {
        "type": "Point",
        "coordinates": [
          19.0666,
          47.518374
        ]
      },
      "properties": {
        "id": "osm-w-477894497",
        "category": "hospital",
        "name": "Ny\u00edr\u0151 Gyula K\u00f3rh\u00e1z - OPAI - T\u00fcd\u0151sz\u0171r\u0151 \u00e1llom\u00e1s",
        "wheelchair": null,
        "fee": null,
        "opening_hours": null,
        "source": "osm"
      }
    },
    {
      "type": "Feature",
      "geometry": {
        "type": "Point",
        "coordinates": [
          19.0714886,
          47.5436727
        ]
      },
      "properties": {
        "id": "osm-w-485525338",
        "category": "parking",
        "name": "Parking",
        "wheelchair": null,
        "fee": null,
        "opening_hours": null,
        "source": "osm"
      }
    },
    {
      "type": "Feature",
      "geometry": {
        "type": "Point",
        "coordinates": [
          19.0707125,
          47.541436
        ]
      },
      "properties": {
        "id": "osm-w-485525342",
        "category": "parking",
        "name": "Parking",
        "wheelchair": null,
        "fee": "yes",
        "opening_hours": null,
        "source": "osm"
      }
    },
    {
      "type": "Feature",
      "geometry": {
        "type": "Point",
        "coordinates": [
          19.0532819,
          47.5607734
        ]
      },
      "properties": {
        "id": "osm-w-491795206",
        "category": "info",
        "name": "Info",
        "wheelchair": null,
        "fee": null,
        "opening_hours": null,
        "source": "osm"
      }
    },
    {
      "type": "Feature",
      "geometry": {
        "type": "Point",
        "coordinates": [
          19.0714249,
          47.545478
        ]
      },
      "properties": {
        "id": "osm-w-495633958",
        "category": "parking",
        "name": "Parking",
        "wheelchair": null,
        "fee": "yes",
        "opening_hours": null,
        "source": "osm"
      }
    },
    {
      "type": "Feature",
      "geometry": {
        "type": "Point",
        "coordinates": [
          19.0436684,
          47.5538342
        ]
      },
      "properties": {
        "id": "osm-w-495691677",
        "category": "parking",
        "name": "Parking",
        "wheelchair": null,
        "fee": "yes",
        "opening_hours": null,
        "source": "osm"
      }
    },
    {
      "type": "Feature",
      "geometry": {
        "type": "Point",
        "coordinates": [
          19.0490685,
          47.5692193
        ]
      },
      "properties": {
        "id": "osm-w-497747346",
        "category": "parking",
        "name": "Parking",
        "wheelchair": null,
        "fee": null,
        "opening_hours": null,
        "source": "osm"
      }
    },
    {
      "type": "Feature",
      "geometry": {
        "type": "Point",
        "coordinates": [
          19.0223104,
          47.5607472
        ]
      },
      "properties": {
        "id": "osm-w-499245905",
        "category": "parking",
        "name": "Parking",
        "wheelchair": null,
        "fee": null,
        "opening_hours": null,
        "source": "osm"
      }
    },
    {
      "type": "Feature",
      "geometry": {
        "type": "Point",
        "coordinates": [
          19.0150796,
          47.5723625
        ]
      },
      "properties": {
        "id": "osm-w-499245918",
        "category": "parking",
        "name": "Parking",
        "wheelchair": null,
        "fee": "no",
        "opening_hours": "24/7",
        "source": "osm"
      }
    },
    {
      "type": "Feature",
      "geometry": {
        "type": "Point",
        "coordinates": [
          19.0164563,
          47.5720743
        ]
      },
      "properties": {
        "id": "osm-w-499245921",
        "category": "parking",
        "name": "Parking",
        "wheelchair": null,
        "fee": "no",
        "opening_hours": "24/7",
        "source": "osm"
      }
    },
    {
      "type": "Feature",
      "geometry": {
        "type": "Point",
        "coordinates": [
          19.0444921,
          47.5331992
        ]
      },
      "properties": {
        "id": "osm-w-504341814",
        "category": "parking",
        "name": "Parking",
        "wheelchair": null,
        "fee": "yes",
        "opening_hours": null,
        "source": "osm"
      }
    },
    {
      "type": "Feature",
      "geometry": {
        "type": "Point",
        "coordinates": [
          19.0442411,
          47.532573
        ]
      },
      "properties": {
        "id": "osm-w-504341816",
        "category": "parking",
        "name": "Parking",
        "wheelchair": null,
        "fee": null,
        "opening_hours": null,
        "source": "osm"
      }
    },
    {
      "type": "Feature",
      "geometry": {
        "type": "Point",
        "coordinates": [
          19.0295297,
          47.5328621
        ]
      },
      "properties": {
        "id": "osm-w-504380996",
        "category": "parking",
        "name": "Parking",
        "wheelchair": null,
        "fee": null,
        "opening_hours": null,
        "source": "osm"
      }
    },
    {
      "type": "Feature",
      "geometry": {
        "type": "Point",
        "coordinates": [
          19.0499644,
          47.5790973
        ]
      },
      "properties": {
        "id": "osm-w-504613464",
        "category": "fuel",
        "name": "OMV",
        "wheelchair": null,
        "fee": null,
        "opening_hours": "Mo-Su 06:00-22:00",
        "source": "osm"
      }
    },
    {
      "type": "Feature",
      "geometry": {
        "type": "Point",
        "coordinates": [
          19.0241301,
          47.5598835
        ]
      },
      "properties": {
        "id": "osm-w-505027569",
        "category": "fuel",
        "name": "Shell",
        "wheelchair": "yes",
        "fee": null,
        "opening_hours": "24/7",
        "source": "osm"
      }
    },
    {
      "type": "Feature",
      "geometry": {
        "type": "Point",
        "coordinates": [
          19.0402754,
          47.5557704
        ]
      },
      "properties": {
        "id": "osm-w-505226962",
        "category": "parking",
        "name": "Parking",
        "wheelchair": null,
        "fee": null,
        "opening_hours": null,
        "source": "osm"
      }
    },
    {
      "type": "Feature",
      "geometry": {
        "type": "Point",
        "coordinates": [
          19.0399629,
          47.5560097
        ]
      },
      "properties": {
        "id": "osm-w-505226964",
        "category": "parking",
        "name": "Parking",
        "wheelchair": null,
        "fee": null,
        "opening_hours": null,
        "source": "osm"
      }
    },
    {
      "type": "Feature",
      "geometry": {
        "type": "Point",
        "coordinates": [
          19.0391847,
          47.5557412
        ]
      },
      "properties": {
        "id": "osm-w-505226965",
        "category": "parking",
        "name": "Parking",
        "wheelchair": null,
        "fee": null,
        "opening_hours": null,
        "source": "osm"
      }
    },
    {
      "type": "Feature",
      "geometry": {
        "type": "Point",
        "coordinates": [
          19.0312587,
          47.5604935
        ]
      },
      "properties": {
        "id": "osm-w-505231120",
        "category": "parking",
        "name": "Parking",
        "wheelchair": null,
        "fee": null,
        "opening_hours": null,
        "source": "osm"
      }
    },
    {
      "type": "Feature",
      "geometry": {
        "type": "Point",
        "coordinates": [
          19.0308292,
          47.5605379
        ]
      },
      "properties": {
        "id": "osm-w-505231122",
        "category": "parking",
        "name": "Parking",
        "wheelchair": null,
        "fee": null,
        "opening_hours": null,
        "source": "osm"
      }
    },
    {
      "type": "Feature",
      "geometry": {
        "type": "Point",
        "coordinates": [
          19.0301746,
          47.5605956
        ]
      },
      "properties": {
        "id": "osm-w-505231124",
        "category": "parking",
        "name": "Parking",
        "wheelchair": null,
        "fee": null,
        "opening_hours": null,
        "source": "osm"
      }
    },
    {
      "type": "Feature",
      "geometry": {
        "type": "Point",
        "coordinates": [
          19.0310001,
          47.5607205
        ]
      },
      "properties": {
        "id": "osm-w-505231132",
        "category": "parking",
        "name": "DUETT",
        "wheelchair": null,
        "fee": null,
        "opening_hours": "Mo-Fr 08:00-16:00",
        "source": "osm"
      }
    },
    {
      "type": "Feature",
      "geometry": {
        "type": "Point",
        "coordinates": [
          19.0795954,
          47.5544106
        ]
      },
      "properties": {
        "id": "osm-w-507001534",
        "category": "parking",
        "name": "Madar\u00e1sz Irodah\u00e1z",
        "wheelchair": null,
        "fee": null,
        "opening_hours": null,
        "source": "osm"
      }
    },
    {
      "type": "Feature",
      "geometry": {
        "type": "Point",
        "coordinates": [
          19.0318283,
          47.5240407
        ]
      },
      "properties": {
        "id": "osm-w-508155068",
        "category": "parking",
        "name": "Parking",
        "wheelchair": null,
        "fee": null,
        "opening_hours": null,
        "source": "osm"
      }
    },
    {
      "type": "Feature",
      "geometry": {
        "type": "Point",
        "coordinates": [
          19.0454154,
          47.5219079
        ]
      },
      "properties": {
        "id": "osm-w-515321329",
        "category": "toilet",
        "name": "FCSM Zrt.",
        "wheelchair": "no",
        "fee": "yes",
        "opening_hours": "Mo-Su 08:00-20:00",
        "source": "osm"
      }
    },
    {
      "type": "Feature",
      "geometry": {
        "type": "Point",
        "coordinates": [
          19.0460706,
          47.519523
        ]
      },
      "properties": {
        "id": "osm-w-515321348",
        "category": "toilet",
        "name": "FCSM Zrt.",
        "wheelchair": "yes",
        "fee": "yes",
        "opening_hours": "24/7",
        "source": "osm"
      }
    },
    {
      "type": "Feature",
      "geometry": {
        "type": "Point",
        "coordinates": [
          19.0436746,
          47.5183471
        ]
      },
      "properties": {
        "id": "osm-w-515321349",
        "category": "toilet",
        "name": "FCSM Zrt.",
        "wheelchair": "yes",
        "fee": "yes",
        "opening_hours": "Mo-Su 20:00-08:00",
        "source": "osm"
      }
    },
    {
      "type": "Feature",
      "geometry": {
        "type": "Point",
        "coordinates": [
          19.0438216,
          47.5183269
        ]
      },
      "properties": {
        "id": "osm-w-515321350",
        "category": "toilet",
        "name": "FCSM Zrt.",
        "wheelchair": "no",
        "fee": "yes",
        "opening_hours": "week 09-43 Mo-Su 07:00-19:00",
        "source": "osm"
      }
    },
    {
      "type": "Feature",
      "geometry": {
        "type": "Point",
        "coordinates": [
          19.0623792,
          47.5705816
        ]
      },
      "properties": {
        "id": "osm-w-519122329",
        "category": "parking",
        "name": "Parking",
        "wheelchair": null,
        "fee": "no",
        "opening_hours": null,
        "source": "osm"
      }
    },
    {
      "type": "Feature",
      "geometry": {
        "type": "Point",
        "coordinates": [
          19.062389,
          47.5706531
        ]
      },
      "properties": {
        "id": "osm-w-519122330",
        "category": "parking",
        "name": "Parking",
        "wheelchair": null,
        "fee": null,
        "opening_hours": null,
        "source": "osm"
      }
    },
    {
      "type": "Feature",
      "geometry": {
        "type": "Point",
        "coordinates": [
          19.0701708,
          47.5381012
        ]
      },
      "properties": {
        "id": "osm-w-521098821",
        "category": "parking",
        "name": "Parking",
        "wheelchair": null,
        "fee": null,
        "opening_hours": null,
        "source": "osm"
      }
    },
    {
      "type": "Feature",
      "geometry": {
        "type": "Point",
        "coordinates": [
          19.0700286,
          47.5382331
        ]
      },
      "properties": {
        "id": "osm-w-521098826",
        "category": "parking",
        "name": "Parking",
        "wheelchair": null,
        "fee": null,
        "opening_hours": null,
        "source": "osm"
      }
    },
    {
      "type": "Feature",
      "geometry": {
        "type": "Point",
        "coordinates": [
          19.0286756,
          47.5376695
        ]
      },
      "properties": {
        "id": "osm-w-527790816",
        "category": "parking",
        "name": "Parking",
        "wheelchair": null,
        "fee": "no",
        "opening_hours": null,
        "source": "osm"
      }
    },
    {
      "type": "Feature",
      "geometry": {
        "type": "Point",
        "coordinates": [
          19.0719719,
          47.5181952
        ]
      },
      "properties": {
        "id": "osm-w-528169719",
        "category": "fuel",
        "name": "Shell",
        "wheelchair": null,
        "fee": null,
        "opening_hours": "24/7",
        "source": "osm"
      }
    },
    {
      "type": "Feature",
      "geometry": {
        "type": "Point",
        "coordinates": [
          19.0629094,
          47.5385665
        ]
      },
      "properties": {
        "id": "osm-w-530607708",
        "category": "parking",
        "name": "Parking",
        "wheelchair": null,
        "fee": null,
        "opening_hours": null,
        "source": "osm"
      }
    },
    {
      "type": "Feature",
      "geometry": {
        "type": "Point",
        "coordinates": [
          19.0658265,
          47.537946
        ]
      },
      "properties": {
        "id": "osm-w-530607709",
        "category": "parking",
        "name": "Parking",
        "wheelchair": null,
        "fee": null,
        "opening_hours": null,
        "source": "osm"
      }
    },
    {
      "type": "Feature",
      "geometry": {
        "type": "Point",
        "coordinates": [
          19.0547034,
          47.548672
        ]
      },
      "properties": {
        "id": "osm-w-531189153",
        "category": "toilet",
        "name": "Toilet",
        "wheelchair": null,
        "fee": "yes",
        "opening_hours": null,
        "source": "osm"
      }
    },
    {
      "type": "Feature",
      "geometry": {
        "type": "Point",
        "coordinates": [
          19.0797185,
          47.5606412
        ]
      },
      "properties": {
        "id": "osm-w-534871428",
        "category": "parking",
        "name": "Parking",
        "wheelchair": null,
        "fee": "no",
        "opening_hours": null,
        "source": "osm"
      }
    },
    {
      "type": "Feature",
      "geometry": {
        "type": "Point",
        "coordinates": [
          19.0493613,
          47.572986
        ]
      },
      "properties": {
        "id": "osm-w-539291132",
        "category": "parking",
        "name": "Parking",
        "wheelchair": null,
        "fee": null,
        "opening_hours": null,
        "source": "osm"
      }
    },
    {
      "type": "Feature",
      "geometry": {
        "type": "Point",
        "coordinates": [
          19.080936,
          47.5339206
        ]
      },
      "properties": {
        "id": "osm-w-540162600",
        "category": "parking",
        "name": "UNIX",
        "wheelchair": null,
        "fee": null,
        "opening_hours": null,
        "source": "osm"
      }
    },
    {
      "type": "Feature",
      "geometry": {
        "type": "Point",
        "coordinates": [
          19.0801367,
          47.5343867
        ]
      },
      "properties": {
        "id": "osm-w-540162608",
        "category": "parking",
        "name": "Parking",
        "wheelchair": null,
        "fee": "no",
        "opening_hours": null,
        "source": "osm"
      }
    },
    {
      "type": "Feature",
      "geometry": {
        "type": "Point",
        "coordinates": [
          19.0795306,
          47.5345053
        ]
      },
      "properties": {
        "id": "osm-w-540162609",
        "category": "parking",
        "name": "Display szerviz",
        "wheelchair": null,
        "fee": "no",
        "opening_hours": null,
        "source": "osm"
      }
    },
    {
      "type": "Feature",
      "geometry": {
        "type": "Point",
        "coordinates": [
          19.0168107,
          47.5332157
        ]
      },
      "properties": {
        "id": "osm-w-545209022",
        "category": "parking",
        "name": "Parking",
        "wheelchair": null,
        "fee": "no",
        "opening_hours": null,
        "source": "osm"
      }
    },
    {
      "type": "Feature",
      "geometry": {
        "type": "Point",
        "coordinates": [
          19.0775894,
          47.5570589
        ]
      },
      "properties": {
        "id": "osm-w-546299248",
        "category": "parking",
        "name": "Parking",
        "wheelchair": null,
        "fee": "yes",
        "opening_hours": null,
        "source": "osm"
      }
    },
    {
      "type": "Feature",
      "geometry": {
        "type": "Point",
        "coordinates": [
          19.0413621,
          47.53946
        ]
      },
      "properties": {
        "id": "osm-w-548449795",
        "category": "parking",
        "name": "Parking",
        "wheelchair": null,
        "fee": "no",
        "opening_hours": "24/7",
        "source": "osm"
      }
    },
    {
      "type": "Feature",
      "geometry": {
        "type": "Point",
        "coordinates": [
          19.0408895,
          47.5390664
        ]
      },
      "properties": {
        "id": "osm-w-548449796",
        "category": "parking",
        "name": "Parking",
        "wheelchair": null,
        "fee": "no",
        "opening_hours": "24/7",
        "source": "osm"
      }
    },
    {
      "type": "Feature",
      "geometry": {
        "type": "Point",
        "coordinates": [
          19.0397905,
          47.5150851
        ]
      },
      "properties": {
        "id": "osm-w-548542398",
        "category": "parking",
        "name": "Parking",
        "wheelchair": null,
        "fee": "no",
        "opening_hours": null,
        "source": "osm"
      }
    },
    {
      "type": "Feature",
      "geometry": {
        "type": "Point",
        "coordinates": [
          19.0402239,
          47.5556884
        ]
      },
      "properties": {
        "id": "osm-w-550109563",
        "category": "parking",
        "name": "Parking",
        "wheelchair": null,
        "fee": null,
        "opening_hours": null,
        "source": "osm"
      }
    },
    {
      "type": "Feature",
      "geometry": {
        "type": "Point",
        "coordinates": [
          19.0280186,
          47.5528243
        ]
      },
      "properties": {
        "id": "osm-w-550120716",
        "category": "parking",
        "name": "Parking",
        "wheelchair": null,
        "fee": "yes",
        "opening_hours": null,
        "source": "osm"
      }
    },
    {
      "type": "Feature",
      "geometry": {
        "type": "Point",
        "coordinates": [
          19.0324737,
          47.5367169
        ]
      },
      "properties": {
        "id": "osm-w-553310375",
        "category": "parking",
        "name": "Parking",
        "wheelchair": null,
        "fee": "no",
        "opening_hours": null,
        "source": "osm"
      }
    },
    {
      "type": "Feature",
      "geometry": {
        "type": "Point",
        "coordinates": [
          19.0431842,
          47.5326534
        ]
      },
      "properties": {
        "id": "osm-w-554927771",
        "category": "parking",
        "name": "Parking",
        "wheelchair": null,
        "fee": "no",
        "opening_hours": null,
        "source": "osm"
      }
    },
    {
      "type": "Feature",
      "geometry": {
        "type": "Point",
        "coordinates": [
          19.0799784,
          47.5617065
        ]
      },
      "properties": {
        "id": "osm-w-556744658",
        "category": "parking",
        "name": "Parking",
        "wheelchair": null,
        "fee": null,
        "opening_hours": null,
        "source": "osm"
      }
    },
    {
      "type": "Feature",
      "geometry": {
        "type": "Point",
        "coordinates": [
          19.0516684,
          47.5671394
        ]
      },
      "properties": {
        "id": "osm-w-561338361",
        "category": "parking",
        "name": "Parking",
        "wheelchair": null,
        "fee": "no",
        "opening_hours": null,
        "source": "osm"
      }
    },
    {
      "type": "Feature",
      "geometry": {
        "type": "Point",
        "coordinates": [
          19.0455701,
          47.5586601
        ]
      },
      "properties": {
        "id": "osm-w-561338363",
        "category": "parking",
        "name": "Parking",
        "wheelchair": null,
        "fee": "no",
        "opening_hours": null,
        "source": "osm"
      }
    },
    {
      "type": "Feature",
      "geometry": {
        "type": "Point",
        "coordinates": [
          19.0457712,
          47.5594326
        ]
      },
      "properties": {
        "id": "osm-w-561338366",
        "category": "parking",
        "name": "Parking",
        "wheelchair": null,
        "fee": "no",
        "opening_hours": null,
        "source": "osm"
      }
    },
    {
      "type": "Feature",
      "geometry": {
        "type": "Point",
        "coordinates": [
          19.0774514,
          47.5590036
        ]
      },
      "properties": {
        "id": "osm-w-562434779",
        "category": "parking",
        "name": "Parking",
        "wheelchair": null,
        "fee": "yes",
        "opening_hours": null,
        "source": "osm"
      }
    },
    {
      "type": "Feature",
      "geometry": {
        "type": "Point",
        "coordinates": [
          19.0487454,
          47.5800073
        ]
      },
      "properties": {
        "id": "osm-w-564732873",
        "category": "parking",
        "name": "\u00dcgyf\u00e9lparkol\u00f3",
        "wheelchair": null,
        "fee": "no",
        "opening_hours": null,
        "source": "osm"
      }
    },
    {
      "type": "Feature",
      "geometry": {
        "type": "Point",
        "coordinates": [
          19.0849324,
          47.5586838
        ]
      },
      "properties": {
        "id": "osm-w-567547473",
        "category": "parking",
        "name": "Parking",
        "wheelchair": null,
        "fee": null,
        "opening_hours": null,
        "source": "osm"
      }
    },
    {
      "type": "Feature",
      "geometry": {
        "type": "Point",
        "coordinates": [
          19.0188541,
          47.5646489
        ]
      },
      "properties": {
        "id": "osm-w-571050789",
        "category": "parking",
        "name": "FKF",
        "wheelchair": null,
        "fee": null,
        "opening_hours": null,
        "source": "osm"
      }
    },
    {
      "type": "Feature",
      "geometry": {
        "type": "Point",
        "coordinates": [
          19.0962166,
          47.5427677
        ]
      },
      "properties": {
        "id": "osm-w-572874681",
        "category": "parking",
        "name": "Magyar Vas\u00fatt\u00f6rt\u00e9neti Park Alap\u00edtv\u00e1ny",
        "wheelchair": null,
        "fee": "no",
        "opening_hours": "Tu-Sa 10:00-18:00; Su 10:00-17:00",
        "source": "osm"
      }
    },
    {
      "type": "Feature",
      "geometry": {
        "type": "Point",
        "coordinates": [
          19.03247,
          47.5689288
        ]
      },
      "properties": {
        "id": "osm-w-572882404",
        "category": "parking",
        "name": "Parking",
        "wheelchair": null,
        "fee": "no",
        "opening_hours": null,
        "source": "osm"
      }
    },
    {
      "type": "Feature",
      "geometry": {
        "type": "Point",
        "coordinates": [
          19.027546,
          47.5685762
        ]
      },
      "properties": {
        "id": "osm-w-572882418",
        "category": "parking",
        "name": "Parking",
        "wheelchair": null,
        "fee": "no",
        "opening_hours": null,
        "source": "osm"
      }
    },
    {
      "type": "Feature",
      "geometry": {
        "type": "Point",
        "coordinates": [
          19.05283,
          47.5227682
        ]
      },
      "properties": {
        "id": "osm-w-574714628",
        "category": "parking",
        "name": "Parking",
        "wheelchair": null,
        "fee": "yes",
        "opening_hours": null,
        "source": "osm"
      }
    },
    {
      "type": "Feature",
      "geometry": {
        "type": "Point",
        "coordinates": [
          19.0523005,
          47.5220333
        ]
      },
      "properties": {
        "id": "osm-w-574718785",
        "category": "parking",
        "name": "Parking",
        "wheelchair": null,
        "fee": "yes",
        "opening_hours": null,
        "source": "osm"
      }
    },
    {
      "type": "Feature",
      "geometry": {
        "type": "Point",
        "coordinates": [
          19.0305164,
          47.5643297
        ]
      },
      "properties": {
        "id": "osm-w-580943553",
        "category": "parking",
        "name": "Parking",
        "wheelchair": null,
        "fee": null,
        "opening_hours": null,
        "source": "osm"
      }
    },
    {
      "type": "Feature",
      "geometry": {
        "type": "Point",
        "coordinates": [
          19.0358535,
          47.5279973
        ]
      },
      "properties": {
        "id": "osm-w-581395515",
        "category": "parking",
        "name": "Parking",
        "wheelchair": null,
        "fee": "no",
        "opening_hours": null,
        "source": "osm"
      }
    },
    {
      "type": "Feature",
      "geometry": {
        "type": "Point",
        "coordinates": [
          19.0517111,
          47.5206584
        ]
      },
      "properties": {
        "id": "osm-w-582243836",
        "category": "parking",
        "name": "Parking",
        "wheelchair": null,
        "fee": "yes",
        "opening_hours": null,
        "source": "osm"
      }
    },
    {
      "type": "Feature",
      "geometry": {
        "type": "Point",
        "coordinates": [
          19.077395,
          47.5566395
        ]
      },
      "properties": {
        "id": "osm-w-583438034",
        "category": "parking",
        "name": "Parking",
        "wheelchair": null,
        "fee": null,
        "opening_hours": null,
        "source": "osm"
      }
    },
    {
      "type": "Feature",
      "geometry": {
        "type": "Point",
        "coordinates": [
          19.0792214,
          47.5647533
        ]
      },
      "properties": {
        "id": "osm-w-585106578",
        "category": "parking",
        "name": "Parking",
        "wheelchair": null,
        "fee": "no",
        "opening_hours": null,
        "source": "osm"
      }
    },
    {
      "type": "Feature",
      "geometry": {
        "type": "Point",
        "coordinates": [
          19.0791461,
          47.5644373
        ]
      },
      "properties": {
        "id": "osm-w-585106579",
        "category": "parking",
        "name": "Parking",
        "wheelchair": null,
        "fee": "no",
        "opening_hours": null,
        "source": "osm"
      }
    },
    {
      "type": "Feature",
      "geometry": {
        "type": "Point",
        "coordinates": [
          19.0403086,
          47.5371875
        ]
      },
      "properties": {
        "id": "osm-w-590695769",
        "category": "parking",
        "name": "Parking",
        "wheelchair": null,
        "fee": "yes",
        "opening_hours": null,
        "source": "osm"
      }
    },
    {
      "type": "Feature",
      "geometry": {
        "type": "Point",
        "coordinates": [
          19.0882738,
          47.5284199
        ]
      },
      "properties": {
        "id": "osm-w-595327868",
        "category": "parking",
        "name": "Parking",
        "wheelchair": null,
        "fee": null,
        "opening_hours": null,
        "source": "osm"
      }
    },
    {
      "type": "Feature",
      "geometry": {
        "type": "Point",
        "coordinates": [
          19.0154534,
          47.523505
        ]
      },
      "properties": {
        "id": "osm-w-605506475",
        "category": "parking",
        "name": "Parking",
        "wheelchair": null,
        "fee": null,
        "opening_hours": null,
        "source": "osm"
      }
    },
    {
      "type": "Feature",
      "geometry": {
        "type": "Point",
        "coordinates": [
          19.0339619,
          47.5304059
        ]
      },
      "properties": {
        "id": "osm-w-606844346",
        "category": "parking",
        "name": "Parking",
        "wheelchair": null,
        "fee": null,
        "opening_hours": null,
        "source": "osm"
      }
    },
    {
      "type": "Feature",
      "geometry": {
        "type": "Point",
        "coordinates": [
          19.0337519,
          47.5306106
        ]
      },
      "properties": {
        "id": "osm-w-606844347",
        "category": "parking",
        "name": "Parking",
        "wheelchair": null,
        "fee": null,
        "opening_hours": null,
        "source": "osm"
      }
    },
    {
      "type": "Feature",
      "geometry": {
        "type": "Point",
        "coordinates": [
          19.0343027,
          47.5307008
        ]
      },
      "properties": {
        "id": "osm-w-606844348",
        "category": "parking",
        "name": "Parking",
        "wheelchair": null,
        "fee": null,
        "opening_hours": null,
        "source": "osm"
      }
    },
    {
      "type": "Feature",
      "geometry": {
        "type": "Point",
        "coordinates": [
          19.0806716,
          47.5545942
        ]
      },
      "properties": {
        "id": "osm-w-612985394",
        "category": "parking",
        "name": "Parking",
        "wheelchair": null,
        "fee": null,
        "opening_hours": null,
        "source": "osm"
      }
    },
    {
      "type": "Feature",
      "geometry": {
        "type": "Point",
        "coordinates": [
          19.0295696,
          47.5476352
        ]
      },
      "properties": {
        "id": "osm-w-614168226",
        "category": "parking",
        "name": "Parking",
        "wheelchair": null,
        "fee": null,
        "opening_hours": null,
        "source": "osm"
      }
    },
    {
      "type": "Feature",
      "geometry": {
        "type": "Point",
        "coordinates": [
          19.0295343,
          47.5467169
        ]
      },
      "properties": {
        "id": "osm-w-614168227",
        "category": "parking",
        "name": "Parking",
        "wheelchair": null,
        "fee": "yes",
        "opening_hours": null,
        "source": "osm"
      }
    },
    {
      "type": "Feature",
      "geometry": {
        "type": "Point",
        "coordinates": [
          19.0336439,
          47.5485913
        ]
      },
      "properties": {
        "id": "osm-w-614823044",
        "category": "parking",
        "name": "Parking",
        "wheelchair": null,
        "fee": "yes",
        "opening_hours": null,
        "source": "osm"
      }
    },
    {
      "type": "Feature",
      "geometry": {
        "type": "Point",
        "coordinates": [
          19.0418466,
          47.537212
        ]
      },
      "properties": {
        "id": "osm-w-614951193",
        "category": "parking",
        "name": "Parking",
        "wheelchair": null,
        "fee": "yes",
        "opening_hours": "24/7",
        "source": "osm"
      }
    },
    {
      "type": "Feature",
      "geometry": {
        "type": "Point",
        "coordinates": [
          19.0420299,
          47.5371832
        ]
      },
      "properties": {
        "id": "osm-w-614951194",
        "category": "parking",
        "name": "Parking",
        "wheelchair": null,
        "fee": "yes",
        "opening_hours": "24/7",
        "source": "osm"
      }
    },
    {
      "type": "Feature",
      "geometry": {
        "type": "Point",
        "coordinates": [
          19.0425447,
          47.5834785
        ]
      },
      "properties": {
        "id": "osm-w-618753762",
        "category": "parking",
        "name": "CBA",
        "wheelchair": null,
        "fee": "no",
        "opening_hours": "24/7",
        "source": "osm"
      }
    },
    {
      "type": "Feature",
      "geometry": {
        "type": "Point",
        "coordinates": [
          19.1007713,
          47.5548603
        ]
      },
      "properties": {
        "id": "osm-w-622342551",
        "category": "parking",
        "name": "Parking",
        "wheelchair": null,
        "fee": null,
        "opening_hours": null,
        "source": "osm"
      }
    },
    {
      "type": "Feature",
      "geometry": {
        "type": "Point",
        "coordinates": [
          19.1007443,
          47.5547535
        ]
      },
      "properties": {
        "id": "osm-w-622342552",
        "category": "parking",
        "name": "Parking",
        "wheelchair": null,
        "fee": null,
        "opening_hours": null,
        "source": "osm"
      }
    },
    {
      "type": "Feature",
      "geometry": {
        "type": "Point",
        "coordinates": [
          19.0992634,
          47.5545355
        ]
      },
      "properties": {
        "id": "osm-w-622355472",
        "category": "parking",
        "name": "Parking",
        "wheelchair": null,
        "fee": "no",
        "opening_hours": null,
        "source": "osm"
      }
    },
    {
      "type": "Feature",
      "geometry": {
        "type": "Point",
        "coordinates": [
          19.0264022,
          47.5384193
        ]
      },
      "properties": {
        "id": "osm-w-625942554",
        "category": "parking",
        "name": "Parking",
        "wheelchair": null,
        "fee": null,
        "opening_hours": null,
        "source": "osm"
      }
    },
    {
      "type": "Feature",
      "geometry": {
        "type": "Point",
        "coordinates": [
          19.0263657,
          47.5385063
        ]
      },
      "properties": {
        "id": "osm-w-625942555",
        "category": "parking",
        "name": "Parking",
        "wheelchair": null,
        "fee": "no",
        "opening_hours": null,
        "source": "osm"
      }
    },
    {
      "type": "Feature",
      "geometry": {
        "type": "Point",
        "coordinates": [
          19.0268987,
          47.5386587
        ]
      },
      "properties": {
        "id": "osm-w-625942557",
        "category": "parking",
        "name": "Bisb als\u00f3",
        "wheelchair": null,
        "fee": "no",
        "opening_hours": null,
        "source": "osm"
      }
    },
    {
      "type": "Feature",
      "geometry": {
        "type": "Point",
        "coordinates": [
          19.0309909,
          47.5207357
        ]
      },
      "properties": {
        "id": "osm-w-633930475",
        "category": "parking",
        "name": "Parking",
        "wheelchair": null,
        "fee": null,
        "opening_hours": null,
        "source": "osm"
      }
    },
    {
      "type": "Feature",
      "geometry": {
        "type": "Point",
        "coordinates": [
          19.0350311,
          47.5265012
        ]
      },
      "properties": {
        "id": "osm-w-641905731",
        "category": "parking",
        "name": "Parking",
        "wheelchair": null,
        "fee": null,
        "opening_hours": null,
        "source": "osm"
      }
    },
    {
      "type": "Feature",
      "geometry": {
        "type": "Point",
        "coordinates": [
          19.0768803,
          47.548094
        ]
      },
      "properties": {
        "id": "osm-w-643745317",
        "category": "parking",
        "name": "Parking",
        "wheelchair": null,
        "fee": "yes",
        "opening_hours": null,
        "source": "osm"
      }
    },
    {
      "type": "Feature",
      "geometry": {
        "type": "Point",
        "coordinates": [
          19.0764349,
          47.5485434
        ]
      },
      "properties": {
        "id": "osm-w-643745321",
        "category": "parking",
        "name": "Parking",
        "wheelchair": null,
        "fee": "yes",
        "opening_hours": null,
        "source": "osm"
      }
    },
    {
      "type": "Feature",
      "geometry": {
        "type": "Point",
        "coordinates": [
          19.0775845,
          47.5483119
        ]
      },
      "properties": {
        "id": "osm-w-643745322",
        "category": "parking",
        "name": "Parking",
        "wheelchair": null,
        "fee": "yes",
        "opening_hours": null,
        "source": "osm"
      }
    },
    {
      "type": "Feature",
      "geometry": {
        "type": "Point",
        "coordinates": [
          19.0785648,
          47.5461895
        ]
      },
      "properties": {
        "id": "osm-w-643745323",
        "category": "parking",
        "name": "Parking",
        "wheelchair": null,
        "fee": "yes",
        "opening_hours": null,
        "source": "osm"
      }
    },
    {
      "type": "Feature",
      "geometry": {
        "type": "Point",
        "coordinates": [
          19.0770974,
          47.5475783
        ]
      },
      "properties": {
        "id": "osm-w-643745336",
        "category": "parking",
        "name": "Parking",
        "wheelchair": null,
        "fee": "yes",
        "opening_hours": null,
        "source": "osm"
      }
    },
    {
      "type": "Feature",
      "geometry": {
        "type": "Point",
        "coordinates": [
          19.0741282,
          47.5488488
        ]
      },
      "properties": {
        "id": "osm-w-643745339",
        "category": "parking",
        "name": "Parking",
        "wheelchair": null,
        "fee": "yes",
        "opening_hours": null,
        "source": "osm"
      }
    },
    {
      "type": "Feature",
      "geometry": {
        "type": "Point",
        "coordinates": [
          19.0257302,
          47.5503129
        ]
      },
      "properties": {
        "id": "osm-w-657059556",
        "category": "parking",
        "name": "Parking",
        "wheelchair": null,
        "fee": "no",
        "opening_hours": null,
        "source": "osm"
      }
    },
    {
      "type": "Feature",
      "geometry": {
        "type": "Point",
        "coordinates": [
          19.0336098,
          47.5484347
        ]
      },
      "properties": {
        "id": "osm-w-661884505",
        "category": "parking",
        "name": "Parking",
        "wheelchair": null,
        "fee": "yes",
        "opening_hours": null,
        "source": "osm"
      }
    },
    {
      "type": "Feature",
      "geometry": {
        "type": "Point",
        "coordinates": [
          19.08384,
          47.5223304
        ]
      },
      "properties": {
        "id": "osm-w-662056056",
        "category": "parking",
        "name": "Parking",
        "wheelchair": null,
        "fee": null,
        "opening_hours": null,
        "source": "osm"
      }
    },
    {
      "type": "Feature",
      "geometry": {
        "type": "Point",
        "coordinates": [
          19.0434522,
          47.5356871
        ]
      },
      "properties": {
        "id": "osm-w-663233119",
        "category": "parking",
        "name": "Parking",
        "wheelchair": null,
        "fee": "yes",
        "opening_hours": null,
        "source": "osm"
      }
    },
    {
      "type": "Feature",
      "geometry": {
        "type": "Point",
        "coordinates": [
          19.0434176,
          47.5356366
        ]
      },
      "properties": {
        "id": "osm-w-663233120",
        "category": "parking",
        "name": "Parking",
        "wheelchair": null,
        "fee": "yes",
        "opening_hours": null,
        "source": "osm"
      }
    },
    {
      "type": "Feature",
      "geometry": {
        "type": "Point",
        "coordinates": [
          19.0431848,
          47.5353094
        ]
      },
      "properties": {
        "id": "osm-w-663233121",
        "category": "parking",
        "name": "Parking",
        "wheelchair": null,
        "fee": "yes",
        "opening_hours": null,
        "source": "osm"
      }
    },
    {
      "type": "Feature",
      "geometry": {
        "type": "Point",
        "coordinates": [
          19.0432903,
          47.5352623
        ]
      },
      "properties": {
        "id": "osm-w-663233122",
        "category": "parking",
        "name": "Parking",
        "wheelchair": null,
        "fee": "yes",
        "opening_hours": null,
        "source": "osm"
      }
    },
    {
      "type": "Feature",
      "geometry": {
        "type": "Point",
        "coordinates": [
          19.0429344,
          47.534964
        ]
      },
      "properties": {
        "id": "osm-w-663233123",
        "category": "parking",
        "name": "Parking",
        "wheelchair": null,
        "fee": "yes",
        "opening_hours": null,
        "source": "osm"
      }
    },
    {
      "type": "Feature",
      "geometry": {
        "type": "Point",
        "coordinates": [
          19.0404663,
          47.5319858
        ]
      },
      "properties": {
        "id": "osm-w-667624989",
        "category": "parking",
        "name": "Parking",
        "wheelchair": null,
        "fee": "yes",
        "opening_hours": "24/7",
        "source": "osm"
      }
    },
    {
      "type": "Feature",
      "geometry": {
        "type": "Point",
        "coordinates": [
          19.040239,
          47.5319395
        ]
      },
      "properties": {
        "id": "osm-w-667624990",
        "category": "parking",
        "name": "Parking",
        "wheelchair": null,
        "fee": "yes",
        "opening_hours": "24/7",
        "source": "osm"
      }
    },
    {
      "type": "Feature",
      "geometry": {
        "type": "Point",
        "coordinates": [
          19.0381117,
          47.5325607
        ]
      },
      "properties": {
        "id": "osm-w-667625004",
        "category": "parking",
        "name": "Parking",
        "wheelchair": null,
        "fee": "yes",
        "opening_hours": null,
        "source": "osm"
      }
    },
    {
      "type": "Feature",
      "geometry": {
        "type": "Point",
        "coordinates": [
          19.0381233,
          47.5331963
        ]
      },
      "properties": {
        "id": "osm-w-667625005",
        "category": "parking",
        "name": "Parking",
        "wheelchair": null,
        "fee": "yes",
        "opening_hours": null,
        "source": "osm"
      }
    },
    {
      "type": "Feature",
      "geometry": {
        "type": "Point",
        "coordinates": [
          19.0384222,
          47.5334491
        ]
      },
      "properties": {
        "id": "osm-w-667625006",
        "category": "parking",
        "name": "Parking",
        "wheelchair": null,
        "fee": "yes",
        "opening_hours": "24/7",
        "source": "osm"
      }
    },
    {
      "type": "Feature",
      "geometry": {
        "type": "Point",
        "coordinates": [
          19.0803978,
          47.5508485
        ]
      },
      "properties": {
        "id": "osm-w-669967607",
        "category": "parking",
        "name": "Parking",
        "wheelchair": null,
        "fee": "no",
        "opening_hours": null,
        "source": "osm"
      }
    },
    {
      "type": "Feature",
      "geometry": {
        "type": "Point",
        "coordinates": [
          19.0791839,
          47.5481404
        ]
      },
      "properties": {
        "id": "osm-w-669967609",
        "category": "parking",
        "name": "Parking",
        "wheelchair": null,
        "fee": null,
        "opening_hours": null,
        "source": "osm"
      }
    },
    {
      "type": "Feature",
      "geometry": {
        "type": "Point",
        "coordinates": [
          19.0795281,
          47.549051
        ]
      },
      "properties": {
        "id": "osm-w-669967610",
        "category": "parking",
        "name": "Parking",
        "wheelchair": null,
        "fee": null,
        "opening_hours": null,
        "source": "osm"
      }
    },
    {
      "type": "Feature",
      "geometry": {
        "type": "Point",
        "coordinates": [
          19.0857693,
          47.5553843
        ]
      },
      "properties": {
        "id": "osm-w-669974631",
        "category": "parking",
        "name": "Parking",
        "wheelchair": null,
        "fee": null,
        "opening_hours": null,
        "source": "osm"
      }
    },
    {
      "type": "Feature",
      "geometry": {
        "type": "Point",
        "coordinates": [
          19.0848746,
          47.5561778
        ]
      },
      "properties": {
        "id": "osm-w-669974642",
        "category": "parking",
        "name": "Parking",
        "wheelchair": null,
        "fee": null,
        "opening_hours": null,
        "source": "osm"
      }
    },
    {
      "type": "Feature",
      "geometry": {
        "type": "Point",
        "coordinates": [
          19.0328679,
          47.5285598
        ]
      },
      "properties": {
        "id": "osm-w-670301896",
        "category": "parking",
        "name": "Parking",
        "wheelchair": null,
        "fee": null,
        "opening_hours": null,
        "source": "osm"
      }
    },
    {
      "type": "Feature",
      "geometry": {
        "type": "Point",
        "coordinates": [
          19.0827285,
          47.5280183
        ]
      },
      "properties": {
        "id": "osm-w-672967980",
        "category": "parking",
        "name": "Parking",
        "wheelchair": null,
        "fee": null,
        "opening_hours": null,
        "source": "osm"
      }
    },
    {
      "type": "Feature",
      "geometry": {
        "type": "Point",
        "coordinates": [
          19.0831678,
          47.5280045
        ]
      },
      "properties": {
        "id": "osm-w-672967982",
        "category": "parking",
        "name": "Parking",
        "wheelchair": null,
        "fee": null,
        "opening_hours": null,
        "source": "osm"
      }
    },
    {
      "type": "Feature",
      "geometry": {
        "type": "Point",
        "coordinates": [
          19.0181816,
          47.5650617
        ]
      },
      "properties": {
        "id": "osm-w-676582525",
        "category": "parking",
        "name": "Parking",
        "wheelchair": null,
        "fee": null,
        "opening_hours": null,
        "source": "osm"
      }
    },
    {
      "type": "Feature",
      "geometry": {
        "type": "Point",
        "coordinates": [
          19.0418287,
          47.5585446
        ]
      },
      "properties": {
        "id": "osm-w-682421037",
        "category": "parking",
        "name": "Parking",
        "wheelchair": null,
        "fee": "yes",
        "opening_hours": null,
        "source": "osm"
      }
    },
    {
      "type": "Feature",
      "geometry": {
        "type": "Point",
        "coordinates": [
          19.0416101,
          47.5578782
        ]
      },
      "properties": {
        "id": "osm-w-682421039",
        "category": "parking",
        "name": "Parking",
        "wheelchair": null,
        "fee": "yes",
        "opening_hours": null,
        "source": "osm"
      }
    },
    {
      "type": "Feature",
      "geometry": {
        "type": "Point",
        "coordinates": [
          19.0967349,
          47.5639346
        ]
      },
      "properties": {
        "id": "osm-w-689433657",
        "category": "parking",
        "name": "Parking",
        "wheelchair": null,
        "fee": null,
        "opening_hours": null,
        "source": "osm"
      }
    },
    {
      "type": "Feature",
      "geometry": {
        "type": "Point",
        "coordinates": [
          19.0448921,
          47.5734369
        ]
      },
      "properties": {
        "id": "osm-w-691303580",
        "category": "parking",
        "name": "Parking",
        "wheelchair": null,
        "fee": "no",
        "opening_hours": null,
        "source": "osm"
      }
    },
    {
      "type": "Feature",
      "geometry": {
        "type": "Point",
        "coordinates": [
          19.0448288,
          47.5734034
        ]
      },
      "properties": {
        "id": "osm-w-691304006",
        "category": "parking",
        "name": "Jehova Tan\u00fai Kir\u00e1lys\u00e1gterem Parkol\u00f3",
        "wheelchair": null,
        "fee": "no",
        "opening_hours": null,
        "source": "osm"
      }
    },
    {
      "type": "Feature",
      "geometry": {
        "type": "Point",
        "coordinates": [
          19.0369912,
          47.5273081
        ]
      },
      "properties": {
        "id": "osm-w-692409674",
        "category": "parking",
        "name": "Parking",
        "wheelchair": null,
        "fee": "yes",
        "opening_hours": "24/7",
        "source": "osm"
      }
    },
    {
      "type": "Feature",
      "geometry": {
        "type": "Point",
        "coordinates": [
          19.0680208,
          47.5496014
        ]
      },
      "properties": {
        "id": "osm-w-693774663",
        "category": "parking",
        "name": "Melba",
        "wheelchair": null,
        "fee": null,
        "opening_hours": null,
        "source": "osm"
      }
    },
    {
      "type": "Feature",
      "geometry": {
        "type": "Point",
        "coordinates": [
          19.0347058,
          47.5278711
        ]
      },
      "properties": {
        "id": "osm-w-695936432",
        "category": "parking",
        "name": "Parking",
        "wheelchair": null,
        "fee": "no",
        "opening_hours": null,
        "source": "osm"
      }
    },
    {
      "type": "Feature",
      "geometry": {
        "type": "Point",
        "coordinates": [
          19.0362094,
          47.5277256
        ]
      },
      "properties": {
        "id": "osm-w-695936433",
        "category": "parking",
        "name": "Parking",
        "wheelchair": null,
        "fee": "no",
        "opening_hours": null,
        "source": "osm"
      }
    },
    {
      "type": "Feature",
      "geometry": {
        "type": "Point",
        "coordinates": [
          19.0305383,
          47.5488759
        ]
      },
      "properties": {
        "id": "osm-w-701037203",
        "category": "parking",
        "name": "PrintPIX",
        "wheelchair": null,
        "fee": "no",
        "opening_hours": null,
        "source": "osm"
      }
    },
    {
      "type": "Feature",
      "geometry": {
        "type": "Point",
        "coordinates": [
          19.0814209,
          47.5315274
        ]
      },
      "properties": {
        "id": "osm-w-701742638",
        "category": "parking",
        "name": "Rossmann",
        "wheelchair": null,
        "fee": "no",
        "opening_hours": null,
        "source": "osm"
      }
    },
    {
      "type": "Feature",
      "geometry": {
        "type": "Point",
        "coordinates": [
          19.0744086,
          47.5405218
        ]
      },
      "properties": {
        "id": "osm-w-703210900",
        "category": "parking",
        "name": "Parking",
        "wheelchair": null,
        "fee": null,
        "opening_hours": null,
        "source": "osm"
      }
    },
    {
      "type": "Feature",
      "geometry": {
        "type": "Point",
        "coordinates": [
          19.0603445,
          47.5375461
        ]
      },
      "properties": {
        "id": "osm-w-704202546",
        "category": "parking",
        "name": "Parking",
        "wheelchair": null,
        "fee": null,
        "opening_hours": null,
        "source": "osm"
      }
    },
    {
      "type": "Feature",
      "geometry": {
        "type": "Point",
        "coordinates": [
          19.0609226,
          47.5363156
        ]
      },
      "properties": {
        "id": "osm-w-704202719",
        "category": "parking",
        "name": "Parking",
        "wheelchair": null,
        "fee": "yes",
        "opening_hours": null,
        "source": "osm"
      }
    },
    {
      "type": "Feature",
      "geometry": {
        "type": "Point",
        "coordinates": [
          19.0624687,
          47.5417578
        ]
      },
      "properties": {
        "id": "osm-w-705678025",
        "category": "parking",
        "name": "Parking",
        "wheelchair": null,
        "fee": null,
        "opening_hours": null,
        "source": "osm"
      }
    },
    {
      "type": "Feature",
      "geometry": {
        "type": "Point",
        "coordinates": [
          19.0471052,
          47.5140794
        ]
      },
      "properties": {
        "id": "osm-w-717903913",
        "category": "parking",
        "name": "Parking",
        "wheelchair": null,
        "fee": "no",
        "opening_hours": "24/7",
        "source": "osm"
      }
    },
    {
      "type": "Feature",
      "geometry": {
        "type": "Point",
        "coordinates": [
          19.037483,
          47.5255491
        ]
      },
      "properties": {
        "id": "osm-w-741320846",
        "category": "parking",
        "name": "Park and Go Kft.",
        "wheelchair": null,
        "fee": "yes",
        "opening_hours": null,
        "source": "osm"
      }
    },
    {
      "type": "Feature",
      "geometry": {
        "type": "Point",
        "coordinates": [
          19.036035,
          47.524356
        ]
      },
      "properties": {
        "id": "osm-w-741740066",
        "category": "hospital",
        "name": "Szent Magdolna Mag\u00e1nk\u00f3rh\u00e1z",
        "wheelchair": null,
        "fee": null,
        "opening_hours": null,
        "source": "osm"
      }
    },
    {
      "type": "Feature",
      "geometry": {
        "type": "Point",
        "coordinates": [
          19.0669017,
          47.5306378
        ]
      },
      "properties": {
        "id": "osm-w-749846894",
        "category": "parking",
        "name": "Parking",
        "wheelchair": null,
        "fee": "no",
        "opening_hours": null,
        "source": "osm"
      }
    },
    {
      "type": "Feature",
      "geometry": {
        "type": "Point",
        "coordinates": [
          19.0438885,
          47.5836598
        ]
      },
      "properties": {
        "id": "osm-w-753035967",
        "category": "parking",
        "name": "Parking",
        "wheelchair": null,
        "fee": null,
        "opening_hours": null,
        "source": "osm"
      }
    },
    {
      "type": "Feature",
      "geometry": {
        "type": "Point",
        "coordinates": [
          19.053392,
          47.5785507
        ]
      },
      "properties": {
        "id": "osm-w-753035970",
        "category": "parking",
        "name": "Parking",
        "wheelchair": null,
        "fee": "no",
        "opening_hours": "24/7",
        "source": "osm"
      }
    },
    {
      "type": "Feature",
      "geometry": {
        "type": "Point",
        "coordinates": [
          19.0626233,
          47.5163295
        ]
      },
      "properties": {
        "id": "osm-w-761789942",
        "category": "parking",
        "name": "Parking",
        "wheelchair": null,
        "fee": "yes",
        "opening_hours": null,
        "source": "osm"
      }
    },
    {
      "type": "Feature",
      "geometry": {
        "type": "Point",
        "coordinates": [
          19.0265871,
          47.5526347
        ]
      },
      "properties": {
        "id": "osm-w-762658735",
        "category": "parking",
        "name": "Parking",
        "wheelchair": null,
        "fee": null,
        "opening_hours": null,
        "source": "osm"
      }
    },
    {
      "type": "Feature",
      "geometry": {
        "type": "Point",
        "coordinates": [
          19.0245009,
          47.551911
        ]
      },
      "properties": {
        "id": "osm-w-762670504",
        "category": "parking",
        "name": "Parking",
        "wheelchair": null,
        "fee": null,
        "opening_hours": null,
        "source": "osm"
      }
    },
    {
      "type": "Feature",
      "geometry": {
        "type": "Point",
        "coordinates": [
          19.062686,
          47.5175525
        ]
      },
      "properties": {
        "id": "osm-w-763369976",
        "category": "parking",
        "name": "Parking",
        "wheelchair": null,
        "fee": "yes",
        "opening_hours": null,
        "source": "osm"
      }
    },
    {
      "type": "Feature",
      "geometry": {
        "type": "Point",
        "coordinates": [
          19.0742894,
          47.5379259
        ]
      },
      "properties": {
        "id": "osm-w-770866373",
        "category": "parking",
        "name": "Teve Parkol\u00f3",
        "wheelchair": null,
        "fee": "yes",
        "opening_hours": null,
        "source": "osm"
      }
    },
    {
      "type": "Feature",
      "geometry": {
        "type": "Point",
        "coordinates": [
          19.012543,
          47.5265653
        ]
      },
      "properties": {
        "id": "osm-w-772714033",
        "category": "parking",
        "name": "Parking",
        "wheelchair": null,
        "fee": null,
        "opening_hours": null,
        "source": "osm"
      }
    },
    {
      "type": "Feature",
      "geometry": {
        "type": "Point",
        "coordinates": [
          19.0955693,
          47.5654919
        ]
      },
      "properties": {
        "id": "osm-w-798386122",
        "category": "parking",
        "name": "Parking",
        "wheelchair": null,
        "fee": "no",
        "opening_hours": null,
        "source": "osm"
      }
    },
    {
      "type": "Feature",
      "geometry": {
        "type": "Point",
        "coordinates": [
          19.0964875,
          47.5549181
        ]
      },
      "properties": {
        "id": "osm-w-799342317",
        "category": "parking",
        "name": "Parkol\u00f3",
        "wheelchair": null,
        "fee": "yes",
        "opening_hours": null,
        "source": "osm"
      }
    },
    {
      "type": "Feature",
      "geometry": {
        "type": "Point",
        "coordinates": [
          19.0826397,
          47.5234022
        ]
      },
      "properties": {
        "id": "osm-w-802225815",
        "category": "parking",
        "name": "Parking",
        "wheelchair": null,
        "fee": "yes",
        "opening_hours": null,
        "source": "osm"
      }
    },
    {
      "type": "Feature",
      "geometry": {
        "type": "Point",
        "coordinates": [
          19.0431245,
          47.5597684
        ]
      },
      "properties": {
        "id": "osm-w-804844306",
        "category": "parking",
        "name": "Parking",
        "wheelchair": null,
        "fee": null,
        "opening_hours": null,
        "source": "osm"
      }
    },
    {
      "type": "Feature",
      "geometry": {
        "type": "Point",
        "coordinates": [
          19.0138718,
          47.5249683
        ]
      },
      "properties": {
        "id": "osm-w-805119815",
        "category": "parking",
        "name": "Parking",
        "wheelchair": null,
        "fee": null,
        "opening_hours": null,
        "source": "osm"
      }
    },
    {
      "type": "Feature",
      "geometry": {
        "type": "Point",
        "coordinates": [
          19.01184,
          47.5253283
        ]
      },
      "properties": {
        "id": "osm-w-805119817",
        "category": "parking",
        "name": "Parking",
        "wheelchair": null,
        "fee": null,
        "opening_hours": null,
        "source": "osm"
      }
    },
    {
      "type": "Feature",
      "geometry": {
        "type": "Point",
        "coordinates": [
          19.0534351,
          47.5351162
        ]
      },
      "properties": {
        "id": "osm-w-812411589",
        "category": "parking",
        "name": "Parking",
        "wheelchair": null,
        "fee": "yes",
        "opening_hours": null,
        "source": "osm"
      }
    },
    {
      "type": "Feature",
      "geometry": {
        "type": "Point",
        "coordinates": [
          19.0537431,
          47.5345025
        ]
      },
      "properties": {
        "id": "osm-w-812411590",
        "category": "parking",
        "name": "Parking",
        "wheelchair": null,
        "fee": "yes",
        "opening_hours": null,
        "source": "osm"
      }
    },
    {
      "type": "Feature",
      "geometry": {
        "type": "Point",
        "coordinates": [
          19.0084022,
          47.5297786
        ]
      },
      "properties": {
        "id": "osm-w-821529505",
        "category": "parking",
        "name": "Parking",
        "wheelchair": null,
        "fee": null,
        "opening_hours": null,
        "source": "osm"
      }
    },
    {
      "type": "Feature",
      "geometry": {
        "type": "Point",
        "coordinates": [
          19.0163875,
          47.5232435
        ]
      },
      "properties": {
        "id": "osm-w-822860046",
        "category": "parking",
        "name": "Parking",
        "wheelchair": null,
        "fee": null,
        "opening_hours": null,
        "source": "osm"
      }
    },
    {
      "type": "Feature",
      "geometry": {
        "type": "Point",
        "coordinates": [
          19.0619107,
          47.571728
        ]
      },
      "properties": {
        "id": "osm-w-828541855",
        "category": "parking",
        "name": "Parking",
        "wheelchair": null,
        "fee": "no",
        "opening_hours": null,
        "source": "osm"
      }
    },
    {
      "type": "Feature",
      "geometry": {
        "type": "Point",
        "coordinates": [
          19.0721425,
          47.5405597
        ]
      },
      "properties": {
        "id": "osm-w-836467690",
        "category": "parking",
        "name": "Parking",
        "wheelchair": null,
        "fee": "yes",
        "opening_hours": null,
        "source": "osm"
      }
    },
    {
      "type": "Feature",
      "geometry": {
        "type": "Point",
        "coordinates": [
          19.0902766,
          47.5590076
        ]
      },
      "properties": {
        "id": "osm-w-843395700",
        "category": "parking",
        "name": "Parking",
        "wheelchair": null,
        "fee": null,
        "opening_hours": null,
        "source": "osm"
      }
    },
    {
      "type": "Feature",
      "geometry": {
        "type": "Point",
        "coordinates": [
          19.0244076,
          47.5388434
        ]
      },
      "properties": {
        "id": "osm-w-844803437",
        "category": "parking",
        "name": "Parking",
        "wheelchair": null,
        "fee": "no",
        "opening_hours": null,
        "source": "osm"
      }
    },
    {
      "type": "Feature",
      "geometry": {
        "type": "Point",
        "coordinates": [
          19.0235767,
          47.5394072
        ]
      },
      "properties": {
        "id": "osm-w-844803438",
        "category": "parking",
        "name": "Parking",
        "wheelchair": null,
        "fee": "no",
        "opening_hours": null,
        "source": "osm"
      }
    },
    {
      "type": "Feature",
      "geometry": {
        "type": "Point",
        "coordinates": [
          19.0310933,
          47.5386788
        ]
      },
      "properties": {
        "id": "osm-w-844803465",
        "category": "parking",
        "name": "Szent Margit K\u00f3rh\u00e1z",
        "wheelchair": null,
        "fee": "no",
        "opening_hours": null,
        "source": "osm"
      }
    },
    {
      "type": "Feature",
      "geometry": {
        "type": "Point",
        "coordinates": [
          19.0969477,
          47.5602799
        ]
      },
      "properties": {
        "id": "osm-w-846345638",
        "category": "parking",
        "name": "Parking",
        "wheelchair": null,
        "fee": null,
        "opening_hours": null,
        "source": "osm"
      }
    },
    {
      "type": "Feature",
      "geometry": {
        "type": "Point",
        "coordinates": [
          19.0962613,
          47.5602005
        ]
      },
      "properties": {
        "id": "osm-w-846345639",
        "category": "parking",
        "name": "Parking",
        "wheelchair": null,
        "fee": "no",
        "opening_hours": null,
        "source": "osm"
      }
    },
    {
      "type": "Feature",
      "geometry": {
        "type": "Point",
        "coordinates": [
          19.0959596,
          47.5605282
        ]
      },
      "properties": {
        "id": "osm-w-846345640",
        "category": "parking",
        "name": "Parking",
        "wheelchair": null,
        "fee": "no",
        "opening_hours": null,
        "source": "osm"
      }
    },
    {
      "type": "Feature",
      "geometry": {
        "type": "Point",
        "coordinates": [
          19.0949587,
          47.5609309
        ]
      },
      "properties": {
        "id": "osm-w-846345641",
        "category": "parking",
        "name": "Parking",
        "wheelchair": null,
        "fee": "no",
        "opening_hours": null,
        "source": "osm"
      }
    },
    {
      "type": "Feature",
      "geometry": {
        "type": "Point",
        "coordinates": [
          19.0941672,
          47.5610614
        ]
      },
      "properties": {
        "id": "osm-w-846345642",
        "category": "parking",
        "name": "Parking",
        "wheelchair": null,
        "fee": "no",
        "opening_hours": null,
        "source": "osm"
      }
    },
    {
      "type": "Feature",
      "geometry": {
        "type": "Point",
        "coordinates": [
          19.0933482,
          47.5611833
        ]
      },
      "properties": {
        "id": "osm-w-846345643",
        "category": "parking",
        "name": "Parking",
        "wheelchair": null,
        "fee": "no",
        "opening_hours": null,
        "source": "osm"
      }
    },
    {
      "type": "Feature",
      "geometry": {
        "type": "Point",
        "coordinates": [
          19.0970142,
          47.5611006
        ]
      },
      "properties": {
        "id": "osm-w-848207563",
        "category": "parking",
        "name": "Parking",
        "wheelchair": null,
        "fee": "no",
        "opening_hours": null,
        "source": "osm"
      }
    },
    {
      "type": "Feature",
      "geometry": {
        "type": "Point",
        "coordinates": [
          19.0960671,
          47.5614333
        ]
      },
      "properties": {
        "id": "osm-w-848207565",
        "category": "parking",
        "name": "Parking",
        "wheelchair": null,
        "fee": null,
        "opening_hours": null,
        "source": "osm"
      }
    },
    {
      "type": "Feature",
      "geometry": {
        "type": "Point",
        "coordinates": [
          19.095149,
          47.5614789
        ]
      },
      "properties": {
        "id": "osm-w-848207566",
        "category": "parking",
        "name": "Parking",
        "wheelchair": null,
        "fee": "no",
        "opening_hours": null,
        "source": "osm"
      }
    },
    {
      "type": "Feature",
      "geometry": {
        "type": "Point",
        "coordinates": [
          19.0507452,
          47.5628308
        ]
      },
      "properties": {
        "id": "osm-w-848389321",
        "category": "parking",
        "name": "Parking",
        "wheelchair": null,
        "fee": null,
        "opening_hours": null,
        "source": "osm"
      }
    },
    {
      "type": "Feature",
      "geometry": {
        "type": "Point",
        "coordinates": [
          19.0510546,
          47.5627253
        ]
      },
      "properties": {
        "id": "osm-w-848389322",
        "category": "parking",
        "name": "Parking",
        "wheelchair": null,
        "fee": null,
        "opening_hours": null,
        "source": "osm"
      }
    },
    {
      "type": "Feature",
      "geometry": {
        "type": "Point",
        "coordinates": [
          19.0409113,
          47.5583235
        ]
      },
      "properties": {
        "id": "osm-w-850243273",
        "category": "parking",
        "name": "Parking",
        "wheelchair": null,
        "fee": null,
        "opening_hours": null,
        "source": "osm"
      }
    },
    {
      "type": "Feature",
      "geometry": {
        "type": "Point",
        "coordinates": [
          19.0414811,
          47.5590776
        ]
      },
      "properties": {
        "id": "osm-w-850243275",
        "category": "parking",
        "name": "Parking",
        "wheelchair": null,
        "fee": "no",
        "opening_hours": null,
        "source": "osm"
      }
    },
    {
      "type": "Feature",
      "geometry": {
        "type": "Point",
        "coordinates": [
          19.0796231,
          47.5262982
        ]
      },
      "properties": {
        "id": "osm-w-858430137",
        "category": "parking",
        "name": "Parking",
        "wheelchair": null,
        "fee": "yes",
        "opening_hours": null,
        "source": "osm"
      }
    },
    {
      "type": "Feature",
      "geometry": {
        "type": "Point",
        "coordinates": [
          19.082781,
          47.5290167
        ]
      },
      "properties": {
        "id": "osm-w-858430138",
        "category": "parking",
        "name": "Magyar \u00c9p\u00edt\u00e9szeti M\u00fazeum",
        "wheelchair": null,
        "fee": null,
        "opening_hours": null,
        "source": "osm"
      }
    },
    {
      "type": "Feature",
      "geometry": {
        "type": "Point",
        "coordinates": [
          19.0812625,
          47.5287243
        ]
      },
      "properties": {
        "id": "osm-w-858430144",
        "category": "parking",
        "name": "Ny\u00edr\u0151 Gyula K\u00f3rh\u00e1z",
        "wheelchair": null,
        "fee": "yes",
        "opening_hours": null,
        "source": "osm"
      }
    },
    {
      "type": "Feature",
      "geometry": {
        "type": "Point",
        "coordinates": [
          19.0813087,
          47.5288909
        ]
      },
      "properties": {
        "id": "osm-w-858430145",
        "category": "parking",
        "name": "Ny\u00edr\u0151 Gyula K\u00f3rh\u00e1z",
        "wheelchair": null,
        "fee": "yes",
        "opening_hours": null,
        "source": "osm"
      }
    },
    {
      "type": "Feature",
      "geometry": {
        "type": "Point",
        "coordinates": [
          19.0813738,
          47.5285465
        ]
      },
      "properties": {
        "id": "osm-w-858430146",
        "category": "parking",
        "name": "Ny\u00edr\u0151 Gyula K\u00f3rh\u00e1z",
        "wheelchair": null,
        "fee": "yes",
        "opening_hours": null,
        "source": "osm"
      }
    },
    {
      "type": "Feature",
      "geometry": {
        "type": "Point",
        "coordinates": [
          19.079572,
          47.5270819
        ]
      },
      "properties": {
        "id": "osm-w-858430147",
        "category": "parking",
        "name": "Ny\u00edr\u0151 Gyula K\u00f3rh\u00e1z",
        "wheelchair": null,
        "fee": "yes",
        "opening_hours": null,
        "source": "osm"
      }
    },
    {
      "type": "Feature",
      "geometry": {
        "type": "Point",
        "coordinates": [
          19.0802016,
          47.5271751
        ]
      },
      "properties": {
        "id": "osm-w-858430148",
        "category": "parking",
        "name": "Ny\u00edr\u0151 Gyula K\u00f3rh\u00e1z",
        "wheelchair": null,
        "fee": "yes",
        "opening_hours": null,
        "source": "osm"
      }
    },
    {
      "type": "Feature",
      "geometry": {
        "type": "Point",
        "coordinates": [
          19.0803974,
          47.5275052
        ]
      },
      "properties": {
        "id": "osm-w-858430149",
        "category": "parking",
        "name": "Ny\u00edr\u0151 Gyula K\u00f3rh\u00e1z",
        "wheelchair": null,
        "fee": "yes",
        "opening_hours": null,
        "source": "osm"
      }
    },
    {
      "type": "Feature",
      "geometry": {
        "type": "Point",
        "coordinates": [
          19.0799334,
          47.5277179
        ]
      },
      "properties": {
        "id": "osm-w-858430150",
        "category": "parking",
        "name": "Ny\u00edr\u0151 Gyula K\u00f3rh\u00e1z",
        "wheelchair": null,
        "fee": "yes",
        "opening_hours": null,
        "source": "osm"
      }
    },
    {
      "type": "Feature",
      "geometry": {
        "type": "Point",
        "coordinates": [
          19.0829378,
          47.5288651
        ]
      },
      "properties": {
        "id": "osm-w-858441276",
        "category": "parking",
        "name": "220volt",
        "wheelchair": null,
        "fee": null,
        "opening_hours": null,
        "source": "osm"
      }
    },
    {
      "type": "Feature",
      "geometry": {
        "type": "Point",
        "coordinates": [
          19.0873935,
          47.5371833
        ]
      },
      "properties": {
        "id": "osm-w-858448230",
        "category": "parking",
        "name": "Penny Market",
        "wheelchair": null,
        "fee": "no",
        "opening_hours": null,
        "source": "osm"
      }
    },
    {
      "type": "Feature",
      "geometry": {
        "type": "Point",
        "coordinates": [
          19.0864171,
          47.5370329
        ]
      },
      "properties": {
        "id": "osm-w-858448242",
        "category": "parking",
        "name": "Parking",
        "wheelchair": null,
        "fee": null,
        "opening_hours": null,
        "source": "osm"
      }
    },
    {
      "type": "Feature",
      "geometry": {
        "type": "Point",
        "coordinates": [
          19.0380901,
          47.5468477
        ]
      },
      "properties": {
        "id": "osm-w-892594196",
        "category": "parking",
        "name": "Parking",
        "wheelchair": null,
        "fee": null,
        "opening_hours": null,
        "source": "osm"
      }
    },
    {
      "type": "Feature",
      "geometry": {
        "type": "Point",
        "coordinates": [
          19.0927436,
          47.5635602
        ]
      },
      "properties": {
        "id": "osm-w-915718958",
        "category": "parking",
        "name": "Parking",
        "wheelchair": null,
        "fee": null,
        "opening_hours": null,
        "source": "osm"
      }
    },
    {
      "type": "Feature",
      "geometry": {
        "type": "Point",
        "coordinates": [
          19.0930986,
          47.5638017
        ]
      },
      "properties": {
        "id": "osm-w-915718959",
        "category": "parking",
        "name": "Parking",
        "wheelchair": null,
        "fee": null,
        "opening_hours": null,
        "source": "osm"
      }
    },
    {
      "type": "Feature",
      "geometry": {
        "type": "Point",
        "coordinates": [
          19.0929099,
          47.5628415
        ]
      },
      "properties": {
        "id": "osm-w-915718960",
        "category": "parking",
        "name": "Parking",
        "wheelchair": null,
        "fee": null,
        "opening_hours": null,
        "source": "osm"
      }
    },
    {
      "type": "Feature",
      "geometry": {
        "type": "Point",
        "coordinates": [
          19.0927128,
          47.563373
        ]
      },
      "properties": {
        "id": "osm-w-915718961",
        "category": "parking",
        "name": "Parking",
        "wheelchair": null,
        "fee": null,
        "opening_hours": null,
        "source": "osm"
      }
    },
    {
      "type": "Feature",
      "geometry": {
        "type": "Point",
        "coordinates": [
          19.0920666,
          47.5612486
        ]
      },
      "properties": {
        "id": "osm-w-915718978",
        "category": "parking",
        "name": "Parking",
        "wheelchair": null,
        "fee": null,
        "opening_hours": null,
        "source": "osm"
      }
    },
    {
      "type": "Feature",
      "geometry": {
        "type": "Point",
        "coordinates": [
          19.0923,
          47.5618306
        ]
      },
      "properties": {
        "id": "osm-w-915718979",
        "category": "parking",
        "name": "Parking",
        "wheelchair": null,
        "fee": null,
        "opening_hours": null,
        "source": "osm"
      }
    },
    {
      "type": "Feature",
      "geometry": {
        "type": "Point",
        "coordinates": [
          19.0924476,
          47.561584
        ]
      },
      "properties": {
        "id": "osm-w-915718980",
        "category": "parking",
        "name": "Parking",
        "wheelchair": null,
        "fee": null,
        "opening_hours": null,
        "source": "osm"
      }
    },
    {
      "type": "Feature",
      "geometry": {
        "type": "Point",
        "coordinates": [
          19.0733051,
          47.5340193
        ]
      },
      "properties": {
        "id": "osm-w-924173688",
        "category": "parking",
        "name": "Csak b\u00e9rl\u0151knek",
        "wheelchair": null,
        "fee": null,
        "opening_hours": null,
        "source": "osm"
      }
    },
    {
      "type": "Feature",
      "geometry": {
        "type": "Point",
        "coordinates": [
          19.0725776,
          47.5337406
        ]
      },
      "properties": {
        "id": "osm-w-924358945",
        "category": "parking",
        "name": "Parking",
        "wheelchair": null,
        "fee": null,
        "opening_hours": null,
        "source": "osm"
      }
    },
    {
      "type": "Feature",
      "geometry": {
        "type": "Point",
        "coordinates": [
          19.0689321,
          47.5372995
        ]
      },
      "properties": {
        "id": "osm-w-940680356",
        "category": "parking",
        "name": "Parking",
        "wheelchair": null,
        "fee": null,
        "opening_hours": null,
        "source": "osm"
      }
    },
    {
      "type": "Feature",
      "geometry": {
        "type": "Point",
        "coordinates": [
          19.069479,
          47.5385979
        ]
      },
      "properties": {
        "id": "osm-w-940680357",
        "category": "parking",
        "name": "Parking",
        "wheelchair": null,
        "fee": null,
        "opening_hours": null,
        "source": "osm"
      }
    },
    {
      "type": "Feature",
      "geometry": {
        "type": "Point",
        "coordinates": [
          19.091632,
          47.5588018
        ]
      },
      "properties": {
        "id": "osm-w-941966982",
        "category": "parking",
        "name": "Parking",
        "wheelchair": null,
        "fee": null,
        "opening_hours": null,
        "source": "osm"
      }
    },
    {
      "type": "Feature",
      "geometry": {
        "type": "Point",
        "coordinates": [
          19.0909956,
          47.5591673
        ]
      },
      "properties": {
        "id": "osm-w-941966990",
        "category": "parking",
        "name": "Parking",
        "wheelchair": null,
        "fee": null,
        "opening_hours": null,
        "source": "osm"
      }
    },
    {
      "type": "Feature",
      "geometry": {
        "type": "Point",
        "coordinates": [
          19.0740815,
          47.5316161
        ]
      },
      "properties": {
        "id": "osm-w-949706605",
        "category": "parking",
        "name": "Parking",
        "wheelchair": null,
        "fee": null,
        "opening_hours": null,
        "source": "osm"
      }
    },
    {
      "type": "Feature",
      "geometry": {
        "type": "Point",
        "coordinates": [
          19.0558895,
          47.5278156
        ]
      },
      "properties": {
        "id": "osm-w-953091149",
        "category": "parking",
        "name": "Parking",
        "wheelchair": null,
        "fee": "yes",
        "opening_hours": null,
        "source": "osm"
      }
    },
    {
      "type": "Feature",
      "geometry": {
        "type": "Point",
        "coordinates": [
          19.0562307,
          47.5284719
        ]
      },
      "properties": {
        "id": "osm-w-953095978",
        "category": "parking",
        "name": "Parking",
        "wheelchair": null,
        "fee": "yes",
        "opening_hours": null,
        "source": "osm"
      }
    },
    {
      "type": "Feature",
      "geometry": {
        "type": "Point",
        "coordinates": [
          19.0540286,
          47.5218205
        ]
      },
      "properties": {
        "id": "osm-w-960715949",
        "category": "parking",
        "name": "Parking",
        "wheelchair": null,
        "fee": "yes",
        "opening_hours": null,
        "source": "osm"
      }
    },
    {
      "type": "Feature",
      "geometry": {
        "type": "Point",
        "coordinates": [
          19.0544424,
          47.521723
        ]
      },
      "properties": {
        "id": "osm-w-960715950",
        "category": "parking",
        "name": "Parking",
        "wheelchair": null,
        "fee": "yes",
        "opening_hours": null,
        "source": "osm"
      }
    },
    {
      "type": "Feature",
      "geometry": {
        "type": "Point",
        "coordinates": [
          19.0638851,
          47.5186363
        ]
      },
      "properties": {
        "id": "osm-w-969603285",
        "category": "parking",
        "name": "Parking",
        "wheelchair": null,
        "fee": "yes",
        "opening_hours": null,
        "source": "osm"
      }
    },
    {
      "type": "Feature",
      "geometry": {
        "type": "Point",
        "coordinates": [
          19.0841258,
          47.5337526
        ]
      },
      "properties": {
        "id": "osm-w-975377408",
        "category": "parking",
        "name": "New York Dental",
        "wheelchair": null,
        "fee": null,
        "opening_hours": null,
        "source": "osm"
      }
    },
    {
      "type": "Feature",
      "geometry": {
        "type": "Point",
        "coordinates": [
          19.0239587,
          47.5592299
        ]
      },
      "properties": {
        "id": "osm-w-975576421",
        "category": "parking",
        "name": "Parking",
        "wheelchair": null,
        "fee": "no",
        "opening_hours": null,
        "source": "osm"
      }
    },
    {
      "type": "Feature",
      "geometry": {
        "type": "Point",
        "coordinates": [
          19.0332909,
          47.5439164
        ]
      },
      "properties": {
        "id": "osm-w-981948413",
        "category": "parking",
        "name": "Parking",
        "wheelchair": null,
        "fee": null,
        "opening_hours": null,
        "source": "osm"
      }
    },
    {
      "type": "Feature",
      "geometry": {
        "type": "Point",
        "coordinates": [
          19.0403499,
          47.5844271
        ]
      },
      "properties": {
        "id": "osm-w-991768290",
        "category": "parking",
        "name": "Parking",
        "wheelchair": null,
        "fee": "no",
        "opening_hours": null,
        "source": "osm"
      }
    },
    {
      "type": "Feature",
      "geometry": {
        "type": "Point",
        "coordinates": [
          19.0532454,
          47.5623314
        ]
      },
      "properties": {
        "id": "osm-w-996070270",
        "category": "parking",
        "name": "Parking",
        "wheelchair": null,
        "fee": null,
        "opening_hours": null,
        "source": "osm"
      }
    },
    {
      "type": "Feature",
      "geometry": {
        "type": "Point",
        "coordinates": [
          19.0876844,
          47.5546312
        ]
      },
      "properties": {
        "id": "osm-w-996149197",
        "category": "parking",
        "name": "Parking",
        "wheelchair": null,
        "fee": null,
        "opening_hours": null,
        "source": "osm"
      }
    },
    {
      "type": "Feature",
      "geometry": {
        "type": "Point",
        "coordinates": [
          19.0878751,
          47.5545978
        ]
      },
      "properties": {
        "id": "osm-w-996149198",
        "category": "parking",
        "name": "Parking",
        "wheelchair": null,
        "fee": null,
        "opening_hours": null,
        "source": "osm"
      }
    },
    {
      "type": "Feature",
      "geometry": {
        "type": "Point",
        "coordinates": [
          19.0895095,
          47.5543944
        ]
      },
      "properties": {
        "id": "osm-w-996149199",
        "category": "parking",
        "name": "Parking",
        "wheelchair": null,
        "fee": null,
        "opening_hours": null,
        "source": "osm"
      }
    },
    {
      "type": "Feature",
      "geometry": {
        "type": "Point",
        "coordinates": [
          19.0895218,
          47.5545555
        ]
      },
      "properties": {
        "id": "osm-w-996149201",
        "category": "parking",
        "name": "Parking",
        "wheelchair": null,
        "fee": null,
        "opening_hours": null,
        "source": "osm"
      }
    },
    {
      "type": "Feature",
      "geometry": {
        "type": "Point",
        "coordinates": [
          19.0899528,
          47.554676
        ]
      },
      "properties": {
        "id": "osm-w-996149202",
        "category": "parking",
        "name": "Parking",
        "wheelchair": null,
        "fee": null,
        "opening_hours": null,
        "source": "osm"
      }
    },
    {
      "type": "Feature",
      "geometry": {
        "type": "Point",
        "coordinates": [
          19.0894825,
          47.5550001
        ]
      },
      "properties": {
        "id": "osm-w-996149203",
        "category": "parking",
        "name": "Parking",
        "wheelchair": null,
        "fee": null,
        "opening_hours": null,
        "source": "osm"
      }
    },
    {
      "type": "Feature",
      "geometry": {
        "type": "Point",
        "coordinates": [
          19.0891656,
          47.5550649
        ]
      },
      "properties": {
        "id": "osm-w-996149204",
        "category": "parking",
        "name": "Parking",
        "wheelchair": null,
        "fee": null,
        "opening_hours": null,
        "source": "osm"
      }
    },
    {
      "type": "Feature",
      "geometry": {
        "type": "Point",
        "coordinates": [
          19.0487701,
          47.5544388
        ]
      },
      "properties": {
        "id": "osm-w-996202976",
        "category": "parking",
        "name": "\u00d3budai Aut\u00f3jav\u00edt\u00f3 Kft. G\u00e9pj\u00e1rm\u0171t\u00e1rol\u00f3 telep",
        "wheelchair": null,
        "fee": null,
        "opening_hours": null,
        "source": "osm"
      }
    },
    {
      "type": "Feature",
      "geometry": {
        "type": "Point",
        "coordinates": [
          19.0744234,
          47.5287135
        ]
      },
      "properties": {
        "id": "osm-w-1000382098",
        "category": "parking",
        "name": "Parking",
        "wheelchair": null,
        "fee": null,
        "opening_hours": null,
        "source": "osm"
      }
    },
    {
      "type": "Feature",
      "geometry": {
        "type": "Point",
        "coordinates": [
          19.0751215,
          47.5280282
        ]
      },
      "properties": {
        "id": "osm-w-1000382099",
        "category": "parking",
        "name": "Parking",
        "wheelchair": null,
        "fee": null,
        "opening_hours": null,
        "source": "osm"
      }
    },
    {
      "type": "Feature",
      "geometry": {
        "type": "Point",
        "coordinates": [
          19.0722075,
          47.5303807
        ]
      },
      "properties": {
        "id": "osm-w-1000382230",
        "category": "parking",
        "name": "Parking",
        "wheelchair": null,
        "fee": null,
        "opening_hours": null,
        "source": "osm"
      }
    },
    {
      "type": "Feature",
      "geometry": {
        "type": "Point",
        "coordinates": [
          19.0727609,
          47.5302981
        ]
      },
      "properties": {
        "id": "osm-w-1000382231",
        "category": "parking",
        "name": "Parking",
        "wheelchair": null,
        "fee": null,
        "opening_hours": null,
        "source": "osm"
      }
    },
    {
      "type": "Feature",
      "geometry": {
        "type": "Point",
        "coordinates": [
          19.0721456,
          47.5306879
        ]
      },
      "properties": {
        "id": "osm-w-1000382232",
        "category": "parking",
        "name": "Parking",
        "wheelchair": null,
        "fee": null,
        "opening_hours": null,
        "source": "osm"
      }
    },
    {
      "type": "Feature",
      "geometry": {
        "type": "Point",
        "coordinates": [
          19.0727967,
          47.5307979
        ]
      },
      "properties": {
        "id": "osm-w-1000382233",
        "category": "parking",
        "name": "Parking",
        "wheelchair": null,
        "fee": null,
        "opening_hours": null,
        "source": "osm"
      }
    },
    {
      "type": "Feature",
      "geometry": {
        "type": "Point",
        "coordinates": [
          19.0821521,
          47.5473318
        ]
      },
      "properties": {
        "id": "osm-w-1002784847",
        "category": "parking",
        "name": "Parking",
        "wheelchair": null,
        "fee": null,
        "opening_hours": null,
        "source": "osm"
      }
    },
    {
      "type": "Feature",
      "geometry": {
        "type": "Point",
        "coordinates": [
          19.0822461,
          47.5473224
        ]
      },
      "properties": {
        "id": "osm-w-1002784848",
        "category": "parking",
        "name": "Parking",
        "wheelchair": null,
        "fee": null,
        "opening_hours": null,
        "source": "osm"
      }
    },
    {
      "type": "Feature",
      "geometry": {
        "type": "Point",
        "coordinates": [
          19.0828067,
          47.5467167
        ]
      },
      "properties": {
        "id": "osm-w-1002784849",
        "category": "parking",
        "name": "Parking",
        "wheelchair": null,
        "fee": null,
        "opening_hours": null,
        "source": "osm"
      }
    },
    {
      "type": "Feature",
      "geometry": {
        "type": "Point",
        "coordinates": [
          19.0825556,
          47.546226
        ]
      },
      "properties": {
        "id": "osm-w-1002784850",
        "category": "parking",
        "name": "Parking",
        "wheelchair": null,
        "fee": null,
        "opening_hours": null,
        "source": "osm"
      }
    },
    {
      "type": "Feature",
      "geometry": {
        "type": "Point",
        "coordinates": [
          19.0815511,
          47.5460464
        ]
      },
      "properties": {
        "id": "osm-w-1002784851",
        "category": "parking",
        "name": "Parking",
        "wheelchair": null,
        "fee": null,
        "opening_hours": null,
        "source": "osm"
      }
    },
    {
      "type": "Feature",
      "geometry": {
        "type": "Point",
        "coordinates": [
          19.0817649,
          47.5465029
        ]
      },
      "properties": {
        "id": "osm-w-1002784852",
        "category": "parking",
        "name": "Parking",
        "wheelchair": null,
        "fee": null,
        "opening_hours": null,
        "source": "osm"
      }
    },
    {
      "type": "Feature",
      "geometry": {
        "type": "Point",
        "coordinates": [
          19.0819037,
          47.5467993
        ]
      },
      "properties": {
        "id": "osm-w-1002784853",
        "category": "parking",
        "name": "Parking",
        "wheelchair": null,
        "fee": null,
        "opening_hours": null,
        "source": "osm"
      }
    },
    {
      "type": "Feature",
      "geometry": {
        "type": "Point",
        "coordinates": [
          19.0836028,
          47.5463024
        ]
      },
      "properties": {
        "id": "osm-w-1002784854",
        "category": "parking",
        "name": "Parking",
        "wheelchair": null,
        "fee": null,
        "opening_hours": null,
        "source": "osm"
      }
    },
    {
      "type": "Feature",
      "geometry": {
        "type": "Point",
        "coordinates": [
          19.0825829,
          47.5461532
        ]
      },
      "properties": {
        "id": "osm-w-1002784855",
        "category": "parking",
        "name": "Parking",
        "wheelchair": null,
        "fee": null,
        "opening_hours": null,
        "source": "osm"
      }
    },
    {
      "type": "Feature",
      "geometry": {
        "type": "Point",
        "coordinates": [
          19.0828799,
          47.546769
        ]
      },
      "properties": {
        "id": "osm-w-1002784856",
        "category": "parking",
        "name": "Parking",
        "wheelchair": null,
        "fee": null,
        "opening_hours": null,
        "source": "osm"
      }
    },
    {
      "type": "Feature",
      "geometry": {
        "type": "Point",
        "coordinates": [
          19.0735576,
          47.5313032
        ]
      },
      "properties": {
        "id": "osm-w-1006168089",
        "category": "parking",
        "name": "Parking",
        "wheelchair": null,
        "fee": null,
        "opening_hours": null,
        "source": "osm"
      }
    },
    {
      "type": "Feature",
      "geometry": {
        "type": "Point",
        "coordinates": [
          19.0723266,
          47.5320044
        ]
      },
      "properties": {
        "id": "osm-w-1006169396",
        "category": "parking",
        "name": "Parking",
        "wheelchair": null,
        "fee": null,
        "opening_hours": null,
        "source": "osm"
      }
    },
    {
      "type": "Feature",
      "geometry": {
        "type": "Point",
        "coordinates": [
          19.0614985,
          47.5373431
        ]
      },
      "properties": {
        "id": "osm-w-1006819405",
        "category": "parking",
        "name": "Parking",
        "wheelchair": null,
        "fee": null,
        "opening_hours": null,
        "source": "osm"
      }
    },
    {
      "type": "Feature",
      "geometry": {
        "type": "Point",
        "coordinates": [
          19.0585379,
          47.5367617
        ]
      },
      "properties": {
        "id": "osm-w-1006828239",
        "category": "parking",
        "name": "Parking",
        "wheelchair": null,
        "fee": null,
        "opening_hours": null,
        "source": "osm"
      }
    },
    {
      "type": "Feature",
      "geometry": {
        "type": "Point",
        "coordinates": [
          19.0630834,
          47.5339438
        ]
      },
      "properties": {
        "id": "osm-w-1006828240",
        "category": "parking",
        "name": "Star Park Dunavir\u00e1g",
        "wheelchair": null,
        "fee": "yes",
        "opening_hours": null,
        "source": "osm"
      }
    },
    {
      "type": "Feature",
      "geometry": {
        "type": "Point",
        "coordinates": [
          19.0791819,
          47.5532356
        ]
      },
      "properties": {
        "id": "osm-w-1009857994",
        "category": "parking",
        "name": "Parking",
        "wheelchair": null,
        "fee": null,
        "opening_hours": null,
        "source": "osm"
      }
    },
    {
      "type": "Feature",
      "geometry": {
        "type": "Point",
        "coordinates": [
          19.037576,
          47.5506023
        ]
      },
      "properties": {
        "id": "osm-w-1018658308",
        "category": "parking",
        "name": "\u00d3buda-B\u00e9k\u00e1smegyer \u00d6nkorm\u00e1nyzat",
        "wheelchair": null,
        "fee": "yes",
        "opening_hours": "24/7",
        "source": "osm"
      }
    },
    {
      "type": "Feature",
      "geometry": {
        "type": "Point",
        "coordinates": [
          19.0387991,
          47.5525924
        ]
      },
      "properties": {
        "id": "osm-w-1018658309",
        "category": "parking",
        "name": "Parking",
        "wheelchair": null,
        "fee": "yes",
        "opening_hours": "24/7",
        "source": "osm"
      }
    },
    {
      "type": "Feature",
      "geometry": {
        "type": "Point",
        "coordinates": [
          19.0884045,
          47.5532565
        ]
      },
      "properties": {
        "id": "osm-w-1020641459",
        "category": "parking",
        "name": "Parking",
        "wheelchair": null,
        "fee": null,
        "opening_hours": null,
        "source": "osm"
      }
    },
    {
      "type": "Feature",
      "geometry": {
        "type": "Point",
        "coordinates": [
          19.0631725,
          47.5225072
        ]
      },
      "properties": {
        "id": "osm-w-1035336093",
        "category": "parking",
        "name": "Parking",
        "wheelchair": null,
        "fee": null,
        "opening_hours": null,
        "source": "osm"
      }
    },
    {
      "type": "Feature",
      "geometry": {
        "type": "Point",
        "coordinates": [
          19.0630611,
          47.5225654
        ]
      },
      "properties": {
        "id": "osm-w-1035336094",
        "category": "parking",
        "name": "Parking",
        "wheelchair": null,
        "fee": null,
        "opening_hours": null,
        "source": "osm"
      }
    },
    {
      "type": "Feature",
      "geometry": {
        "type": "Point",
        "coordinates": [
          19.0862727,
          47.5387871
        ]
      },
      "properties": {
        "id": "osm-w-1037388942",
        "category": "parking",
        "name": "Parking",
        "wheelchair": null,
        "fee": null,
        "opening_hours": null,
        "source": "osm"
      }
    },
    {
      "type": "Feature",
      "geometry": {
        "type": "Point",
        "coordinates": [
          19.0882492,
          47.5375061
        ]
      },
      "properties": {
        "id": "osm-w-1037388943",
        "category": "parking",
        "name": "Parking",
        "wheelchair": null,
        "fee": null,
        "opening_hours": null,
        "source": "osm"
      }
    },
    {
      "type": "Feature",
      "geometry": {
        "type": "Point",
        "coordinates": [
          19.0882345,
          47.5374414
        ]
      },
      "properties": {
        "id": "osm-w-1037388944",
        "category": "parking",
        "name": "Parking",
        "wheelchair": null,
        "fee": null,
        "opening_hours": null,
        "source": "osm"
      }
    },
    {
      "type": "Feature",
      "geometry": {
        "type": "Point",
        "coordinates": [
          19.0921187,
          47.5363629
        ]
      },
      "properties": {
        "id": "osm-w-1037388945",
        "category": "parking",
        "name": "Parking",
        "wheelchair": null,
        "fee": null,
        "opening_hours": null,
        "source": "osm"
      }
    },
    {
      "type": "Feature",
      "geometry": {
        "type": "Point",
        "coordinates": [
          19.0893818,
          47.5376042
        ]
      },
      "properties": {
        "id": "osm-w-1037388946",
        "category": "parking",
        "name": "Parking",
        "wheelchair": null,
        "fee": null,
        "opening_hours": null,
        "source": "osm"
      }
    },
    {
      "type": "Feature",
      "geometry": {
        "type": "Point",
        "coordinates": [
          19.0895972,
          47.5376301
        ]
      },
      "properties": {
        "id": "osm-w-1037388947",
        "category": "parking",
        "name": "Parking",
        "wheelchair": null,
        "fee": null,
        "opening_hours": null,
        "source": "osm"
      }
    },
    {
      "type": "Feature",
      "geometry": {
        "type": "Point",
        "coordinates": [
          19.0894816,
          47.5374351
        ]
      },
      "properties": {
        "id": "osm-w-1037388948",
        "category": "parking",
        "name": "Parking",
        "wheelchair": null,
        "fee": null,
        "opening_hours": null,
        "source": "osm"
      }
    },
    {
      "type": "Feature",
      "geometry": {
        "type": "Point",
        "coordinates": [
          19.0872997,
          47.539029
        ]
      },
      "properties": {
        "id": "osm-w-1037397534",
        "category": "parking",
        "name": "Parking",
        "wheelchair": null,
        "fee": null,
        "opening_hours": null,
        "source": "osm"
      }
    },
    {
      "type": "Feature",
      "geometry": {
        "type": "Point",
        "coordinates": [
          19.0874065,
          47.5390249
        ]
      },
      "properties": {
        "id": "osm-w-1037397535",
        "category": "parking",
        "name": "Parking",
        "wheelchair": null,
        "fee": null,
        "opening_hours": null,
        "source": "osm"
      }
    },
    {
      "type": "Feature",
      "geometry": {
        "type": "Point",
        "coordinates": [
          19.0863827,
          47.539446
        ]
      },
      "properties": {
        "id": "osm-w-1037397536",
        "category": "parking",
        "name": "Parking",
        "wheelchair": null,
        "fee": null,
        "opening_hours": null,
        "source": "osm"
      }
    },
    {
      "type": "Feature",
      "geometry": {
        "type": "Point",
        "coordinates": [
          19.0874466,
          47.5392296
        ]
      },
      "properties": {
        "id": "osm-w-1037397537",
        "category": "parking",
        "name": "Parking",
        "wheelchair": null,
        "fee": null,
        "opening_hours": null,
        "source": "osm"
      }
    },
    {
      "type": "Feature",
      "geometry": {
        "type": "Point",
        "coordinates": [
          19.0245443,
          47.537205
        ]
      },
      "properties": {
        "id": "osm-w-1037799453",
        "category": "parking",
        "name": "Parking",
        "wheelchair": null,
        "fee": null,
        "opening_hours": null,
        "source": "osm"
      }
    },
    {
      "type": "Feature",
      "geometry": {
        "type": "Point",
        "coordinates": [
          19.0251235,
          47.5375595
        ]
      },
      "properties": {
        "id": "osm-w-1037799454",
        "category": "parking",
        "name": "Parking",
        "wheelchair": null,
        "fee": null,
        "opening_hours": null,
        "source": "osm"
      }
    },
    {
      "type": "Feature",
      "geometry": {
        "type": "Point",
        "coordinates": [
          19.0246501,
          47.5379054
        ]
      },
      "properties": {
        "id": "osm-w-1037799455",
        "category": "parking",
        "name": "Parking",
        "wheelchair": null,
        "fee": null,
        "opening_hours": null,
        "source": "osm"
      }
    },
    {
      "type": "Feature",
      "geometry": {
        "type": "Point",
        "coordinates": [
          19.0241772,
          47.5382644
        ]
      },
      "properties": {
        "id": "osm-w-1037799456",
        "category": "parking",
        "name": "Parking",
        "wheelchair": null,
        "fee": null,
        "opening_hours": null,
        "source": "osm"
      }
    },
    {
      "type": "Feature",
      "geometry": {
        "type": "Point",
        "coordinates": [
          19.0251249,
          47.5370891
        ]
      },
      "properties": {
        "id": "osm-w-1037799457",
        "category": "parking",
        "name": "Parking",
        "wheelchair": null,
        "fee": null,
        "opening_hours": null,
        "source": "osm"
      }
    },
    {
      "type": "Feature",
      "geometry": {
        "type": "Point",
        "coordinates": [
          19.025613,
          47.5367435
        ]
      },
      "properties": {
        "id": "osm-w-1037799458",
        "category": "parking",
        "name": "Parking",
        "wheelchair": null,
        "fee": null,
        "opening_hours": null,
        "source": "osm"
      }
    },
    {
      "type": "Feature",
      "geometry": {
        "type": "Point",
        "coordinates": [
          19.0252939,
          47.5365691
        ]
      },
      "properties": {
        "id": "osm-w-1037799459",
        "category": "parking",
        "name": "Parking",
        "wheelchair": null,
        "fee": null,
        "opening_hours": null,
        "source": "osm"
      }
    },
    {
      "type": "Feature",
      "geometry": {
        "type": "Point",
        "coordinates": [
          19.0963211,
          47.5416039
        ]
      },
      "properties": {
        "id": "osm-w-1039703030",
        "category": "toilet",
        "name": "Toilet",
        "wheelchair": null,
        "fee": "no",
        "opening_hours": null,
        "source": "osm"
      }
    },
    {
      "type": "Feature",
      "geometry": {
        "type": "Point",
        "coordinates": [
          19.0948854,
          47.5415691
        ]
      },
      "properties": {
        "id": "osm-w-1039705687",
        "category": "parking",
        "name": "Parking",
        "wheelchair": null,
        "fee": null,
        "opening_hours": null,
        "source": "osm"
      }
    },
    {
      "type": "Feature",
      "geometry": {
        "type": "Point",
        "coordinates": [
          19.0950416,
          47.5423691
        ]
      },
      "properties": {
        "id": "osm-w-1039705688",
        "category": "parking",
        "name": "Parking",
        "wheelchair": null,
        "fee": null,
        "opening_hours": null,
        "source": "osm"
      }
    },
    {
      "type": "Feature",
      "geometry": {
        "type": "Point",
        "coordinates": [
          19.0950683,
          47.542419
        ]
      },
      "properties": {
        "id": "osm-w-1039705689",
        "category": "parking",
        "name": "Parking",
        "wheelchair": null,
        "fee": null,
        "opening_hours": null,
        "source": "osm"
      }
    },
    {
      "type": "Feature",
      "geometry": {
        "type": "Point",
        "coordinates": [
          19.094308,
          47.5417238
        ]
      },
      "properties": {
        "id": "osm-w-1039705690",
        "category": "parking",
        "name": "Parking",
        "wheelchair": null,
        "fee": null,
        "opening_hours": null,
        "source": "osm"
      }
    },
    {
      "type": "Feature",
      "geometry": {
        "type": "Point",
        "coordinates": [
          19.0840244,
          47.5556106
        ]
      },
      "properties": {
        "id": "osm-w-1069927360",
        "category": "parking",
        "name": "NIVELCO",
        "wheelchair": null,
        "fee": null,
        "opening_hours": null,
        "source": "osm"
      }
    },
    {
      "type": "Feature",
      "geometry": {
        "type": "Point",
        "coordinates": [
          19.0836303,
          47.555911
        ]
      },
      "properties": {
        "id": "osm-w-1069927361",
        "category": "parking",
        "name": "NIVELCO",
        "wheelchair": null,
        "fee": null,
        "opening_hours": null,
        "source": "osm"
      }
    },
    {
      "type": "Feature",
      "geometry": {
        "type": "Point",
        "coordinates": [
          19.0727558,
          47.5307038
        ]
      },
      "properties": {
        "id": "osm-w-1073880774",
        "category": "hospital",
        "name": "Magyar Honv\u00e9ds\u00e9g Eg\u00e9szs\u00e9g\u00fcgyi K\u00f6zpont",
        "wheelchair": "yes",
        "fee": null,
        "opening_hours": null,
        "source": "osm"
      }
    },
    {
      "type": "Feature",
      "geometry": {
        "type": "Point",
        "coordinates": [
          19.0804278,
          47.527507
        ]
      },
      "properties": {
        "id": "osm-w-1073886872",
        "category": "hospital",
        "name": "Ny\u00edr\u0151 Gyula k\u00f3rh\u00e1z - Orsz\u00e1gos Pszichi\u00e1triai \u00e9s Addiktol\u00f3giai Int\u00e9zet",
        "wheelchair": "yes",
        "fee": null,
        "opening_hours": null,
        "source": "osm"
      }
    },
    {
      "type": "Feature",
      "geometry": {
        "type": "Point",
        "coordinates": [
          19.0429319,
          47.5615434
        ]
      },
      "properties": {
        "id": "osm-w-1104401393",
        "category": "parking",
        "name": "Parking",
        "wheelchair": null,
        "fee": null,
        "opening_hours": null,
        "source": "osm"
      }
    },
    {
      "type": "Feature",
      "geometry": {
        "type": "Point",
        "coordinates": [
          19.0418077,
          47.5618484
        ]
      },
      "properties": {
        "id": "osm-w-1104401396",
        "category": "parking",
        "name": "Parking",
        "wheelchair": null,
        "fee": null,
        "opening_hours": null,
        "source": "osm"
      }
    },
    {
      "type": "Feature",
      "geometry": {
        "type": "Point",
        "coordinates": [
          19.0373095,
          47.5584831
        ]
      },
      "properties": {
        "id": "osm-w-1104401405",
        "category": "parking",
        "name": "Parking",
        "wheelchair": null,
        "fee": null,
        "opening_hours": null,
        "source": "osm"
      }
    },
    {
      "type": "Feature",
      "geometry": {
        "type": "Point",
        "coordinates": [
          19.0376062,
          47.5583804
        ]
      },
      "properties": {
        "id": "osm-w-1104401406",
        "category": "parking",
        "name": "Parking",
        "wheelchair": null,
        "fee": null,
        "opening_hours": null,
        "source": "osm"
      }
    },
    {
      "type": "Feature",
      "geometry": {
        "type": "Point",
        "coordinates": [
          19.0370744,
          47.5231098
        ]
      },
      "properties": {
        "id": "osm-w-1106761573",
        "category": "toilet",
        "name": "F\u0151v\u00e1rosi Csatorn\u00e1z\u00e1si M\u0171vek Zrt.",
        "wheelchair": "yes",
        "fee": "yes",
        "opening_hours": "24/7",
        "source": "osm"
      }
    },
    {
      "type": "Feature",
      "geometry": {
        "type": "Point",
        "coordinates": [
          19.0874928,
          47.5285905
        ]
      },
      "properties": {
        "id": "osm-w-1108971446",
        "category": "parking",
        "name": "Parking",
        "wheelchair": null,
        "fee": "yes",
        "opening_hours": null,
        "source": "osm"
      }
    },
    {
      "type": "Feature",
      "geometry": {
        "type": "Point",
        "coordinates": [
          19.0337467,
          47.5408595
        ]
      },
      "properties": {
        "id": "osm-w-1111022369",
        "category": "parking",
        "name": "Parking",
        "wheelchair": null,
        "fee": null,
        "opening_hours": null,
        "source": "osm"
      }
    },
    {
      "type": "Feature",
      "geometry": {
        "type": "Point",
        "coordinates": [
          19.0858669,
          47.5261222
        ]
      },
      "properties": {
        "id": "osm-w-1115126142",
        "category": "parking",
        "name": "Parking",
        "wheelchair": null,
        "fee": null,
        "opening_hours": null,
        "source": "osm"
      }
    },
    {
      "type": "Feature",
      "geometry": {
        "type": "Point",
        "coordinates": [
          19.0324238,
          47.5315685
        ]
      },
      "properties": {
        "id": "osm-w-1121680153",
        "category": "parking",
        "name": "Parking",
        "wheelchair": null,
        "fee": null,
        "opening_hours": null,
        "source": "osm"
      }
    },
    {
      "type": "Feature",
      "geometry": {
        "type": "Point",
        "coordinates": [
          19.024928,
          47.523764
        ]
      },
      "properties": {
        "id": "osm-w-1124086548",
        "category": "parking",
        "name": "Parking",
        "wheelchair": null,
        "fee": null,
        "opening_hours": null,
        "source": "osm"
      }
    },
    {
      "type": "Feature",
      "geometry": {
        "type": "Point",
        "coordinates": [
          19.0237255,
          47.5603265
        ]
      },
      "properties": {
        "id": "osm-w-1131539726",
        "category": "parking",
        "name": "Parking",
        "wheelchair": null,
        "fee": "no",
        "opening_hours": null,
        "source": "osm"
      }
    },
    {
      "type": "Feature",
      "geometry": {
        "type": "Point",
        "coordinates": [
          19.0293865,
          47.5601677
        ]
      },
      "properties": {
        "id": "osm-w-1131541510",
        "category": "parking",
        "name": "Parking",
        "wheelchair": null,
        "fee": null,
        "opening_hours": null,
        "source": "osm"
      }
    },
    {
      "type": "Feature",
      "geometry": {
        "type": "Point",
        "coordinates": [
          19.027281,
          47.5522825
        ]
      },
      "properties": {
        "id": "osm-w-1132074397",
        "category": "parking",
        "name": "Parking",
        "wheelchair": null,
        "fee": null,
        "opening_hours": null,
        "source": "osm"
      }
    },
    {
      "type": "Feature",
      "geometry": {
        "type": "Point",
        "coordinates": [
          19.0866046,
          47.5620634
        ]
      },
      "properties": {
        "id": "osm-w-1133469935",
        "category": "parking",
        "name": "Parking",
        "wheelchair": null,
        "fee": "yes",
        "opening_hours": null,
        "source": "osm"
      }
    },
    {
      "type": "Feature",
      "geometry": {
        "type": "Point",
        "coordinates": [
          19.0867395,
          47.562079
        ]
      },
      "properties": {
        "id": "osm-w-1133469937",
        "category": "parking",
        "name": "Parking",
        "wheelchair": null,
        "fee": "yes",
        "opening_hours": null,
        "source": "osm"
      }
    },
    {
      "type": "Feature",
      "geometry": {
        "type": "Point",
        "coordinates": [
          19.0695791,
          47.5291918
        ]
      },
      "properties": {
        "id": "osm-w-1133808851",
        "category": "parking",
        "name": "Parking",
        "wheelchair": null,
        "fee": "yes",
        "opening_hours": null,
        "source": "osm"
      }
    },
    {
      "type": "Feature",
      "geometry": {
        "type": "Point",
        "coordinates": [
          19.0697418,
          47.529639
        ]
      },
      "properties": {
        "id": "osm-w-1133808853",
        "category": "parking",
        "name": "Parking",
        "wheelchair": null,
        "fee": "yes",
        "opening_hours": null,
        "source": "osm"
      }
    },
    {
      "type": "Feature",
      "geometry": {
        "type": "Point",
        "coordinates": [
          19.0443632,
          47.5321567
        ]
      },
      "properties": {
        "id": "osm-w-1139700923",
        "category": "parking",
        "name": "Parking",
        "wheelchair": null,
        "fee": null,
        "opening_hours": null,
        "source": "osm"
      }
    },
    {
      "type": "Feature",
      "geometry": {
        "type": "Point",
        "coordinates": [
          19.0376957,
          47.5169311
        ]
      },
      "properties": {
        "id": "osm-w-1148044988",
        "category": "parking",
        "name": "Parking",
        "wheelchair": null,
        "fee": "yes",
        "opening_hours": "24/7",
        "source": "osm"
      }
    },
    {
      "type": "Feature",
      "geometry": {
        "type": "Point",
        "coordinates": [
          19.0382614,
          47.5172318
        ]
      },
      "properties": {
        "id": "osm-w-1148044989",
        "category": "parking",
        "name": "Parking",
        "wheelchair": null,
        "fee": "yes",
        "opening_hours": "24/7",
        "source": "osm"
      }
    },
    {
      "type": "Feature",
      "geometry": {
        "type": "Point",
        "coordinates": [
          19.0774864,
          47.5584406
        ]
      },
      "properties": {
        "id": "osm-w-1148294182",
        "category": "parking",
        "name": "Parking",
        "wheelchair": null,
        "fee": "yes",
        "opening_hours": null,
        "source": "osm"
      }
    },
    {
      "type": "Feature",
      "geometry": {
        "type": "Point",
        "coordinates": [
          19.0340551,
          47.5429221
        ]
      },
      "properties": {
        "id": "osm-w-1148637917",
        "category": "parking",
        "name": "Parking",
        "wheelchair": null,
        "fee": null,
        "opening_hours": null,
        "source": "osm"
      }
    },
    {
      "type": "Feature",
      "geometry": {
        "type": "Point",
        "coordinates": [
          19.0366469,
          47.5407053
        ]
      },
      "properties": {
        "id": "osm-w-1148638065",
        "category": "parking",
        "name": "Parking",
        "wheelchair": null,
        "fee": null,
        "opening_hours": null,
        "source": "osm"
      }
    },
    {
      "type": "Feature",
      "geometry": {
        "type": "Point",
        "coordinates": [
          19.0545841,
          47.5458534
        ]
      },
      "properties": {
        "id": "osm-w-1150770943",
        "category": "parking",
        "name": "Parking",
        "wheelchair": null,
        "fee": null,
        "opening_hours": null,
        "source": "osm"
      }
    },
    {
      "type": "Feature",
      "geometry": {
        "type": "Point",
        "coordinates": [
          19.0672483,
          47.5361661
        ]
      },
      "properties": {
        "id": "osm-w-1152516483",
        "category": "parking",
        "name": "Parking",
        "wheelchair": null,
        "fee": null,
        "opening_hours": null,
        "source": "osm"
      }
    },
    {
      "type": "Feature",
      "geometry": {
        "type": "Point",
        "coordinates": [
          19.0879927,
          47.5287757
        ]
      },
      "properties": {
        "id": "osm-w-1153328271",
        "category": "parking",
        "name": "Parking",
        "wheelchair": null,
        "fee": null,
        "opening_hours": null,
        "source": "osm"
      }
    },
    {
      "type": "Feature",
      "geometry": {
        "type": "Point",
        "coordinates": [
          19.0662054,
          47.535398
        ]
      },
      "properties": {
        "id": "osm-w-1154218250",
        "category": "parking",
        "name": "Parking",
        "wheelchair": null,
        "fee": "yes",
        "opening_hours": null,
        "source": "osm"
      }
    },
    {
      "type": "Feature",
      "geometry": {
        "type": "Point",
        "coordinates": [
          19.0662405,
          47.5355533
        ]
      },
      "properties": {
        "id": "osm-w-1154218251",
        "category": "parking",
        "name": "Parking",
        "wheelchair": null,
        "fee": "yes",
        "opening_hours": null,
        "source": "osm"
      }
    },
    {
      "type": "Feature",
      "geometry": {
        "type": "Point",
        "coordinates": [
          19.0873282,
          47.5594937
        ]
      },
      "properties": {
        "id": "osm-w-1154612337",
        "category": "parking",
        "name": "Parking",
        "wheelchair": null,
        "fee": null,
        "opening_hours": null,
        "source": "osm"
      }
    },
    {
      "type": "Feature",
      "geometry": {
        "type": "Point",
        "coordinates": [
          19.0860066,
          47.5565818
        ]
      },
      "properties": {
        "id": "osm-w-1154614594",
        "category": "parking",
        "name": "Parking",
        "wheelchair": null,
        "fee": null,
        "opening_hours": null,
        "source": "osm"
      }
    },
    {
      "type": "Feature",
      "geometry": {
        "type": "Point",
        "coordinates": [
          19.0459987,
          47.5600491
        ]
      },
      "properties": {
        "id": "osm-w-1155001162",
        "category": "parking",
        "name": "Parking",
        "wheelchair": null,
        "fee": "no",
        "opening_hours": null,
        "source": "osm"
      }
    },
    {
      "type": "Feature",
      "geometry": {
        "type": "Point",
        "coordinates": [
          19.0737395,
          47.5524482
        ]
      },
      "properties": {
        "id": "osm-w-1156644610",
        "category": "parking",
        "name": "Parking",
        "wheelchair": null,
        "fee": null,
        "opening_hours": null,
        "source": "osm"
      }
    },
    {
      "type": "Feature",
      "geometry": {
        "type": "Point",
        "coordinates": [
          19.0743807,
          47.5522935
        ]
      },
      "properties": {
        "id": "osm-w-1156644611",
        "category": "parking",
        "name": "Parking",
        "wheelchair": null,
        "fee": "yes",
        "opening_hours": null,
        "source": "osm"
      }
    },
    {
      "type": "Feature",
      "geometry": {
        "type": "Point",
        "coordinates": [
          19.0734716,
          47.552642
        ]
      },
      "properties": {
        "id": "osm-w-1156644615",
        "category": "parking",
        "name": "Parking",
        "wheelchair": null,
        "fee": null,
        "opening_hours": null,
        "source": "osm"
      }
    },
    {
      "type": "Feature",
      "geometry": {
        "type": "Point",
        "coordinates": [
          19.0737644,
          47.5535483
        ]
      },
      "properties": {
        "id": "osm-w-1156644622",
        "category": "parking",
        "name": "Parking",
        "wheelchair": null,
        "fee": null,
        "opening_hours": null,
        "source": "osm"
      }
    },
    {
      "type": "Feature",
      "geometry": {
        "type": "Point",
        "coordinates": [
          19.0758962,
          47.5524659
        ]
      },
      "properties": {
        "id": "osm-w-1156699403",
        "category": "parking",
        "name": "Parking",
        "wheelchair": null,
        "fee": null,
        "opening_hours": null,
        "source": "osm"
      }
    },
    {
      "type": "Feature",
      "geometry": {
        "type": "Point",
        "coordinates": [
          19.0856431,
          47.5664422
        ]
      },
      "properties": {
        "id": "osm-w-1156700675",
        "category": "parking",
        "name": "Parking",
        "wheelchair": null,
        "fee": null,
        "opening_hours": null,
        "source": "osm"
      }
    },
    {
      "type": "Feature",
      "geometry": {
        "type": "Point",
        "coordinates": [
          19.0759646,
          47.5527261
        ]
      },
      "properties": {
        "id": "osm-w-1157795322",
        "category": "parking",
        "name": "Parking",
        "wheelchair": null,
        "fee": null,
        "opening_hours": null,
        "source": "osm"
      }
    },
    {
      "type": "Feature",
      "geometry": {
        "type": "Point",
        "coordinates": [
          19.0697482,
          47.530329
        ]
      },
      "properties": {
        "id": "osm-w-1160841990",
        "category": "parking",
        "name": "Parking",
        "wheelchair": null,
        "fee": null,
        "opening_hours": null,
        "source": "osm"
      }
    },
    {
      "type": "Feature",
      "geometry": {
        "type": "Point",
        "coordinates": [
          19.0669059,
          47.5304357
        ]
      },
      "properties": {
        "id": "osm-w-1161287791",
        "category": "parking",
        "name": "Parking",
        "wheelchair": null,
        "fee": "yes",
        "opening_hours": null,
        "source": "osm"
      }
    },
    {
      "type": "Feature",
      "geometry": {
        "type": "Point",
        "coordinates": [
          19.0665574,
          47.5305556
        ]
      },
      "properties": {
        "id": "osm-w-1161287792",
        "category": "parking",
        "name": "Parking",
        "wheelchair": null,
        "fee": "yes",
        "opening_hours": null,
        "source": "osm"
      }
    },
    {
      "type": "Feature",
      "geometry": {
        "type": "Point",
        "coordinates": [
          19.0672015,
          47.5304228
        ]
      },
      "properties": {
        "id": "osm-w-1161287793",
        "category": "parking",
        "name": "Parking",
        "wheelchair": null,
        "fee": "yes",
        "opening_hours": null,
        "source": "osm"
      }
    },
    {
      "type": "Feature",
      "geometry": {
        "type": "Point",
        "coordinates": [
          19.0730918,
          47.5511971
        ]
      },
      "properties": {
        "id": "osm-w-1162249256",
        "category": "parking",
        "name": "Parking",
        "wheelchair": "yes",
        "fee": "yes",
        "opening_hours": null,
        "source": "osm"
      }
    },
    {
      "type": "Feature",
      "geometry": {
        "type": "Point",
        "coordinates": [
          19.0762391,
          47.5305423
        ]
      },
      "properties": {
        "id": "osm-w-1162630941",
        "category": "parking",
        "name": "Parking",
        "wheelchair": null,
        "fee": null,
        "opening_hours": null,
        "source": "osm"
      }
    },
    {
      "type": "Feature",
      "geometry": {
        "type": "Point",
        "coordinates": [
          19.0280384,
          47.5267559
        ]
      },
      "properties": {
        "id": "osm-w-1164853879",
        "category": "parking",
        "name": "Parkol\u00f3",
        "wheelchair": null,
        "fee": "no",
        "opening_hours": null,
        "source": "osm"
      }
    },
    {
      "type": "Feature",
      "geometry": {
        "type": "Point",
        "coordinates": [
          19.0678431,
          47.5208918
        ]
      },
      "properties": {
        "id": "osm-w-1165973662",
        "category": "parking",
        "name": "Parking",
        "wheelchair": null,
        "fee": null,
        "opening_hours": null,
        "source": "osm"
      }
    },
    {
      "type": "Feature",
      "geometry": {
        "type": "Point",
        "coordinates": [
          19.0570089,
          47.5225447
        ]
      },
      "properties": {
        "id": "osm-w-1167739603",
        "category": "parking",
        "name": "Parking",
        "wheelchair": null,
        "fee": null,
        "opening_hours": null,
        "source": "osm"
      }
    },
    {
      "type": "Feature",
      "geometry": {
        "type": "Point",
        "coordinates": [
          19.014408,
          47.5285111
        ]
      },
      "properties": {
        "id": "osm-w-1167940506",
        "category": "parking",
        "name": "Parking",
        "wheelchair": null,
        "fee": null,
        "opening_hours": null,
        "source": "osm"
      }
    },
    {
      "type": "Feature",
      "geometry": {
        "type": "Point",
        "coordinates": [
          19.0152639,
          47.528504
        ]
      },
      "properties": {
        "id": "osm-w-1167940508",
        "category": "parking",
        "name": "Parking",
        "wheelchair": null,
        "fee": null,
        "opening_hours": null,
        "source": "osm"
      }
    },
    {
      "type": "Feature",
      "geometry": {
        "type": "Point",
        "coordinates": [
          19.0830326,
          47.5651819
        ]
      },
      "properties": {
        "id": "osm-w-1168140649",
        "category": "parking",
        "name": "Parking",
        "wheelchair": null,
        "fee": "no",
        "opening_hours": null,
        "source": "osm"
      }
    },
    {
      "type": "Feature",
      "geometry": {
        "type": "Point",
        "coordinates": [
          19.0410203,
          47.5455645
        ]
      },
      "properties": {
        "id": "osm-w-1168259147",
        "category": "parking",
        "name": "Parking",
        "wheelchair": null,
        "fee": "no",
        "opening_hours": null,
        "source": "osm"
      }
    },
    {
      "type": "Feature",
      "geometry": {
        "type": "Point",
        "coordinates": [
          19.0402815,
          47.5456491
        ]
      },
      "properties": {
        "id": "osm-w-1168259148",
        "category": "parking",
        "name": "Parking",
        "wheelchair": null,
        "fee": "no",
        "opening_hours": null,
        "source": "osm"
      }
    },
    {
      "type": "Feature",
      "geometry": {
        "type": "Point",
        "coordinates": [
          19.075995,
          47.5215512
        ]
      },
      "properties": {
        "id": "osm-w-1177655136",
        "category": "parking",
        "name": "Parking",
        "wheelchair": null,
        "fee": null,
        "opening_hours": null,
        "source": "osm"
      }
    },
    {
      "type": "Feature",
      "geometry": {
        "type": "Point",
        "coordinates": [
          19.0728526,
          47.5321577
        ]
      },
      "properties": {
        "id": "osm-w-1185760288",
        "category": "parking",
        "name": "Parking",
        "wheelchair": null,
        "fee": null,
        "opening_hours": null,
        "source": "osm"
      }
    },
    {
      "type": "Feature",
      "geometry": {
        "type": "Point",
        "coordinates": [
          19.0396636,
          47.5512256
        ]
      },
      "properties": {
        "id": "osm-w-1194232966",
        "category": "parking",
        "name": "\u00d3buda-B\u00e9k\u00e1smegyer \u00d6nkorm\u00e1nyzat",
        "wheelchair": null,
        "fee": "yes",
        "opening_hours": "24/7",
        "source": "osm"
      }
    },
    {
      "type": "Feature",
      "geometry": {
        "type": "Point",
        "coordinates": [
          19.0373439,
          47.5505426
        ]
      },
      "properties": {
        "id": "osm-w-1194232967",
        "category": "parking",
        "name": "\u00d3buda-B\u00e9k\u00e1smegyer \u00d6nkorm\u00e1nyzat",
        "wheelchair": null,
        "fee": "yes",
        "opening_hours": "24/7",
        "source": "osm"
      }
    },
    {
      "type": "Feature",
      "geometry": {
        "type": "Point",
        "coordinates": [
          19.0379773,
          47.5518579
        ]
      },
      "properties": {
        "id": "osm-w-1194232968",
        "category": "parking",
        "name": "\u00d3buda-B\u00e9k\u00e1smegyer \u00d6nkorm\u00e1nyzat",
        "wheelchair": null,
        "fee": "yes",
        "opening_hours": "24/7",
        "source": "osm"
      }
    },
    {
      "type": "Feature",
      "geometry": {
        "type": "Point",
        "coordinates": [
          19.0413802,
          47.5511712
        ]
      },
      "properties": {
        "id": "osm-w-1194232969",
        "category": "parking",
        "name": "\u00d3buda-B\u00e9k\u00e1smegyer \u00d6nkorm\u00e1nyzat",
        "wheelchair": null,
        "fee": "yes",
        "opening_hours": "24/7",
        "source": "osm"
      }
    },
    {
      "type": "Feature",
      "geometry": {
        "type": "Point",
        "coordinates": [
          19.04173,
          47.551822
        ]
      },
      "properties": {
        "id": "osm-w-1194232970",
        "category": "parking",
        "name": "\u00d3buda-B\u00e9k\u00e1smegyer \u00d6nkorm\u00e1nyzat",
        "wheelchair": null,
        "fee": "yes",
        "opening_hours": "24/7",
        "source": "osm"
      }
    },
    {
      "type": "Feature",
      "geometry": {
        "type": "Point",
        "coordinates": [
          19.0415905,
          47.5519023
        ]
      },
      "properties": {
        "id": "osm-w-1194232971",
        "category": "parking",
        "name": "\u00d3buda-B\u00e9k\u00e1smegyer \u00d6nkorm\u00e1nyzat",
        "wheelchair": null,
        "fee": "yes",
        "opening_hours": "24/7",
        "source": "osm"
      }
    },
    {
      "type": "Feature",
      "geometry": {
        "type": "Point",
        "coordinates": [
          19.0412962,
          47.5516137
        ]
      },
      "properties": {
        "id": "osm-w-1194232973",
        "category": "parking",
        "name": "\u00d3buda-B\u00e9k\u00e1smegyer \u00d6nkorm\u00e1nyzat",
        "wheelchair": null,
        "fee": "yes",
        "opening_hours": "24/7",
        "source": "osm"
      }
    },
    {
      "type": "Feature",
      "geometry": {
        "type": "Point",
        "coordinates": [
          19.0412071,
          47.5511857
        ]
      },
      "properties": {
        "id": "osm-w-1194232974",
        "category": "parking",
        "name": "\u00d3buda-B\u00e9k\u00e1smegyer \u00d6nkorm\u00e1nyzat",
        "wheelchair": null,
        "fee": "yes",
        "opening_hours": "24/7",
        "source": "osm"
      }
    },
    {
      "type": "Feature",
      "geometry": {
        "type": "Point",
        "coordinates": [
          19.0411163,
          47.5507214
        ]
      },
      "properties": {
        "id": "osm-w-1194232975",
        "category": "parking",
        "name": "\u00d3buda-B\u00e9k\u00e1smegyer \u00d6nkorm\u00e1nyzat",
        "wheelchair": null,
        "fee": "yes",
        "opening_hours": "24/7",
        "source": "osm"
      }
    },
    {
      "type": "Feature",
      "geometry": {
        "type": "Point",
        "coordinates": [
          19.0410533,
          47.5503926
        ]
      },
      "properties": {
        "id": "osm-w-1194232976",
        "category": "parking",
        "name": "\u00d3buda-B\u00e9k\u00e1smegyer \u00d6nkorm\u00e1nyzat",
        "wheelchair": null,
        "fee": "yes",
        "opening_hours": "24/7",
        "source": "osm"
      }
    },
    {
      "type": "Feature",
      "geometry": {
        "type": "Point",
        "coordinates": [
          19.0412187,
          47.5503494
        ]
      },
      "properties": {
        "id": "osm-w-1194232977",
        "category": "parking",
        "name": "\u00d3buda-B\u00e9k\u00e1smegyer \u00d6nkorm\u00e1nyzat",
        "wheelchair": null,
        "fee": "yes",
        "opening_hours": "24/7",
        "source": "osm"
      }
    },
    {
      "type": "Feature",
      "geometry": {
        "type": "Point",
        "coordinates": [
          19.0412812,
          47.5506838
        ]
      },
      "properties": {
        "id": "osm-w-1194232978",
        "category": "parking",
        "name": "\u00d3buda-B\u00e9k\u00e1smegyer \u00d6nkorm\u00e1nyzat",
        "wheelchair": null,
        "fee": "yes",
        "opening_hours": "24/7",
        "source": "osm"
      }
    },
    {
      "type": "Feature",
      "geometry": {
        "type": "Point",
        "coordinates": [
          19.0872008,
          47.537224
        ]
      },
      "properties": {
        "id": "osm-w-1208596184",
        "category": "parking",
        "name": "Parking",
        "wheelchair": null,
        "fee": null,
        "opening_hours": null,
        "source": "osm"
      }
    },
    {
      "type": "Feature",
      "geometry": {
        "type": "Point",
        "coordinates": [
          19.0875337,
          47.5372277
        ]
      },
      "properties": {
        "id": "osm-w-1208596185",
        "category": "parking",
        "name": "Parking",
        "wheelchair": null,
        "fee": null,
        "opening_hours": null,
        "source": "osm"
      }
    },
    {
      "type": "Feature",
      "geometry": {
        "type": "Point",
        "coordinates": [
          19.0876613,
          47.5368756
        ]
      },
      "properties": {
        "id": "osm-w-1208596186",
        "category": "parking",
        "name": "Parking",
        "wheelchair": null,
        "fee": null,
        "opening_hours": null,
        "source": "osm"
      }
    },
    {
      "type": "Feature",
      "geometry": {
        "type": "Point",
        "coordinates": [
          19.0877966,
          47.5368456
        ]
      },
      "properties": {
        "id": "osm-w-1208596187",
        "category": "parking",
        "name": "Parking",
        "wheelchair": null,
        "fee": null,
        "opening_hours": null,
        "source": "osm"
      }
    },
    {
      "type": "Feature",
      "geometry": {
        "type": "Point",
        "coordinates": [
          19.0421133,
          47.5580271
        ]
      },
      "properties": {
        "id": "osm-w-1210774012",
        "category": "toilet",
        "name": "Toilet",
        "wheelchair": null,
        "fee": "yes",
        "opening_hours": null,
        "source": "osm"
      }
    },
    {
      "type": "Feature",
      "geometry": {
        "type": "Point",
        "coordinates": [
          19.0346444,
          47.5255326
        ]
      },
      "properties": {
        "id": "osm-w-1215347357",
        "category": "parking",
        "name": "Parking",
        "wheelchair": null,
        "fee": "yes",
        "opening_hours": null,
        "source": "osm"
      }
    },
    {
      "type": "Feature",
      "geometry": {
        "type": "Point",
        "coordinates": [
          19.0493582,
          47.5610273
        ]
      },
      "properties": {
        "id": "osm-w-1216309734",
        "category": "charging",
        "name": "Tesla Supercharger \u00d3buda",
        "wheelchair": null,
        "fee": "yes",
        "opening_hours": "24/7",
        "source": "osm"
      }
    },
    {
      "type": "Feature",
      "geometry": {
        "type": "Point",
        "coordinates": [
          19.0326594,
          47.5555979
        ]
      },
      "properties": {
        "id": "osm-w-1219244074",
        "category": "parking",
        "name": "Parking",
        "wheelchair": null,
        "fee": null,
        "opening_hours": null,
        "source": "osm"
      }
    },
    {
      "type": "Feature",
      "geometry": {
        "type": "Point",
        "coordinates": [
          19.0777263,
          47.5306037
        ]
      },
      "properties": {
        "id": "osm-w-1223060987",
        "category": "parking",
        "name": "Parking",
        "wheelchair": null,
        "fee": "yes",
        "opening_hours": null,
        "source": "osm"
      }
    },
    {
      "type": "Feature",
      "geometry": {
        "type": "Point",
        "coordinates": [
          19.0778652,
          47.5307722
        ]
      },
      "properties": {
        "id": "osm-w-1223060988",
        "category": "parking",
        "name": "Parking",
        "wheelchair": null,
        "fee": "yes",
        "opening_hours": null,
        "source": "osm"
      }
    },
    {
      "type": "Feature",
      "geometry": {
        "type": "Point",
        "coordinates": [
          19.0710197,
          47.5477482
        ]
      },
      "properties": {
        "id": "osm-w-1224948737",
        "category": "parking",
        "name": "Parking",
        "wheelchair": null,
        "fee": null,
        "opening_hours": null,
        "source": "osm"
      }
    },
    {
      "type": "Feature",
      "geometry": {
        "type": "Point",
        "coordinates": [
          19.0719465,
          47.5470055
        ]
      },
      "properties": {
        "id": "osm-w-1224948740",
        "category": "parking",
        "name": "Parking",
        "wheelchair": null,
        "fee": "yes",
        "opening_hours": null,
        "source": "osm"
      }
    },
    {
      "type": "Feature",
      "geometry": {
        "type": "Point",
        "coordinates": [
          19.0718045,
          47.5476787
        ]
      },
      "properties": {
        "id": "osm-w-1224948748",
        "category": "parking",
        "name": "Parking",
        "wheelchair": null,
        "fee": null,
        "opening_hours": null,
        "source": "osm"
      }
    },
    {
      "type": "Feature",
      "geometry": {
        "type": "Point",
        "coordinates": [
          19.0718736,
          47.5481293
        ]
      },
      "properties": {
        "id": "osm-w-1224948749",
        "category": "parking",
        "name": "Parking",
        "wheelchair": null,
        "fee": null,
        "opening_hours": null,
        "source": "osm"
      }
    },
    {
      "type": "Feature",
      "geometry": {
        "type": "Point",
        "coordinates": [
          19.0711271,
          47.5481314
        ]
      },
      "properties": {
        "id": "osm-w-1224948896",
        "category": "parking",
        "name": "Parking",
        "wheelchair": null,
        "fee": null,
        "opening_hours": null,
        "source": "osm"
      }
    },
    {
      "type": "Feature",
      "geometry": {
        "type": "Point",
        "coordinates": [
          19.0285261,
          47.5219927
        ]
      },
      "properties": {
        "id": "osm-w-1225069043",
        "category": "parking",
        "name": "Parking",
        "wheelchair": null,
        "fee": null,
        "opening_hours": null,
        "source": "osm"
      }
    },
    {
      "type": "Feature",
      "geometry": {
        "type": "Point",
        "coordinates": [
          19.0800714,
          47.530392
        ]
      },
      "properties": {
        "id": "osm-w-1225372610",
        "category": "parking",
        "name": "Parking",
        "wheelchair": null,
        "fee": "yes",
        "opening_hours": null,
        "source": "osm"
      }
    },
    {
      "type": "Feature",
      "geometry": {
        "type": "Point",
        "coordinates": [
          19.0799212,
          47.5301682
        ]
      },
      "properties": {
        "id": "osm-w-1225372611",
        "category": "parking",
        "name": "Parking",
        "wheelchair": null,
        "fee": "yes",
        "opening_hours": null,
        "source": "osm"
      }
    },
    {
      "type": "Feature",
      "geometry": {
        "type": "Point",
        "coordinates": [
          19.0817211,
          47.5254853
        ]
      },
      "properties": {
        "id": "osm-w-1225770074",
        "category": "parking",
        "name": "Parking",
        "wheelchair": null,
        "fee": null,
        "opening_hours": null,
        "source": "osm"
      }
    },
    {
      "type": "Feature",
      "geometry": {
        "type": "Point",
        "coordinates": [
          19.0770076,
          47.5412952
        ]
      },
      "properties": {
        "id": "osm-w-1232011302",
        "category": "parking",
        "name": "Parking",
        "wheelchair": null,
        "fee": null,
        "opening_hours": null,
        "source": "osm"
      }
    },
    {
      "type": "Feature",
      "geometry": {
        "type": "Point",
        "coordinates": [
          19.0253149,
          47.5577865
        ]
      },
      "properties": {
        "id": "osm-w-1232236036",
        "category": "parking",
        "name": "Parking",
        "wheelchair": null,
        "fee": null,
        "opening_hours": null,
        "source": "osm"
      }
    },
    {
      "type": "Feature",
      "geometry": {
        "type": "Point",
        "coordinates": [
          19.0794704,
          47.5348392
        ]
      },
      "properties": {
        "id": "osm-w-1232636637",
        "category": "parking",
        "name": "BestByte",
        "wheelchair": null,
        "fee": null,
        "opening_hours": null,
        "source": "osm"
      }
    },
    {
      "type": "Feature",
      "geometry": {
        "type": "Point",
        "coordinates": [
          19.0284486,
          47.5398881
        ]
      },
      "properties": {
        "id": "osm-w-1233838239",
        "category": "parking",
        "name": "Parking",
        "wheelchair": null,
        "fee": null,
        "opening_hours": null,
        "source": "osm"
      }
    },
    {
      "type": "Feature",
      "geometry": {
        "type": "Point",
        "coordinates": [
          19.0498107,
          47.5815839
        ]
      },
      "properties": {
        "id": "osm-w-1235148078",
        "category": "parking",
        "name": "Parking",
        "wheelchair": null,
        "fee": null,
        "opening_hours": null,
        "source": "osm"
      }
    },
    {
      "type": "Feature",
      "geometry": {
        "type": "Point",
        "coordinates": [
          19.0489915,
          47.5809003
        ]
      },
      "properties": {
        "id": "osm-w-1235156038",
        "category": "parking",
        "name": "Parking",
        "wheelchair": null,
        "fee": null,
        "opening_hours": null,
        "source": "osm"
      }
    },
    {
      "type": "Feature",
      "geometry": {
        "type": "Point",
        "coordinates": [
          19.0487391,
          47.5831026
        ]
      },
      "properties": {
        "id": "osm-w-1236340740",
        "category": "parking",
        "name": "Parking",
        "wheelchair": null,
        "fee": null,
        "opening_hours": null,
        "source": "osm"
      }
    },
    {
      "type": "Feature",
      "geometry": {
        "type": "Point",
        "coordinates": [
          19.0659969,
          47.5844368
        ]
      },
      "properties": {
        "id": "osm-w-1236950555",
        "category": "parking",
        "name": "Parking",
        "wheelchair": null,
        "fee": null,
        "opening_hours": null,
        "source": "osm"
      }
    },
    {
      "type": "Feature",
      "geometry": {
        "type": "Point",
        "coordinates": [
          19.0891771,
          47.5461574
        ]
      },
      "properties": {
        "id": "osm-w-1241188095",
        "category": "parking",
        "name": "Parking",
        "wheelchair": null,
        "fee": "yes",
        "opening_hours": null,
        "source": "osm"
      }
    },
    {
      "type": "Feature",
      "geometry": {
        "type": "Point",
        "coordinates": [
          19.0960711,
          47.5600108
        ]
      },
      "properties": {
        "id": "osm-w-1252972485",
        "category": "parking",
        "name": "Parking",
        "wheelchair": null,
        "fee": null,
        "opening_hours": null,
        "source": "osm"
      }
    },
    {
      "type": "Feature",
      "geometry": {
        "type": "Point",
        "coordinates": [
          19.0953,
          47.5598784
        ]
      },
      "properties": {
        "id": "osm-w-1252972486",
        "category": "parking",
        "name": "Parking",
        "wheelchair": null,
        "fee": "no",
        "opening_hours": null,
        "source": "osm"
      }
    },
    {
      "type": "Feature",
      "geometry": {
        "type": "Point",
        "coordinates": [
          19.0740908,
          47.5349559
        ]
      },
      "properties": {
        "id": "osm-w-1254999058",
        "category": "parking",
        "name": "RIEL \u00fcgyf\u00e9lparkol\u00f3",
        "wheelchair": null,
        "fee": "no",
        "opening_hours": null,
        "source": "osm"
      }
    },
    {
      "type": "Feature",
      "geometry": {
        "type": "Point",
        "coordinates": [
          19.0957401,
          47.5448315
        ]
      },
      "properties": {
        "id": "osm-w-1255473541",
        "category": "fuel",
        "name": "M.Petrol",
        "wheelchair": null,
        "fee": null,
        "opening_hours": "Mo-Su 06:00-22:00",
        "source": "osm"
      }
    },
    {
      "type": "Feature",
      "geometry": {
        "type": "Point",
        "coordinates": [
          19.0702072,
          47.5439326
        ]
      },
      "properties": {
        "id": "osm-w-1260744720",
        "category": "parking",
        "name": "Parking",
        "wheelchair": null,
        "fee": null,
        "opening_hours": null,
        "source": "osm"
      }
    },
    {
      "type": "Feature",
      "geometry": {
        "type": "Point",
        "coordinates": [
          19.0719933,
          47.5389901
        ]
      },
      "properties": {
        "id": "osm-w-1260747569",
        "category": "parking",
        "name": "Parking",
        "wheelchair": null,
        "fee": null,
        "opening_hours": null,
        "source": "osm"
      }
    },
    {
      "type": "Feature",
      "geometry": {
        "type": "Point",
        "coordinates": [
          19.0421348,
          47.5309148
        ]
      },
      "properties": {
        "id": "osm-w-1284443741",
        "category": "toilet",
        "name": "Toilet",
        "wheelchair": null,
        "fee": null,
        "opening_hours": null,
        "source": "osm"
      }
    },
    {
      "type": "Feature",
      "geometry": {
        "type": "Point",
        "coordinates": [
          19.0664733,
          47.5365683
        ]
      },
      "properties": {
        "id": "osm-w-1285251839",
        "category": "parking",
        "name": "Parking",
        "wheelchair": null,
        "fee": "yes",
        "opening_hours": null,
        "source": "osm"
      }
    },
    {
      "type": "Feature",
      "geometry": {
        "type": "Point",
        "coordinates": [
          19.0671867,
          47.5366521
        ]
      },
      "properties": {
        "id": "osm-w-1287443126",
        "category": "parking",
        "name": "Parking",
        "wheelchair": null,
        "fee": null,
        "opening_hours": null,
        "source": "osm"
      }
    },
    {
      "type": "Feature",
      "geometry": {
        "type": "Point",
        "coordinates": [
          19.0358505,
          47.5278524
        ]
      },
      "properties": {
        "id": "osm-w-1291828163",
        "category": "parking",
        "name": "Parking",
        "wheelchair": null,
        "fee": "no",
        "opening_hours": null,
        "source": "osm"
      }
    },
    {
      "type": "Feature",
      "geometry": {
        "type": "Point",
        "coordinates": [
          19.0995814,
          47.5593045
        ]
      },
      "properties": {
        "id": "osm-w-1292320214",
        "category": "shop",
        "name": "R\u00f3zsa \u00c9lelmiszer",
        "wheelchair": "no",
        "fee": null,
        "opening_hours": "24/7",
        "source": "osm"
      }
    },
    {
      "type": "Feature",
      "geometry": {
        "type": "Point",
        "coordinates": [
          19.0909076,
          47.5471611
        ]
      },
      "properties": {
        "id": "osm-w-1293035030",
        "category": "parking",
        "name": "Parking",
        "wheelchair": null,
        "fee": null,
        "opening_hours": null,
        "source": "osm"
      }
    },
    {
      "type": "Feature",
      "geometry": {
        "type": "Point",
        "coordinates": [
          19.0952713,
          47.5652221
        ]
      },
      "properties": {
        "id": "osm-w-1295716266",
        "category": "charging",
        "name": "Lidl",
        "wheelchair": null,
        "fee": null,
        "opening_hours": null,
        "source": "osm"
      }
    },
    {
      "type": "Feature",
      "geometry": {
        "type": "Point",
        "coordinates": [
          19.0647121,
          47.5263625
        ]
      },
      "properties": {
        "id": "osm-w-1296687944",
        "category": "parking",
        "name": "Parking",
        "wheelchair": null,
        "fee": null,
        "opening_hours": null,
        "source": "osm"
      }
    },
    {
      "type": "Feature",
      "geometry": {
        "type": "Point",
        "coordinates": [
          19.0663518,
          47.5207424
        ]
      },
      "properties": {
        "id": "osm-w-1299363394",
        "category": "parking",
        "name": "Parking",
        "wheelchair": null,
        "fee": null,
        "opening_hours": null,
        "source": "osm"
      }
    },
    {
      "type": "Feature",
      "geometry": {
        "type": "Point",
        "coordinates": [
          19.0300834,
          47.5808678
        ]
      },
      "properties": {
        "id": "osm-w-1303463558",
        "category": "parking",
        "name": "Deux Amis parkol\u00f3",
        "wheelchair": null,
        "fee": null,
        "opening_hours": null,
        "source": "osm"
      }
    },
    {
      "type": "Feature",
      "geometry": {
        "type": "Point",
        "coordinates": [
          19.0398348,
          47.5274744
        ]
      },
      "properties": {
        "id": "osm-w-1316991040",
        "category": "parking",
        "name": "Parking",
        "wheelchair": null,
        "fee": null,
        "opening_hours": null,
        "source": "osm"
      }
    },
    {
      "type": "Feature",
      "geometry": {
        "type": "Point",
        "coordinates": [
          19.0410709,
          47.5367459
        ]
      },
      "properties": {
        "id": "osm-w-1318961548",
        "category": "parking",
        "name": "Parking",
        "wheelchair": null,
        "fee": "yes",
        "opening_hours": null,
        "source": "osm"
      }
    },
    {
      "type": "Feature",
      "geometry": {
        "type": "Point",
        "coordinates": [
          19.0397162,
          47.5442114
        ]
      },
      "properties": {
        "id": "osm-w-1319690426",
        "category": "parking",
        "name": "Parking",
        "wheelchair": null,
        "fee": null,
        "opening_hours": null,
        "source": "osm"
      }
    },
    {
      "type": "Feature",
      "geometry": {
        "type": "Point",
        "coordinates": [
          19.0424725,
          47.5420709
        ]
      },
      "properties": {
        "id": "osm-w-1322329470",
        "category": "charging",
        "name": "Globe 3",
        "wheelchair": null,
        "fee": null,
        "opening_hours": null,
        "source": "osm"
      }
    },
    {
      "type": "Feature",
      "geometry": {
        "type": "Point",
        "coordinates": [
          19.0784176,
          47.5381389
        ]
      },
      "properties": {
        "id": "osm-w-1324324310",
        "category": "parking",
        "name": "Parking",
        "wheelchair": null,
        "fee": null,
        "opening_hours": null,
        "source": "osm"
      }
    },
    {
      "type": "Feature",
      "geometry": {
        "type": "Point",
        "coordinates": [
          19.0395858,
          47.5491965
        ]
      },
      "properties": {
        "id": "osm-w-1334858048",
        "category": "parking",
        "name": "Parking",
        "wheelchair": null,
        "fee": "no",
        "opening_hours": null,
        "source": "osm"
      }
    },
    {
      "type": "Feature",
      "geometry": {
        "type": "Point",
        "coordinates": [
          19.0395933,
          47.5494806
        ]
      },
      "properties": {
        "id": "osm-w-1334858051",
        "category": "parking",
        "name": "Parking",
        "wheelchair": null,
        "fee": "no",
        "opening_hours": null,
        "source": "osm"
      }
    },
    {
      "type": "Feature",
      "geometry": {
        "type": "Point",
        "coordinates": [
          19.0400573,
          47.5498153
        ]
      },
      "properties": {
        "id": "osm-w-1334858056",
        "category": "parking",
        "name": "Parking",
        "wheelchair": null,
        "fee": "no",
        "opening_hours": null,
        "source": "osm"
      }
    },
    {
      "type": "Feature",
      "geometry": {
        "type": "Point",
        "coordinates": [
          19.0367156,
          47.5390904
        ]
      },
      "properties": {
        "id": "osm-w-1346977418",
        "category": "parking",
        "name": "Parking",
        "wheelchair": null,
        "fee": null,
        "opening_hours": null,
        "source": "osm"
      }
    },
    {
      "type": "Feature",
      "geometry": {
        "type": "Point",
        "coordinates": [
          19.0307649,
          47.5436241
        ]
      },
      "properties": {
        "id": "osm-w-1349355466",
        "category": "parking",
        "name": "Parking",
        "wheelchair": null,
        "fee": null,
        "opening_hours": null,
        "source": "osm"
      }
    },
    {
      "type": "Feature",
      "geometry": {
        "type": "Point",
        "coordinates": [
          19.030022,
          47.5443826
        ]
      },
      "properties": {
        "id": "osm-w-1349355467",
        "category": "parking",
        "name": "Parking",
        "wheelchair": null,
        "fee": null,
        "opening_hours": null,
        "source": "osm"
      }
    },
    {
      "type": "Feature",
      "geometry": {
        "type": "Point",
        "coordinates": [
          19.0329791,
          47.5443329
        ]
      },
      "properties": {
        "id": "osm-w-1349355468",
        "category": "parking",
        "name": "Parking",
        "wheelchair": null,
        "fee": null,
        "opening_hours": null,
        "source": "osm"
      }
    },
    {
      "type": "Feature",
      "geometry": {
        "type": "Point",
        "coordinates": [
          19.0616247,
          47.5155613
        ]
      },
      "properties": {
        "id": "osm-w-1349527692",
        "category": "parking",
        "name": "Parking",
        "wheelchair": null,
        "fee": null,
        "opening_hours": null,
        "source": "osm"
      }
    },
    {
      "type": "Feature",
      "geometry": {
        "type": "Point",
        "coordinates": [
          19.0358083,
          47.5635614
        ]
      },
      "properties": {
        "id": "osm-w-1350297059",
        "category": "parking",
        "name": "Parking",
        "wheelchair": null,
        "fee": null,
        "opening_hours": null,
        "source": "osm"
      }
    },
    {
      "type": "Feature",
      "geometry": {
        "type": "Point",
        "coordinates": [
          19.0401694,
          47.5608384
        ]
      },
      "properties": {
        "id": "osm-w-1350297061",
        "category": "parking",
        "name": "Parking",
        "wheelchair": null,
        "fee": null,
        "opening_hours": null,
        "source": "osm"
      }
    },
    {
      "type": "Feature",
      "geometry": {
        "type": "Point",
        "coordinates": [
          19.0260947,
          47.5639074
        ]
      },
      "properties": {
        "id": "osm-w-1351007290",
        "category": "parking",
        "name": "Parking",
        "wheelchair": null,
        "fee": null,
        "opening_hours": null,
        "source": "osm"
      }
    },
    {
      "type": "Feature",
      "geometry": {
        "type": "Point",
        "coordinates": [
          19.0404281,
          47.5545077
        ]
      },
      "properties": {
        "id": "osm-w-1359646189",
        "category": "parking",
        "name": "Parking",
        "wheelchair": null,
        "fee": null,
        "opening_hours": null,
        "source": "osm"
      }
    },
    {
      "type": "Feature",
      "geometry": {
        "type": "Point",
        "coordinates": [
          19.0466063,
          47.541156
        ]
      },
      "properties": {
        "id": "osm-w-1365931954",
        "category": "parking",
        "name": "Parking",
        "wheelchair": null,
        "fee": null,
        "opening_hours": null,
        "source": "osm"
      }
    },
    {
      "type": "Feature",
      "geometry": {
        "type": "Point",
        "coordinates": [
          19.0434823,
          47.5413946
        ]
      },
      "properties": {
        "id": "osm-w-1370965702",
        "category": "parking",
        "name": "Parking",
        "wheelchair": null,
        "fee": "no",
        "opening_hours": null,
        "source": "osm"
      }
    },
    {
      "type": "Feature",
      "geometry": {
        "type": "Point",
        "coordinates": [
          19.0744657,
          47.5539492
        ]
      },
      "properties": {
        "id": "osm-w-1371638828",
        "category": "parking",
        "name": "Parking",
        "wheelchair": null,
        "fee": "no",
        "opening_hours": null,
        "source": "osm"
      }
    },
    {
      "type": "Feature",
      "geometry": {
        "type": "Point",
        "coordinates": [
          19.0742755,
          47.5539008
        ]
      },
      "properties": {
        "id": "osm-w-1371638829",
        "category": "parking",
        "name": "Parking",
        "wheelchair": null,
        "fee": "no",
        "opening_hours": null,
        "source": "osm"
      }
    },
    {
      "type": "Feature",
      "geometry": {
        "type": "Point",
        "coordinates": [
          19.0746321,
          47.5537809
        ]
      },
      "properties": {
        "id": "osm-w-1371638830",
        "category": "parking",
        "name": "Parking",
        "wheelchair": null,
        "fee": "no",
        "opening_hours": null,
        "source": "osm"
      }
    },
    {
      "type": "Feature",
      "geometry": {
        "type": "Point",
        "coordinates": [
          19.0790038,
          47.5608673
        ]
      },
      "properties": {
        "id": "osm-w-1374141714",
        "category": "parking",
        "name": "Parking",
        "wheelchair": null,
        "fee": null,
        "opening_hours": null,
        "source": "osm"
      }
    },
    {
      "type": "Feature",
      "geometry": {
        "type": "Point",
        "coordinates": [
          19.0733562,
          47.5211367
        ]
      },
      "properties": {
        "id": "osm-w-1374699182",
        "category": "parking",
        "name": "Parking",
        "wheelchair": null,
        "fee": null,
        "opening_hours": null,
        "source": "osm"
      }
    },
    {
      "type": "Feature",
      "geometry": {
        "type": "Point",
        "coordinates": [
          19.0274974,
          47.5435184
        ]
      },
      "properties": {
        "id": "osm-w-1375972351",
        "category": "parking",
        "name": "Continental Citygolf Club",
        "wheelchair": null,
        "fee": "no",
        "opening_hours": null,
        "source": "osm"
      }
    },
    {
      "type": "Feature",
      "geometry": {
        "type": "Point",
        "coordinates": [
          19.0383774,
          47.5485874
        ]
      },
      "properties": {
        "id": "osm-w-1380972146",
        "category": "parking",
        "name": "Parking",
        "wheelchair": null,
        "fee": null,
        "opening_hours": null,
        "source": "osm"
      }
    },
    {
      "type": "Feature",
      "geometry": {
        "type": "Point",
        "coordinates": [
          19.0093929,
          47.5300559
        ]
      },
      "properties": {
        "id": "osm-w-1384366235",
        "category": "parking",
        "name": "Parking",
        "wheelchair": null,
        "fee": "no",
        "opening_hours": null,
        "source": "osm"
      }
    },
    {
      "type": "Feature",
      "geometry": {
        "type": "Point",
        "coordinates": [
          19.0368483,
          47.5530802
        ]
      },
      "properties": {
        "id": "osm-w-1384927256",
        "category": "parking",
        "name": "Parking",
        "wheelchair": null,
        "fee": null,
        "opening_hours": null,
        "source": "osm"
      }
    },
    {
      "type": "Feature",
      "geometry": {
        "type": "Point",
        "coordinates": [
          19.0908764,
          47.5533578
        ]
      },
      "properties": {
        "id": "osm-w-1384935680",
        "category": "parking",
        "name": "Parking",
        "wheelchair": null,
        "fee": null,
        "opening_hours": null,
        "source": "osm"
      }
    },
    {
      "type": "Feature",
      "geometry": {
        "type": "Point",
        "coordinates": [
          19.0787106,
          47.5226746
        ]
      },
      "properties": {
        "id": "osm-w-1419974483",
        "category": "parking",
        "name": "Parking",
        "wheelchair": null,
        "fee": null,
        "opening_hours": null,
        "source": "osm"
      }
    },
    {
      "type": "Feature",
      "geometry": {
        "type": "Point",
        "coordinates": [
          19.0757395,
          47.5240184
        ]
      },
      "properties": {
        "id": "osm-w-1419974491",
        "category": "parking",
        "name": "Parking",
        "wheelchair": null,
        "fee": null,
        "opening_hours": null,
        "source": "osm"
      }
    },
    {
      "type": "Feature",
      "geometry": {
        "type": "Point",
        "coordinates": [
          19.042571,
          47.5496585
        ]
      },
      "properties": {
        "id": "osm-w-1422313095",
        "category": "parking",
        "name": "Parking",
        "wheelchair": null,
        "fee": "no",
        "opening_hours": null,
        "source": "osm"
      }
    },
    {
      "type": "Feature",
      "geometry": {
        "type": "Point",
        "coordinates": [
          19.0995239,
          47.5586475
        ]
      },
      "properties": {
        "id": "osm-w-1433732821",
        "category": "parking",
        "name": "Parking",
        "wheelchair": null,
        "fee": "no",
        "opening_hours": null,
        "source": "osm"
      }
    },
    {
      "type": "Feature",
      "geometry": {
        "type": "Point",
        "coordinates": [
          19.0318601,
          47.5665026
        ]
      },
      "properties": {
        "id": "osm-w-1434228789",
        "category": "parking",
        "name": "Parking",
        "wheelchair": null,
        "fee": null,
        "opening_hours": null,
        "source": "osm"
      }
    },
    {
      "type": "Feature",
      "geometry": {
        "type": "Point",
        "coordinates": [
          19.0301038,
          47.562505
        ]
      },
      "properties": {
        "id": "osm-w-1434228799",
        "category": "parking",
        "name": "Parking",
        "wheelchair": null,
        "fee": null,
        "opening_hours": null,
        "source": "osm"
      }
    },
    {
      "type": "Feature",
      "geometry": {
        "type": "Point",
        "coordinates": [
          19.0132712,
          47.5721626
        ]
      },
      "properties": {
        "id": "osm-w-1434395355",
        "category": "parking",
        "name": "Parking",
        "wheelchair": null,
        "fee": null,
        "opening_hours": null,
        "source": "osm"
      }
    },
    {
      "type": "Feature",
      "geometry": {
        "type": "Point",
        "coordinates": [
          19.0105627,
          47.5708947
        ]
      },
      "properties": {
        "id": "osm-w-1434492152",
        "category": "parking",
        "name": "Parking",
        "wheelchair": null,
        "fee": null,
        "opening_hours": null,
        "source": "osm"
      }
    },
    {
      "type": "Feature",
      "geometry": {
        "type": "Point",
        "coordinates": [
          19.0984139,
          47.5596903
        ]
      },
      "properties": {
        "id": "osm-w-1435543306",
        "category": "parking",
        "name": "Parking",
        "wheelchair": null,
        "fee": "no",
        "opening_hours": null,
        "source": "osm"
      }
    },
    {
      "type": "Feature",
      "geometry": {
        "type": "Point",
        "coordinates": [
          19.0989002,
          47.5598026
        ]
      },
      "properties": {
        "id": "osm-w-1435543307",
        "category": "parking",
        "name": "Parking",
        "wheelchair": null,
        "fee": "no",
        "opening_hours": null,
        "source": "osm"
      }
    },
    {
      "type": "Feature",
      "geometry": {
        "type": "Point",
        "coordinates": [
          19.0993589,
          47.5567947
        ]
      },
      "properties": {
        "id": "osm-w-1437107158",
        "category": "parking",
        "name": "Parking",
        "wheelchair": null,
        "fee": null,
        "opening_hours": null,
        "source": "osm"
      }
    },
    {
      "type": "Feature",
      "geometry": {
        "type": "Point",
        "coordinates": [
          19.0993735,
          47.5569302
        ]
      },
      "properties": {
        "id": "osm-w-1437107159",
        "category": "parking",
        "name": "Parking",
        "wheelchair": null,
        "fee": null,
        "opening_hours": null,
        "source": "osm"
      }
    },
    {
      "type": "Feature",
      "geometry": {
        "type": "Point",
        "coordinates": [
          19.0789598,
          47.5695064
        ]
      },
      "properties": {
        "id": "osm-w-1442286378",
        "category": "parking",
        "name": "Parking",
        "wheelchair": null,
        "fee": null,
        "opening_hours": null,
        "source": "osm"
      }
    },
    {
      "type": "Feature",
      "geometry": {
        "type": "Point",
        "coordinates": [
          19.0334076,
          47.5793205
        ]
      },
      "properties": {
        "id": "osm-w-1448147988",
        "category": "parking",
        "name": "Parking",
        "wheelchair": null,
        "fee": null,
        "opening_hours": null,
        "source": "osm"
      }
    },
    {
      "type": "Feature",
      "geometry": {
        "type": "Point",
        "coordinates": [
          19.0787379,
          47.5653018
        ]
      },
      "properties": {
        "id": "osm-w-1449980295",
        "category": "parking",
        "name": "Parking",
        "wheelchair": null,
        "fee": null,
        "opening_hours": null,
        "source": "osm"
      }
    },
    {
      "type": "Feature",
      "geometry": {
        "type": "Point",
        "coordinates": [
          19.0783807,
          47.5639407
        ]
      },
      "properties": {
        "id": "osm-w-1449980296",
        "category": "parking",
        "name": "Parking",
        "wheelchair": null,
        "fee": null,
        "opening_hours": null,
        "source": "osm"
      }
    },
    {
      "type": "Feature",
      "geometry": {
        "type": "Point",
        "coordinates": [
          19.0905836,
          47.5521063
        ]
      },
      "properties": {
        "id": "osm-w-1450128710",
        "category": "parking",
        "name": "Parking",
        "wheelchair": null,
        "fee": null,
        "opening_hours": null,
        "source": "osm"
      }
    },
    {
      "type": "Feature",
      "geometry": {
        "type": "Point",
        "coordinates": [
          19.0439433,
          47.5386376
        ]
      },
      "properties": {
        "id": "osm-w-1450200017",
        "category": "parking",
        "name": "Parking",
        "wheelchair": null,
        "fee": null,
        "opening_hours": null,
        "source": "osm"
      }
    },
    {
      "type": "Feature",
      "geometry": {
        "type": "Point",
        "coordinates": [
          19.0449395,
          47.5377859
        ]
      },
      "properties": {
        "id": "osm-w-1450200484",
        "category": "parking",
        "name": "Parking",
        "wheelchair": null,
        "fee": null,
        "opening_hours": null,
        "source": "osm"
      }
    },
    {
      "type": "Feature",
      "geometry": {
        "type": "Point",
        "coordinates": [
          19.0975941,
          47.5660482
        ]
      },
      "properties": {
        "id": "osm-w-1451370492",
        "category": "charging",
        "name": "Ready 2 Grow Kft.",
        "wheelchair": null,
        "fee": "yes",
        "opening_hours": "24/7",
        "source": "osm"
      }
    },
    {
      "type": "Feature",
      "geometry": {
        "type": "Point",
        "coordinates": [
          19.0969663,
          47.5665287
        ]
      },
      "properties": {
        "id": "osm-w-1452412759",
        "category": "parking",
        "name": "Parking",
        "wheelchair": null,
        "fee": "no",
        "opening_hours": null,
        "source": "osm"
      }
    },
    {
      "type": "Feature",
      "geometry": {
        "type": "Point",
        "coordinates": [
          19.0928694,
          47.559643
        ]
      },
      "properties": {
        "id": "osm-w-1453741404",
        "category": "parking",
        "name": "Parking",
        "wheelchair": null,
        "fee": null,
        "opening_hours": null,
        "source": "osm"
      }
    },
    {
      "type": "Feature",
      "geometry": {
        "type": "Point",
        "coordinates": [
          19.037638,
          47.5191981
        ]
      },
      "properties": {
        "id": "osm-w-1456518129",
        "category": "parking",
        "name": "Parking",
        "wheelchair": null,
        "fee": null,
        "opening_hours": null,
        "source": "osm"
      }
    },
    {
      "type": "Feature",
      "geometry": {
        "type": "Point",
        "coordinates": [
          19.0782027,
          47.5379265
        ]
      },
      "properties": {
        "id": "osm-w-1456555323",
        "category": "parking",
        "name": "Parking",
        "wheelchair": null,
        "fee": "yes",
        "opening_hours": null,
        "source": "osm"
      }
    },
    {
      "type": "Feature",
      "geometry": {
        "type": "Point",
        "coordinates": [
          19.0765005,
          47.5493082
        ]
      },
      "properties": {
        "id": "osm-w-1456919034",
        "category": "parking",
        "name": "Parking",
        "wheelchair": null,
        "fee": null,
        "opening_hours": null,
        "source": "osm"
      }
    },
    {
      "type": "Feature",
      "geometry": {
        "type": "Point",
        "coordinates": [
          19.0374611,
          47.5790664
        ]
      },
      "properties": {
        "id": "osm-w-1458583340",
        "category": "parking",
        "name": "Parking",
        "wheelchair": null,
        "fee": null,
        "opening_hours": null,
        "source": "osm"
      }
    },
    {
      "type": "Feature",
      "geometry": {
        "type": "Point",
        "coordinates": [
          19.0774933,
          47.5265957
        ]
      },
      "properties": {
        "id": "osm-w-1460144579",
        "category": "parking",
        "name": "Parking",
        "wheelchair": null,
        "fee": null,
        "opening_hours": null,
        "source": "osm"
      }
    },
    {
      "type": "Feature",
      "geometry": {
        "type": "Point",
        "coordinates": [
          19.0244188,
          47.5597632
        ]
      },
      "properties": {
        "id": "osm-w-1462576802",
        "category": "charging",
        "name": "Shell Recharge",
        "wheelchair": null,
        "fee": "yes",
        "opening_hours": "24/7",
        "source": "osm"
      }
    },
    {
      "type": "Feature",
      "geometry": {
        "type": "Point",
        "coordinates": [
          19.0493729,
          47.5601398
        ]
      },
      "properties": {
        "id": "osm-w-1462891634",
        "category": "charging",
        "name": "Mobiliti",
        "wheelchair": null,
        "fee": "yes",
        "opening_hours": "24/7",
        "source": "osm"
      }
    },
    {
      "type": "Feature",
      "geometry": {
        "type": "Point",
        "coordinates": [
          19.0271086,
          47.5649631
        ]
      },
      "properties": {
        "id": "osm-w-1464100930",
        "category": "parking",
        "name": "Parking",
        "wheelchair": null,
        "fee": null,
        "opening_hours": null,
        "source": "osm"
      }
    },
    {
      "type": "Feature",
      "geometry": {
        "type": "Point",
        "coordinates": [
          19.0972235,
          47.5594048
        ]
      },
      "properties": {
        "id": "osm-w-1464376049",
        "category": "parking",
        "name": "Parking",
        "wheelchair": null,
        "fee": null,
        "opening_hours": null,
        "source": "osm"
      }
    },
    {
      "type": "Feature",
      "geometry": {
        "type": "Point",
        "coordinates": [
          19.0796738,
          47.5698575
        ]
      },
      "properties": {
        "id": "osm-w-1467141217",
        "category": "charging",
        "name": "Mobiliti",
        "wheelchair": null,
        "fee": "yes",
        "opening_hours": null,
        "source": "osm"
      }
    },
    {
      "type": "Feature",
      "geometry": {
        "type": "Point",
        "coordinates": [
          19.0797271,
          47.5701129
        ]
      },
      "properties": {
        "id": "osm-w-1467141218",
        "category": "charging",
        "name": "Volvo",
        "wheelchair": null,
        "fee": null,
        "opening_hours": null,
        "source": "osm"
      }
    },
    {
      "type": "Feature",
      "geometry": {
        "type": "Point",
        "coordinates": [
          19.0343202,
          47.5374941
        ]
      },
      "properties": {
        "id": "osm-w-1469952130",
        "category": "parking",
        "name": "Parking",
        "wheelchair": null,
        "fee": null,
        "opening_hours": null,
        "source": "osm"
      }
    },
    {
      "type": "Feature",
      "geometry": {
        "type": "Point",
        "coordinates": [
          19.0328374,
          47.537521
        ]
      },
      "properties": {
        "id": "osm-w-1469952131",
        "category": "parking",
        "name": "Parking",
        "wheelchair": null,
        "fee": null,
        "opening_hours": null,
        "source": "osm"
      }
    },
    {
      "type": "Feature",
      "geometry": {
        "type": "Point",
        "coordinates": [
          19.0329836,
          47.5374529
        ]
      },
      "properties": {
        "id": "osm-w-1469952132",
        "category": "parking",
        "name": "Parking",
        "wheelchair": null,
        "fee": null,
        "opening_hours": null,
        "source": "osm"
      }
    },
    {
      "type": "Feature",
      "geometry": {
        "type": "Point",
        "coordinates": [
          19.0358375,
          47.5405762
        ]
      },
      "properties": {
        "id": "osm-w-1469952160",
        "category": "parking",
        "name": "Parking",
        "wheelchair": null,
        "fee": null,
        "opening_hours": null,
        "source": "osm"
      }
    },
    {
      "type": "Feature",
      "geometry": {
        "type": "Point",
        "coordinates": [
          19.0365922,
          47.5398765
        ]
      },
      "properties": {
        "id": "osm-w-1469952161",
        "category": "parking",
        "name": "Parking",
        "wheelchair": null,
        "fee": null,
        "opening_hours": null,
        "source": "osm"
      }
    },
    {
      "type": "Feature",
      "geometry": {
        "type": "Point",
        "coordinates": [
          19.035284,
          47.5341705
        ]
      },
      "properties": {
        "id": "osm-w-1469952163",
        "category": "parking",
        "name": "Parking",
        "wheelchair": null,
        "fee": null,
        "opening_hours": null,
        "source": "osm"
      }
    },
    {
      "type": "Feature",
      "geometry": {
        "type": "Point",
        "coordinates": [
          19.0304995,
          47.5403451
        ]
      },
      "properties": {
        "id": "osm-w-1470076972",
        "category": "parking",
        "name": "Parking",
        "wheelchair": null,
        "fee": null,
        "opening_hours": null,
        "source": "osm"
      }
    },
    {
      "type": "Feature",
      "geometry": {
        "type": "Point",
        "coordinates": [
          19.0302669,
          47.5411467
        ]
      },
      "properties": {
        "id": "osm-w-1470076975",
        "category": "parking",
        "name": "Parking",
        "wheelchair": null,
        "fee": null,
        "opening_hours": null,
        "source": "osm"
      }
    },
    {
      "type": "Feature",
      "geometry": {
        "type": "Point",
        "coordinates": [
          19.0535455,
          47.5776183
        ]
      },
      "properties": {
        "id": "osm-w-1482607928",
        "category": "parking",
        "name": "MVM dolgoz\u00f3i parkol\u00f3",
        "wheelchair": null,
        "fee": null,
        "opening_hours": null,
        "source": "osm"
      }
    },
    {
      "type": "Feature",
      "geometry": {
        "type": "Point",
        "coordinates": [
          19.0538724,
          47.5777699
        ]
      },
      "properties": {
        "id": "osm-w-1482607930",
        "category": "parking",
        "name": "Parking",
        "wheelchair": null,
        "fee": null,
        "opening_hours": null,
        "source": "osm"
      }
    },
    {
      "type": "Feature",
      "geometry": {
        "type": "Point",
        "coordinates": [
          19.0160225,
          47.5733328
        ]
      },
      "properties": {
        "id": "osm-w-1484071935",
        "category": "parking",
        "name": "Parking",
        "wheelchair": null,
        "fee": null,
        "opening_hours": null,
        "source": "osm"
      }
    },
    {
      "type": "Feature",
      "geometry": {
        "type": "Point",
        "coordinates": [
          19.0153375,
          47.5741113
        ]
      },
      "properties": {
        "id": "osm-w-1484071939",
        "category": "parking",
        "name": "New Garden B\u00e9csi \u00fat",
        "wheelchair": null,
        "fee": null,
        "opening_hours": null,
        "source": "osm"
      }
    },
    {
      "type": "Feature",
      "geometry": {
        "type": "Point",
        "coordinates": [
          19.0156516,
          47.5737532
        ]
      },
      "properties": {
        "id": "osm-w-1484071940",
        "category": "parking",
        "name": "New Garden B\u00e9csi \u00fat",
        "wheelchair": null,
        "fee": null,
        "opening_hours": null,
        "source": "osm"
      }
    },
    {
      "type": "Feature",
      "geometry": {
        "type": "Point",
        "coordinates": [
          19.0310455,
          47.5297006
        ]
      },
      "properties": {
        "id": "osm-w-1484153603",
        "category": "charging",
        "name": "Charging",
        "wheelchair": null,
        "fee": null,
        "opening_hours": null,
        "source": "osm"
      }
    },
    {
      "type": "Feature",
      "geometry": {
        "type": "Point",
        "coordinates": [
          19.0957918,
          47.5594609
        ]
      },
      "properties": {
        "id": "osm-w-1487236970",
        "category": "parking",
        "name": "Parking",
        "wheelchair": null,
        "fee": null,
        "opening_hours": null,
        "source": "osm"
      }
    },
    {
      "type": "Feature",
      "geometry": {
        "type": "Point",
        "coordinates": [
          19.0808397,
          47.5736846
        ]
      },
      "properties": {
        "id": "osm-w-1488959605",
        "category": "charging",
        "name": "Charging",
        "wheelchair": null,
        "fee": null,
        "opening_hours": null,
        "source": "osm"
      }
    },
    {
      "type": "Feature",
      "geometry": {
        "type": "Point",
        "coordinates": [
          19.0466881,
          47.5379607
        ]
      },
      "properties": {
        "id": "osm-w-1491514633",
        "category": "charging",
        "name": "Charging",
        "wheelchair": null,
        "fee": null,
        "opening_hours": null,
        "source": "osm"
      }
    },
    {
      "type": "Feature",
      "geometry": {
        "type": "Point",
        "coordinates": [
          19.0646756,
          47.5318697
        ]
      },
      "properties": {
        "id": "osm-w-1497456259",
        "category": "parking",
        "name": "Parking",
        "wheelchair": null,
        "fee": null,
        "opening_hours": null,
        "source": "osm"
      }
    },
    {
      "type": "Feature",
      "geometry": {
        "type": "Point",
        "coordinates": [
          19.0948178,
          47.5576002
        ]
      },
      "properties": {
        "id": "osm-w-1500261485",
        "category": "parking",
        "name": "Parking",
        "wheelchair": null,
        "fee": null,
        "opening_hours": null,
        "source": "osm"
      }
    },
    {
      "type": "Feature",
      "geometry": {
        "type": "Point",
        "coordinates": [
          19.0968712,
          47.5662473
        ]
      },
      "properties": {
        "id": "osm-w-1503002507",
        "category": "parking",
        "name": "Parking",
        "wheelchair": null,
        "fee": null,
        "opening_hours": null,
        "source": "osm"
      }
    },
    {
      "type": "Feature",
      "geometry": {
        "type": "Point",
        "coordinates": [
          19.0965274,
          47.5664572
        ]
      },
      "properties": {
        "id": "osm-w-1503002509",
        "category": "parking",
        "name": "Parking",
        "wheelchair": null,
        "fee": null,
        "opening_hours": null,
        "source": "osm"
      }
    },
    {
      "type": "Feature",
      "geometry": {
        "type": "Point",
        "coordinates": [
          19.0970552,
          47.5660021
        ]
      },
      "properties": {
        "id": "osm-w-1503002512",
        "category": "parking",
        "name": "Parking",
        "wheelchair": null,
        "fee": null,
        "opening_hours": null,
        "source": "osm"
      }
    },
    {
      "type": "Feature",
      "geometry": {
        "type": "Point",
        "coordinates": [
          19.0960738,
          47.5661261
        ]
      },
      "properties": {
        "id": "osm-w-1503002515",
        "category": "parking",
        "name": "Parking",
        "wheelchair": null,
        "fee": null,
        "opening_hours": null,
        "source": "osm"
      }
    }
  ]
}